ISO-10303-21;
HEADER;
/* Generated by software containing ST-Developer
 * from STEP Tools, Inc. (www.steptools.com) 
 */
/* OPTION: using custom renumber hook */

FILE_DESCRIPTION(
/* description */ ('STEP AP242 Edition 2',
'CAx-IF Rec.Pracs.---Representation and Presentation of Product Manufa
cturing Information (PMI)---4.0---2014-10-13',
'CAx-IF Rec.Pracs.---3D Tessellated Geometry---0.4---2014-09-14','2;1',
'CAx-IF Rec.Pracs.---User Defined Attributes---1.5---2016-08-15'),
/* implementation_level */ '2;1');

FILE_NAME(
/* name */ 'Full',
/* time_stamp */ '2026-05-03T09:59:29Z',
/* author */ (''),
/* organization */ (''),
/* preprocessor_version */ 'ST-DEVELOPER v20',
/* originating_system */ 'ONSHAPE BY PTC INC, 1.214',
/* authorisation */ '  ');

FILE_SCHEMA (('AP242_MANAGED_MODEL_BASED_3D_ENGINEERING_MIM_LF { 1 0 10303 442 3 1 4 }'));
ENDSEC;

DATA;
#10=SHAPE_REPRESENTATION_RELATIONSHIP('','',#11076,#14);
#11=SHAPE_REPRESENTATION_RELATIONSHIP('','',#11077,#15);
#12=SHAPE_REPRESENTATION_RELATIONSHIP('','',#11078,#16);
#13=SHAPE_REPRESENTATION_RELATIONSHIP('','',#11079,#17);
#14=ADVANCED_BREP_SHAPE_REPRESENTATION('',(#11068),#18850);
#15=ADVANCED_BREP_SHAPE_REPRESENTATION('',(#11069),#18851);
#16=ADVANCED_BREP_SHAPE_REPRESENTATION('',(#11070),#18852);
#17=ADVANCED_BREP_SHAPE_REPRESENTATION('',(#11071),#18853);
#18=ELLIPSE('',#11581,0.00282871048075161,0.002);
#19=ELLIPSE('',#11585,0.0028273537675866,0.002);
#20=ELLIPSE('',#11591,0.00216637312787756,0.002);
#21=ELLIPSE('',#12133,0.00216477581803761,0.002);
#22=ELLIPSE('',#12143,0.00282842712474619,0.002);
#23=ELLIPSE('',#12156,0.00282882234010797,0.002);
#24=PLANE('',#11112);
#25=PLANE('',#11113);
#26=PLANE('',#11114);
#27=PLANE('',#11115);
#28=PLANE('',#11116);
#29=PLANE('',#11117);
#30=PLANE('',#11118);
#31=PLANE('',#11119);
#32=PLANE('',#11120);
#33=PLANE('',#11121);
#34=PLANE('',#11122);
#35=PLANE('',#11126);
#36=PLANE('',#11127);
#37=PLANE('',#11131);
#38=PLANE('',#11132);
#39=PLANE('',#11133);
#40=PLANE('',#11134);
#41=PLANE('',#11138);
#42=PLANE('',#11139);
#43=PLANE('',#11191);
#44=PLANE('',#11270);
#45=PLANE('',#11271);
#46=PLANE('',#11294);
#47=PLANE('',#11295);
#48=PLANE('',#11324);
#49=PLANE('',#11326);
#50=PLANE('',#11327);
#51=PLANE('',#11329);
#52=PLANE('',#11330);
#53=PLANE('',#11332);
#54=PLANE('',#11333);
#55=PLANE('',#11336);
#56=PLANE('',#11339);
#57=PLANE('',#11341);
#58=PLANE('',#11343);
#59=PLANE('',#11344);
#60=PLANE('',#11345);
#61=PLANE('',#11348);
#62=PLANE('',#11349);
#63=PLANE('',#11351);
#64=PLANE('',#11353);
#65=PLANE('',#11356);
#66=PLANE('',#11359);
#67=PLANE('',#11361);
#68=PLANE('',#11362);
#69=PLANE('',#11364);
#70=PLANE('',#11370);
#71=PLANE('',#11372);
#72=PLANE('',#11374);
#73=PLANE('',#11375);
#74=PLANE('',#11376);
#75=PLANE('',#11377);
#76=PLANE('',#11380);
#77=PLANE('',#11383);
#78=PLANE('',#11386);
#79=PLANE('',#11391);
#80=PLANE('',#11394);
#81=PLANE('',#11397);
#82=PLANE('',#11402);
#83=PLANE('',#11405);
#84=PLANE('',#11408);
#85=PLANE('',#11413);
#86=PLANE('',#11416);
#87=PLANE('',#11419);
#88=PLANE('',#11424);
#89=PLANE('',#11427);
#90=PLANE('',#11430);
#91=PLANE('',#11435);
#92=PLANE('',#11438);
#93=PLANE('',#11441);
#94=PLANE('',#11446);
#95=PLANE('',#11449);
#96=PLANE('',#11452);
#97=PLANE('',#11457);
#98=PLANE('',#11460);
#99=PLANE('',#11463);
#100=PLANE('',#11468);
#101=PLANE('',#11471);
#102=PLANE('',#11474);
#103=PLANE('',#11479);
#104=PLANE('',#11482);
#105=PLANE('',#11485);
#106=PLANE('',#11490);
#107=PLANE('',#11493);
#108=PLANE('',#11496);
#109=PLANE('',#11501);
#110=PLANE('',#11504);
#111=PLANE('',#11507);
#112=PLANE('',#11512);
#113=PLANE('',#11515);
#114=PLANE('',#11518);
#115=PLANE('',#11523);
#116=PLANE('',#11526);
#117=PLANE('',#11529);
#118=PLANE('',#11534);
#119=PLANE('',#11537);
#120=PLANE('',#11540);
#121=PLANE('',#11545);
#122=PLANE('',#11548);
#123=PLANE('',#11551);
#124=PLANE('',#11554);
#125=PLANE('',#11555);
#126=PLANE('',#11556);
#127=PLANE('',#11557);
#128=PLANE('',#11558);
#129=PLANE('',#11559);
#130=PLANE('',#11560);
#131=PLANE('',#11561);
#132=PLANE('',#11562);
#133=PLANE('',#11563);
#134=PLANE('',#11564);
#135=PLANE('',#11565);
#136=PLANE('',#11566);
#137=PLANE('',#11567);
#138=PLANE('',#11568);
#139=PLANE('',#11569);
#140=PLANE('',#11570);
#141=PLANE('',#11571);
#142=PLANE('',#11600);
#143=PLANE('',#11604);
#144=PLANE('',#11605);
#145=PLANE('',#11609);
#146=PLANE('',#11613);
#147=PLANE('',#11617);
#148=PLANE('',#11621);
#149=PLANE('',#11625);
#150=PLANE('',#11626);
#151=PLANE('',#11630);
#152=PLANE('',#11634);
#153=PLANE('',#11635);
#154=PLANE('',#11642);
#155=PLANE('',#11656);
#156=PLANE('',#11657);
#157=PLANE('',#11661);
#158=PLANE('',#11662);
#159=PLANE('',#11666);
#160=PLANE('',#11667);
#161=PLANE('',#11668);
#162=PLANE('',#11669);
#163=PLANE('',#11673);
#164=PLANE('',#11683);
#165=PLANE('',#11684);
#166=PLANE('',#11773);
#167=PLANE('',#11774);
#168=PLANE('',#11775);
#169=PLANE('',#11776);
#170=PLANE('',#11777);
#171=PLANE('',#11778);
#172=PLANE('',#11779);
#173=PLANE('',#11792);
#174=PLANE('',#11819);
#175=PLANE('',#11823);
#176=PLANE('',#11824);
#177=PLANE('',#11828);
#178=PLANE('',#11832);
#179=PLANE('',#11836);
#180=PLANE('',#11840);
#181=PLANE('',#11844);
#182=PLANE('',#11845);
#183=PLANE('',#11849);
#184=PLANE('',#11853);
#185=PLANE('',#11856);
#186=PLANE('',#11859);
#187=PLANE('',#11862);
#188=PLANE('',#11865);
#189=PLANE('',#11868);
#190=PLANE('',#11871);
#191=PLANE('',#11874);
#192=PLANE('',#11877);
#193=PLANE('',#11880);
#194=PLANE('',#11883);
#195=PLANE('',#11886);
#196=PLANE('',#11887);
#197=PLANE('',#11926);
#198=PLANE('',#11928);
#199=PLANE('',#11930);
#200=PLANE('',#11931);
#201=PLANE('',#11932);
#202=PLANE('',#11933);
#203=PLANE('',#11936);
#204=PLANE('',#11939);
#205=PLANE('',#11942);
#206=PLANE('',#11947);
#207=PLANE('',#11950);
#208=PLANE('',#11953);
#209=PLANE('',#11958);
#210=PLANE('',#11961);
#211=PLANE('',#11964);
#212=PLANE('',#11969);
#213=PLANE('',#11972);
#214=PLANE('',#11975);
#215=PLANE('',#11980);
#216=PLANE('',#11983);
#217=PLANE('',#11986);
#218=PLANE('',#11991);
#219=PLANE('',#11994);
#220=PLANE('',#11997);
#221=PLANE('',#12002);
#222=PLANE('',#12005);
#223=PLANE('',#12008);
#224=PLANE('',#12013);
#225=PLANE('',#12016);
#226=PLANE('',#12019);
#227=PLANE('',#12024);
#228=PLANE('',#12027);
#229=PLANE('',#12030);
#230=PLANE('',#12035);
#231=PLANE('',#12038);
#232=PLANE('',#12041);
#233=PLANE('',#12046);
#234=PLANE('',#12049);
#235=PLANE('',#12052);
#236=PLANE('',#12057);
#237=PLANE('',#12060);
#238=PLANE('',#12063);
#239=PLANE('',#12068);
#240=PLANE('',#12071);
#241=PLANE('',#12074);
#242=PLANE('',#12079);
#243=PLANE('',#12082);
#244=PLANE('',#12085);
#245=PLANE('',#12090);
#246=PLANE('',#12093);
#247=PLANE('',#12096);
#248=PLANE('',#12101);
#249=PLANE('',#12104);
#250=PLANE('',#12107);
#251=PLANE('',#12110);
#252=PLANE('',#12111);
#253=PLANE('',#12112);
#254=PLANE('',#12113);
#255=PLANE('',#12114);
#256=PLANE('',#12115);
#257=PLANE('',#12116);
#258=PLANE('',#12117);
#259=PLANE('',#12118);
#260=PLANE('',#12119);
#261=PLANE('',#12120);
#262=PLANE('',#12121);
#263=PLANE('',#12122);
#264=PLANE('',#12123);
#265=PLANE('',#12124);
#266=PLANE('',#12125);
#267=PLANE('',#12126);
#268=PLANE('',#12127);
#269=PLANE('',#12161);
#270=PLANE('',#12162);
#271=PLANE('',#12166);
#272=PLANE('',#12167);
#273=PLANE('',#12171);
#274=PLANE('',#12175);
#275=PLANE('',#12179);
#276=PLANE('',#12183);
#277=PLANE('',#12187);
#278=PLANE('',#12188);
#279=PLANE('',#12192);
#280=PLANE('',#12196);
#281=PLANE('',#12202);
#282=TOROIDAL_SURFACE('',#11092,0.00200000220277283,0.002);
#283=TOROIDAL_SURFACE('',#12130,0.00335501629530903,0.002);
#284=TOROIDAL_SURFACE('',#12131,0.00335501983624006,0.002);
#285=TOROIDAL_SURFACE('',#12137,0.00335501629530901,0.002);
#286=TOROIDAL_SURFACE('',#12138,0.004,0.002);
#287=TOROIDAL_SURFACE('',#12144,0.003999998422594,0.002);
#288=TOROIDAL_SURFACE('',#12149,0.00402566067735899,0.002);
#289=TOROIDAL_SURFACE('',#12151,0.00399999850585001,0.002);
#290=TOROIDAL_SURFACE('',#12157,0.00399999850585002,0.002);
#291=B_SPLINE_CURVE_WITH_KNOTS('',3,(#15509,#15510,#15511,#15512,#15513),
 .UNSPECIFIED.,.F.,.F.,(4,1,4),(0.000146412498963621,0.0014432650533653,
0.00274011760776698),.UNSPECIFIED.);
#292=B_SPLINE_CURVE_WITH_KNOTS('',3,(#15516,#15517,#15518,#15519),
 .UNSPECIFIED.,.F.,.F.,(4,4),(0.,0.00180126368613456),.UNSPECIFIED.);
#293=B_SPLINE_CURVE_WITH_KNOTS('',3,(#15523,#15524,#15525,#15526),
 .UNSPECIFIED.,.F.,.F.,(4,4),(0.,0.0017748728454991),.UNSPECIFIED.);
#294=B_SPLINE_CURVE_WITH_KNOTS('',3,(#15528,#15529,#15530,#15531,#15532,
#15533,#15534,#15535,#15536),.UNSPECIFIED.,.F.,.F.,(4,1,1,1,1,1,4),(9.22945026024E-5,
0.00159369275422172,0.00234439188003138,0.00309509100584104,0.0038457901316507,
0.00459648925746036,0.00609788750907968),.UNSPECIFIED.);
#295=B_SPLINE_CURVE_WITH_KNOTS('',3,(#15549,#15550,#15551,#15552,#15553,
#15554,#15555,#15556,#15557),.UNSPECIFIED.,.F.,.F.,(4,1,1,1,1,1,4),(9.30349287917445E-5,
0.00159444214031125,0.002345145746071,0.00309584935183075,0.0038465529575905,
0.00459725656335026,0.00609866377486976),.UNSPECIFIED.);
#296=B_SPLINE_CURVE_WITH_KNOTS('',3,(#15570,#15571,#15572,#15573,#15574,
#15575,#15576,#15577,#15578),.UNSPECIFIED.,.F.,.F.,(4,1,1,1,1,1,4),(9.12456787995219E-5,
0.00159263277303203,0.00234332632014828,0.00309401986726454,0.00384471341438079,
0.00459540696149704,0.00609679405572955),.UNSPECIFIED.);
#297=B_SPLINE_CURVE_WITH_KNOTS('',3,(#15591,#15592,#15593,#15594,#15595),
 .UNSPECIFIED.,.F.,.F.,(4,1,4),(0.00104638972037734,0.00225273924262059,
0.00345908876486384),.UNSPECIFIED.);
#298=B_SPLINE_CURVE_WITH_KNOTS('',3,(#15598,#15599,#15600,#15601),
 .UNSPECIFIED.,.F.,.F.,(4,4),(0.,0.00171726986340192),.UNSPECIFIED.);
#299=B_SPLINE_CURVE_WITH_KNOTS('',3,(#15605,#15606,#15607,#15608),
 .UNSPECIFIED.,.F.,.F.,(4,4),(0.,0.00177706406269744),.UNSPECIFIED.);
#300=B_SPLINE_CURVE_WITH_KNOTS('',3,(#16990,#16991,#16992,#16993),
 .UNSPECIFIED.,.F.,.F.,(4,4),(0.,0.00162893883149183),.UNSPECIFIED.);
#301=B_SPLINE_CURVE_WITH_KNOTS('',3,(#16995,#16996,#16997,#16998),
 .UNSPECIFIED.,.F.,.F.,(4,4),(0.000188175245150786,0.00181840867193648),
 .UNSPECIFIED.);
#302=B_SPLINE_CURVE_WITH_KNOTS('',3,(#16999,#17000,#17001,#17002,#17003),
 .UNSPECIFIED.,.F.,.F.,(4,1,4),(0.,0.00156297799089143,0.00312595598178286),
 .UNSPECIFIED.);
#303=B_SPLINE_CURVE_WITH_KNOTS('',3,(#17005,#17006,#17007,#17008,#17009),
 .UNSPECIFIED.,.F.,.F.,(4,1,4),(0.,0.00156234468133334,0.00312468936266669),
 .UNSPECIFIED.);
#304=B_SPLINE_CURVE_WITH_KNOTS('',3,(#17028,#17029,#17030,#17031),
 .UNSPECIFIED.,.F.,.F.,(4,4),(0.000126401300141225,0.00184616467146192),
 .UNSPECIFIED.);
#305=B_SPLINE_CURVE_WITH_KNOTS('',3,(#17033,#17034,#17035,#17036),
 .UNSPECIFIED.,.F.,.F.,(4,4),(0.,0.00171428668657986),.UNSPECIFIED.);
#306=B_SPLINE_CURVE_WITH_KNOTS('',3,(#18013,#18014,#18015,#18016,#18017,
#18018,#18019),.UNSPECIFIED.,.F.,.F.,(4,1,1,1,4),(0.,0.00108974081624426,
0.00217948163248853,0.00326922244873279,0.00435896326497706),
 .UNSPECIFIED.);
#307=B_SPLINE_CURVE_WITH_KNOTS('',3,(#18021,#18022,#18023,#18024,#18025,
#18026,#18027),.UNSPECIFIED.,.F.,.F.,(4,1,1,1,4),(0.,0.00109508138908077,
0.00219016277816154,0.00328524416724231,0.00438032555632307),
 .UNSPECIFIED.);
#308=B_SPLINE_CURVE_WITH_KNOTS('',3,(#18029,#18030,#18031,#18032,#18033,
#18034,#18035),.UNSPECIFIED.,.F.,.F.,(4,1,1,1,4),(0.,0.00109508138908078,
0.00219016277816157,0.00328524416724235,0.00438032555632314),
 .UNSPECIFIED.);
#309=B_SPLINE_CURVE_WITH_KNOTS('',3,(#18037,#18038,#18039,#18040,#18041,
#18042,#18043),.UNSPECIFIED.,.F.,.F.,(4,1,1,1,4),(0.,0.00109508144040833,
0.00219016288081665,0.00328524432122498,0.00438032576163331),
 .UNSPECIFIED.);
#310=B_SPLINE_CURVE_WITH_KNOTS('',3,(#18045,#18046,#18047,#18048,#18049),
 .UNSPECIFIED.,.F.,.F.,(4,1,4),(0.,0.00114704744634961,0.00229409489269921),
 .UNSPECIFIED.);
#311=B_SPLINE_CURVE_WITH_KNOTS('',3,(#18051,#18052,#18053,#18054),
 .UNSPECIFIED.,.F.,.F.,(4,4),(0.,0.000767319142268526),.UNSPECIFIED.);
#312=B_SPLINE_CURVE_WITH_KNOTS('',3,(#18056,#18057,#18058,#18059),
 .UNSPECIFIED.,.F.,.F.,(4,4),(0.,0.00104100970896042),.UNSPECIFIED.);
#313=B_SPLINE_CURVE_WITH_KNOTS('',3,(#18061,#18062,#18063,#18064,#18065),
 .UNSPECIFIED.,.F.,.F.,(4,1,4),(0.,0.00127547811325883,0.00255095622651766),
 .UNSPECIFIED.);
#314=B_SPLINE_CURVE_WITH_KNOTS('',3,(#18638,#18639,#18640,#18641,#18642),
 .UNSPECIFIED.,.F.,.F.,(4,1,4),(8.67361737988404E-19,0.00126472635061612,
0.00252945270123223),.UNSPECIFIED.);
#315=B_SPLINE_CURVE_WITH_KNOTS('',3,(#18644,#18645,#18646,#18647,#18648),
 .UNSPECIFIED.,.F.,.F.,(4,1,4),(0.,0.00156231105557009,0.00312462211114018),
 .UNSPECIFIED.);
#316=B_SPLINE_CURVE_WITH_KNOTS('',3,(#18650,#18651,#18652,#18653,#18654),
 .UNSPECIFIED.,.F.,.F.,(4,1,4),(0.,0.00156259572528313,0.00312519145056627),
 .UNSPECIFIED.);
#317=B_SPLINE_CURVE_WITH_KNOTS('',3,(#18656,#18657,#18658,#18659,#18660),
 .UNSPECIFIED.,.F.,.F.,(4,1,4),(0.,0.0015625954578739,0.00312519091574781),
 .UNSPECIFIED.);
#318=B_SPLINE_CURVE_WITH_KNOTS('',3,(#18664,#18665,#18666,#18667,#18668),
 .UNSPECIFIED.,.F.,.F.,(4,1,4),(2.42861286636753E-17,0.00134790702201371,
0.00269581404402739),.UNSPECIFIED.);
#319=B_SPLINE_CURVE_WITH_KNOTS('',3,(#18672,#18673,#18674,#18675,#18676),
 .UNSPECIFIED.,.F.,.F.,(4,1,4),(0.,0.00156230979253225,0.00312461958506449),
 .UNSPECIFIED.);
#320=B_SPLINE_CURVE_WITH_KNOTS('',3,(#18686,#18687,#18688,#18689,#18690),
 .UNSPECIFIED.,.F.,.F.,(4,1,4),(0.,0.00156230955447204,0.00312461910894408),
 .UNSPECIFIED.);
#321=DEGENERATE_TOROIDAL_SURFACE('',#11090,0.00135525591143177,0.002,.T.);
#322=DEGENERATE_TOROIDAL_SURFACE('',#11098,0.00199999850584993,0.002,.T.);
#323=DEGENERATE_TOROIDAL_SURFACE('',#11104,0.00199999850585007,0.002,.T.);
#324=DEGENERATE_TOROIDAL_SURFACE('',#11110,0.00135525591143198,0.002,.T.);
#325=DEGENERATE_TOROIDAL_SURFACE('',#11574,0.00135525591143231,0.002,.T.);
#326=DEGENERATE_TOROIDAL_SURFACE('',#11577,0.00199999850585001,0.002,.T.);
#327=DEGENERATE_TOROIDAL_SURFACE('',#11588,0.00199999850584987,0.002,.T.);
#328=LINE('',#15485,#1329);
#329=LINE('',#15489,#1330);
#330=LINE('',#15494,#1331);
#331=LINE('',#15498,#1332);
#332=LINE('',#15503,#1333);
#333=LINE('',#15507,#1334);
#334=LINE('',#15610,#1335);
#335=LINE('',#15613,#1336);
#336=LINE('',#15615,#1337);
#337=LINE('',#15617,#1338);
#338=LINE('',#15619,#1339);
#339=LINE('',#15622,#1340);
#340=LINE('',#15624,#1341);
#341=LINE('',#15626,#1342);
#342=LINE('',#15628,#1343);
#343=LINE('',#15631,#1344);
#344=LINE('',#15633,#1345);
#345=LINE('',#15635,#1346);
#346=LINE('',#15637,#1347);
#347=LINE('',#15640,#1348);
#348=LINE('',#15642,#1349);
#349=LINE('',#15644,#1350);
#350=LINE('',#15646,#1351);
#351=LINE('',#15649,#1352);
#352=LINE('',#15651,#1353);
#353=LINE('',#15653,#1354);
#354=LINE('',#15655,#1355);
#355=LINE('',#15658,#1356);
#356=LINE('',#15660,#1357);
#357=LINE('',#15662,#1358);
#358=LINE('',#15664,#1359);
#359=LINE('',#15667,#1360);
#360=LINE('',#15669,#1361);
#361=LINE('',#15671,#1362);
#362=LINE('',#15673,#1363);
#363=LINE('',#15675,#1364);
#364=LINE('',#15677,#1365);
#365=LINE('',#15679,#1366);
#366=LINE('',#15682,#1367);
#367=LINE('',#15684,#1368);
#368=LINE('',#15686,#1369);
#369=LINE('',#15688,#1370);
#370=LINE('',#15691,#1371);
#371=LINE('',#15693,#1372);
#372=LINE('',#15695,#1373);
#373=LINE('',#15697,#1374);
#374=LINE('',#15700,#1375);
#375=LINE('',#15702,#1376);
#376=LINE('',#15704,#1377);
#377=LINE('',#15710,#1378);
#378=LINE('',#15712,#1379);
#379=LINE('',#15714,#1380);
#380=LINE('',#15716,#1381);
#381=LINE('',#15718,#1382);
#382=LINE('',#15721,#1383);
#383=LINE('',#15723,#1384);
#384=LINE('',#15725,#1385);
#385=LINE('',#15731,#1386);
#386=LINE('',#15733,#1387);
#387=LINE('',#15735,#1388);
#388=LINE('',#15737,#1389);
#389=LINE('',#15739,#1390);
#390=LINE('',#15742,#1391);
#391=LINE('',#15744,#1392);
#392=LINE('',#15746,#1393);
#393=LINE('',#15748,#1394);
#394=LINE('',#15751,#1395);
#395=LINE('',#15753,#1396);
#396=LINE('',#15755,#1397);
#397=LINE('',#15757,#1398);
#398=LINE('',#15760,#1399);
#399=LINE('',#15762,#1400);
#400=LINE('',#15764,#1401);
#401=LINE('',#15769,#1402);
#402=LINE('',#15773,#1403);
#403=LINE('',#15775,#1404);
#404=LINE('',#15776,#1405);
#405=LINE('',#15778,#1406);
#406=LINE('',#15781,#1407);
#407=LINE('',#15783,#1408);
#408=LINE('',#15785,#1409);
#409=LINE('',#15795,#1410);
#410=LINE('',#15803,#1411);
#411=LINE('',#15819,#1412);
#412=LINE('',#15843,#1413);
#413=LINE('',#15851,#1414);
#414=LINE('',#15856,#1415);
#415=LINE('',#15860,#1416);
#416=LINE('',#15864,#1417);
#417=LINE('',#15866,#1418);
#418=LINE('',#15868,#1419);
#419=LINE('',#15870,#1420);
#420=LINE('',#15872,#1421);
#421=LINE('',#15874,#1422);
#422=LINE('',#15878,#1423);
#423=LINE('',#15880,#1424);
#424=LINE('',#15884,#1425);
#425=LINE('',#15886,#1426);
#426=LINE('',#15888,#1427);
#427=LINE('',#15890,#1428);
#428=LINE('',#15892,#1429);
#429=LINE('',#15908,#1430);
#430=LINE('',#15912,#1431);
#431=LINE('',#15916,#1432);
#432=LINE('',#15920,#1433);
#433=LINE('',#15924,#1434);
#434=LINE('',#15928,#1435);
#435=LINE('',#15932,#1436);
#436=LINE('',#15936,#1437);
#437=LINE('',#15940,#1438);
#438=LINE('',#15944,#1439);
#439=LINE('',#15948,#1440);
#440=LINE('',#15952,#1441);
#441=LINE('',#15956,#1442);
#442=LINE('',#15960,#1443);
#443=LINE('',#15964,#1444);
#444=LINE('',#15968,#1445);
#445=LINE('',#15972,#1446);
#446=LINE('',#15976,#1447);
#447=LINE('',#15980,#1448);
#448=LINE('',#15984,#1449);
#449=LINE('',#15988,#1450);
#450=LINE('',#15992,#1451);
#451=LINE('',#15996,#1452);
#452=LINE('',#16000,#1453);
#453=LINE('',#16004,#1454);
#454=LINE('',#16008,#1455);
#455=LINE('',#16012,#1456);
#456=LINE('',#16016,#1457);
#457=LINE('',#16020,#1458);
#458=LINE('',#16024,#1459);
#459=LINE('',#16028,#1460);
#460=LINE('',#16032,#1461);
#461=LINE('',#16036,#1462);
#462=LINE('',#16040,#1463);
#463=LINE('',#16044,#1464);
#464=LINE('',#16048,#1465);
#465=LINE('',#16052,#1466);
#466=LINE('',#16056,#1467);
#467=LINE('',#16060,#1468);
#468=LINE('',#16064,#1469);
#469=LINE('',#16068,#1470);
#470=LINE('',#16072,#1471);
#471=LINE('',#16076,#1472);
#472=LINE('',#16080,#1473);
#473=LINE('',#16084,#1474);
#474=LINE('',#16088,#1475);
#475=LINE('',#16092,#1476);
#476=LINE('',#16096,#1477);
#477=LINE('',#16100,#1478);
#478=LINE('',#16104,#1479);
#479=LINE('',#16108,#1480);
#480=LINE('',#16112,#1481);
#481=LINE('',#16116,#1482);
#482=LINE('',#16120,#1483);
#483=LINE('',#16124,#1484);
#484=LINE('',#16128,#1485);
#485=LINE('',#16132,#1486);
#486=LINE('',#16136,#1487);
#487=LINE('',#16140,#1488);
#488=LINE('',#16144,#1489);
#489=LINE('',#16148,#1490);
#490=LINE('',#16152,#1491);
#491=LINE('',#16156,#1492);
#492=LINE('',#16160,#1493);
#493=LINE('',#16161,#1494);
#494=LINE('',#16164,#1495);
#495=LINE('',#16166,#1496);
#496=LINE('',#16168,#1497);
#497=LINE('',#16170,#1498);
#498=LINE('',#16173,#1499);
#499=LINE('',#16174,#1500);
#500=LINE('',#16176,#1501);
#501=LINE('',#16190,#1502);
#502=LINE('',#16195,#1503);
#503=LINE('',#16197,#1504);
#504=LINE('',#16200,#1505);
#505=LINE('',#16202,#1506);
#506=LINE('',#16206,#1507);
#507=LINE('',#16210,#1508);
#508=LINE('',#16214,#1509);
#509=LINE('',#16218,#1510);
#510=LINE('',#16223,#1511);
#511=LINE('',#16228,#1512);
#512=LINE('',#16232,#1513);
#513=LINE('',#16237,#1514);
#514=LINE('',#16241,#1515);
#515=LINE('',#16245,#1516);
#516=LINE('',#16247,#1517);
#517=LINE('',#16249,#1518);
#518=LINE('',#16253,#1519);
#519=LINE('',#16257,#1520);
#520=LINE('',#16261,#1521);
#521=LINE('',#16266,#1522);
#522=LINE('',#16270,#1523);
#523=LINE('',#16275,#1524);
#524=LINE('',#16280,#1525);
#525=LINE('',#16284,#1526);
#526=LINE('',#16288,#1527);
#527=LINE('',#16292,#1528);
#528=LINE('',#16296,#1529);
#529=LINE('',#16298,#1530);
#530=LINE('',#16301,#1531);
#531=LINE('',#16303,#1532);
#532=LINE('',#16307,#1533);
#533=LINE('',#16309,#1534);
#534=LINE('',#16313,#1535);
#535=LINE('',#16317,#1536);
#536=LINE('',#16319,#1537);
#537=LINE('',#16323,#1538);
#538=LINE('',#16327,#1539);
#539=LINE('',#16331,#1540);
#540=LINE('',#16335,#1541);
#541=LINE('',#16337,#1542);
#542=LINE('',#16345,#1543);
#543=LINE('',#16346,#1544);
#544=LINE('',#16348,#1545);
#545=LINE('',#16350,#1546);
#546=LINE('',#16352,#1547);
#547=LINE('',#16353,#1548);
#548=LINE('',#16355,#1549);
#549=LINE('',#16357,#1550);
#550=LINE('',#16359,#1551);
#551=LINE('',#16361,#1552);
#552=LINE('',#16363,#1553);
#553=LINE('',#16365,#1554);
#554=LINE('',#16366,#1555);
#555=LINE('',#16369,#1556);
#556=LINE('',#16371,#1557);
#557=LINE('',#16373,#1558);
#558=LINE('',#16375,#1559);
#559=LINE('',#16377,#1560);
#560=LINE('',#16379,#1561);
#561=LINE('',#16381,#1562);
#562=LINE('',#16383,#1563);
#563=LINE('',#16385,#1564);
#564=LINE('',#16387,#1565);
#565=LINE('',#16389,#1566);
#566=LINE('',#16390,#1567);
#567=LINE('',#16392,#1568);
#568=LINE('',#16394,#1569);
#569=LINE('',#16396,#1570);
#570=LINE('',#16400,#1571);
#571=LINE('',#16402,#1572);
#572=LINE('',#16404,#1573);
#573=LINE('',#16405,#1574);
#574=LINE('',#16408,#1575);
#575=LINE('',#16409,#1576);
#576=LINE('',#16411,#1577);
#577=LINE('',#16413,#1578);
#578=LINE('',#16415,#1579);
#579=LINE('',#16417,#1580);
#580=LINE('',#16419,#1581);
#581=LINE('',#16423,#1582);
#582=LINE('',#16425,#1583);
#583=LINE('',#16427,#1584);
#584=LINE('',#16431,#1585);
#585=LINE('',#16432,#1586);
#586=LINE('',#16434,#1587);
#587=LINE('',#16436,#1588);
#588=LINE('',#16438,#1589);
#589=LINE('',#16440,#1590);
#590=LINE('',#16441,#1591);
#591=LINE('',#16443,#1592);
#592=LINE('',#16445,#1593);
#593=LINE('',#16446,#1594);
#594=LINE('',#16454,#1595);
#595=LINE('',#16457,#1596);
#596=LINE('',#16459,#1597);
#597=LINE('',#16461,#1598);
#598=LINE('',#16463,#1599);
#599=LINE('',#16465,#1600);
#600=LINE('',#16467,#1601);
#601=LINE('',#16469,#1602);
#602=LINE('',#16471,#1603);
#603=LINE('',#16473,#1604);
#604=LINE('',#16475,#1605);
#605=LINE('',#16479,#1606);
#606=LINE('',#16481,#1607);
#607=LINE('',#16483,#1608);
#608=LINE('',#16487,#1609);
#609=LINE('',#16489,#1610);
#610=LINE('',#16491,#1611);
#611=LINE('',#16495,#1612);
#612=LINE('',#16497,#1613);
#613=LINE('',#16499,#1614);
#614=LINE('',#16503,#1615);
#615=LINE('',#16505,#1616);
#616=LINE('',#16509,#1617);
#617=LINE('',#16511,#1618);
#618=LINE('',#16513,#1619);
#619=LINE('',#16517,#1620);
#620=LINE('',#16519,#1621);
#621=LINE('',#16521,#1622);
#622=LINE('',#16525,#1623);
#623=LINE('',#16527,#1624);
#624=LINE('',#16529,#1625);
#625=LINE('',#16533,#1626);
#626=LINE('',#16535,#1627);
#627=LINE('',#16539,#1628);
#628=LINE('',#16541,#1629);
#629=LINE('',#16543,#1630);
#630=LINE('',#16547,#1631);
#631=LINE('',#16549,#1632);
#632=LINE('',#16551,#1633);
#633=LINE('',#16555,#1634);
#634=LINE('',#16557,#1635);
#635=LINE('',#16559,#1636);
#636=LINE('',#16563,#1637);
#637=LINE('',#16565,#1638);
#638=LINE('',#16569,#1639);
#639=LINE('',#16571,#1640);
#640=LINE('',#16573,#1641);
#641=LINE('',#16577,#1642);
#642=LINE('',#16579,#1643);
#643=LINE('',#16581,#1644);
#644=LINE('',#16585,#1645);
#645=LINE('',#16587,#1646);
#646=LINE('',#16589,#1647);
#647=LINE('',#16593,#1648);
#648=LINE('',#16595,#1649);
#649=LINE('',#16599,#1650);
#650=LINE('',#16601,#1651);
#651=LINE('',#16603,#1652);
#652=LINE('',#16607,#1653);
#653=LINE('',#16609,#1654);
#654=LINE('',#16611,#1655);
#655=LINE('',#16615,#1656);
#656=LINE('',#16617,#1657);
#657=LINE('',#16619,#1658);
#658=LINE('',#16623,#1659);
#659=LINE('',#16625,#1660);
#660=LINE('',#16629,#1661);
#661=LINE('',#16631,#1662);
#662=LINE('',#16633,#1663);
#663=LINE('',#16637,#1664);
#664=LINE('',#16639,#1665);
#665=LINE('',#16641,#1666);
#666=LINE('',#16645,#1667);
#667=LINE('',#16647,#1668);
#668=LINE('',#16649,#1669);
#669=LINE('',#16653,#1670);
#670=LINE('',#16655,#1671);
#671=LINE('',#16659,#1672);
#672=LINE('',#16661,#1673);
#673=LINE('',#16663,#1674);
#674=LINE('',#16667,#1675);
#675=LINE('',#16669,#1676);
#676=LINE('',#16671,#1677);
#677=LINE('',#16675,#1678);
#678=LINE('',#16677,#1679);
#679=LINE('',#16679,#1680);
#680=LINE('',#16683,#1681);
#681=LINE('',#16685,#1682);
#682=LINE('',#16689,#1683);
#683=LINE('',#16691,#1684);
#684=LINE('',#16693,#1685);
#685=LINE('',#16697,#1686);
#686=LINE('',#16699,#1687);
#687=LINE('',#16701,#1688);
#688=LINE('',#16705,#1689);
#689=LINE('',#16707,#1690);
#690=LINE('',#16709,#1691);
#691=LINE('',#16713,#1692);
#692=LINE('',#16715,#1693);
#693=LINE('',#16719,#1694);
#694=LINE('',#16721,#1695);
#695=LINE('',#16723,#1696);
#696=LINE('',#16727,#1697);
#697=LINE('',#16729,#1698);
#698=LINE('',#16731,#1699);
#699=LINE('',#16735,#1700);
#700=LINE('',#16737,#1701);
#701=LINE('',#16739,#1702);
#702=LINE('',#16743,#1703);
#703=LINE('',#16745,#1704);
#704=LINE('',#16749,#1705);
#705=LINE('',#16751,#1706);
#706=LINE('',#16753,#1707);
#707=LINE('',#16757,#1708);
#708=LINE('',#16759,#1709);
#709=LINE('',#16761,#1710);
#710=LINE('',#16765,#1711);
#711=LINE('',#16767,#1712);
#712=LINE('',#16769,#1713);
#713=LINE('',#16773,#1714);
#714=LINE('',#16775,#1715);
#715=LINE('',#16779,#1716);
#716=LINE('',#16781,#1717);
#717=LINE('',#16783,#1718);
#718=LINE('',#16787,#1719);
#719=LINE('',#16789,#1720);
#720=LINE('',#16791,#1721);
#721=LINE('',#16795,#1722);
#722=LINE('',#16797,#1723);
#723=LINE('',#16799,#1724);
#724=LINE('',#16803,#1725);
#725=LINE('',#16805,#1726);
#726=LINE('',#16809,#1727);
#727=LINE('',#16811,#1728);
#728=LINE('',#16813,#1729);
#729=LINE('',#16817,#1730);
#730=LINE('',#16819,#1731);
#731=LINE('',#16821,#1732);
#732=LINE('',#16825,#1733);
#733=LINE('',#16827,#1734);
#734=LINE('',#16829,#1735);
#735=LINE('',#16833,#1736);
#736=LINE('',#16835,#1737);
#737=LINE('',#16839,#1738);
#738=LINE('',#16841,#1739);
#739=LINE('',#16843,#1740);
#740=LINE('',#16847,#1741);
#741=LINE('',#16849,#1742);
#742=LINE('',#16851,#1743);
#743=LINE('',#16855,#1744);
#744=LINE('',#16857,#1745);
#745=LINE('',#16859,#1746);
#746=LINE('',#16863,#1747);
#747=LINE('',#16865,#1748);
#748=LINE('',#16869,#1749);
#749=LINE('',#16871,#1750);
#750=LINE('',#16873,#1751);
#751=LINE('',#16877,#1752);
#752=LINE('',#16879,#1753);
#753=LINE('',#16881,#1754);
#754=LINE('',#16885,#1755);
#755=LINE('',#16887,#1756);
#756=LINE('',#16889,#1757);
#757=LINE('',#16893,#1758);
#758=LINE('',#16895,#1759);
#759=LINE('',#16899,#1760);
#760=LINE('',#16901,#1761);
#761=LINE('',#16903,#1762);
#762=LINE('',#16907,#1763);
#763=LINE('',#16909,#1764);
#764=LINE('',#16911,#1765);
#765=LINE('',#16915,#1766);
#766=LINE('',#16917,#1767);
#767=LINE('',#16919,#1768);
#768=LINE('',#16923,#1769);
#769=LINE('',#16925,#1770);
#770=LINE('',#16929,#1771);
#771=LINE('',#16931,#1772);
#772=LINE('',#16933,#1773);
#773=LINE('',#16937,#1774);
#774=LINE('',#16939,#1775);
#775=LINE('',#16941,#1776);
#776=LINE('',#16945,#1777);
#777=LINE('',#16947,#1778);
#778=LINE('',#16949,#1779);
#779=LINE('',#16953,#1780);
#780=LINE('',#16955,#1781);
#781=LINE('',#16957,#1782);
#782=LINE('',#16959,#1783);
#783=LINE('',#16961,#1784);
#784=LINE('',#16963,#1785);
#785=LINE('',#16965,#1786);
#786=LINE('',#16967,#1787);
#787=LINE('',#16969,#1788);
#788=LINE('',#16971,#1789);
#789=LINE('',#16973,#1790);
#790=LINE('',#16975,#1791);
#791=LINE('',#16977,#1792);
#792=LINE('',#16979,#1793);
#793=LINE('',#16981,#1794);
#794=LINE('',#16983,#1795);
#795=LINE('',#16985,#1796);
#796=LINE('',#16987,#1797);
#797=LINE('',#17044,#1798);
#798=LINE('',#17047,#1799);
#799=LINE('',#17049,#1800);
#800=LINE('',#17051,#1801);
#801=LINE('',#17055,#1802);
#802=LINE('',#17059,#1803);
#803=LINE('',#17061,#1804);
#804=LINE('',#17063,#1805);
#805=LINE('',#17065,#1806);
#806=LINE('',#17067,#1807);
#807=LINE('',#17069,#1808);
#808=LINE('',#17073,#1809);
#809=LINE('',#17077,#1810);
#810=LINE('',#17079,#1811);
#811=LINE('',#17081,#1812);
#812=LINE('',#17085,#1813);
#813=LINE('',#17089,#1814);
#814=LINE('',#17091,#1815);
#815=LINE('',#17093,#1816);
#816=LINE('',#17097,#1817);
#817=LINE('',#17101,#1818);
#818=LINE('',#17103,#1819);
#819=LINE('',#17105,#1820);
#820=LINE('',#17109,#1821);
#821=LINE('',#17113,#1822);
#822=LINE('',#17115,#1823);
#823=LINE('',#17117,#1824);
#824=LINE('',#17121,#1825);
#825=LINE('',#17125,#1826);
#826=LINE('',#17127,#1827);
#827=LINE('',#17129,#1828);
#828=LINE('',#17131,#1829);
#829=LINE('',#17133,#1830);
#830=LINE('',#17135,#1831);
#831=LINE('',#17139,#1832);
#832=LINE('',#17143,#1833);
#833=LINE('',#17145,#1834);
#834=LINE('',#17147,#1835);
#835=LINE('',#17151,#1836);
#836=LINE('',#17155,#1837);
#837=LINE('',#17156,#1838);
#838=LINE('',#17191,#1839);
#839=LINE('',#17194,#1840);
#840=LINE('',#17196,#1841);
#841=LINE('',#17198,#1842);
#842=LINE('',#17200,#1843);
#843=LINE('',#17203,#1844);
#844=LINE('',#17205,#1845);
#845=LINE('',#17207,#1846);
#846=LINE('',#17211,#1847);
#847=LINE('',#17215,#1848);
#848=LINE('',#17217,#1849);
#849=LINE('',#17219,#1850);
#850=LINE('',#17221,#1851);
#851=LINE('',#17224,#1852);
#852=LINE('',#17226,#1853);
#853=LINE('',#17228,#1854);
#854=LINE('',#17232,#1855);
#855=LINE('',#17236,#1856);
#856=LINE('',#17238,#1857);
#857=LINE('',#17240,#1858);
#858=LINE('',#17242,#1859);
#859=LINE('',#17245,#1860);
#860=LINE('',#17247,#1861);
#861=LINE('',#17249,#1862);
#862=LINE('',#17251,#1863);
#863=LINE('',#17254,#1864);
#864=LINE('',#17256,#1865);
#865=LINE('',#17258,#1866);
#866=LINE('',#17260,#1867);
#867=LINE('',#17263,#1868);
#868=LINE('',#17265,#1869);
#869=LINE('',#17267,#1870);
#870=LINE('',#17269,#1871);
#871=LINE('',#17274,#1872);
#872=LINE('',#17278,#1873);
#873=LINE('',#17280,#1874);
#874=LINE('',#17282,#1875);
#875=LINE('',#17292,#1876);
#876=LINE('',#17296,#1877);
#877=LINE('',#17299,#1878);
#878=LINE('',#17301,#1879);
#879=LINE('',#17303,#1880);
#880=LINE('',#17317,#1881);
#881=LINE('',#17326,#1882);
#882=LINE('',#17328,#1883);
#883=LINE('',#17336,#1884);
#884=LINE('',#17344,#1885);
#885=LINE('',#17350,#1886);
#886=LINE('',#17354,#1887);
#887=LINE('',#17356,#1888);
#888=LINE('',#17358,#1889);
#889=LINE('',#17360,#1890);
#890=LINE('',#17362,#1891);
#891=LINE('',#17368,#1892);
#892=LINE('',#17370,#1893);
#893=LINE('',#17374,#1894);
#894=LINE('',#17376,#1895);
#895=LINE('',#17386,#1896);
#896=LINE('',#17390,#1897);
#897=LINE('',#17394,#1898);
#898=LINE('',#17398,#1899);
#899=LINE('',#17402,#1900);
#900=LINE('',#17406,#1901);
#901=LINE('',#17410,#1902);
#902=LINE('',#17414,#1903);
#903=LINE('',#17418,#1904);
#904=LINE('',#17422,#1905);
#905=LINE('',#17426,#1906);
#906=LINE('',#17430,#1907);
#907=LINE('',#17434,#1908);
#908=LINE('',#17438,#1909);
#909=LINE('',#17442,#1910);
#910=LINE('',#17446,#1911);
#911=LINE('',#17450,#1912);
#912=LINE('',#17454,#1913);
#913=LINE('',#17458,#1914);
#914=LINE('',#17462,#1915);
#915=LINE('',#17466,#1916);
#916=LINE('',#17470,#1917);
#917=LINE('',#17474,#1918);
#918=LINE('',#17478,#1919);
#919=LINE('',#17482,#1920);
#920=LINE('',#17486,#1921);
#921=LINE('',#17490,#1922);
#922=LINE('',#17494,#1923);
#923=LINE('',#17498,#1924);
#924=LINE('',#17502,#1925);
#925=LINE('',#17506,#1926);
#926=LINE('',#17510,#1927);
#927=LINE('',#17514,#1928);
#928=LINE('',#17518,#1929);
#929=LINE('',#17522,#1930);
#930=LINE('',#17526,#1931);
#931=LINE('',#17530,#1932);
#932=LINE('',#17534,#1933);
#933=LINE('',#17538,#1934);
#934=LINE('',#17542,#1935);
#935=LINE('',#17546,#1936);
#936=LINE('',#17550,#1937);
#937=LINE('',#17554,#1938);
#938=LINE('',#17558,#1939);
#939=LINE('',#17562,#1940);
#940=LINE('',#17566,#1941);
#941=LINE('',#17570,#1942);
#942=LINE('',#17574,#1943);
#943=LINE('',#17578,#1944);
#944=LINE('',#17582,#1945);
#945=LINE('',#17586,#1946);
#946=LINE('',#17590,#1947);
#947=LINE('',#17594,#1948);
#948=LINE('',#17598,#1949);
#949=LINE('',#17602,#1950);
#950=LINE('',#17606,#1951);
#951=LINE('',#17610,#1952);
#952=LINE('',#17614,#1953);
#953=LINE('',#17618,#1954);
#954=LINE('',#17622,#1955);
#955=LINE('',#17626,#1956);
#956=LINE('',#17630,#1957);
#957=LINE('',#17634,#1958);
#958=LINE('',#17638,#1959);
#959=LINE('',#17639,#1960);
#960=LINE('',#17642,#1961);
#961=LINE('',#17644,#1962);
#962=LINE('',#17646,#1963);
#963=LINE('',#17648,#1964);
#964=LINE('',#17651,#1965);
#965=LINE('',#17653,#1966);
#966=LINE('',#17655,#1967);
#967=LINE('',#17657,#1968);
#968=LINE('',#17660,#1969);
#969=LINE('',#17662,#1970);
#970=LINE('',#17664,#1971);
#971=LINE('',#17666,#1972);
#972=LINE('',#17669,#1973);
#973=LINE('',#17671,#1974);
#974=LINE('',#17673,#1975);
#975=LINE('',#17675,#1976);
#976=LINE('',#17678,#1977);
#977=LINE('',#17680,#1978);
#978=LINE('',#17682,#1979);
#979=LINE('',#17684,#1980);
#980=LINE('',#17687,#1981);
#981=LINE('',#17689,#1982);
#982=LINE('',#17691,#1983);
#983=LINE('',#17693,#1984);
#984=LINE('',#17695,#1985);
#985=LINE('',#17697,#1986);
#986=LINE('',#17699,#1987);
#987=LINE('',#17702,#1988);
#988=LINE('',#17704,#1989);
#989=LINE('',#17706,#1990);
#990=LINE('',#17726,#1991);
#991=LINE('',#17728,#1992);
#992=LINE('',#17732,#1993);
#993=LINE('',#17738,#1994);
#994=LINE('',#17742,#1995);
#995=LINE('',#17746,#1996);
#996=LINE('',#17750,#1997);
#997=LINE('',#17754,#1998);
#998=LINE('',#17758,#1999);
#999=LINE('',#17762,#2000);
#1000=LINE('',#17766,#2001);
#1001=LINE('',#17770,#2002);
#1002=LINE('',#17775,#2003);
#1003=LINE('',#17794,#2004);
#1004=LINE('',#17797,#2005);
#1005=LINE('',#17799,#2006);
#1006=LINE('',#17801,#2007);
#1007=LINE('',#17805,#2008);
#1008=LINE('',#17809,#2009);
#1009=LINE('',#17811,#2010);
#1010=LINE('',#17813,#2011);
#1011=LINE('',#17815,#2012);
#1012=LINE('',#17817,#2013);
#1013=LINE('',#17819,#2014);
#1014=LINE('',#17823,#2015);
#1015=LINE('',#17827,#2016);
#1016=LINE('',#17829,#2017);
#1017=LINE('',#17831,#2018);
#1018=LINE('',#17835,#2019);
#1019=LINE('',#17839,#2020);
#1020=LINE('',#17841,#2021);
#1021=LINE('',#17843,#2022);
#1022=LINE('',#17847,#2023);
#1023=LINE('',#17851,#2024);
#1024=LINE('',#17853,#2025);
#1025=LINE('',#17855,#2026);
#1026=LINE('',#17859,#2027);
#1027=LINE('',#17863,#2028);
#1028=LINE('',#17865,#2029);
#1029=LINE('',#17867,#2030);
#1030=LINE('',#17871,#2031);
#1031=LINE('',#17875,#2032);
#1032=LINE('',#17877,#2033);
#1033=LINE('',#17879,#2034);
#1034=LINE('',#17881,#2035);
#1035=LINE('',#17883,#2036);
#1036=LINE('',#17885,#2037);
#1037=LINE('',#17889,#2038);
#1038=LINE('',#17893,#2039);
#1039=LINE('',#17895,#2040);
#1040=LINE('',#17897,#2041);
#1041=LINE('',#17901,#2042);
#1042=LINE('',#17905,#2043);
#1043=LINE('',#17907,#2044);
#1044=LINE('',#17909,#2045);
#1045=LINE('',#17911,#2046);
#1046=LINE('',#17915,#2047);
#1047=LINE('',#17917,#2048);
#1048=LINE('',#17919,#2049);
#1049=LINE('',#17923,#2050);
#1050=LINE('',#17925,#2051);
#1051=LINE('',#17927,#2052);
#1052=LINE('',#17931,#2053);
#1053=LINE('',#17933,#2054);
#1054=LINE('',#17935,#2055);
#1055=LINE('',#17939,#2056);
#1056=LINE('',#17941,#2057);
#1057=LINE('',#17943,#2058);
#1058=LINE('',#17947,#2059);
#1059=LINE('',#17949,#2060);
#1060=LINE('',#17951,#2061);
#1061=LINE('',#17955,#2062);
#1062=LINE('',#17957,#2063);
#1063=LINE('',#17959,#2064);
#1064=LINE('',#17963,#2065);
#1065=LINE('',#17966,#2066);
#1066=LINE('',#17967,#2067);
#1067=LINE('',#17969,#2068);
#1068=LINE('',#17973,#2069);
#1069=LINE('',#17975,#2070);
#1070=LINE('',#17980,#2071);
#1071=LINE('',#17981,#2072);
#1072=LINE('',#17983,#2073);
#1073=LINE('',#17985,#2074);
#1074=LINE('',#17987,#2075);
#1075=LINE('',#17991,#2076);
#1076=LINE('',#17993,#2077);
#1077=LINE('',#17997,#2078);
#1078=LINE('',#17998,#2079);
#1079=LINE('',#18000,#2080);
#1080=LINE('',#18001,#2081);
#1081=LINE('',#18067,#2082);
#1082=LINE('',#18079,#2083);
#1083=LINE('',#18081,#2084);
#1084=LINE('',#18089,#2085);
#1085=LINE('',#18102,#2086);
#1086=LINE('',#18105,#2087);
#1087=LINE('',#18107,#2088);
#1088=LINE('',#18109,#2089);
#1089=LINE('',#18111,#2090);
#1090=LINE('',#18113,#2091);
#1091=LINE('',#18115,#2092);
#1092=LINE('',#18117,#2093);
#1093=LINE('',#18119,#2094);
#1094=LINE('',#18121,#2095);
#1095=LINE('',#18123,#2096);
#1096=LINE('',#18127,#2097);
#1097=LINE('',#18129,#2098);
#1098=LINE('',#18131,#2099);
#1099=LINE('',#18135,#2100);
#1100=LINE('',#18137,#2101);
#1101=LINE('',#18139,#2102);
#1102=LINE('',#18143,#2103);
#1103=LINE('',#18145,#2104);
#1104=LINE('',#18147,#2105);
#1105=LINE('',#18151,#2106);
#1106=LINE('',#18153,#2107);
#1107=LINE('',#18157,#2108);
#1108=LINE('',#18159,#2109);
#1109=LINE('',#18161,#2110);
#1110=LINE('',#18165,#2111);
#1111=LINE('',#18167,#2112);
#1112=LINE('',#18169,#2113);
#1113=LINE('',#18173,#2114);
#1114=LINE('',#18175,#2115);
#1115=LINE('',#18177,#2116);
#1116=LINE('',#18181,#2117);
#1117=LINE('',#18183,#2118);
#1118=LINE('',#18187,#2119);
#1119=LINE('',#18189,#2120);
#1120=LINE('',#18191,#2121);
#1121=LINE('',#18195,#2122);
#1122=LINE('',#18197,#2123);
#1123=LINE('',#18199,#2124);
#1124=LINE('',#18203,#2125);
#1125=LINE('',#18205,#2126);
#1126=LINE('',#18207,#2127);
#1127=LINE('',#18211,#2128);
#1128=LINE('',#18213,#2129);
#1129=LINE('',#18217,#2130);
#1130=LINE('',#18219,#2131);
#1131=LINE('',#18221,#2132);
#1132=LINE('',#18225,#2133);
#1133=LINE('',#18227,#2134);
#1134=LINE('',#18229,#2135);
#1135=LINE('',#18233,#2136);
#1136=LINE('',#18235,#2137);
#1137=LINE('',#18237,#2138);
#1138=LINE('',#18241,#2139);
#1139=LINE('',#18243,#2140);
#1140=LINE('',#18247,#2141);
#1141=LINE('',#18249,#2142);
#1142=LINE('',#18251,#2143);
#1143=LINE('',#18255,#2144);
#1144=LINE('',#18257,#2145);
#1145=LINE('',#18259,#2146);
#1146=LINE('',#18263,#2147);
#1147=LINE('',#18265,#2148);
#1148=LINE('',#18267,#2149);
#1149=LINE('',#18271,#2150);
#1150=LINE('',#18273,#2151);
#1151=LINE('',#18277,#2152);
#1152=LINE('',#18279,#2153);
#1153=LINE('',#18281,#2154);
#1154=LINE('',#18285,#2155);
#1155=LINE('',#18287,#2156);
#1156=LINE('',#18289,#2157);
#1157=LINE('',#18293,#2158);
#1158=LINE('',#18295,#2159);
#1159=LINE('',#18297,#2160);
#1160=LINE('',#18301,#2161);
#1161=LINE('',#18303,#2162);
#1162=LINE('',#18307,#2163);
#1163=LINE('',#18309,#2164);
#1164=LINE('',#18311,#2165);
#1165=LINE('',#18315,#2166);
#1166=LINE('',#18317,#2167);
#1167=LINE('',#18319,#2168);
#1168=LINE('',#18323,#2169);
#1169=LINE('',#18325,#2170);
#1170=LINE('',#18327,#2171);
#1171=LINE('',#18331,#2172);
#1172=LINE('',#18333,#2173);
#1173=LINE('',#18337,#2174);
#1174=LINE('',#18339,#2175);
#1175=LINE('',#18341,#2176);
#1176=LINE('',#18345,#2177);
#1177=LINE('',#18347,#2178);
#1178=LINE('',#18349,#2179);
#1179=LINE('',#18353,#2180);
#1180=LINE('',#18355,#2181);
#1181=LINE('',#18357,#2182);
#1182=LINE('',#18361,#2183);
#1183=LINE('',#18363,#2184);
#1184=LINE('',#18367,#2185);
#1185=LINE('',#18369,#2186);
#1186=LINE('',#18371,#2187);
#1187=LINE('',#18375,#2188);
#1188=LINE('',#18377,#2189);
#1189=LINE('',#18379,#2190);
#1190=LINE('',#18383,#2191);
#1191=LINE('',#18385,#2192);
#1192=LINE('',#18387,#2193);
#1193=LINE('',#18391,#2194);
#1194=LINE('',#18393,#2195);
#1195=LINE('',#18397,#2196);
#1196=LINE('',#18399,#2197);
#1197=LINE('',#18401,#2198);
#1198=LINE('',#18405,#2199);
#1199=LINE('',#18407,#2200);
#1200=LINE('',#18409,#2201);
#1201=LINE('',#18413,#2202);
#1202=LINE('',#18415,#2203);
#1203=LINE('',#18417,#2204);
#1204=LINE('',#18421,#2205);
#1205=LINE('',#18423,#2206);
#1206=LINE('',#18427,#2207);
#1207=LINE('',#18429,#2208);
#1208=LINE('',#18431,#2209);
#1209=LINE('',#18435,#2210);
#1210=LINE('',#18437,#2211);
#1211=LINE('',#18439,#2212);
#1212=LINE('',#18443,#2213);
#1213=LINE('',#18445,#2214);
#1214=LINE('',#18447,#2215);
#1215=LINE('',#18451,#2216);
#1216=LINE('',#18453,#2217);
#1217=LINE('',#18457,#2218);
#1218=LINE('',#18459,#2219);
#1219=LINE('',#18461,#2220);
#1220=LINE('',#18465,#2221);
#1221=LINE('',#18467,#2222);
#1222=LINE('',#18469,#2223);
#1223=LINE('',#18473,#2224);
#1224=LINE('',#18475,#2225);
#1225=LINE('',#18477,#2226);
#1226=LINE('',#18481,#2227);
#1227=LINE('',#18483,#2228);
#1228=LINE('',#18487,#2229);
#1229=LINE('',#18489,#2230);
#1230=LINE('',#18491,#2231);
#1231=LINE('',#18495,#2232);
#1232=LINE('',#18497,#2233);
#1233=LINE('',#18499,#2234);
#1234=LINE('',#18503,#2235);
#1235=LINE('',#18505,#2236);
#1236=LINE('',#18507,#2237);
#1237=LINE('',#18511,#2238);
#1238=LINE('',#18513,#2239);
#1239=LINE('',#18517,#2240);
#1240=LINE('',#18519,#2241);
#1241=LINE('',#18521,#2242);
#1242=LINE('',#18525,#2243);
#1243=LINE('',#18527,#2244);
#1244=LINE('',#18529,#2245);
#1245=LINE('',#18533,#2246);
#1246=LINE('',#18535,#2247);
#1247=LINE('',#18537,#2248);
#1248=LINE('',#18541,#2249);
#1249=LINE('',#18543,#2250);
#1250=LINE('',#18547,#2251);
#1251=LINE('',#18549,#2252);
#1252=LINE('',#18551,#2253);
#1253=LINE('',#18555,#2254);
#1254=LINE('',#18557,#2255);
#1255=LINE('',#18559,#2256);
#1256=LINE('',#18563,#2257);
#1257=LINE('',#18565,#2258);
#1258=LINE('',#18567,#2259);
#1259=LINE('',#18571,#2260);
#1260=LINE('',#18573,#2261);
#1261=LINE('',#18577,#2262);
#1262=LINE('',#18579,#2263);
#1263=LINE('',#18581,#2264);
#1264=LINE('',#18585,#2265);
#1265=LINE('',#18587,#2266);
#1266=LINE('',#18589,#2267);
#1267=LINE('',#18593,#2268);
#1268=LINE('',#18595,#2269);
#1269=LINE('',#18597,#2270);
#1270=LINE('',#18601,#2271);
#1271=LINE('',#18603,#2272);
#1272=LINE('',#18605,#2273);
#1273=LINE('',#18607,#2274);
#1274=LINE('',#18609,#2275);
#1275=LINE('',#18611,#2276);
#1276=LINE('',#18613,#2277);
#1277=LINE('',#18615,#2278);
#1278=LINE('',#18617,#2279);
#1279=LINE('',#18619,#2280);
#1280=LINE('',#18621,#2281);
#1281=LINE('',#18623,#2282);
#1282=LINE('',#18625,#2283);
#1283=LINE('',#18627,#2284);
#1284=LINE('',#18629,#2285);
#1285=LINE('',#18631,#2286);
#1286=LINE('',#18633,#2287);
#1287=LINE('',#18635,#2288);
#1288=LINE('',#18706,#2289);
#1289=LINE('',#18709,#2290);
#1290=LINE('',#18711,#2291);
#1291=LINE('',#18713,#2292);
#1292=LINE('',#18715,#2293);
#1293=LINE('',#18717,#2294);
#1294=LINE('',#18719,#2295);
#1295=LINE('',#18723,#2296);
#1296=LINE('',#18727,#2297);
#1297=LINE('',#18729,#2298);
#1298=LINE('',#18731,#2299);
#1299=LINE('',#18733,#2300);
#1300=LINE('',#18735,#2301);
#1301=LINE('',#18737,#2302);
#1302=LINE('',#18741,#2303);
#1303=LINE('',#18745,#2304);
#1304=LINE('',#18747,#2305);
#1305=LINE('',#18749,#2306);
#1306=LINE('',#18753,#2307);
#1307=LINE('',#18757,#2308);
#1308=LINE('',#18759,#2309);
#1309=LINE('',#18761,#2310);
#1310=LINE('',#18765,#2311);
#1311=LINE('',#18769,#2312);
#1312=LINE('',#18771,#2313);
#1313=LINE('',#18773,#2314);
#1314=LINE('',#18777,#2315);
#1315=LINE('',#18781,#2316);
#1316=LINE('',#18783,#2317);
#1317=LINE('',#18785,#2318);
#1318=LINE('',#18789,#2319);
#1319=LINE('',#18793,#2320);
#1320=LINE('',#18795,#2321);
#1321=LINE('',#18797,#2322);
#1322=LINE('',#18799,#2323);
#1323=LINE('',#18801,#2324);
#1324=LINE('',#18803,#2325);
#1325=LINE('',#18807,#2326);
#1326=LINE('',#18811,#2327);
#1327=LINE('',#18813,#2328);
#1328=LINE('',#18815,#2329);
#1329=VECTOR('',#12219,1.);
#1330=VECTOR('',#12222,1.);
#1331=VECTOR('',#12227,1.);
#1332=VECTOR('',#12230,1.);
#1333=VECTOR('',#12235,1.);
#1334=VECTOR('',#12238,1.);
#1335=VECTOR('',#12285,1.);
#1336=VECTOR('',#12286,1.);
#1337=VECTOR('',#12287,1.);
#1338=VECTOR('',#12288,1.);
#1339=VECTOR('',#12291,1.);
#1340=VECTOR('',#12292,1.);
#1341=VECTOR('',#12293,1.);
#1342=VECTOR('',#12294,1.);
#1343=VECTOR('',#12297,1.);
#1344=VECTOR('',#12298,1.);
#1345=VECTOR('',#12299,1.);
#1346=VECTOR('',#12300,1.);
#1347=VECTOR('',#12303,1.);
#1348=VECTOR('',#12304,1.);
#1349=VECTOR('',#12305,1.);
#1350=VECTOR('',#12306,1.);
#1351=VECTOR('',#12309,1.);
#1352=VECTOR('',#12310,1.);
#1353=VECTOR('',#12311,1.);
#1354=VECTOR('',#12312,1.);
#1355=VECTOR('',#12315,1.);
#1356=VECTOR('',#12316,1.);
#1357=VECTOR('',#12317,1.);
#1358=VECTOR('',#12318,1.);
#1359=VECTOR('',#12321,1.);
#1360=VECTOR('',#12322,1.);
#1361=VECTOR('',#12323,1.);
#1362=VECTOR('',#12324,1.);
#1363=VECTOR('',#12327,1.);
#1364=VECTOR('',#12328,1.);
#1365=VECTOR('',#12329,1.);
#1366=VECTOR('',#12332,1.);
#1367=VECTOR('',#12333,1.);
#1368=VECTOR('',#12334,1.);
#1369=VECTOR('',#12335,1.);
#1370=VECTOR('',#12338,1.);
#1371=VECTOR('',#12339,1.);
#1372=VECTOR('',#12340,1.);
#1373=VECTOR('',#12341,1.);
#1374=VECTOR('',#12344,1.);
#1375=VECTOR('',#12345,1.);
#1376=VECTOR('',#12346,1.);
#1377=VECTOR('',#12347,1.);
#1378=VECTOR('',#12354,1.);
#1379=VECTOR('',#12357,1.);
#1380=VECTOR('',#12358,1.);
#1381=VECTOR('',#12359,1.);
#1382=VECTOR('',#12362,1.);
#1383=VECTOR('',#12363,1.);
#1384=VECTOR('',#12364,1.);
#1385=VECTOR('',#12365,1.);
#1386=VECTOR('',#12372,1.);
#1387=VECTOR('',#12375,1.);
#1388=VECTOR('',#12376,1.);
#1389=VECTOR('',#12377,1.);
#1390=VECTOR('',#12380,1.);
#1391=VECTOR('',#12381,1.);
#1392=VECTOR('',#12382,1.);
#1393=VECTOR('',#12383,1.);
#1394=VECTOR('',#12386,1.);
#1395=VECTOR('',#12387,1.);
#1396=VECTOR('',#12388,1.);
#1397=VECTOR('',#12389,1.);
#1398=VECTOR('',#12392,1.);
#1399=VECTOR('',#12393,1.);
#1400=VECTOR('',#12394,1.);
#1401=VECTOR('',#12395,1.);
#1402=VECTOR('',#12400,1.);
#1403=VECTOR('',#12403,1.);
#1404=VECTOR('',#12406,1.);
#1405=VECTOR('',#12407,1.);
#1406=VECTOR('',#12410,1.);
#1407=VECTOR('',#12411,1.);
#1408=VECTOR('',#12412,1.);
#1409=VECTOR('',#12413,1.);
#1410=VECTOR('',#12430,1.);
#1411=VECTOR('',#12439,1.);
#1412=VECTOR('',#12468,1.);
#1413=VECTOR('',#12511,1.);
#1414=VECTOR('',#12520,1.);
#1415=VECTOR('',#12525,1.);
#1416=VECTOR('',#12528,1.);
#1417=VECTOR('',#12531,1.);
#1418=VECTOR('',#12534,1.);
#1419=VECTOR('',#12535,1.);
#1420=VECTOR('',#12538,1.);
#1421=VECTOR('',#12541,1.);
#1422=VECTOR('',#12542,1.);
#1423=VECTOR('',#12545,1.);
#1424=VECTOR('',#12546,1.);
#1425=VECTOR('',#12549,1.);
#1426=VECTOR('',#12550,1.);
#1427=VECTOR('',#12551,1.);
#1428=VECTOR('',#12552,1.);
#1429=VECTOR('',#12553,1.);
#1430=VECTOR('',#12568,1.);
#1431=VECTOR('',#12571,1.);
#1432=VECTOR('',#12574,1.);
#1433=VECTOR('',#12577,1.);
#1434=VECTOR('',#12580,1.);
#1435=VECTOR('',#12583,1.);
#1436=VECTOR('',#12586,1.);
#1437=VECTOR('',#12589,1.);
#1438=VECTOR('',#12592,1.);
#1439=VECTOR('',#12595,1.);
#1440=VECTOR('',#12598,1.);
#1441=VECTOR('',#12601,1.);
#1442=VECTOR('',#12604,1.);
#1443=VECTOR('',#12607,1.);
#1444=VECTOR('',#12610,1.);
#1445=VECTOR('',#12613,1.);
#1446=VECTOR('',#12616,1.);
#1447=VECTOR('',#12619,1.);
#1448=VECTOR('',#12622,1.);
#1449=VECTOR('',#12625,1.);
#1450=VECTOR('',#12628,1.);
#1451=VECTOR('',#12631,1.);
#1452=VECTOR('',#12634,1.);
#1453=VECTOR('',#12637,1.);
#1454=VECTOR('',#12640,1.);
#1455=VECTOR('',#12643,1.);
#1456=VECTOR('',#12646,1.);
#1457=VECTOR('',#12649,1.);
#1458=VECTOR('',#12652,1.);
#1459=VECTOR('',#12655,1.);
#1460=VECTOR('',#12658,1.);
#1461=VECTOR('',#12661,1.);
#1462=VECTOR('',#12664,1.);
#1463=VECTOR('',#12667,1.);
#1464=VECTOR('',#12670,1.);
#1465=VECTOR('',#12673,1.);
#1466=VECTOR('',#12676,1.);
#1467=VECTOR('',#12679,1.);
#1468=VECTOR('',#12682,1.);
#1469=VECTOR('',#12685,1.);
#1470=VECTOR('',#12688,1.);
#1471=VECTOR('',#12691,1.);
#1472=VECTOR('',#12694,1.);
#1473=VECTOR('',#12697,1.);
#1474=VECTOR('',#12700,1.);
#1475=VECTOR('',#12703,1.);
#1476=VECTOR('',#12706,1.);
#1477=VECTOR('',#12709,1.);
#1478=VECTOR('',#12712,1.);
#1479=VECTOR('',#12715,1.);
#1480=VECTOR('',#12718,1.);
#1481=VECTOR('',#12721,1.);
#1482=VECTOR('',#12724,1.);
#1483=VECTOR('',#12727,1.);
#1484=VECTOR('',#12730,1.);
#1485=VECTOR('',#12733,1.);
#1486=VECTOR('',#12736,1.);
#1487=VECTOR('',#12739,1.);
#1488=VECTOR('',#12742,1.);
#1489=VECTOR('',#12745,1.);
#1490=VECTOR('',#12748,1.);
#1491=VECTOR('',#12751,1.);
#1492=VECTOR('',#12754,1.);
#1493=VECTOR('',#12757,1.);
#1494=VECTOR('',#12758,1.);
#1495=VECTOR('',#12759,1.);
#1496=VECTOR('',#12760,1.);
#1497=VECTOR('',#12761,1.);
#1498=VECTOR('',#12764,1.);
#1499=VECTOR('',#12765,1.);
#1500=VECTOR('',#12766,1.);
#1501=VECTOR('',#12767,1.);
#1502=VECTOR('',#12782,1.);
#1503=VECTOR('',#12785,1.);
#1504=VECTOR('',#12786,1.);
#1505=VECTOR('',#12791,1.);
#1506=VECTOR('',#12792,1.);
#1507=VECTOR('',#12795,1.);
#1508=VECTOR('',#12798,1.);
#1509=VECTOR('',#12801,1.);
#1510=VECTOR('',#12804,1.);
#1511=VECTOR('',#12809,1.);
#1512=VECTOR('',#12814,1.);
#1513=VECTOR('',#12817,1.);
#1514=VECTOR('',#12822,1.);
#1515=VECTOR('',#12825,1.);
#1516=VECTOR('',#12830,1.);
#1517=VECTOR('',#12831,1.);
#1518=VECTOR('',#12832,1.);
#1519=VECTOR('',#12837,1.);
#1520=VECTOR('',#12840,1.);
#1521=VECTOR('',#12843,1.);
#1522=VECTOR('',#12848,1.);
#1523=VECTOR('',#12851,1.);
#1524=VECTOR('',#12856,1.);
#1525=VECTOR('',#12861,1.);
#1526=VECTOR('',#12864,1.);
#1527=VECTOR('',#12867,1.);
#1528=VECTOR('',#12870,1.);
#1529=VECTOR('',#12873,1.);
#1530=VECTOR('',#12874,1.);
#1531=VECTOR('',#12877,1.);
#1532=VECTOR('',#12878,1.);
#1533=VECTOR('',#12881,1.);
#1534=VECTOR('',#12882,1.);
#1535=VECTOR('',#12885,1.);
#1536=VECTOR('',#12888,1.);
#1537=VECTOR('',#12889,1.);
#1538=VECTOR('',#12892,1.);
#1539=VECTOR('',#12895,1.);
#1540=VECTOR('',#12898,1.);
#1541=VECTOR('',#12901,1.);
#1542=VECTOR('',#12902,1.);
#1543=VECTOR('',#12917,1.);
#1544=VECTOR('',#12918,1.);
#1545=VECTOR('',#12921,1.);
#1546=VECTOR('',#12924,1.);
#1547=VECTOR('',#12927,1.);
#1548=VECTOR('',#12928,1.);
#1549=VECTOR('',#12931,1.);
#1550=VECTOR('',#12934,1.);
#1551=VECTOR('',#12937,1.);
#1552=VECTOR('',#12940,1.);
#1553=VECTOR('',#12943,1.);
#1554=VECTOR('',#12946,1.);
#1555=VECTOR('',#12947,1.);
#1556=VECTOR('',#12952,1.);
#1557=VECTOR('',#12955,1.);
#1558=VECTOR('',#12958,1.);
#1559=VECTOR('',#12961,1.);
#1560=VECTOR('',#12964,1.);
#1561=VECTOR('',#12967,1.);
#1562=VECTOR('',#12970,1.);
#1563=VECTOR('',#12973,1.);
#1564=VECTOR('',#12976,1.);
#1565=VECTOR('',#12979,1.);
#1566=VECTOR('',#12980,1.);
#1567=VECTOR('',#12981,1.);
#1568=VECTOR('',#12984,1.);
#1569=VECTOR('',#12985,1.);
#1570=VECTOR('',#12988,1.);
#1571=VECTOR('',#12993,1.);
#1572=VECTOR('',#12994,1.);
#1573=VECTOR('',#12997,1.);
#1574=VECTOR('',#12998,1.);
#1575=VECTOR('',#13003,1.);
#1576=VECTOR('',#13004,1.);
#1577=VECTOR('',#13005,1.);
#1578=VECTOR('',#13008,1.);
#1579=VECTOR('',#13011,1.);
#1580=VECTOR('',#13012,1.);
#1581=VECTOR('',#13015,1.);
#1582=VECTOR('',#13020,1.);
#1583=VECTOR('',#13021,1.);
#1584=VECTOR('',#13024,1.);
#1585=VECTOR('',#13029,1.);
#1586=VECTOR('',#13030,1.);
#1587=VECTOR('',#13033,1.);
#1588=VECTOR('',#13036,1.);
#1589=VECTOR('',#13037,1.);
#1590=VECTOR('',#13040,1.);
#1591=VECTOR('',#13041,1.);
#1592=VECTOR('',#13044,1.);
#1593=VECTOR('',#13047,1.);
#1594=VECTOR('',#13048,1.);
#1595=VECTOR('',#13063,1.);
#1596=VECTOR('',#13068,1.);
#1597=VECTOR('',#13071,1.);
#1598=VECTOR('',#13074,1.);
#1599=VECTOR('',#13075,1.);
#1600=VECTOR('',#13076,1.);
#1601=VECTOR('',#13079,1.);
#1602=VECTOR('',#13080,1.);
#1603=VECTOR('',#13083,1.);
#1604=VECTOR('',#13084,1.);
#1605=VECTOR('',#13087,1.);
#1606=VECTOR('',#13090,1.);
#1607=VECTOR('',#13093,1.);
#1608=VECTOR('',#13094,1.);
#1609=VECTOR('',#13099,1.);
#1610=VECTOR('',#13102,1.);
#1611=VECTOR('',#13103,1.);
#1612=VECTOR('',#13108,1.);
#1613=VECTOR('',#13111,1.);
#1614=VECTOR('',#13112,1.);
#1615=VECTOR('',#13117,1.);
#1616=VECTOR('',#13120,1.);
#1617=VECTOR('',#13123,1.);
#1618=VECTOR('',#13126,1.);
#1619=VECTOR('',#13127,1.);
#1620=VECTOR('',#13132,1.);
#1621=VECTOR('',#13135,1.);
#1622=VECTOR('',#13136,1.);
#1623=VECTOR('',#13141,1.);
#1624=VECTOR('',#13144,1.);
#1625=VECTOR('',#13145,1.);
#1626=VECTOR('',#13150,1.);
#1627=VECTOR('',#13153,1.);
#1628=VECTOR('',#13156,1.);
#1629=VECTOR('',#13159,1.);
#1630=VECTOR('',#13160,1.);
#1631=VECTOR('',#13165,1.);
#1632=VECTOR('',#13168,1.);
#1633=VECTOR('',#13169,1.);
#1634=VECTOR('',#13174,1.);
#1635=VECTOR('',#13177,1.);
#1636=VECTOR('',#13178,1.);
#1637=VECTOR('',#13183,1.);
#1638=VECTOR('',#13186,1.);
#1639=VECTOR('',#13189,1.);
#1640=VECTOR('',#13192,1.);
#1641=VECTOR('',#13193,1.);
#1642=VECTOR('',#13198,1.);
#1643=VECTOR('',#13201,1.);
#1644=VECTOR('',#13202,1.);
#1645=VECTOR('',#13207,1.);
#1646=VECTOR('',#13210,1.);
#1647=VECTOR('',#13211,1.);
#1648=VECTOR('',#13216,1.);
#1649=VECTOR('',#13219,1.);
#1650=VECTOR('',#13222,1.);
#1651=VECTOR('',#13225,1.);
#1652=VECTOR('',#13226,1.);
#1653=VECTOR('',#13231,1.);
#1654=VECTOR('',#13234,1.);
#1655=VECTOR('',#13235,1.);
#1656=VECTOR('',#13240,1.);
#1657=VECTOR('',#13243,1.);
#1658=VECTOR('',#13244,1.);
#1659=VECTOR('',#13249,1.);
#1660=VECTOR('',#13252,1.);
#1661=VECTOR('',#13255,1.);
#1662=VECTOR('',#13258,1.);
#1663=VECTOR('',#13259,1.);
#1664=VECTOR('',#13264,1.);
#1665=VECTOR('',#13267,1.);
#1666=VECTOR('',#13268,1.);
#1667=VECTOR('',#13273,1.);
#1668=VECTOR('',#13276,1.);
#1669=VECTOR('',#13277,1.);
#1670=VECTOR('',#13282,1.);
#1671=VECTOR('',#13285,1.);
#1672=VECTOR('',#13288,1.);
#1673=VECTOR('',#13291,1.);
#1674=VECTOR('',#13292,1.);
#1675=VECTOR('',#13297,1.);
#1676=VECTOR('',#13300,1.);
#1677=VECTOR('',#13301,1.);
#1678=VECTOR('',#13306,1.);
#1679=VECTOR('',#13309,1.);
#1680=VECTOR('',#13310,1.);
#1681=VECTOR('',#13315,1.);
#1682=VECTOR('',#13318,1.);
#1683=VECTOR('',#13321,1.);
#1684=VECTOR('',#13324,1.);
#1685=VECTOR('',#13325,1.);
#1686=VECTOR('',#13330,1.);
#1687=VECTOR('',#13333,1.);
#1688=VECTOR('',#13334,1.);
#1689=VECTOR('',#13339,1.);
#1690=VECTOR('',#13342,1.);
#1691=VECTOR('',#13343,1.);
#1692=VECTOR('',#13348,1.);
#1693=VECTOR('',#13351,1.);
#1694=VECTOR('',#13354,1.);
#1695=VECTOR('',#13357,1.);
#1696=VECTOR('',#13358,1.);
#1697=VECTOR('',#13363,1.);
#1698=VECTOR('',#13366,1.);
#1699=VECTOR('',#13367,1.);
#1700=VECTOR('',#13372,1.);
#1701=VECTOR('',#13375,1.);
#1702=VECTOR('',#13376,1.);
#1703=VECTOR('',#13381,1.);
#1704=VECTOR('',#13384,1.);
#1705=VECTOR('',#13387,1.);
#1706=VECTOR('',#13390,1.);
#1707=VECTOR('',#13391,1.);
#1708=VECTOR('',#13396,1.);
#1709=VECTOR('',#13399,1.);
#1710=VECTOR('',#13400,1.);
#1711=VECTOR('',#13405,1.);
#1712=VECTOR('',#13408,1.);
#1713=VECTOR('',#13409,1.);
#1714=VECTOR('',#13414,1.);
#1715=VECTOR('',#13417,1.);
#1716=VECTOR('',#13420,1.);
#1717=VECTOR('',#13423,1.);
#1718=VECTOR('',#13424,1.);
#1719=VECTOR('',#13429,1.);
#1720=VECTOR('',#13432,1.);
#1721=VECTOR('',#13433,1.);
#1722=VECTOR('',#13438,1.);
#1723=VECTOR('',#13441,1.);
#1724=VECTOR('',#13442,1.);
#1725=VECTOR('',#13447,1.);
#1726=VECTOR('',#13450,1.);
#1727=VECTOR('',#13453,1.);
#1728=VECTOR('',#13456,1.);
#1729=VECTOR('',#13457,1.);
#1730=VECTOR('',#13462,1.);
#1731=VECTOR('',#13465,1.);
#1732=VECTOR('',#13466,1.);
#1733=VECTOR('',#13471,1.);
#1734=VECTOR('',#13474,1.);
#1735=VECTOR('',#13475,1.);
#1736=VECTOR('',#13480,1.);
#1737=VECTOR('',#13483,1.);
#1738=VECTOR('',#13486,1.);
#1739=VECTOR('',#13489,1.);
#1740=VECTOR('',#13490,1.);
#1741=VECTOR('',#13495,1.);
#1742=VECTOR('',#13498,1.);
#1743=VECTOR('',#13499,1.);
#1744=VECTOR('',#13504,1.);
#1745=VECTOR('',#13507,1.);
#1746=VECTOR('',#13508,1.);
#1747=VECTOR('',#13513,1.);
#1748=VECTOR('',#13516,1.);
#1749=VECTOR('',#13519,1.);
#1750=VECTOR('',#13522,1.);
#1751=VECTOR('',#13523,1.);
#1752=VECTOR('',#13528,1.);
#1753=VECTOR('',#13531,1.);
#1754=VECTOR('',#13532,1.);
#1755=VECTOR('',#13537,1.);
#1756=VECTOR('',#13540,1.);
#1757=VECTOR('',#13541,1.);
#1758=VECTOR('',#13546,1.);
#1759=VECTOR('',#13549,1.);
#1760=VECTOR('',#13552,1.);
#1761=VECTOR('',#13555,1.);
#1762=VECTOR('',#13556,1.);
#1763=VECTOR('',#13561,1.);
#1764=VECTOR('',#13564,1.);
#1765=VECTOR('',#13565,1.);
#1766=VECTOR('',#13570,1.);
#1767=VECTOR('',#13573,1.);
#1768=VECTOR('',#13574,1.);
#1769=VECTOR('',#13579,1.);
#1770=VECTOR('',#13582,1.);
#1771=VECTOR('',#13585,1.);
#1772=VECTOR('',#13588,1.);
#1773=VECTOR('',#13589,1.);
#1774=VECTOR('',#13594,1.);
#1775=VECTOR('',#13597,1.);
#1776=VECTOR('',#13598,1.);
#1777=VECTOR('',#13603,1.);
#1778=VECTOR('',#13606,1.);
#1779=VECTOR('',#13607,1.);
#1780=VECTOR('',#13612,1.);
#1781=VECTOR('',#13615,1.);
#1782=VECTOR('',#13618,1.);
#1783=VECTOR('',#13621,1.);
#1784=VECTOR('',#13624,1.);
#1785=VECTOR('',#13627,1.);
#1786=VECTOR('',#13630,1.);
#1787=VECTOR('',#13633,1.);
#1788=VECTOR('',#13636,1.);
#1789=VECTOR('',#13639,1.);
#1790=VECTOR('',#13642,1.);
#1791=VECTOR('',#13645,1.);
#1792=VECTOR('',#13648,1.);
#1793=VECTOR('',#13651,1.);
#1794=VECTOR('',#13654,1.);
#1795=VECTOR('',#13657,1.);
#1796=VECTOR('',#13660,1.);
#1797=VECTOR('',#13663,1.);
#1798=VECTOR('',#13724,1.);
#1799=VECTOR('',#13725,1.);
#1800=VECTOR('',#13726,1.);
#1801=VECTOR('',#13727,1.);
#1802=VECTOR('',#13732,1.);
#1803=VECTOR('',#13737,1.);
#1804=VECTOR('',#13738,1.);
#1805=VECTOR('',#13739,1.);
#1806=VECTOR('',#13742,1.);
#1807=VECTOR('',#13743,1.);
#1808=VECTOR('',#13744,1.);
#1809=VECTOR('',#13749,1.);
#1810=VECTOR('',#13754,1.);
#1811=VECTOR('',#13755,1.);
#1812=VECTOR('',#13756,1.);
#1813=VECTOR('',#13761,1.);
#1814=VECTOR('',#13766,1.);
#1815=VECTOR('',#13767,1.);
#1816=VECTOR('',#13768,1.);
#1817=VECTOR('',#13773,1.);
#1818=VECTOR('',#13778,1.);
#1819=VECTOR('',#13779,1.);
#1820=VECTOR('',#13780,1.);
#1821=VECTOR('',#13785,1.);
#1822=VECTOR('',#13790,1.);
#1823=VECTOR('',#13791,1.);
#1824=VECTOR('',#13792,1.);
#1825=VECTOR('',#13797,1.);
#1826=VECTOR('',#13802,1.);
#1827=VECTOR('',#13803,1.);
#1828=VECTOR('',#13804,1.);
#1829=VECTOR('',#13807,1.);
#1830=VECTOR('',#13808,1.);
#1831=VECTOR('',#13809,1.);
#1832=VECTOR('',#13814,1.);
#1833=VECTOR('',#13819,1.);
#1834=VECTOR('',#13820,1.);
#1835=VECTOR('',#13821,1.);
#1836=VECTOR('',#13826,1.);
#1837=VECTOR('',#13831,1.);
#1838=VECTOR('',#13832,1.);
#1839=VECTOR('',#13877,1.);
#1840=VECTOR('',#13878,1.);
#1841=VECTOR('',#13879,1.);
#1842=VECTOR('',#13880,1.);
#1843=VECTOR('',#13883,1.);
#1844=VECTOR('',#13884,1.);
#1845=VECTOR('',#13885,1.);
#1846=VECTOR('',#13886,1.);
#1847=VECTOR('',#13891,1.);
#1848=VECTOR('',#13896,1.);
#1849=VECTOR('',#13897,1.);
#1850=VECTOR('',#13898,1.);
#1851=VECTOR('',#13901,1.);
#1852=VECTOR('',#13902,1.);
#1853=VECTOR('',#13903,1.);
#1854=VECTOR('',#13904,1.);
#1855=VECTOR('',#13909,1.);
#1856=VECTOR('',#13914,1.);
#1857=VECTOR('',#13915,1.);
#1858=VECTOR('',#13916,1.);
#1859=VECTOR('',#13919,1.);
#1860=VECTOR('',#13920,1.);
#1861=VECTOR('',#13921,1.);
#1862=VECTOR('',#13922,1.);
#1863=VECTOR('',#13925,1.);
#1864=VECTOR('',#13926,1.);
#1865=VECTOR('',#13927,1.);
#1866=VECTOR('',#13928,1.);
#1867=VECTOR('',#13931,1.);
#1868=VECTOR('',#13932,1.);
#1869=VECTOR('',#13933,1.);
#1870=VECTOR('',#13934,1.);
#1871=VECTOR('',#13937,1.);
#1872=VECTOR('',#13940,1.);
#1873=VECTOR('',#13945,1.);
#1874=VECTOR('',#13946,1.);
#1875=VECTOR('',#13947,1.);
#1876=VECTOR('',#13964,1.);
#1877=VECTOR('',#13969,1.);
#1878=VECTOR('',#13970,1.);
#1879=VECTOR('',#13971,1.);
#1880=VECTOR('',#13972,1.);
#1881=VECTOR('',#13987,1.);
#1882=VECTOR('',#13994,1.);
#1883=VECTOR('',#13995,1.);
#1884=VECTOR('',#14002,1.);
#1885=VECTOR('',#14009,1.);
#1886=VECTOR('',#14014,1.);
#1887=VECTOR('',#14017,1.);
#1888=VECTOR('',#14018,1.);
#1889=VECTOR('',#14019,1.);
#1890=VECTOR('',#14020,1.);
#1891=VECTOR('',#14021,1.);
#1892=VECTOR('',#14026,1.);
#1893=VECTOR('',#14027,1.);
#1894=VECTOR('',#14030,1.);
#1895=VECTOR('',#14031,1.);
#1896=VECTOR('',#14040,1.);
#1897=VECTOR('',#14043,1.);
#1898=VECTOR('',#14046,1.);
#1899=VECTOR('',#14049,1.);
#1900=VECTOR('',#14052,1.);
#1901=VECTOR('',#14055,1.);
#1902=VECTOR('',#14058,1.);
#1903=VECTOR('',#14061,1.);
#1904=VECTOR('',#14064,1.);
#1905=VECTOR('',#14067,1.);
#1906=VECTOR('',#14070,1.);
#1907=VECTOR('',#14073,1.);
#1908=VECTOR('',#14076,1.);
#1909=VECTOR('',#14079,1.);
#1910=VECTOR('',#14082,1.);
#1911=VECTOR('',#14085,1.);
#1912=VECTOR('',#14088,1.);
#1913=VECTOR('',#14091,1.);
#1914=VECTOR('',#14094,1.);
#1915=VECTOR('',#14097,1.);
#1916=VECTOR('',#14100,1.);
#1917=VECTOR('',#14103,1.);
#1918=VECTOR('',#14106,1.);
#1919=VECTOR('',#14109,1.);
#1920=VECTOR('',#14112,1.);
#1921=VECTOR('',#14115,1.);
#1922=VECTOR('',#14118,1.);
#1923=VECTOR('',#14121,1.);
#1924=VECTOR('',#14124,1.);
#1925=VECTOR('',#14127,1.);
#1926=VECTOR('',#14130,1.);
#1927=VECTOR('',#14133,1.);
#1928=VECTOR('',#14136,1.);
#1929=VECTOR('',#14139,1.);
#1930=VECTOR('',#14142,1.);
#1931=VECTOR('',#14145,1.);
#1932=VECTOR('',#14148,1.);
#1933=VECTOR('',#14151,1.);
#1934=VECTOR('',#14154,1.);
#1935=VECTOR('',#14157,1.);
#1936=VECTOR('',#14160,1.);
#1937=VECTOR('',#14163,1.);
#1938=VECTOR('',#14166,1.);
#1939=VECTOR('',#14169,1.);
#1940=VECTOR('',#14172,1.);
#1941=VECTOR('',#14175,1.);
#1942=VECTOR('',#14178,1.);
#1943=VECTOR('',#14181,1.);
#1944=VECTOR('',#14184,1.);
#1945=VECTOR('',#14187,1.);
#1946=VECTOR('',#14190,1.);
#1947=VECTOR('',#14193,1.);
#1948=VECTOR('',#14196,1.);
#1949=VECTOR('',#14199,1.);
#1950=VECTOR('',#14202,1.);
#1951=VECTOR('',#14205,1.);
#1952=VECTOR('',#14208,1.);
#1953=VECTOR('',#14211,1.);
#1954=VECTOR('',#14214,1.);
#1955=VECTOR('',#14217,1.);
#1956=VECTOR('',#14220,1.);
#1957=VECTOR('',#14223,1.);
#1958=VECTOR('',#14226,1.);
#1959=VECTOR('',#14229,1.);
#1960=VECTOR('',#14230,1.);
#1961=VECTOR('',#14231,1.);
#1962=VECTOR('',#14232,1.);
#1963=VECTOR('',#14233,1.);
#1964=VECTOR('',#14236,1.);
#1965=VECTOR('',#14237,1.);
#1966=VECTOR('',#14238,1.);
#1967=VECTOR('',#14239,1.);
#1968=VECTOR('',#14242,1.);
#1969=VECTOR('',#14243,1.);
#1970=VECTOR('',#14244,1.);
#1971=VECTOR('',#14245,1.);
#1972=VECTOR('',#14248,1.);
#1973=VECTOR('',#14249,1.);
#1974=VECTOR('',#14250,1.);
#1975=VECTOR('',#14251,1.);
#1976=VECTOR('',#14254,1.);
#1977=VECTOR('',#14255,1.);
#1978=VECTOR('',#14256,1.);
#1979=VECTOR('',#14257,1.);
#1980=VECTOR('',#14260,1.);
#1981=VECTOR('',#14261,1.);
#1982=VECTOR('',#14262,1.);
#1983=VECTOR('',#14263,1.);
#1984=VECTOR('',#14266,1.);
#1985=VECTOR('',#14267,1.);
#1986=VECTOR('',#14268,1.);
#1987=VECTOR('',#14271,1.);
#1988=VECTOR('',#14272,1.);
#1989=VECTOR('',#14273,1.);
#1990=VECTOR('',#14274,1.);
#1991=VECTOR('',#14301,1.);
#1992=VECTOR('',#14302,1.);
#1993=VECTOR('',#14305,1.);
#1994=VECTOR('',#14310,1.);
#1995=VECTOR('',#14313,1.);
#1996=VECTOR('',#14316,1.);
#1997=VECTOR('',#14319,1.);
#1998=VECTOR('',#14322,1.);
#1999=VECTOR('',#14325,1.);
#2000=VECTOR('',#14328,1.);
#2001=VECTOR('',#14331,1.);
#2002=VECTOR('',#14334,1.);
#2003=VECTOR('',#14339,1.);
#2004=VECTOR('',#14368,1.);
#2005=VECTOR('',#14369,1.);
#2006=VECTOR('',#14370,1.);
#2007=VECTOR('',#14371,1.);
#2008=VECTOR('',#14376,1.);
#2009=VECTOR('',#14381,1.);
#2010=VECTOR('',#14382,1.);
#2011=VECTOR('',#14383,1.);
#2012=VECTOR('',#14386,1.);
#2013=VECTOR('',#14387,1.);
#2014=VECTOR('',#14388,1.);
#2015=VECTOR('',#14393,1.);
#2016=VECTOR('',#14398,1.);
#2017=VECTOR('',#14399,1.);
#2018=VECTOR('',#14400,1.);
#2019=VECTOR('',#14405,1.);
#2020=VECTOR('',#14410,1.);
#2021=VECTOR('',#14411,1.);
#2022=VECTOR('',#14412,1.);
#2023=VECTOR('',#14417,1.);
#2024=VECTOR('',#14422,1.);
#2025=VECTOR('',#14423,1.);
#2026=VECTOR('',#14424,1.);
#2027=VECTOR('',#14429,1.);
#2028=VECTOR('',#14434,1.);
#2029=VECTOR('',#14435,1.);
#2030=VECTOR('',#14436,1.);
#2031=VECTOR('',#14441,1.);
#2032=VECTOR('',#14446,1.);
#2033=VECTOR('',#14447,1.);
#2034=VECTOR('',#14448,1.);
#2035=VECTOR('',#14451,1.);
#2036=VECTOR('',#14452,1.);
#2037=VECTOR('',#14453,1.);
#2038=VECTOR('',#14458,1.);
#2039=VECTOR('',#14463,1.);
#2040=VECTOR('',#14464,1.);
#2041=VECTOR('',#14465,1.);
#2042=VECTOR('',#14470,1.);
#2043=VECTOR('',#14475,1.);
#2044=VECTOR('',#14476,1.);
#2045=VECTOR('',#14477,1.);
#2046=VECTOR('',#14480,1.);
#2047=VECTOR('',#14485,1.);
#2048=VECTOR('',#14486,1.);
#2049=VECTOR('',#14489,1.);
#2050=VECTOR('',#14494,1.);
#2051=VECTOR('',#14495,1.);
#2052=VECTOR('',#14498,1.);
#2053=VECTOR('',#14503,1.);
#2054=VECTOR('',#14504,1.);
#2055=VECTOR('',#14507,1.);
#2056=VECTOR('',#14512,1.);
#2057=VECTOR('',#14513,1.);
#2058=VECTOR('',#14516,1.);
#2059=VECTOR('',#14521,1.);
#2060=VECTOR('',#14522,1.);
#2061=VECTOR('',#14525,1.);
#2062=VECTOR('',#14530,1.);
#2063=VECTOR('',#14531,1.);
#2064=VECTOR('',#14534,1.);
#2065=VECTOR('',#14539,1.);
#2066=VECTOR('',#14540,1.);
#2067=VECTOR('',#14541,1.);
#2068=VECTOR('',#14544,1.);
#2069=VECTOR('',#14549,1.);
#2070=VECTOR('',#14550,1.);
#2071=VECTOR('',#14555,1.);
#2072=VECTOR('',#14556,1.);
#2073=VECTOR('',#14559,1.);
#2074=VECTOR('',#14560,1.);
#2075=VECTOR('',#14563,1.);
#2076=VECTOR('',#14568,1.);
#2077=VECTOR('',#14569,1.);
#2078=VECTOR('',#14576,1.);
#2079=VECTOR('',#14577,1.);
#2080=VECTOR('',#14580,1.);
#2081=VECTOR('',#14581,1.);
#2082=VECTOR('',#14608,1.);
#2083=VECTOR('',#14627,1.);
#2084=VECTOR('',#14630,1.);
#2085=VECTOR('',#14641,1.);
#2086=VECTOR('',#14666,1.);
#2087=VECTOR('',#14671,1.);
#2088=VECTOR('',#14674,1.);
#2089=VECTOR('',#14677,1.);
#2090=VECTOR('',#14678,1.);
#2091=VECTOR('',#14679,1.);
#2092=VECTOR('',#14682,1.);
#2093=VECTOR('',#14683,1.);
#2094=VECTOR('',#14686,1.);
#2095=VECTOR('',#14687,1.);
#2096=VECTOR('',#14690,1.);
#2097=VECTOR('',#14693,1.);
#2098=VECTOR('',#14696,1.);
#2099=VECTOR('',#14697,1.);
#2100=VECTOR('',#14702,1.);
#2101=VECTOR('',#14705,1.);
#2102=VECTOR('',#14706,1.);
#2103=VECTOR('',#14711,1.);
#2104=VECTOR('',#14714,1.);
#2105=VECTOR('',#14715,1.);
#2106=VECTOR('',#14720,1.);
#2107=VECTOR('',#14723,1.);
#2108=VECTOR('',#14726,1.);
#2109=VECTOR('',#14729,1.);
#2110=VECTOR('',#14730,1.);
#2111=VECTOR('',#14735,1.);
#2112=VECTOR('',#14738,1.);
#2113=VECTOR('',#14739,1.);
#2114=VECTOR('',#14744,1.);
#2115=VECTOR('',#14747,1.);
#2116=VECTOR('',#14748,1.);
#2117=VECTOR('',#14753,1.);
#2118=VECTOR('',#14756,1.);
#2119=VECTOR('',#14759,1.);
#2120=VECTOR('',#14762,1.);
#2121=VECTOR('',#14763,1.);
#2122=VECTOR('',#14768,1.);
#2123=VECTOR('',#14771,1.);
#2124=VECTOR('',#14772,1.);
#2125=VECTOR('',#14777,1.);
#2126=VECTOR('',#14780,1.);
#2127=VECTOR('',#14781,1.);
#2128=VECTOR('',#14786,1.);
#2129=VECTOR('',#14789,1.);
#2130=VECTOR('',#14792,1.);
#2131=VECTOR('',#14795,1.);
#2132=VECTOR('',#14796,1.);
#2133=VECTOR('',#14801,1.);
#2134=VECTOR('',#14804,1.);
#2135=VECTOR('',#14805,1.);
#2136=VECTOR('',#14810,1.);
#2137=VECTOR('',#14813,1.);
#2138=VECTOR('',#14814,1.);
#2139=VECTOR('',#14819,1.);
#2140=VECTOR('',#14822,1.);
#2141=VECTOR('',#14825,1.);
#2142=VECTOR('',#14828,1.);
#2143=VECTOR('',#14829,1.);
#2144=VECTOR('',#14834,1.);
#2145=VECTOR('',#14837,1.);
#2146=VECTOR('',#14838,1.);
#2147=VECTOR('',#14843,1.);
#2148=VECTOR('',#14846,1.);
#2149=VECTOR('',#14847,1.);
#2150=VECTOR('',#14852,1.);
#2151=VECTOR('',#14855,1.);
#2152=VECTOR('',#14858,1.);
#2153=VECTOR('',#14861,1.);
#2154=VECTOR('',#14862,1.);
#2155=VECTOR('',#14867,1.);
#2156=VECTOR('',#14870,1.);
#2157=VECTOR('',#14871,1.);
#2158=VECTOR('',#14876,1.);
#2159=VECTOR('',#14879,1.);
#2160=VECTOR('',#14880,1.);
#2161=VECTOR('',#14885,1.);
#2162=VECTOR('',#14888,1.);
#2163=VECTOR('',#14891,1.);
#2164=VECTOR('',#14894,1.);
#2165=VECTOR('',#14895,1.);
#2166=VECTOR('',#14900,1.);
#2167=VECTOR('',#14903,1.);
#2168=VECTOR('',#14904,1.);
#2169=VECTOR('',#14909,1.);
#2170=VECTOR('',#14912,1.);
#2171=VECTOR('',#14913,1.);
#2172=VECTOR('',#14918,1.);
#2173=VECTOR('',#14921,1.);
#2174=VECTOR('',#14924,1.);
#2175=VECTOR('',#14927,1.);
#2176=VECTOR('',#14928,1.);
#2177=VECTOR('',#14933,1.);
#2178=VECTOR('',#14936,1.);
#2179=VECTOR('',#14937,1.);
#2180=VECTOR('',#14942,1.);
#2181=VECTOR('',#14945,1.);
#2182=VECTOR('',#14946,1.);
#2183=VECTOR('',#14951,1.);
#2184=VECTOR('',#14954,1.);
#2185=VECTOR('',#14957,1.);
#2186=VECTOR('',#14960,1.);
#2187=VECTOR('',#14961,1.);
#2188=VECTOR('',#14966,1.);
#2189=VECTOR('',#14969,1.);
#2190=VECTOR('',#14970,1.);
#2191=VECTOR('',#14975,1.);
#2192=VECTOR('',#14978,1.);
#2193=VECTOR('',#14979,1.);
#2194=VECTOR('',#14984,1.);
#2195=VECTOR('',#14987,1.);
#2196=VECTOR('',#14990,1.);
#2197=VECTOR('',#14993,1.);
#2198=VECTOR('',#14994,1.);
#2199=VECTOR('',#14999,1.);
#2200=VECTOR('',#15002,1.);
#2201=VECTOR('',#15003,1.);
#2202=VECTOR('',#15008,1.);
#2203=VECTOR('',#15011,1.);
#2204=VECTOR('',#15012,1.);
#2205=VECTOR('',#15017,1.);
#2206=VECTOR('',#15020,1.);
#2207=VECTOR('',#15023,1.);
#2208=VECTOR('',#15026,1.);
#2209=VECTOR('',#15027,1.);
#2210=VECTOR('',#15032,1.);
#2211=VECTOR('',#15035,1.);
#2212=VECTOR('',#15036,1.);
#2213=VECTOR('',#15041,1.);
#2214=VECTOR('',#15044,1.);
#2215=VECTOR('',#15045,1.);
#2216=VECTOR('',#15050,1.);
#2217=VECTOR('',#15053,1.);
#2218=VECTOR('',#15056,1.);
#2219=VECTOR('',#15059,1.);
#2220=VECTOR('',#15060,1.);
#2221=VECTOR('',#15065,1.);
#2222=VECTOR('',#15068,1.);
#2223=VECTOR('',#15069,1.);
#2224=VECTOR('',#15074,1.);
#2225=VECTOR('',#15077,1.);
#2226=VECTOR('',#15078,1.);
#2227=VECTOR('',#15083,1.);
#2228=VECTOR('',#15086,1.);
#2229=VECTOR('',#15089,1.);
#2230=VECTOR('',#15092,1.);
#2231=VECTOR('',#15093,1.);
#2232=VECTOR('',#15098,1.);
#2233=VECTOR('',#15101,1.);
#2234=VECTOR('',#15102,1.);
#2235=VECTOR('',#15107,1.);
#2236=VECTOR('',#15110,1.);
#2237=VECTOR('',#15111,1.);
#2238=VECTOR('',#15116,1.);
#2239=VECTOR('',#15119,1.);
#2240=VECTOR('',#15122,1.);
#2241=VECTOR('',#15125,1.);
#2242=VECTOR('',#15126,1.);
#2243=VECTOR('',#15131,1.);
#2244=VECTOR('',#15134,1.);
#2245=VECTOR('',#15135,1.);
#2246=VECTOR('',#15140,1.);
#2247=VECTOR('',#15143,1.);
#2248=VECTOR('',#15144,1.);
#2249=VECTOR('',#15149,1.);
#2250=VECTOR('',#15152,1.);
#2251=VECTOR('',#15155,1.);
#2252=VECTOR('',#15158,1.);
#2253=VECTOR('',#15159,1.);
#2254=VECTOR('',#15164,1.);
#2255=VECTOR('',#15167,1.);
#2256=VECTOR('',#15168,1.);
#2257=VECTOR('',#15173,1.);
#2258=VECTOR('',#15176,1.);
#2259=VECTOR('',#15177,1.);
#2260=VECTOR('',#15182,1.);
#2261=VECTOR('',#15185,1.);
#2262=VECTOR('',#15188,1.);
#2263=VECTOR('',#15191,1.);
#2264=VECTOR('',#15192,1.);
#2265=VECTOR('',#15197,1.);
#2266=VECTOR('',#15200,1.);
#2267=VECTOR('',#15201,1.);
#2268=VECTOR('',#15206,1.);
#2269=VECTOR('',#15209,1.);
#2270=VECTOR('',#15210,1.);
#2271=VECTOR('',#15215,1.);
#2272=VECTOR('',#15218,1.);
#2273=VECTOR('',#15221,1.);
#2274=VECTOR('',#15224,1.);
#2275=VECTOR('',#15227,1.);
#2276=VECTOR('',#15230,1.);
#2277=VECTOR('',#15233,1.);
#2278=VECTOR('',#15236,1.);
#2279=VECTOR('',#15239,1.);
#2280=VECTOR('',#15242,1.);
#2281=VECTOR('',#15245,1.);
#2282=VECTOR('',#15248,1.);
#2283=VECTOR('',#15251,1.);
#2284=VECTOR('',#15254,1.);
#2285=VECTOR('',#15257,1.);
#2286=VECTOR('',#15260,1.);
#2287=VECTOR('',#15263,1.);
#2288=VECTOR('',#15266,1.);
#2289=VECTOR('',#15337,1.);
#2290=VECTOR('',#15338,1.);
#2291=VECTOR('',#15339,1.);
#2292=VECTOR('',#15340,1.);
#2293=VECTOR('',#15343,1.);
#2294=VECTOR('',#15344,1.);
#2295=VECTOR('',#15345,1.);
#2296=VECTOR('',#15350,1.);
#2297=VECTOR('',#15355,1.);
#2298=VECTOR('',#15356,1.);
#2299=VECTOR('',#15357,1.);
#2300=VECTOR('',#15360,1.);
#2301=VECTOR('',#15361,1.);
#2302=VECTOR('',#15362,1.);
#2303=VECTOR('',#15367,1.);
#2304=VECTOR('',#15372,1.);
#2305=VECTOR('',#15373,1.);
#2306=VECTOR('',#15374,1.);
#2307=VECTOR('',#15379,1.);
#2308=VECTOR('',#15384,1.);
#2309=VECTOR('',#15385,1.);
#2310=VECTOR('',#15386,1.);
#2311=VECTOR('',#15391,1.);
#2312=VECTOR('',#15396,1.);
#2313=VECTOR('',#15397,1.);
#2314=VECTOR('',#15398,1.);
#2315=VECTOR('',#15403,1.);
#2316=VECTOR('',#15408,1.);
#2317=VECTOR('',#15409,1.);
#2318=VECTOR('',#15410,1.);
#2319=VECTOR('',#15415,1.);
#2320=VECTOR('',#15420,1.);
#2321=VECTOR('',#15421,1.);
#2322=VECTOR('',#15422,1.);
#2323=VECTOR('',#15425,1.);
#2324=VECTOR('',#15426,1.);
#2325=VECTOR('',#15427,1.);
#2326=VECTOR('',#15432,1.);
#2327=VECTOR('',#15437,1.);
#2328=VECTOR('',#15438,1.);
#2329=VECTOR('',#15439,1.);
#2330=ORIENTED_EDGE('',*,*,#5538,.F.);
#2331=ORIENTED_EDGE('',*,*,#5539,.T.);
#2332=ORIENTED_EDGE('',*,*,#5540,.T.);
#2333=ORIENTED_EDGE('',*,*,#5541,.F.);
#2334=ORIENTED_EDGE('',*,*,#5542,.F.);
#2335=ORIENTED_EDGE('',*,*,#5543,.T.);
#2336=ORIENTED_EDGE('',*,*,#5544,.T.);
#2337=ORIENTED_EDGE('',*,*,#5545,.F.);
#2338=ORIENTED_EDGE('',*,*,#5546,.F.);
#2339=ORIENTED_EDGE('',*,*,#5547,.T.);
#2340=ORIENTED_EDGE('',*,*,#5548,.T.);
#2341=ORIENTED_EDGE('',*,*,#5549,.F.);
#2342=ORIENTED_EDGE('',*,*,#5550,.F.);
#2343=ORIENTED_EDGE('',*,*,#5551,.T.);
#2344=ORIENTED_EDGE('',*,*,#5552,.F.);
#2345=ORIENTED_EDGE('',*,*,#5553,.F.);
#2346=ORIENTED_EDGE('',*,*,#5554,.F.);
#2347=ORIENTED_EDGE('',*,*,#5555,.F.);
#2348=ORIENTED_EDGE('',*,*,#5556,.T.);
#2349=ORIENTED_EDGE('',*,*,#5557,.F.);
#2350=ORIENTED_EDGE('',*,*,#5558,.F.);
#2351=ORIENTED_EDGE('',*,*,#5559,.F.);
#2352=ORIENTED_EDGE('',*,*,#5560,.F.);
#2353=ORIENTED_EDGE('',*,*,#5561,.F.);
#2354=ORIENTED_EDGE('',*,*,#5562,.T.);
#2355=ORIENTED_EDGE('',*,*,#5563,.F.);
#2356=ORIENTED_EDGE('',*,*,#5564,.F.);
#2357=ORIENTED_EDGE('',*,*,#5565,.F.);
#2358=ORIENTED_EDGE('',*,*,#5566,.F.);
#2359=ORIENTED_EDGE('',*,*,#5567,.F.);
#2360=ORIENTED_EDGE('',*,*,#5568,.T.);
#2361=ORIENTED_EDGE('',*,*,#5569,.F.);
#2362=ORIENTED_EDGE('',*,*,#5570,.F.);
#2363=ORIENTED_EDGE('',*,*,#5571,.F.);
#2364=ORIENTED_EDGE('',*,*,#5572,.F.);
#2365=ORIENTED_EDGE('',*,*,#5573,.T.);
#2366=ORIENTED_EDGE('',*,*,#5574,.F.);
#2367=ORIENTED_EDGE('',*,*,#5575,.T.);
#2368=ORIENTED_EDGE('',*,*,#5576,.F.);
#2369=ORIENTED_EDGE('',*,*,#5577,.F.);
#2370=ORIENTED_EDGE('',*,*,#5578,.T.);
#2371=ORIENTED_EDGE('',*,*,#5579,.T.);
#2372=ORIENTED_EDGE('',*,*,#5580,.F.);
#2373=ORIENTED_EDGE('',*,*,#5581,.T.);
#2374=ORIENTED_EDGE('',*,*,#5582,.T.);
#2375=ORIENTED_EDGE('',*,*,#5583,.T.);
#2376=ORIENTED_EDGE('',*,*,#5584,.F.);
#2377=ORIENTED_EDGE('',*,*,#5585,.T.);
#2378=ORIENTED_EDGE('',*,*,#5586,.T.);
#2379=ORIENTED_EDGE('',*,*,#5587,.T.);
#2380=ORIENTED_EDGE('',*,*,#5588,.F.);
#2381=ORIENTED_EDGE('',*,*,#5589,.T.);
#2382=ORIENTED_EDGE('',*,*,#5590,.T.);
#2383=ORIENTED_EDGE('',*,*,#5591,.T.);
#2384=ORIENTED_EDGE('',*,*,#5592,.F.);
#2385=ORIENTED_EDGE('',*,*,#5593,.T.);
#2386=ORIENTED_EDGE('',*,*,#5594,.T.);
#2387=ORIENTED_EDGE('',*,*,#5595,.T.);
#2388=ORIENTED_EDGE('',*,*,#5596,.F.);
#2389=ORIENTED_EDGE('',*,*,#5597,.T.);
#2390=ORIENTED_EDGE('',*,*,#5598,.T.);
#2391=ORIENTED_EDGE('',*,*,#5599,.T.);
#2392=ORIENTED_EDGE('',*,*,#5600,.F.);
#2393=ORIENTED_EDGE('',*,*,#5601,.T.);
#2394=ORIENTED_EDGE('',*,*,#5602,.T.);
#2395=ORIENTED_EDGE('',*,*,#5603,.F.);
#2396=ORIENTED_EDGE('',*,*,#5604,.F.);
#2397=ORIENTED_EDGE('',*,*,#5603,.T.);
#2398=ORIENTED_EDGE('',*,*,#5605,.T.);
#2399=ORIENTED_EDGE('',*,*,#5606,.T.);
#2400=ORIENTED_EDGE('',*,*,#5607,.T.);
#2401=ORIENTED_EDGE('',*,*,#5608,.T.);
#2402=ORIENTED_EDGE('',*,*,#5609,.T.);
#2403=ORIENTED_EDGE('',*,*,#5610,.F.);
#2404=ORIENTED_EDGE('',*,*,#5611,.T.);
#2405=ORIENTED_EDGE('',*,*,#5612,.T.);
#2406=ORIENTED_EDGE('',*,*,#5613,.T.);
#2407=ORIENTED_EDGE('',*,*,#5614,.F.);
#2408=ORIENTED_EDGE('',*,*,#5615,.F.);
#2409=ORIENTED_EDGE('',*,*,#5616,.T.);
#2410=ORIENTED_EDGE('',*,*,#5617,.T.);
#2411=ORIENTED_EDGE('',*,*,#5618,.F.);
#2412=ORIENTED_EDGE('',*,*,#5619,.F.);
#2413=ORIENTED_EDGE('',*,*,#5618,.T.);
#2414=ORIENTED_EDGE('',*,*,#5620,.T.);
#2415=ORIENTED_EDGE('',*,*,#5621,.F.);
#2416=ORIENTED_EDGE('',*,*,#5622,.F.);
#2417=ORIENTED_EDGE('',*,*,#5621,.T.);
#2418=ORIENTED_EDGE('',*,*,#5623,.T.);
#2419=ORIENTED_EDGE('',*,*,#5624,.T.);
#2420=ORIENTED_EDGE('',*,*,#5625,.F.);
#2421=ORIENTED_EDGE('',*,*,#5626,.T.);
#2422=ORIENTED_EDGE('',*,*,#5627,.T.);
#2423=ORIENTED_EDGE('',*,*,#5628,.F.);
#2424=ORIENTED_EDGE('',*,*,#5629,.F.);
#2425=ORIENTED_EDGE('',*,*,#5628,.T.);
#2426=ORIENTED_EDGE('',*,*,#5630,.T.);
#2427=ORIENTED_EDGE('',*,*,#5631,.F.);
#2428=ORIENTED_EDGE('',*,*,#5632,.F.);
#2429=ORIENTED_EDGE('',*,*,#5631,.T.);
#2430=ORIENTED_EDGE('',*,*,#5633,.T.);
#2431=ORIENTED_EDGE('',*,*,#5634,.T.);
#2432=ORIENTED_EDGE('',*,*,#5635,.F.);
#2433=ORIENTED_EDGE('',*,*,#5636,.T.);
#2434=ORIENTED_EDGE('',*,*,#5637,.T.);
#2435=ORIENTED_EDGE('',*,*,#5638,.T.);
#2436=ORIENTED_EDGE('',*,*,#5639,.F.);
#2437=ORIENTED_EDGE('',*,*,#5640,.T.);
#2438=ORIENTED_EDGE('',*,*,#5641,.T.);
#2439=ORIENTED_EDGE('',*,*,#5642,.T.);
#2440=ORIENTED_EDGE('',*,*,#5643,.F.);
#2441=ORIENTED_EDGE('',*,*,#5644,.T.);
#2442=ORIENTED_EDGE('',*,*,#5645,.T.);
#2443=ORIENTED_EDGE('',*,*,#5646,.T.);
#2444=ORIENTED_EDGE('',*,*,#5647,.F.);
#2445=ORIENTED_EDGE('',*,*,#5648,.T.);
#2446=ORIENTED_EDGE('',*,*,#5649,.T.);
#2447=ORIENTED_EDGE('',*,*,#5650,.F.);
#2448=ORIENTED_EDGE('',*,*,#5651,.F.);
#2449=ORIENTED_EDGE('',*,*,#5650,.T.);
#2450=ORIENTED_EDGE('',*,*,#5652,.T.);
#2451=ORIENTED_EDGE('',*,*,#5593,.F.);
#2452=ORIENTED_EDGE('',*,*,#5653,.F.);
#2453=ORIENTED_EDGE('',*,*,#5654,.T.);
#2454=ORIENTED_EDGE('',*,*,#5655,.T.);
#2455=ORIENTED_EDGE('',*,*,#5656,.T.);
#2456=ORIENTED_EDGE('',*,*,#5657,.F.);
#2457=ORIENTED_EDGE('',*,*,#5587,.F.);
#2458=ORIENTED_EDGE('',*,*,#5658,.F.);
#2459=ORIENTED_EDGE('',*,*,#5589,.F.);
#2460=ORIENTED_EDGE('',*,*,#5659,.F.);
#2461=ORIENTED_EDGE('',*,*,#5634,.F.);
#2462=ORIENTED_EDGE('',*,*,#5660,.F.);
#2463=ORIENTED_EDGE('',*,*,#5585,.F.);
#2464=ORIENTED_EDGE('',*,*,#5661,.F.);
#2465=ORIENTED_EDGE('',*,*,#5662,.T.);
#2466=ORIENTED_EDGE('',*,*,#5663,.F.);
#2467=ORIENTED_EDGE('',*,*,#5626,.F.);
#2468=ORIENTED_EDGE('',*,*,#5664,.F.);
#2469=ORIENTED_EDGE('',*,*,#5624,.F.);
#2470=ORIENTED_EDGE('',*,*,#5665,.F.);
#2471=ORIENTED_EDGE('',*,*,#5666,.T.);
#2472=ORIENTED_EDGE('',*,*,#5667,.F.);
#2473=ORIENTED_EDGE('',*,*,#5579,.F.);
#2474=ORIENTED_EDGE('',*,*,#5668,.F.);
#2475=ORIENTED_EDGE('',*,*,#5581,.F.);
#2476=ORIENTED_EDGE('',*,*,#5669,.F.);
#2477=ORIENTED_EDGE('',*,*,#5583,.F.);
#2478=ORIENTED_EDGE('',*,*,#5670,.F.);
#2479=ORIENTED_EDGE('',*,*,#5609,.F.);
#2480=ORIENTED_EDGE('',*,*,#5671,.F.);
#2481=ORIENTED_EDGE('',*,*,#5611,.F.);
#2482=ORIENTED_EDGE('',*,*,#5672,.F.);
#2483=ORIENTED_EDGE('',*,*,#5616,.F.);
#2484=ORIENTED_EDGE('',*,*,#5613,.F.);
#2485=ORIENTED_EDGE('',*,*,#5673,.F.);
#2486=ORIENTED_EDGE('',*,*,#5607,.F.);
#2487=ORIENTED_EDGE('',*,*,#5674,.F.);
#2488=ORIENTED_EDGE('',*,*,#5654,.F.);
#2489=ORIENTED_EDGE('',*,*,#5675,.F.);
#2490=ORIENTED_EDGE('',*,*,#5676,.T.);
#2491=ORIENTED_EDGE('',*,*,#5677,.F.);
#2492=ORIENTED_EDGE('',*,*,#5640,.F.);
#2493=ORIENTED_EDGE('',*,*,#5678,.F.);
#2494=ORIENTED_EDGE('',*,*,#5638,.F.);
#2495=ORIENTED_EDGE('',*,*,#5679,.F.);
#2496=ORIENTED_EDGE('',*,*,#5644,.F.);
#2497=ORIENTED_EDGE('',*,*,#5680,.F.);
#2498=ORIENTED_EDGE('',*,*,#5642,.F.);
#2499=ORIENTED_EDGE('',*,*,#5681,.F.);
#2500=ORIENTED_EDGE('',*,*,#5682,.F.);
#2501=ORIENTED_EDGE('',*,*,#5646,.F.);
#2502=ORIENTED_EDGE('',*,*,#5683,.F.);
#2503=ORIENTED_EDGE('',*,*,#5648,.F.);
#2504=ORIENTED_EDGE('',*,*,#5684,.F.);
#2505=ORIENTED_EDGE('',*,*,#5656,.F.);
#2506=ORIENTED_EDGE('',*,*,#5685,.F.);
#2507=ORIENTED_EDGE('',*,*,#5601,.F.);
#2508=ORIENTED_EDGE('',*,*,#5686,.F.);
#2509=ORIENTED_EDGE('',*,*,#5599,.F.);
#2510=ORIENTED_EDGE('',*,*,#5687,.F.);
#2511=ORIENTED_EDGE('',*,*,#5676,.F.);
#2512=ORIENTED_EDGE('',*,*,#5688,.F.);
#2513=ORIENTED_EDGE('',*,*,#5591,.F.);
#2514=ORIENTED_EDGE('',*,*,#5689,.F.);
#2515=ORIENTED_EDGE('',*,*,#5636,.F.);
#2516=ORIENTED_EDGE('',*,*,#5690,.F.);
#2517=ORIENTED_EDGE('',*,*,#5691,.F.);
#2518=ORIENTED_EDGE('',*,*,#5692,.F.);
#2519=ORIENTED_EDGE('',*,*,#5597,.F.);
#2520=ORIENTED_EDGE('',*,*,#5693,.F.);
#2521=ORIENTED_EDGE('',*,*,#5595,.F.);
#2522=ORIENTED_EDGE('',*,*,#5694,.F.);
#2523=ORIENTED_EDGE('',*,*,#5695,.F.);
#2524=ORIENTED_EDGE('',*,*,#5696,.F.);
#2525=ORIENTED_EDGE('',*,*,#5697,.T.);
#2526=ORIENTED_EDGE('',*,*,#5698,.T.);
#2527=ORIENTED_EDGE('',*,*,#5699,.T.);
#2528=ORIENTED_EDGE('',*,*,#5700,.T.);
#2529=ORIENTED_EDGE('',*,*,#5701,.T.);
#2530=ORIENTED_EDGE('',*,*,#5555,.T.);
#2531=ORIENTED_EDGE('',*,*,#5702,.F.);
#2532=ORIENTED_EDGE('',*,*,#5559,.T.);
#2533=ORIENTED_EDGE('',*,*,#5703,.T.);
#2534=ORIENTED_EDGE('',*,*,#5704,.T.);
#2535=ORIENTED_EDGE('',*,*,#5561,.T.);
#2536=ORIENTED_EDGE('',*,*,#5705,.F.);
#2537=ORIENTED_EDGE('',*,*,#5565,.T.);
#2538=ORIENTED_EDGE('',*,*,#5706,.T.);
#2539=ORIENTED_EDGE('',*,*,#5567,.T.);
#2540=ORIENTED_EDGE('',*,*,#5707,.F.);
#2541=ORIENTED_EDGE('',*,*,#5571,.T.);
#2542=ORIENTED_EDGE('',*,*,#5708,.T.);
#2543=ORIENTED_EDGE('',*,*,#5709,.T.);
#2544=ORIENTED_EDGE('',*,*,#5710,.T.);
#2545=ORIENTED_EDGE('',*,*,#5711,.T.);
#2546=ORIENTED_EDGE('',*,*,#5712,.T.);
#2547=ORIENTED_EDGE('',*,*,#5713,.F.);
#2548=ORIENTED_EDGE('',*,*,#5714,.T.);
#2549=ORIENTED_EDGE('',*,*,#5715,.F.);
#2550=ORIENTED_EDGE('',*,*,#5716,.F.);
#2551=ORIENTED_EDGE('',*,*,#5717,.T.);
#2552=ORIENTED_EDGE('',*,*,#5718,.T.);
#2553=ORIENTED_EDGE('',*,*,#5719,.T.);
#2554=ORIENTED_EDGE('',*,*,#5720,.T.);
#2555=ORIENTED_EDGE('',*,*,#5721,.T.);
#2556=ORIENTED_EDGE('',*,*,#5722,.T.);
#2557=ORIENTED_EDGE('',*,*,#5723,.T.);
#2558=ORIENTED_EDGE('',*,*,#5724,.T.);
#2559=ORIENTED_EDGE('',*,*,#5725,.F.);
#2560=ORIENTED_EDGE('',*,*,#5726,.T.);
#2561=ORIENTED_EDGE('',*,*,#5727,.F.);
#2562=ORIENTED_EDGE('',*,*,#5728,.T.);
#2563=ORIENTED_EDGE('',*,*,#5729,.F.);
#2564=ORIENTED_EDGE('',*,*,#5730,.F.);
#2565=ORIENTED_EDGE('',*,*,#5731,.F.);
#2566=ORIENTED_EDGE('',*,*,#5732,.F.);
#2567=ORIENTED_EDGE('',*,*,#5733,.F.);
#2568=ORIENTED_EDGE('',*,*,#5734,.T.);
#2569=ORIENTED_EDGE('',*,*,#5735,.F.);
#2570=ORIENTED_EDGE('',*,*,#5736,.T.);
#2571=ORIENTED_EDGE('',*,*,#5737,.F.);
#2572=ORIENTED_EDGE('',*,*,#5738,.F.);
#2573=ORIENTED_EDGE('',*,*,#5739,.F.);
#2574=ORIENTED_EDGE('',*,*,#5740,.F.);
#2575=ORIENTED_EDGE('',*,*,#5741,.F.);
#2576=ORIENTED_EDGE('',*,*,#5742,.T.);
#2577=ORIENTED_EDGE('',*,*,#5743,.F.);
#2578=ORIENTED_EDGE('',*,*,#5744,.T.);
#2579=ORIENTED_EDGE('',*,*,#5745,.F.);
#2580=ORIENTED_EDGE('',*,*,#5746,.F.);
#2581=ORIENTED_EDGE('',*,*,#5747,.F.);
#2582=ORIENTED_EDGE('',*,*,#5748,.F.);
#2583=ORIENTED_EDGE('',*,*,#5749,.F.);
#2584=ORIENTED_EDGE('',*,*,#5750,.T.);
#2585=ORIENTED_EDGE('',*,*,#5751,.F.);
#2586=ORIENTED_EDGE('',*,*,#5752,.T.);
#2587=ORIENTED_EDGE('',*,*,#5753,.F.);
#2588=ORIENTED_EDGE('',*,*,#5754,.F.);
#2589=ORIENTED_EDGE('',*,*,#5755,.F.);
#2590=ORIENTED_EDGE('',*,*,#5756,.F.);
#2591=ORIENTED_EDGE('',*,*,#5757,.F.);
#2592=ORIENTED_EDGE('',*,*,#5758,.T.);
#2593=ORIENTED_EDGE('',*,*,#5759,.F.);
#2594=ORIENTED_EDGE('',*,*,#5760,.T.);
#2595=ORIENTED_EDGE('',*,*,#5761,.F.);
#2596=ORIENTED_EDGE('',*,*,#5762,.F.);
#2597=ORIENTED_EDGE('',*,*,#5763,.F.);
#2598=ORIENTED_EDGE('',*,*,#5764,.F.);
#2599=ORIENTED_EDGE('',*,*,#5765,.F.);
#2600=ORIENTED_EDGE('',*,*,#5766,.T.);
#2601=ORIENTED_EDGE('',*,*,#5767,.F.);
#2602=ORIENTED_EDGE('',*,*,#5768,.T.);
#2603=ORIENTED_EDGE('',*,*,#5769,.F.);
#2604=ORIENTED_EDGE('',*,*,#5770,.F.);
#2605=ORIENTED_EDGE('',*,*,#5771,.F.);
#2606=ORIENTED_EDGE('',*,*,#5772,.F.);
#2607=ORIENTED_EDGE('',*,*,#5773,.F.);
#2608=ORIENTED_EDGE('',*,*,#5774,.T.);
#2609=ORIENTED_EDGE('',*,*,#5775,.F.);
#2610=ORIENTED_EDGE('',*,*,#5776,.T.);
#2611=ORIENTED_EDGE('',*,*,#5777,.F.);
#2612=ORIENTED_EDGE('',*,*,#5778,.F.);
#2613=ORIENTED_EDGE('',*,*,#5779,.F.);
#2614=ORIENTED_EDGE('',*,*,#5780,.F.);
#2615=ORIENTED_EDGE('',*,*,#5781,.F.);
#2616=ORIENTED_EDGE('',*,*,#5782,.T.);
#2617=ORIENTED_EDGE('',*,*,#5783,.F.);
#2618=ORIENTED_EDGE('',*,*,#5784,.T.);
#2619=ORIENTED_EDGE('',*,*,#5785,.F.);
#2620=ORIENTED_EDGE('',*,*,#5786,.F.);
#2621=ORIENTED_EDGE('',*,*,#5787,.F.);
#2622=ORIENTED_EDGE('',*,*,#5788,.F.);
#2623=ORIENTED_EDGE('',*,*,#5789,.F.);
#2624=ORIENTED_EDGE('',*,*,#5790,.T.);
#2625=ORIENTED_EDGE('',*,*,#5791,.F.);
#2626=ORIENTED_EDGE('',*,*,#5792,.T.);
#2627=ORIENTED_EDGE('',*,*,#5793,.F.);
#2628=ORIENTED_EDGE('',*,*,#5794,.F.);
#2629=ORIENTED_EDGE('',*,*,#5795,.F.);
#2630=ORIENTED_EDGE('',*,*,#5796,.F.);
#2631=ORIENTED_EDGE('',*,*,#5797,.F.);
#2632=ORIENTED_EDGE('',*,*,#5798,.T.);
#2633=ORIENTED_EDGE('',*,*,#5799,.F.);
#2634=ORIENTED_EDGE('',*,*,#5800,.T.);
#2635=ORIENTED_EDGE('',*,*,#5801,.F.);
#2636=ORIENTED_EDGE('',*,*,#5802,.F.);
#2637=ORIENTED_EDGE('',*,*,#5803,.F.);
#2638=ORIENTED_EDGE('',*,*,#5804,.F.);
#2639=ORIENTED_EDGE('',*,*,#5805,.F.);
#2640=ORIENTED_EDGE('',*,*,#5806,.T.);
#2641=ORIENTED_EDGE('',*,*,#5807,.F.);
#2642=ORIENTED_EDGE('',*,*,#5808,.T.);
#2643=ORIENTED_EDGE('',*,*,#5809,.F.);
#2644=ORIENTED_EDGE('',*,*,#5810,.F.);
#2645=ORIENTED_EDGE('',*,*,#5811,.F.);
#2646=ORIENTED_EDGE('',*,*,#5812,.F.);
#2647=ORIENTED_EDGE('',*,*,#5813,.F.);
#2648=ORIENTED_EDGE('',*,*,#5814,.T.);
#2649=ORIENTED_EDGE('',*,*,#5815,.F.);
#2650=ORIENTED_EDGE('',*,*,#5816,.T.);
#2651=ORIENTED_EDGE('',*,*,#5817,.F.);
#2652=ORIENTED_EDGE('',*,*,#5818,.F.);
#2653=ORIENTED_EDGE('',*,*,#5819,.F.);
#2654=ORIENTED_EDGE('',*,*,#5820,.F.);
#2655=ORIENTED_EDGE('',*,*,#5821,.F.);
#2656=ORIENTED_EDGE('',*,*,#5822,.T.);
#2657=ORIENTED_EDGE('',*,*,#5823,.F.);
#2658=ORIENTED_EDGE('',*,*,#5824,.T.);
#2659=ORIENTED_EDGE('',*,*,#5825,.F.);
#2660=ORIENTED_EDGE('',*,*,#5826,.F.);
#2661=ORIENTED_EDGE('',*,*,#5827,.F.);
#2662=ORIENTED_EDGE('',*,*,#5828,.F.);
#2663=ORIENTED_EDGE('',*,*,#5829,.F.);
#2664=ORIENTED_EDGE('',*,*,#5830,.T.);
#2665=ORIENTED_EDGE('',*,*,#5831,.F.);
#2666=ORIENTED_EDGE('',*,*,#5832,.T.);
#2667=ORIENTED_EDGE('',*,*,#5833,.F.);
#2668=ORIENTED_EDGE('',*,*,#5834,.F.);
#2669=ORIENTED_EDGE('',*,*,#5835,.F.);
#2670=ORIENTED_EDGE('',*,*,#5836,.F.);
#2671=ORIENTED_EDGE('',*,*,#5837,.F.);
#2672=ORIENTED_EDGE('',*,*,#5838,.T.);
#2673=ORIENTED_EDGE('',*,*,#5839,.F.);
#2674=ORIENTED_EDGE('',*,*,#5840,.T.);
#2675=ORIENTED_EDGE('',*,*,#5841,.F.);
#2676=ORIENTED_EDGE('',*,*,#5842,.F.);
#2677=ORIENTED_EDGE('',*,*,#5843,.F.);
#2678=ORIENTED_EDGE('',*,*,#5844,.F.);
#2679=ORIENTED_EDGE('',*,*,#5845,.F.);
#2680=ORIENTED_EDGE('',*,*,#5846,.T.);
#2681=ORIENTED_EDGE('',*,*,#5847,.F.);
#2682=ORIENTED_EDGE('',*,*,#5848,.T.);
#2683=ORIENTED_EDGE('',*,*,#5849,.F.);
#2684=ORIENTED_EDGE('',*,*,#5850,.F.);
#2685=ORIENTED_EDGE('',*,*,#5851,.F.);
#2686=ORIENTED_EDGE('',*,*,#5852,.F.);
#2687=ORIENTED_EDGE('',*,*,#5853,.F.);
#2688=ORIENTED_EDGE('',*,*,#5854,.T.);
#2689=ORIENTED_EDGE('',*,*,#5855,.T.);
#2690=ORIENTED_EDGE('',*,*,#5856,.F.);
#2691=ORIENTED_EDGE('',*,*,#5857,.T.);
#2692=ORIENTED_EDGE('',*,*,#5858,.T.);
#2693=ORIENTED_EDGE('',*,*,#5859,.T.);
#2694=ORIENTED_EDGE('',*,*,#5860,.F.);
#2695=ORIENTED_EDGE('',*,*,#5861,.F.);
#2696=ORIENTED_EDGE('',*,*,#5862,.F.);
#2697=ORIENTED_EDGE('',*,*,#5863,.F.);
#2698=ORIENTED_EDGE('',*,*,#5864,.F.);
#2699=ORIENTED_EDGE('',*,*,#5865,.F.);
#2700=ORIENTED_EDGE('',*,*,#5866,.F.);
#2701=ORIENTED_EDGE('',*,*,#5867,.T.);
#2702=ORIENTED_EDGE('',*,*,#5868,.T.);
#2703=ORIENTED_EDGE('',*,*,#5869,.T.);
#2704=ORIENTED_EDGE('',*,*,#5870,.F.);
#2705=ORIENTED_EDGE('',*,*,#5605,.F.);
#2706=ORIENTED_EDGE('',*,*,#5602,.F.);
#2707=ORIENTED_EDGE('',*,*,#5685,.T.);
#2708=ORIENTED_EDGE('',*,*,#5655,.F.);
#2709=ORIENTED_EDGE('',*,*,#5677,.T.);
#2710=ORIENTED_EDGE('',*,*,#5687,.T.);
#2711=ORIENTED_EDGE('',*,*,#5598,.F.);
#2712=ORIENTED_EDGE('',*,*,#5692,.T.);
#2713=ORIENTED_EDGE('',*,*,#5871,.T.);
#2714=ORIENTED_EDGE('',*,*,#5694,.T.);
#2715=ORIENTED_EDGE('',*,*,#5594,.F.);
#2716=ORIENTED_EDGE('',*,*,#5652,.F.);
#2717=ORIENTED_EDGE('',*,*,#5649,.F.);
#2718=ORIENTED_EDGE('',*,*,#5683,.T.);
#2719=ORIENTED_EDGE('',*,*,#5645,.F.);
#2720=ORIENTED_EDGE('',*,*,#5681,.T.);
#2721=ORIENTED_EDGE('',*,*,#5641,.F.);
#2722=ORIENTED_EDGE('',*,*,#5679,.T.);
#2723=ORIENTED_EDGE('',*,*,#5637,.F.);
#2724=ORIENTED_EDGE('',*,*,#5689,.T.);
#2725=ORIENTED_EDGE('',*,*,#5590,.F.);
#2726=ORIENTED_EDGE('',*,*,#5658,.T.);
#2727=ORIENTED_EDGE('',*,*,#5586,.F.);
#2728=ORIENTED_EDGE('',*,*,#5660,.T.);
#2729=ORIENTED_EDGE('',*,*,#5633,.F.);
#2730=ORIENTED_EDGE('',*,*,#5630,.F.);
#2731=ORIENTED_EDGE('',*,*,#5627,.F.);
#2732=ORIENTED_EDGE('',*,*,#5663,.T.);
#2733=ORIENTED_EDGE('',*,*,#5872,.T.);
#2734=ORIENTED_EDGE('',*,*,#5665,.T.);
#2735=ORIENTED_EDGE('',*,*,#5623,.F.);
#2736=ORIENTED_EDGE('',*,*,#5620,.F.);
#2737=ORIENTED_EDGE('',*,*,#5617,.F.);
#2738=ORIENTED_EDGE('',*,*,#5672,.T.);
#2739=ORIENTED_EDGE('',*,*,#5614,.T.);
#2740=ORIENTED_EDGE('',*,*,#5674,.T.);
#2741=ORIENTED_EDGE('',*,*,#5610,.T.);
#2742=ORIENTED_EDGE('',*,*,#5670,.T.);
#2743=ORIENTED_EDGE('',*,*,#5582,.F.);
#2744=ORIENTED_EDGE('',*,*,#5668,.T.);
#2745=ORIENTED_EDGE('',*,*,#5578,.F.);
#2746=ORIENTED_EDGE('',*,*,#5873,.T.);
#2747=ORIENTED_EDGE('',*,*,#5874,.T.);
#2748=ORIENTED_EDGE('',*,*,#5875,.T.);
#2749=ORIENTED_EDGE('',*,*,#5876,.T.);
#2750=ORIENTED_EDGE('',*,*,#5877,.T.);
#2751=ORIENTED_EDGE('',*,*,#5878,.T.);
#2752=ORIENTED_EDGE('',*,*,#5879,.T.);
#2753=ORIENTED_EDGE('',*,*,#5880,.T.);
#2754=ORIENTED_EDGE('',*,*,#5881,.T.);
#2755=ORIENTED_EDGE('',*,*,#5882,.T.);
#2756=ORIENTED_EDGE('',*,*,#5883,.T.);
#2757=ORIENTED_EDGE('',*,*,#5884,.T.);
#2758=ORIENTED_EDGE('',*,*,#5538,.T.);
#2759=ORIENTED_EDGE('',*,*,#5885,.T.);
#2760=ORIENTED_EDGE('',*,*,#5886,.T.);
#2761=ORIENTED_EDGE('',*,*,#5887,.T.);
#2762=ORIENTED_EDGE('',*,*,#5542,.T.);
#2763=ORIENTED_EDGE('',*,*,#5888,.T.);
#2764=ORIENTED_EDGE('',*,*,#5889,.T.);
#2765=ORIENTED_EDGE('',*,*,#5890,.T.);
#2766=ORIENTED_EDGE('',*,*,#5891,.T.);
#2767=ORIENTED_EDGE('',*,*,#5892,.T.);
#2768=ORIENTED_EDGE('',*,*,#5546,.T.);
#2769=ORIENTED_EDGE('',*,*,#5893,.T.);
#2770=ORIENTED_EDGE('',*,*,#5894,.T.);
#2771=ORIENTED_EDGE('',*,*,#5895,.T.);
#2772=ORIENTED_EDGE('',*,*,#5896,.T.);
#2773=ORIENTED_EDGE('',*,*,#5869,.F.);
#2774=ORIENTED_EDGE('',*,*,#5897,.T.);
#2775=ORIENTED_EDGE('',*,*,#5898,.T.);
#2776=ORIENTED_EDGE('',*,*,#5899,.F.);
#2777=ORIENTED_EDGE('',*,*,#5898,.F.);
#2778=ORIENTED_EDGE('',*,*,#5900,.T.);
#2779=ORIENTED_EDGE('',*,*,#5901,.F.);
#2780=ORIENTED_EDGE('',*,*,#5902,.F.);
#2781=ORIENTED_EDGE('',*,*,#5903,.F.);
#2782=ORIENTED_EDGE('',*,*,#5904,.F.);
#2783=ORIENTED_EDGE('',*,*,#5905,.F.);
#2784=ORIENTED_EDGE('',*,*,#5548,.F.);
#2785=ORIENTED_EDGE('',*,*,#5906,.T.);
#2786=ORIENTED_EDGE('',*,*,#5907,.F.);
#2787=ORIENTED_EDGE('',*,*,#5908,.F.);
#2788=ORIENTED_EDGE('',*,*,#5909,.F.);
#2789=ORIENTED_EDGE('',*,*,#5910,.F.);
#2790=ORIENTED_EDGE('',*,*,#5544,.F.);
#2791=ORIENTED_EDGE('',*,*,#5911,.T.);
#2792=ORIENTED_EDGE('',*,*,#5912,.F.);
#2793=ORIENTED_EDGE('',*,*,#5913,.F.);
#2794=ORIENTED_EDGE('',*,*,#5540,.F.);
#2795=ORIENTED_EDGE('',*,*,#5914,.T.);
#2796=ORIENTED_EDGE('',*,*,#5915,.F.);
#2797=ORIENTED_EDGE('',*,*,#5916,.F.);
#2798=ORIENTED_EDGE('',*,*,#5917,.F.);
#2799=ORIENTED_EDGE('',*,*,#5918,.F.);
#2800=ORIENTED_EDGE('',*,*,#5919,.F.);
#2801=ORIENTED_EDGE('',*,*,#5920,.F.);
#2802=ORIENTED_EDGE('',*,*,#5921,.F.);
#2803=ORIENTED_EDGE('',*,*,#5922,.F.);
#2804=ORIENTED_EDGE('',*,*,#5923,.T.);
#2805=ORIENTED_EDGE('',*,*,#5924,.F.);
#2806=ORIENTED_EDGE('',*,*,#5925,.T.);
#2807=ORIENTED_EDGE('',*,*,#5860,.T.);
#2808=ORIENTED_EDGE('',*,*,#5926,.T.);
#2809=ORIENTED_EDGE('',*,*,#5927,.T.);
#2810=ORIENTED_EDGE('',*,*,#5928,.T.);
#2811=ORIENTED_EDGE('',*,*,#5929,.T.);
#2812=ORIENTED_EDGE('',*,*,#5930,.T.);
#2813=ORIENTED_EDGE('',*,*,#5931,.T.);
#2814=ORIENTED_EDGE('',*,*,#5932,.T.);
#2815=ORIENTED_EDGE('',*,*,#5933,.T.);
#2816=ORIENTED_EDGE('',*,*,#5934,.T.);
#2817=ORIENTED_EDGE('',*,*,#5935,.T.);
#2818=ORIENTED_EDGE('',*,*,#5936,.T.);
#2819=ORIENTED_EDGE('',*,*,#5937,.T.);
#2820=ORIENTED_EDGE('',*,*,#5938,.T.);
#2821=ORIENTED_EDGE('',*,*,#5939,.T.);
#2822=ORIENTED_EDGE('',*,*,#5940,.T.);
#2823=ORIENTED_EDGE('',*,*,#5941,.T.);
#2824=ORIENTED_EDGE('',*,*,#5942,.T.);
#2825=ORIENTED_EDGE('',*,*,#5943,.T.);
#2826=ORIENTED_EDGE('',*,*,#5944,.T.);
#2827=ORIENTED_EDGE('',*,*,#5945,.F.);
#2828=ORIENTED_EDGE('',*,*,#5723,.F.);
#2829=ORIENTED_EDGE('',*,*,#5862,.T.);
#2830=ORIENTED_EDGE('',*,*,#5722,.F.);
#2831=ORIENTED_EDGE('',*,*,#5863,.T.);
#2832=ORIENTED_EDGE('',*,*,#5721,.F.);
#2833=ORIENTED_EDGE('',*,*,#5864,.T.);
#2834=ORIENTED_EDGE('',*,*,#5720,.F.);
#2835=ORIENTED_EDGE('',*,*,#5865,.T.);
#2836=ORIENTED_EDGE('',*,*,#5719,.F.);
#2837=ORIENTED_EDGE('',*,*,#5866,.T.);
#2838=ORIENTED_EDGE('',*,*,#5724,.F.);
#2839=ORIENTED_EDGE('',*,*,#5861,.T.);
#2840=ORIENTED_EDGE('',*,*,#5876,.F.);
#2841=ORIENTED_EDGE('',*,*,#5946,.T.);
#2842=ORIENTED_EDGE('',*,*,#5922,.T.);
#2843=ORIENTED_EDGE('',*,*,#5947,.F.);
#2844=ORIENTED_EDGE('',*,*,#5948,.F.);
#2845=ORIENTED_EDGE('',*,*,#5877,.F.);
#2846=ORIENTED_EDGE('',*,*,#5947,.T.);
#2847=ORIENTED_EDGE('',*,*,#5921,.T.);
#2848=ORIENTED_EDGE('',*,*,#5949,.F.);
#2849=ORIENTED_EDGE('',*,*,#5878,.F.);
#2850=ORIENTED_EDGE('',*,*,#5948,.T.);
#2851=ORIENTED_EDGE('',*,*,#5920,.T.);
#2852=ORIENTED_EDGE('',*,*,#5950,.F.);
#2853=ORIENTED_EDGE('',*,*,#5880,.F.);
#2854=ORIENTED_EDGE('',*,*,#5951,.T.);
#2855=ORIENTED_EDGE('',*,*,#5918,.T.);
#2856=ORIENTED_EDGE('',*,*,#5952,.F.);
#2857=ORIENTED_EDGE('',*,*,#5881,.F.);
#2858=ORIENTED_EDGE('',*,*,#5950,.T.);
#2859=ORIENTED_EDGE('',*,*,#5917,.T.);
#2860=ORIENTED_EDGE('',*,*,#5953,.F.);
#2861=ORIENTED_EDGE('',*,*,#5882,.F.);
#2862=ORIENTED_EDGE('',*,*,#5952,.T.);
#2863=ORIENTED_EDGE('',*,*,#5916,.T.);
#2864=ORIENTED_EDGE('',*,*,#5954,.F.);
#2865=ORIENTED_EDGE('',*,*,#5888,.F.);
#2866=ORIENTED_EDGE('',*,*,#5545,.T.);
#2867=ORIENTED_EDGE('',*,*,#5910,.T.);
#2868=ORIENTED_EDGE('',*,*,#5955,.F.);
#2869=ORIENTED_EDGE('',*,*,#5889,.F.);
#2870=ORIENTED_EDGE('',*,*,#5954,.T.);
#2871=ORIENTED_EDGE('',*,*,#5909,.T.);
#2872=ORIENTED_EDGE('',*,*,#5956,.F.);
#2873=ORIENTED_EDGE('',*,*,#5890,.F.);
#2874=ORIENTED_EDGE('',*,*,#5955,.T.);
#2875=ORIENTED_EDGE('',*,*,#5908,.T.);
#2876=ORIENTED_EDGE('',*,*,#5924,.T.);
#2877=ORIENTED_EDGE('',*,*,#5957,.T.);
#2878=ORIENTED_EDGE('',*,*,#5874,.F.);
#2879=ORIENTED_EDGE('',*,*,#5958,.T.);
#2880=ORIENTED_EDGE('',*,*,#5879,.F.);
#2881=ORIENTED_EDGE('',*,*,#5949,.T.);
#2882=ORIENTED_EDGE('',*,*,#5919,.T.);
#2883=ORIENTED_EDGE('',*,*,#5951,.F.);
#2884=ORIENTED_EDGE('',*,*,#5915,.T.);
#2885=ORIENTED_EDGE('',*,*,#5959,.T.);
#2886=ORIENTED_EDGE('',*,*,#5883,.F.);
#2887=ORIENTED_EDGE('',*,*,#5953,.T.);
#2888=ORIENTED_EDGE('',*,*,#5885,.F.);
#2889=ORIENTED_EDGE('',*,*,#5541,.T.);
#2890=ORIENTED_EDGE('',*,*,#5913,.T.);
#2891=ORIENTED_EDGE('',*,*,#5960,.F.);
#2892=ORIENTED_EDGE('',*,*,#5912,.T.);
#2893=ORIENTED_EDGE('',*,*,#5961,.T.);
#2894=ORIENTED_EDGE('',*,*,#5886,.F.);
#2895=ORIENTED_EDGE('',*,*,#5960,.T.);
#2896=ORIENTED_EDGE('',*,*,#5907,.T.);
#2897=ORIENTED_EDGE('',*,*,#5962,.T.);
#2898=ORIENTED_EDGE('',*,*,#5891,.F.);
#2899=ORIENTED_EDGE('',*,*,#5956,.T.);
#2900=ORIENTED_EDGE('',*,*,#5893,.F.);
#2901=ORIENTED_EDGE('',*,*,#5549,.T.);
#2902=ORIENTED_EDGE('',*,*,#5905,.T.);
#2903=ORIENTED_EDGE('',*,*,#5963,.F.);
#2904=ORIENTED_EDGE('',*,*,#5894,.F.);
#2905=ORIENTED_EDGE('',*,*,#5963,.T.);
#2906=ORIENTED_EDGE('',*,*,#5904,.T.);
#2907=ORIENTED_EDGE('',*,*,#5964,.F.);
#2908=ORIENTED_EDGE('',*,*,#5895,.F.);
#2909=ORIENTED_EDGE('',*,*,#5964,.T.);
#2910=ORIENTED_EDGE('',*,*,#5903,.T.);
#2911=ORIENTED_EDGE('',*,*,#5965,.F.);
#2912=ORIENTED_EDGE('',*,*,#5896,.F.);
#2913=ORIENTED_EDGE('',*,*,#5965,.T.);
#2914=ORIENTED_EDGE('',*,*,#5902,.T.);
#2915=ORIENTED_EDGE('',*,*,#5966,.F.);
#2916=ORIENTED_EDGE('',*,*,#5901,.T.);
#2917=ORIENTED_EDGE('',*,*,#5967,.T.);
#2918=ORIENTED_EDGE('',*,*,#5867,.F.);
#2919=ORIENTED_EDGE('',*,*,#5966,.T.);
#2920=ORIENTED_EDGE('',*,*,#5968,.F.);
#2921=ORIENTED_EDGE('',*,*,#5969,.T.);
#2922=ORIENTED_EDGE('',*,*,#5970,.T.);
#2923=ORIENTED_EDGE('',*,*,#5931,.F.);
#2924=ORIENTED_EDGE('',*,*,#5971,.F.);
#2925=ORIENTED_EDGE('',*,*,#5972,.T.);
#2926=ORIENTED_EDGE('',*,*,#5968,.T.);
#2927=ORIENTED_EDGE('',*,*,#5930,.F.);
#2928=ORIENTED_EDGE('',*,*,#5973,.F.);
#2929=ORIENTED_EDGE('',*,*,#5974,.T.);
#2930=ORIENTED_EDGE('',*,*,#5971,.T.);
#2931=ORIENTED_EDGE('',*,*,#5929,.F.);
#2932=ORIENTED_EDGE('',*,*,#5975,.F.);
#2933=ORIENTED_EDGE('',*,*,#5976,.T.);
#2934=ORIENTED_EDGE('',*,*,#5973,.T.);
#2935=ORIENTED_EDGE('',*,*,#5928,.F.);
#2936=ORIENTED_EDGE('',*,*,#5977,.F.);
#2937=ORIENTED_EDGE('',*,*,#5978,.T.);
#2938=ORIENTED_EDGE('',*,*,#5975,.T.);
#2939=ORIENTED_EDGE('',*,*,#5927,.F.);
#2940=ORIENTED_EDGE('',*,*,#5859,.F.);
#2941=ORIENTED_EDGE('',*,*,#5574,.T.);
#2942=ORIENTED_EDGE('',*,*,#5977,.T.);
#2943=ORIENTED_EDGE('',*,*,#5926,.F.);
#2944=ORIENTED_EDGE('',*,*,#5979,.F.);
#2945=ORIENTED_EDGE('',*,*,#5980,.T.);
#2946=ORIENTED_EDGE('',*,*,#5981,.F.);
#2947=ORIENTED_EDGE('',*,*,#5944,.F.);
#2948=ORIENTED_EDGE('',*,*,#5982,.F.);
#2949=ORIENTED_EDGE('',*,*,#5552,.T.);
#2950=ORIENTED_EDGE('',*,*,#5979,.T.);
#2951=ORIENTED_EDGE('',*,*,#5943,.F.);
#2952=ORIENTED_EDGE('',*,*,#5983,.F.);
#2953=ORIENTED_EDGE('',*,*,#5984,.T.);
#2954=ORIENTED_EDGE('',*,*,#5982,.T.);
#2955=ORIENTED_EDGE('',*,*,#5942,.F.);
#2956=ORIENTED_EDGE('',*,*,#5985,.F.);
#2957=ORIENTED_EDGE('',*,*,#5986,.T.);
#2958=ORIENTED_EDGE('',*,*,#5983,.T.);
#2959=ORIENTED_EDGE('',*,*,#5941,.F.);
#2960=ORIENTED_EDGE('',*,*,#5987,.F.);
#2961=ORIENTED_EDGE('',*,*,#5988,.T.);
#2962=ORIENTED_EDGE('',*,*,#5985,.T.);
#2963=ORIENTED_EDGE('',*,*,#5940,.F.);
#2964=ORIENTED_EDGE('',*,*,#5989,.F.);
#2965=ORIENTED_EDGE('',*,*,#5990,.T.);
#2966=ORIENTED_EDGE('',*,*,#5987,.T.);
#2967=ORIENTED_EDGE('',*,*,#5939,.F.);
#2968=ORIENTED_EDGE('',*,*,#5991,.F.);
#2969=ORIENTED_EDGE('',*,*,#5992,.T.);
#2970=ORIENTED_EDGE('',*,*,#5989,.T.);
#2971=ORIENTED_EDGE('',*,*,#5938,.F.);
#2972=ORIENTED_EDGE('',*,*,#5993,.F.);
#2973=ORIENTED_EDGE('',*,*,#5557,.T.);
#2974=ORIENTED_EDGE('',*,*,#5991,.T.);
#2975=ORIENTED_EDGE('',*,*,#5937,.F.);
#2976=ORIENTED_EDGE('',*,*,#5994,.F.);
#2977=ORIENTED_EDGE('',*,*,#5995,.T.);
#2978=ORIENTED_EDGE('',*,*,#5993,.T.);
#2979=ORIENTED_EDGE('',*,*,#5936,.F.);
#2980=ORIENTED_EDGE('',*,*,#5996,.F.);
#2981=ORIENTED_EDGE('',*,*,#5997,.T.);
#2982=ORIENTED_EDGE('',*,*,#5994,.T.);
#2983=ORIENTED_EDGE('',*,*,#5935,.F.);
#2984=ORIENTED_EDGE('',*,*,#5998,.F.);
#2985=ORIENTED_EDGE('',*,*,#5563,.T.);
#2986=ORIENTED_EDGE('',*,*,#5996,.T.);
#2987=ORIENTED_EDGE('',*,*,#5934,.F.);
#2988=ORIENTED_EDGE('',*,*,#5999,.F.);
#2989=ORIENTED_EDGE('',*,*,#6000,.T.);
#2990=ORIENTED_EDGE('',*,*,#5998,.T.);
#2991=ORIENTED_EDGE('',*,*,#5933,.F.);
#2992=ORIENTED_EDGE('',*,*,#5970,.F.);
#2993=ORIENTED_EDGE('',*,*,#5569,.T.);
#2994=ORIENTED_EDGE('',*,*,#5999,.T.);
#2995=ORIENTED_EDGE('',*,*,#5932,.F.);
#2996=ORIENTED_EDGE('',*,*,#6001,.F.);
#2997=ORIENTED_EDGE('',*,*,#5695,.T.);
#2998=ORIENTED_EDGE('',*,*,#5871,.F.);
#2999=ORIENTED_EDGE('',*,*,#5691,.T.);
#3000=ORIENTED_EDGE('',*,*,#6002,.F.);
#3001=ORIENTED_EDGE('',*,*,#5666,.F.);
#3002=ORIENTED_EDGE('',*,*,#5872,.F.);
#3003=ORIENTED_EDGE('',*,*,#5662,.F.);
#3004=ORIENTED_EDGE('',*,*,#5715,.T.);
#3005=ORIENTED_EDGE('',*,*,#6003,.T.);
#3006=ORIENTED_EDGE('',*,*,#5857,.F.);
#3007=ORIENTED_EDGE('',*,*,#5925,.F.);
#3008=ORIENTED_EDGE('',*,*,#5958,.F.);
#3009=ORIENTED_EDGE('',*,*,#5873,.F.);
#3010=ORIENTED_EDGE('',*,*,#5577,.T.);
#3011=ORIENTED_EDGE('',*,*,#6004,.T.);
#3012=ORIENTED_EDGE('',*,*,#5981,.T.);
#3013=ORIENTED_EDGE('',*,*,#6005,.T.);
#3014=ORIENTED_EDGE('',*,*,#5717,.F.);
#3015=ORIENTED_EDGE('',*,*,#6006,.F.);
#3016=ORIENTED_EDGE('',*,*,#5606,.F.);
#3017=ORIENTED_EDGE('',*,*,#5870,.T.);
#3018=ORIENTED_EDGE('',*,*,#5899,.T.);
#3019=ORIENTED_EDGE('',*,*,#5945,.T.);
#3020=ORIENTED_EDGE('',*,*,#6004,.F.);
#3021=ORIENTED_EDGE('',*,*,#6007,.F.);
#3022=ORIENTED_EDGE('',*,*,#6006,.T.);
#3023=ORIENTED_EDGE('',*,*,#5716,.T.);
#3024=ORIENTED_EDGE('',*,*,#5853,.T.);
#3025=ORIENTED_EDGE('',*,*,#6008,.F.);
#3026=ORIENTED_EDGE('',*,*,#6009,.F.);
#3027=ORIENTED_EDGE('',*,*,#6010,.T.);
#3028=ORIENTED_EDGE('',*,*,#5854,.F.);
#3029=ORIENTED_EDGE('',*,*,#6010,.F.);
#3030=ORIENTED_EDGE('',*,*,#6011,.T.);
#3031=ORIENTED_EDGE('',*,*,#6012,.T.);
#3032=ORIENTED_EDGE('',*,*,#5855,.F.);
#3033=ORIENTED_EDGE('',*,*,#6012,.F.);
#3034=ORIENTED_EDGE('',*,*,#6013,.T.);
#3035=ORIENTED_EDGE('',*,*,#6014,.T.);
#3036=ORIENTED_EDGE('',*,*,#5845,.T.);
#3037=ORIENTED_EDGE('',*,*,#6015,.F.);
#3038=ORIENTED_EDGE('',*,*,#6016,.F.);
#3039=ORIENTED_EDGE('',*,*,#6017,.T.);
#3040=ORIENTED_EDGE('',*,*,#5846,.F.);
#3041=ORIENTED_EDGE('',*,*,#6017,.F.);
#3042=ORIENTED_EDGE('',*,*,#6018,.T.);
#3043=ORIENTED_EDGE('',*,*,#6019,.T.);
#3044=ORIENTED_EDGE('',*,*,#5847,.T.);
#3045=ORIENTED_EDGE('',*,*,#6019,.F.);
#3046=ORIENTED_EDGE('',*,*,#6020,.F.);
#3047=ORIENTED_EDGE('',*,*,#6021,.T.);
#3048=ORIENTED_EDGE('',*,*,#5848,.F.);
#3049=ORIENTED_EDGE('',*,*,#6021,.F.);
#3050=ORIENTED_EDGE('',*,*,#6022,.T.);
#3051=ORIENTED_EDGE('',*,*,#6023,.T.);
#3052=ORIENTED_EDGE('',*,*,#5849,.T.);
#3053=ORIENTED_EDGE('',*,*,#6023,.F.);
#3054=ORIENTED_EDGE('',*,*,#6024,.F.);
#3055=ORIENTED_EDGE('',*,*,#6025,.T.);
#3056=ORIENTED_EDGE('',*,*,#5850,.T.);
#3057=ORIENTED_EDGE('',*,*,#6025,.F.);
#3058=ORIENTED_EDGE('',*,*,#6026,.F.);
#3059=ORIENTED_EDGE('',*,*,#6027,.T.);
#3060=ORIENTED_EDGE('',*,*,#5851,.T.);
#3061=ORIENTED_EDGE('',*,*,#6027,.F.);
#3062=ORIENTED_EDGE('',*,*,#6028,.F.);
#3063=ORIENTED_EDGE('',*,*,#6029,.T.);
#3064=ORIENTED_EDGE('',*,*,#5837,.T.);
#3065=ORIENTED_EDGE('',*,*,#6030,.F.);
#3066=ORIENTED_EDGE('',*,*,#6031,.F.);
#3067=ORIENTED_EDGE('',*,*,#6032,.T.);
#3068=ORIENTED_EDGE('',*,*,#5838,.F.);
#3069=ORIENTED_EDGE('',*,*,#6032,.F.);
#3070=ORIENTED_EDGE('',*,*,#6033,.T.);
#3071=ORIENTED_EDGE('',*,*,#6034,.T.);
#3072=ORIENTED_EDGE('',*,*,#5839,.T.);
#3073=ORIENTED_EDGE('',*,*,#6034,.F.);
#3074=ORIENTED_EDGE('',*,*,#6035,.F.);
#3075=ORIENTED_EDGE('',*,*,#6036,.T.);
#3076=ORIENTED_EDGE('',*,*,#5840,.F.);
#3077=ORIENTED_EDGE('',*,*,#6036,.F.);
#3078=ORIENTED_EDGE('',*,*,#6037,.T.);
#3079=ORIENTED_EDGE('',*,*,#6038,.T.);
#3080=ORIENTED_EDGE('',*,*,#5841,.T.);
#3081=ORIENTED_EDGE('',*,*,#6038,.F.);
#3082=ORIENTED_EDGE('',*,*,#6039,.F.);
#3083=ORIENTED_EDGE('',*,*,#6040,.T.);
#3084=ORIENTED_EDGE('',*,*,#5842,.T.);
#3085=ORIENTED_EDGE('',*,*,#6040,.F.);
#3086=ORIENTED_EDGE('',*,*,#6041,.F.);
#3087=ORIENTED_EDGE('',*,*,#6042,.T.);
#3088=ORIENTED_EDGE('',*,*,#5843,.T.);
#3089=ORIENTED_EDGE('',*,*,#6042,.F.);
#3090=ORIENTED_EDGE('',*,*,#6043,.F.);
#3091=ORIENTED_EDGE('',*,*,#6044,.T.);
#3092=ORIENTED_EDGE('',*,*,#5829,.T.);
#3093=ORIENTED_EDGE('',*,*,#6045,.F.);
#3094=ORIENTED_EDGE('',*,*,#6046,.F.);
#3095=ORIENTED_EDGE('',*,*,#6047,.T.);
#3096=ORIENTED_EDGE('',*,*,#5830,.F.);
#3097=ORIENTED_EDGE('',*,*,#6047,.F.);
#3098=ORIENTED_EDGE('',*,*,#6048,.T.);
#3099=ORIENTED_EDGE('',*,*,#6049,.T.);
#3100=ORIENTED_EDGE('',*,*,#5831,.T.);
#3101=ORIENTED_EDGE('',*,*,#6049,.F.);
#3102=ORIENTED_EDGE('',*,*,#6050,.F.);
#3103=ORIENTED_EDGE('',*,*,#6051,.T.);
#3104=ORIENTED_EDGE('',*,*,#5832,.F.);
#3105=ORIENTED_EDGE('',*,*,#6051,.F.);
#3106=ORIENTED_EDGE('',*,*,#6052,.T.);
#3107=ORIENTED_EDGE('',*,*,#6053,.T.);
#3108=ORIENTED_EDGE('',*,*,#5833,.T.);
#3109=ORIENTED_EDGE('',*,*,#6053,.F.);
#3110=ORIENTED_EDGE('',*,*,#6054,.F.);
#3111=ORIENTED_EDGE('',*,*,#6055,.T.);
#3112=ORIENTED_EDGE('',*,*,#5834,.T.);
#3113=ORIENTED_EDGE('',*,*,#6055,.F.);
#3114=ORIENTED_EDGE('',*,*,#6056,.F.);
#3115=ORIENTED_EDGE('',*,*,#6057,.T.);
#3116=ORIENTED_EDGE('',*,*,#5835,.T.);
#3117=ORIENTED_EDGE('',*,*,#6057,.F.);
#3118=ORIENTED_EDGE('',*,*,#6058,.F.);
#3119=ORIENTED_EDGE('',*,*,#6059,.T.);
#3120=ORIENTED_EDGE('',*,*,#5821,.T.);
#3121=ORIENTED_EDGE('',*,*,#6060,.F.);
#3122=ORIENTED_EDGE('',*,*,#6061,.F.);
#3123=ORIENTED_EDGE('',*,*,#6062,.T.);
#3124=ORIENTED_EDGE('',*,*,#5822,.F.);
#3125=ORIENTED_EDGE('',*,*,#6062,.F.);
#3126=ORIENTED_EDGE('',*,*,#6063,.T.);
#3127=ORIENTED_EDGE('',*,*,#6064,.T.);
#3128=ORIENTED_EDGE('',*,*,#5823,.T.);
#3129=ORIENTED_EDGE('',*,*,#6064,.F.);
#3130=ORIENTED_EDGE('',*,*,#6065,.F.);
#3131=ORIENTED_EDGE('',*,*,#6066,.T.);
#3132=ORIENTED_EDGE('',*,*,#5824,.F.);
#3133=ORIENTED_EDGE('',*,*,#6066,.F.);
#3134=ORIENTED_EDGE('',*,*,#6067,.T.);
#3135=ORIENTED_EDGE('',*,*,#6068,.T.);
#3136=ORIENTED_EDGE('',*,*,#5825,.T.);
#3137=ORIENTED_EDGE('',*,*,#6068,.F.);
#3138=ORIENTED_EDGE('',*,*,#6069,.F.);
#3139=ORIENTED_EDGE('',*,*,#6070,.T.);
#3140=ORIENTED_EDGE('',*,*,#5826,.T.);
#3141=ORIENTED_EDGE('',*,*,#6070,.F.);
#3142=ORIENTED_EDGE('',*,*,#6071,.F.);
#3143=ORIENTED_EDGE('',*,*,#6072,.T.);
#3144=ORIENTED_EDGE('',*,*,#5827,.T.);
#3145=ORIENTED_EDGE('',*,*,#6072,.F.);
#3146=ORIENTED_EDGE('',*,*,#6073,.F.);
#3147=ORIENTED_EDGE('',*,*,#6074,.T.);
#3148=ORIENTED_EDGE('',*,*,#5813,.T.);
#3149=ORIENTED_EDGE('',*,*,#6075,.F.);
#3150=ORIENTED_EDGE('',*,*,#6076,.F.);
#3151=ORIENTED_EDGE('',*,*,#6077,.T.);
#3152=ORIENTED_EDGE('',*,*,#5814,.F.);
#3153=ORIENTED_EDGE('',*,*,#6077,.F.);
#3154=ORIENTED_EDGE('',*,*,#6078,.T.);
#3155=ORIENTED_EDGE('',*,*,#6079,.T.);
#3156=ORIENTED_EDGE('',*,*,#5815,.T.);
#3157=ORIENTED_EDGE('',*,*,#6079,.F.);
#3158=ORIENTED_EDGE('',*,*,#6080,.F.);
#3159=ORIENTED_EDGE('',*,*,#6081,.T.);
#3160=ORIENTED_EDGE('',*,*,#5816,.F.);
#3161=ORIENTED_EDGE('',*,*,#6081,.F.);
#3162=ORIENTED_EDGE('',*,*,#6082,.T.);
#3163=ORIENTED_EDGE('',*,*,#6083,.T.);
#3164=ORIENTED_EDGE('',*,*,#5817,.T.);
#3165=ORIENTED_EDGE('',*,*,#6083,.F.);
#3166=ORIENTED_EDGE('',*,*,#6084,.F.);
#3167=ORIENTED_EDGE('',*,*,#6085,.T.);
#3168=ORIENTED_EDGE('',*,*,#5818,.T.);
#3169=ORIENTED_EDGE('',*,*,#6085,.F.);
#3170=ORIENTED_EDGE('',*,*,#6086,.F.);
#3171=ORIENTED_EDGE('',*,*,#6087,.T.);
#3172=ORIENTED_EDGE('',*,*,#5819,.T.);
#3173=ORIENTED_EDGE('',*,*,#6087,.F.);
#3174=ORIENTED_EDGE('',*,*,#6088,.F.);
#3175=ORIENTED_EDGE('',*,*,#6089,.T.);
#3176=ORIENTED_EDGE('',*,*,#5805,.T.);
#3177=ORIENTED_EDGE('',*,*,#6090,.F.);
#3178=ORIENTED_EDGE('',*,*,#6091,.F.);
#3179=ORIENTED_EDGE('',*,*,#6092,.T.);
#3180=ORIENTED_EDGE('',*,*,#5806,.F.);
#3181=ORIENTED_EDGE('',*,*,#6092,.F.);
#3182=ORIENTED_EDGE('',*,*,#6093,.T.);
#3183=ORIENTED_EDGE('',*,*,#6094,.T.);
#3184=ORIENTED_EDGE('',*,*,#5807,.T.);
#3185=ORIENTED_EDGE('',*,*,#6094,.F.);
#3186=ORIENTED_EDGE('',*,*,#6095,.F.);
#3187=ORIENTED_EDGE('',*,*,#6096,.T.);
#3188=ORIENTED_EDGE('',*,*,#5808,.F.);
#3189=ORIENTED_EDGE('',*,*,#6096,.F.);
#3190=ORIENTED_EDGE('',*,*,#6097,.T.);
#3191=ORIENTED_EDGE('',*,*,#6098,.T.);
#3192=ORIENTED_EDGE('',*,*,#5809,.T.);
#3193=ORIENTED_EDGE('',*,*,#6098,.F.);
#3194=ORIENTED_EDGE('',*,*,#6099,.F.);
#3195=ORIENTED_EDGE('',*,*,#6100,.T.);
#3196=ORIENTED_EDGE('',*,*,#5810,.T.);
#3197=ORIENTED_EDGE('',*,*,#6100,.F.);
#3198=ORIENTED_EDGE('',*,*,#6101,.F.);
#3199=ORIENTED_EDGE('',*,*,#6102,.T.);
#3200=ORIENTED_EDGE('',*,*,#5811,.T.);
#3201=ORIENTED_EDGE('',*,*,#6102,.F.);
#3202=ORIENTED_EDGE('',*,*,#6103,.F.);
#3203=ORIENTED_EDGE('',*,*,#6104,.T.);
#3204=ORIENTED_EDGE('',*,*,#5797,.T.);
#3205=ORIENTED_EDGE('',*,*,#6105,.F.);
#3206=ORIENTED_EDGE('',*,*,#6106,.F.);
#3207=ORIENTED_EDGE('',*,*,#6107,.T.);
#3208=ORIENTED_EDGE('',*,*,#5798,.F.);
#3209=ORIENTED_EDGE('',*,*,#6107,.F.);
#3210=ORIENTED_EDGE('',*,*,#6108,.T.);
#3211=ORIENTED_EDGE('',*,*,#6109,.T.);
#3212=ORIENTED_EDGE('',*,*,#5799,.T.);
#3213=ORIENTED_EDGE('',*,*,#6109,.F.);
#3214=ORIENTED_EDGE('',*,*,#6110,.F.);
#3215=ORIENTED_EDGE('',*,*,#6111,.T.);
#3216=ORIENTED_EDGE('',*,*,#5800,.F.);
#3217=ORIENTED_EDGE('',*,*,#6111,.F.);
#3218=ORIENTED_EDGE('',*,*,#6112,.T.);
#3219=ORIENTED_EDGE('',*,*,#6113,.T.);
#3220=ORIENTED_EDGE('',*,*,#5801,.T.);
#3221=ORIENTED_EDGE('',*,*,#6113,.F.);
#3222=ORIENTED_EDGE('',*,*,#6114,.F.);
#3223=ORIENTED_EDGE('',*,*,#6115,.T.);
#3224=ORIENTED_EDGE('',*,*,#5802,.T.);
#3225=ORIENTED_EDGE('',*,*,#6115,.F.);
#3226=ORIENTED_EDGE('',*,*,#6116,.F.);
#3227=ORIENTED_EDGE('',*,*,#6117,.T.);
#3228=ORIENTED_EDGE('',*,*,#5803,.T.);
#3229=ORIENTED_EDGE('',*,*,#6117,.F.);
#3230=ORIENTED_EDGE('',*,*,#6118,.F.);
#3231=ORIENTED_EDGE('',*,*,#6119,.T.);
#3232=ORIENTED_EDGE('',*,*,#5789,.T.);
#3233=ORIENTED_EDGE('',*,*,#6120,.F.);
#3234=ORIENTED_EDGE('',*,*,#6121,.F.);
#3235=ORIENTED_EDGE('',*,*,#6122,.T.);
#3236=ORIENTED_EDGE('',*,*,#5790,.F.);
#3237=ORIENTED_EDGE('',*,*,#6122,.F.);
#3238=ORIENTED_EDGE('',*,*,#6123,.T.);
#3239=ORIENTED_EDGE('',*,*,#6124,.T.);
#3240=ORIENTED_EDGE('',*,*,#5791,.T.);
#3241=ORIENTED_EDGE('',*,*,#6124,.F.);
#3242=ORIENTED_EDGE('',*,*,#6125,.F.);
#3243=ORIENTED_EDGE('',*,*,#6126,.T.);
#3244=ORIENTED_EDGE('',*,*,#5792,.F.);
#3245=ORIENTED_EDGE('',*,*,#6126,.F.);
#3246=ORIENTED_EDGE('',*,*,#6127,.T.);
#3247=ORIENTED_EDGE('',*,*,#6128,.T.);
#3248=ORIENTED_EDGE('',*,*,#5793,.T.);
#3249=ORIENTED_EDGE('',*,*,#6128,.F.);
#3250=ORIENTED_EDGE('',*,*,#6129,.F.);
#3251=ORIENTED_EDGE('',*,*,#6130,.T.);
#3252=ORIENTED_EDGE('',*,*,#5794,.T.);
#3253=ORIENTED_EDGE('',*,*,#6130,.F.);
#3254=ORIENTED_EDGE('',*,*,#6131,.F.);
#3255=ORIENTED_EDGE('',*,*,#6132,.T.);
#3256=ORIENTED_EDGE('',*,*,#5795,.T.);
#3257=ORIENTED_EDGE('',*,*,#6132,.F.);
#3258=ORIENTED_EDGE('',*,*,#6133,.F.);
#3259=ORIENTED_EDGE('',*,*,#6134,.T.);
#3260=ORIENTED_EDGE('',*,*,#5781,.T.);
#3261=ORIENTED_EDGE('',*,*,#6135,.F.);
#3262=ORIENTED_EDGE('',*,*,#6136,.F.);
#3263=ORIENTED_EDGE('',*,*,#6137,.T.);
#3264=ORIENTED_EDGE('',*,*,#5782,.F.);
#3265=ORIENTED_EDGE('',*,*,#6137,.F.);
#3266=ORIENTED_EDGE('',*,*,#6138,.T.);
#3267=ORIENTED_EDGE('',*,*,#6139,.T.);
#3268=ORIENTED_EDGE('',*,*,#5783,.T.);
#3269=ORIENTED_EDGE('',*,*,#6139,.F.);
#3270=ORIENTED_EDGE('',*,*,#6140,.F.);
#3271=ORIENTED_EDGE('',*,*,#6141,.T.);
#3272=ORIENTED_EDGE('',*,*,#5784,.F.);
#3273=ORIENTED_EDGE('',*,*,#6141,.F.);
#3274=ORIENTED_EDGE('',*,*,#6142,.T.);
#3275=ORIENTED_EDGE('',*,*,#6143,.T.);
#3276=ORIENTED_EDGE('',*,*,#5785,.T.);
#3277=ORIENTED_EDGE('',*,*,#6143,.F.);
#3278=ORIENTED_EDGE('',*,*,#6144,.F.);
#3279=ORIENTED_EDGE('',*,*,#6145,.T.);
#3280=ORIENTED_EDGE('',*,*,#5786,.T.);
#3281=ORIENTED_EDGE('',*,*,#6145,.F.);
#3282=ORIENTED_EDGE('',*,*,#6146,.F.);
#3283=ORIENTED_EDGE('',*,*,#6147,.T.);
#3284=ORIENTED_EDGE('',*,*,#5787,.T.);
#3285=ORIENTED_EDGE('',*,*,#6147,.F.);
#3286=ORIENTED_EDGE('',*,*,#6148,.F.);
#3287=ORIENTED_EDGE('',*,*,#6149,.T.);
#3288=ORIENTED_EDGE('',*,*,#5773,.T.);
#3289=ORIENTED_EDGE('',*,*,#6150,.F.);
#3290=ORIENTED_EDGE('',*,*,#6151,.F.);
#3291=ORIENTED_EDGE('',*,*,#6152,.T.);
#3292=ORIENTED_EDGE('',*,*,#5774,.F.);
#3293=ORIENTED_EDGE('',*,*,#6152,.F.);
#3294=ORIENTED_EDGE('',*,*,#6153,.T.);
#3295=ORIENTED_EDGE('',*,*,#6154,.T.);
#3296=ORIENTED_EDGE('',*,*,#5775,.T.);
#3297=ORIENTED_EDGE('',*,*,#6154,.F.);
#3298=ORIENTED_EDGE('',*,*,#6155,.F.);
#3299=ORIENTED_EDGE('',*,*,#6156,.T.);
#3300=ORIENTED_EDGE('',*,*,#5776,.F.);
#3301=ORIENTED_EDGE('',*,*,#6156,.F.);
#3302=ORIENTED_EDGE('',*,*,#6157,.T.);
#3303=ORIENTED_EDGE('',*,*,#6158,.T.);
#3304=ORIENTED_EDGE('',*,*,#5777,.T.);
#3305=ORIENTED_EDGE('',*,*,#6158,.F.);
#3306=ORIENTED_EDGE('',*,*,#6159,.F.);
#3307=ORIENTED_EDGE('',*,*,#6160,.T.);
#3308=ORIENTED_EDGE('',*,*,#5778,.T.);
#3309=ORIENTED_EDGE('',*,*,#6160,.F.);
#3310=ORIENTED_EDGE('',*,*,#6161,.F.);
#3311=ORIENTED_EDGE('',*,*,#6162,.T.);
#3312=ORIENTED_EDGE('',*,*,#5779,.T.);
#3313=ORIENTED_EDGE('',*,*,#6162,.F.);
#3314=ORIENTED_EDGE('',*,*,#6163,.F.);
#3315=ORIENTED_EDGE('',*,*,#6164,.T.);
#3316=ORIENTED_EDGE('',*,*,#5765,.T.);
#3317=ORIENTED_EDGE('',*,*,#6165,.F.);
#3318=ORIENTED_EDGE('',*,*,#6166,.F.);
#3319=ORIENTED_EDGE('',*,*,#6167,.T.);
#3320=ORIENTED_EDGE('',*,*,#5766,.F.);
#3321=ORIENTED_EDGE('',*,*,#6167,.F.);
#3322=ORIENTED_EDGE('',*,*,#6168,.T.);
#3323=ORIENTED_EDGE('',*,*,#6169,.T.);
#3324=ORIENTED_EDGE('',*,*,#5767,.T.);
#3325=ORIENTED_EDGE('',*,*,#6169,.F.);
#3326=ORIENTED_EDGE('',*,*,#6170,.F.);
#3327=ORIENTED_EDGE('',*,*,#6171,.T.);
#3328=ORIENTED_EDGE('',*,*,#5768,.F.);
#3329=ORIENTED_EDGE('',*,*,#6171,.F.);
#3330=ORIENTED_EDGE('',*,*,#6172,.T.);
#3331=ORIENTED_EDGE('',*,*,#6173,.T.);
#3332=ORIENTED_EDGE('',*,*,#5769,.T.);
#3333=ORIENTED_EDGE('',*,*,#6173,.F.);
#3334=ORIENTED_EDGE('',*,*,#6174,.F.);
#3335=ORIENTED_EDGE('',*,*,#6175,.T.);
#3336=ORIENTED_EDGE('',*,*,#5770,.T.);
#3337=ORIENTED_EDGE('',*,*,#6175,.F.);
#3338=ORIENTED_EDGE('',*,*,#6176,.F.);
#3339=ORIENTED_EDGE('',*,*,#6177,.T.);
#3340=ORIENTED_EDGE('',*,*,#5771,.T.);
#3341=ORIENTED_EDGE('',*,*,#6177,.F.);
#3342=ORIENTED_EDGE('',*,*,#6178,.F.);
#3343=ORIENTED_EDGE('',*,*,#6179,.T.);
#3344=ORIENTED_EDGE('',*,*,#5757,.T.);
#3345=ORIENTED_EDGE('',*,*,#6180,.F.);
#3346=ORIENTED_EDGE('',*,*,#6181,.F.);
#3347=ORIENTED_EDGE('',*,*,#6182,.T.);
#3348=ORIENTED_EDGE('',*,*,#5758,.F.);
#3349=ORIENTED_EDGE('',*,*,#6182,.F.);
#3350=ORIENTED_EDGE('',*,*,#6183,.T.);
#3351=ORIENTED_EDGE('',*,*,#6184,.T.);
#3352=ORIENTED_EDGE('',*,*,#5759,.T.);
#3353=ORIENTED_EDGE('',*,*,#6184,.F.);
#3354=ORIENTED_EDGE('',*,*,#6185,.F.);
#3355=ORIENTED_EDGE('',*,*,#6186,.T.);
#3356=ORIENTED_EDGE('',*,*,#5760,.F.);
#3357=ORIENTED_EDGE('',*,*,#6186,.F.);
#3358=ORIENTED_EDGE('',*,*,#6187,.T.);
#3359=ORIENTED_EDGE('',*,*,#6188,.T.);
#3360=ORIENTED_EDGE('',*,*,#5761,.T.);
#3361=ORIENTED_EDGE('',*,*,#6188,.F.);
#3362=ORIENTED_EDGE('',*,*,#6189,.F.);
#3363=ORIENTED_EDGE('',*,*,#6190,.T.);
#3364=ORIENTED_EDGE('',*,*,#5762,.T.);
#3365=ORIENTED_EDGE('',*,*,#6190,.F.);
#3366=ORIENTED_EDGE('',*,*,#6191,.F.);
#3367=ORIENTED_EDGE('',*,*,#6192,.T.);
#3368=ORIENTED_EDGE('',*,*,#5763,.T.);
#3369=ORIENTED_EDGE('',*,*,#6192,.F.);
#3370=ORIENTED_EDGE('',*,*,#6193,.F.);
#3371=ORIENTED_EDGE('',*,*,#6194,.T.);
#3372=ORIENTED_EDGE('',*,*,#5749,.T.);
#3373=ORIENTED_EDGE('',*,*,#6195,.F.);
#3374=ORIENTED_EDGE('',*,*,#6196,.F.);
#3375=ORIENTED_EDGE('',*,*,#6197,.T.);
#3376=ORIENTED_EDGE('',*,*,#5750,.F.);
#3377=ORIENTED_EDGE('',*,*,#6197,.F.);
#3378=ORIENTED_EDGE('',*,*,#6198,.T.);
#3379=ORIENTED_EDGE('',*,*,#6199,.T.);
#3380=ORIENTED_EDGE('',*,*,#5751,.T.);
#3381=ORIENTED_EDGE('',*,*,#6199,.F.);
#3382=ORIENTED_EDGE('',*,*,#6200,.F.);
#3383=ORIENTED_EDGE('',*,*,#6201,.T.);
#3384=ORIENTED_EDGE('',*,*,#5752,.F.);
#3385=ORIENTED_EDGE('',*,*,#6201,.F.);
#3386=ORIENTED_EDGE('',*,*,#6202,.T.);
#3387=ORIENTED_EDGE('',*,*,#6203,.T.);
#3388=ORIENTED_EDGE('',*,*,#5753,.T.);
#3389=ORIENTED_EDGE('',*,*,#6203,.F.);
#3390=ORIENTED_EDGE('',*,*,#6204,.F.);
#3391=ORIENTED_EDGE('',*,*,#6205,.T.);
#3392=ORIENTED_EDGE('',*,*,#5754,.T.);
#3393=ORIENTED_EDGE('',*,*,#6205,.F.);
#3394=ORIENTED_EDGE('',*,*,#6206,.F.);
#3395=ORIENTED_EDGE('',*,*,#6207,.T.);
#3396=ORIENTED_EDGE('',*,*,#5755,.T.);
#3397=ORIENTED_EDGE('',*,*,#6207,.F.);
#3398=ORIENTED_EDGE('',*,*,#6208,.F.);
#3399=ORIENTED_EDGE('',*,*,#6209,.T.);
#3400=ORIENTED_EDGE('',*,*,#5741,.T.);
#3401=ORIENTED_EDGE('',*,*,#6210,.F.);
#3402=ORIENTED_EDGE('',*,*,#6211,.F.);
#3403=ORIENTED_EDGE('',*,*,#6212,.T.);
#3404=ORIENTED_EDGE('',*,*,#5742,.F.);
#3405=ORIENTED_EDGE('',*,*,#6212,.F.);
#3406=ORIENTED_EDGE('',*,*,#6213,.T.);
#3407=ORIENTED_EDGE('',*,*,#6214,.T.);
#3408=ORIENTED_EDGE('',*,*,#5743,.T.);
#3409=ORIENTED_EDGE('',*,*,#6214,.F.);
#3410=ORIENTED_EDGE('',*,*,#6215,.F.);
#3411=ORIENTED_EDGE('',*,*,#6216,.T.);
#3412=ORIENTED_EDGE('',*,*,#5744,.F.);
#3413=ORIENTED_EDGE('',*,*,#6216,.F.);
#3414=ORIENTED_EDGE('',*,*,#6217,.T.);
#3415=ORIENTED_EDGE('',*,*,#6218,.T.);
#3416=ORIENTED_EDGE('',*,*,#5745,.T.);
#3417=ORIENTED_EDGE('',*,*,#6218,.F.);
#3418=ORIENTED_EDGE('',*,*,#6219,.F.);
#3419=ORIENTED_EDGE('',*,*,#6220,.T.);
#3420=ORIENTED_EDGE('',*,*,#5746,.T.);
#3421=ORIENTED_EDGE('',*,*,#6220,.F.);
#3422=ORIENTED_EDGE('',*,*,#6221,.F.);
#3423=ORIENTED_EDGE('',*,*,#6222,.T.);
#3424=ORIENTED_EDGE('',*,*,#5747,.T.);
#3425=ORIENTED_EDGE('',*,*,#6222,.F.);
#3426=ORIENTED_EDGE('',*,*,#6223,.F.);
#3427=ORIENTED_EDGE('',*,*,#6224,.T.);
#3428=ORIENTED_EDGE('',*,*,#5733,.T.);
#3429=ORIENTED_EDGE('',*,*,#6225,.F.);
#3430=ORIENTED_EDGE('',*,*,#6226,.F.);
#3431=ORIENTED_EDGE('',*,*,#6227,.T.);
#3432=ORIENTED_EDGE('',*,*,#5734,.F.);
#3433=ORIENTED_EDGE('',*,*,#6227,.F.);
#3434=ORIENTED_EDGE('',*,*,#6228,.T.);
#3435=ORIENTED_EDGE('',*,*,#6229,.T.);
#3436=ORIENTED_EDGE('',*,*,#5735,.T.);
#3437=ORIENTED_EDGE('',*,*,#6229,.F.);
#3438=ORIENTED_EDGE('',*,*,#6230,.F.);
#3439=ORIENTED_EDGE('',*,*,#6231,.T.);
#3440=ORIENTED_EDGE('',*,*,#5736,.F.);
#3441=ORIENTED_EDGE('',*,*,#6231,.F.);
#3442=ORIENTED_EDGE('',*,*,#6232,.T.);
#3443=ORIENTED_EDGE('',*,*,#6233,.T.);
#3444=ORIENTED_EDGE('',*,*,#5737,.T.);
#3445=ORIENTED_EDGE('',*,*,#6233,.F.);
#3446=ORIENTED_EDGE('',*,*,#6234,.F.);
#3447=ORIENTED_EDGE('',*,*,#6235,.T.);
#3448=ORIENTED_EDGE('',*,*,#5738,.T.);
#3449=ORIENTED_EDGE('',*,*,#6235,.F.);
#3450=ORIENTED_EDGE('',*,*,#6236,.F.);
#3451=ORIENTED_EDGE('',*,*,#6237,.T.);
#3452=ORIENTED_EDGE('',*,*,#5739,.T.);
#3453=ORIENTED_EDGE('',*,*,#6237,.F.);
#3454=ORIENTED_EDGE('',*,*,#6238,.F.);
#3455=ORIENTED_EDGE('',*,*,#6239,.T.);
#3456=ORIENTED_EDGE('',*,*,#5725,.T.);
#3457=ORIENTED_EDGE('',*,*,#6240,.F.);
#3458=ORIENTED_EDGE('',*,*,#6241,.F.);
#3459=ORIENTED_EDGE('',*,*,#6242,.T.);
#3460=ORIENTED_EDGE('',*,*,#5726,.F.);
#3461=ORIENTED_EDGE('',*,*,#6242,.F.);
#3462=ORIENTED_EDGE('',*,*,#6243,.T.);
#3463=ORIENTED_EDGE('',*,*,#6244,.T.);
#3464=ORIENTED_EDGE('',*,*,#5727,.T.);
#3465=ORIENTED_EDGE('',*,*,#6244,.F.);
#3466=ORIENTED_EDGE('',*,*,#6245,.F.);
#3467=ORIENTED_EDGE('',*,*,#6246,.T.);
#3468=ORIENTED_EDGE('',*,*,#5728,.F.);
#3469=ORIENTED_EDGE('',*,*,#6246,.F.);
#3470=ORIENTED_EDGE('',*,*,#6247,.T.);
#3471=ORIENTED_EDGE('',*,*,#6248,.T.);
#3472=ORIENTED_EDGE('',*,*,#5729,.T.);
#3473=ORIENTED_EDGE('',*,*,#6248,.F.);
#3474=ORIENTED_EDGE('',*,*,#6249,.F.);
#3475=ORIENTED_EDGE('',*,*,#6250,.T.);
#3476=ORIENTED_EDGE('',*,*,#5730,.T.);
#3477=ORIENTED_EDGE('',*,*,#6250,.F.);
#3478=ORIENTED_EDGE('',*,*,#6251,.F.);
#3479=ORIENTED_EDGE('',*,*,#6252,.T.);
#3480=ORIENTED_EDGE('',*,*,#5731,.T.);
#3481=ORIENTED_EDGE('',*,*,#6252,.F.);
#3482=ORIENTED_EDGE('',*,*,#6253,.F.);
#3483=ORIENTED_EDGE('',*,*,#6254,.T.);
#3484=ORIENTED_EDGE('',*,*,#5852,.T.);
#3485=ORIENTED_EDGE('',*,*,#6029,.F.);
#3486=ORIENTED_EDGE('',*,*,#6255,.F.);
#3487=ORIENTED_EDGE('',*,*,#6015,.T.);
#3488=ORIENTED_EDGE('',*,*,#5844,.T.);
#3489=ORIENTED_EDGE('',*,*,#6044,.F.);
#3490=ORIENTED_EDGE('',*,*,#6256,.F.);
#3491=ORIENTED_EDGE('',*,*,#6030,.T.);
#3492=ORIENTED_EDGE('',*,*,#5836,.T.);
#3493=ORIENTED_EDGE('',*,*,#6059,.F.);
#3494=ORIENTED_EDGE('',*,*,#6257,.F.);
#3495=ORIENTED_EDGE('',*,*,#6045,.T.);
#3496=ORIENTED_EDGE('',*,*,#5828,.T.);
#3497=ORIENTED_EDGE('',*,*,#6074,.F.);
#3498=ORIENTED_EDGE('',*,*,#6258,.F.);
#3499=ORIENTED_EDGE('',*,*,#6060,.T.);
#3500=ORIENTED_EDGE('',*,*,#5820,.T.);
#3501=ORIENTED_EDGE('',*,*,#6089,.F.);
#3502=ORIENTED_EDGE('',*,*,#6259,.F.);
#3503=ORIENTED_EDGE('',*,*,#6075,.T.);
#3504=ORIENTED_EDGE('',*,*,#5812,.T.);
#3505=ORIENTED_EDGE('',*,*,#6104,.F.);
#3506=ORIENTED_EDGE('',*,*,#6260,.F.);
#3507=ORIENTED_EDGE('',*,*,#6090,.T.);
#3508=ORIENTED_EDGE('',*,*,#5804,.T.);
#3509=ORIENTED_EDGE('',*,*,#6119,.F.);
#3510=ORIENTED_EDGE('',*,*,#6261,.F.);
#3511=ORIENTED_EDGE('',*,*,#6105,.T.);
#3512=ORIENTED_EDGE('',*,*,#5796,.T.);
#3513=ORIENTED_EDGE('',*,*,#6134,.F.);
#3514=ORIENTED_EDGE('',*,*,#6262,.F.);
#3515=ORIENTED_EDGE('',*,*,#6120,.T.);
#3516=ORIENTED_EDGE('',*,*,#5788,.T.);
#3517=ORIENTED_EDGE('',*,*,#6149,.F.);
#3518=ORIENTED_EDGE('',*,*,#6263,.F.);
#3519=ORIENTED_EDGE('',*,*,#6135,.T.);
#3520=ORIENTED_EDGE('',*,*,#5780,.T.);
#3521=ORIENTED_EDGE('',*,*,#6164,.F.);
#3522=ORIENTED_EDGE('',*,*,#6264,.F.);
#3523=ORIENTED_EDGE('',*,*,#6150,.T.);
#3524=ORIENTED_EDGE('',*,*,#5772,.T.);
#3525=ORIENTED_EDGE('',*,*,#6179,.F.);
#3526=ORIENTED_EDGE('',*,*,#6265,.F.);
#3527=ORIENTED_EDGE('',*,*,#6165,.T.);
#3528=ORIENTED_EDGE('',*,*,#5764,.T.);
#3529=ORIENTED_EDGE('',*,*,#6194,.F.);
#3530=ORIENTED_EDGE('',*,*,#6266,.F.);
#3531=ORIENTED_EDGE('',*,*,#6180,.T.);
#3532=ORIENTED_EDGE('',*,*,#5756,.T.);
#3533=ORIENTED_EDGE('',*,*,#6209,.F.);
#3534=ORIENTED_EDGE('',*,*,#6267,.F.);
#3535=ORIENTED_EDGE('',*,*,#6195,.T.);
#3536=ORIENTED_EDGE('',*,*,#5748,.T.);
#3537=ORIENTED_EDGE('',*,*,#6224,.F.);
#3538=ORIENTED_EDGE('',*,*,#6268,.F.);
#3539=ORIENTED_EDGE('',*,*,#6210,.T.);
#3540=ORIENTED_EDGE('',*,*,#5740,.T.);
#3541=ORIENTED_EDGE('',*,*,#6239,.F.);
#3542=ORIENTED_EDGE('',*,*,#6269,.F.);
#3543=ORIENTED_EDGE('',*,*,#6225,.T.);
#3544=ORIENTED_EDGE('',*,*,#5732,.T.);
#3545=ORIENTED_EDGE('',*,*,#6254,.F.);
#3546=ORIENTED_EDGE('',*,*,#6270,.F.);
#3547=ORIENTED_EDGE('',*,*,#6240,.T.);
#3548=ORIENTED_EDGE('',*,*,#5856,.T.);
#3549=ORIENTED_EDGE('',*,*,#6014,.F.);
#3550=ORIENTED_EDGE('',*,*,#6271,.F.);
#3551=ORIENTED_EDGE('',*,*,#6008,.T.);
#3552=ORIENTED_EDGE('',*,*,#5684,.T.);
#3553=ORIENTED_EDGE('',*,*,#5600,.T.);
#3554=ORIENTED_EDGE('',*,*,#5604,.T.);
#3555=ORIENTED_EDGE('',*,*,#6007,.T.);
#3556=ORIENTED_EDGE('',*,*,#5576,.T.);
#3557=ORIENTED_EDGE('',*,*,#5667,.T.);
#3558=ORIENTED_EDGE('',*,*,#5580,.T.);
#3559=ORIENTED_EDGE('',*,*,#5669,.T.);
#3560=ORIENTED_EDGE('',*,*,#5608,.F.);
#3561=ORIENTED_EDGE('',*,*,#5673,.T.);
#3562=ORIENTED_EDGE('',*,*,#5612,.F.);
#3563=ORIENTED_EDGE('',*,*,#5671,.T.);
#3564=ORIENTED_EDGE('',*,*,#5615,.T.);
#3565=ORIENTED_EDGE('',*,*,#5619,.T.);
#3566=ORIENTED_EDGE('',*,*,#5622,.T.);
#3567=ORIENTED_EDGE('',*,*,#5664,.T.);
#3568=ORIENTED_EDGE('',*,*,#6002,.T.);
#3569=ORIENTED_EDGE('',*,*,#5661,.T.);
#3570=ORIENTED_EDGE('',*,*,#5625,.T.);
#3571=ORIENTED_EDGE('',*,*,#5629,.T.);
#3572=ORIENTED_EDGE('',*,*,#5632,.T.);
#3573=ORIENTED_EDGE('',*,*,#5659,.T.);
#3574=ORIENTED_EDGE('',*,*,#5584,.T.);
#3575=ORIENTED_EDGE('',*,*,#5657,.T.);
#3576=ORIENTED_EDGE('',*,*,#5588,.T.);
#3577=ORIENTED_EDGE('',*,*,#5688,.T.);
#3578=ORIENTED_EDGE('',*,*,#5635,.T.);
#3579=ORIENTED_EDGE('',*,*,#5678,.T.);
#3580=ORIENTED_EDGE('',*,*,#5639,.T.);
#3581=ORIENTED_EDGE('',*,*,#5680,.T.);
#3582=ORIENTED_EDGE('',*,*,#5643,.T.);
#3583=ORIENTED_EDGE('',*,*,#5682,.T.);
#3584=ORIENTED_EDGE('',*,*,#5647,.T.);
#3585=ORIENTED_EDGE('',*,*,#5651,.T.);
#3586=ORIENTED_EDGE('',*,*,#5592,.T.);
#3587=ORIENTED_EDGE('',*,*,#5693,.T.);
#3588=ORIENTED_EDGE('',*,*,#6001,.T.);
#3589=ORIENTED_EDGE('',*,*,#5690,.T.);
#3590=ORIENTED_EDGE('',*,*,#5596,.T.);
#3591=ORIENTED_EDGE('',*,*,#5686,.T.);
#3592=ORIENTED_EDGE('',*,*,#5675,.T.);
#3593=ORIENTED_EDGE('',*,*,#5653,.T.);
#3594=ORIENTED_EDGE('',*,*,#6241,.T.);
#3595=ORIENTED_EDGE('',*,*,#6270,.T.);
#3596=ORIENTED_EDGE('',*,*,#6253,.T.);
#3597=ORIENTED_EDGE('',*,*,#6251,.T.);
#3598=ORIENTED_EDGE('',*,*,#6249,.T.);
#3599=ORIENTED_EDGE('',*,*,#6247,.F.);
#3600=ORIENTED_EDGE('',*,*,#6245,.T.);
#3601=ORIENTED_EDGE('',*,*,#6243,.F.);
#3602=ORIENTED_EDGE('',*,*,#6226,.T.);
#3603=ORIENTED_EDGE('',*,*,#6269,.T.);
#3604=ORIENTED_EDGE('',*,*,#6238,.T.);
#3605=ORIENTED_EDGE('',*,*,#6236,.T.);
#3606=ORIENTED_EDGE('',*,*,#6234,.T.);
#3607=ORIENTED_EDGE('',*,*,#6232,.F.);
#3608=ORIENTED_EDGE('',*,*,#6230,.T.);
#3609=ORIENTED_EDGE('',*,*,#6228,.F.);
#3610=ORIENTED_EDGE('',*,*,#6211,.T.);
#3611=ORIENTED_EDGE('',*,*,#6268,.T.);
#3612=ORIENTED_EDGE('',*,*,#6223,.T.);
#3613=ORIENTED_EDGE('',*,*,#6221,.T.);
#3614=ORIENTED_EDGE('',*,*,#6219,.T.);
#3615=ORIENTED_EDGE('',*,*,#6217,.F.);
#3616=ORIENTED_EDGE('',*,*,#6215,.T.);
#3617=ORIENTED_EDGE('',*,*,#6213,.F.);
#3618=ORIENTED_EDGE('',*,*,#6196,.T.);
#3619=ORIENTED_EDGE('',*,*,#6267,.T.);
#3620=ORIENTED_EDGE('',*,*,#6208,.T.);
#3621=ORIENTED_EDGE('',*,*,#6206,.T.);
#3622=ORIENTED_EDGE('',*,*,#6204,.T.);
#3623=ORIENTED_EDGE('',*,*,#6202,.F.);
#3624=ORIENTED_EDGE('',*,*,#6200,.T.);
#3625=ORIENTED_EDGE('',*,*,#6198,.F.);
#3626=ORIENTED_EDGE('',*,*,#6181,.T.);
#3627=ORIENTED_EDGE('',*,*,#6266,.T.);
#3628=ORIENTED_EDGE('',*,*,#6193,.T.);
#3629=ORIENTED_EDGE('',*,*,#6191,.T.);
#3630=ORIENTED_EDGE('',*,*,#6189,.T.);
#3631=ORIENTED_EDGE('',*,*,#6187,.F.);
#3632=ORIENTED_EDGE('',*,*,#6185,.T.);
#3633=ORIENTED_EDGE('',*,*,#6183,.F.);
#3634=ORIENTED_EDGE('',*,*,#6166,.T.);
#3635=ORIENTED_EDGE('',*,*,#6265,.T.);
#3636=ORIENTED_EDGE('',*,*,#6178,.T.);
#3637=ORIENTED_EDGE('',*,*,#6176,.T.);
#3638=ORIENTED_EDGE('',*,*,#6174,.T.);
#3639=ORIENTED_EDGE('',*,*,#6172,.F.);
#3640=ORIENTED_EDGE('',*,*,#6170,.T.);
#3641=ORIENTED_EDGE('',*,*,#6168,.F.);
#3642=ORIENTED_EDGE('',*,*,#6151,.T.);
#3643=ORIENTED_EDGE('',*,*,#6264,.T.);
#3644=ORIENTED_EDGE('',*,*,#6163,.T.);
#3645=ORIENTED_EDGE('',*,*,#6161,.T.);
#3646=ORIENTED_EDGE('',*,*,#6159,.T.);
#3647=ORIENTED_EDGE('',*,*,#6157,.F.);
#3648=ORIENTED_EDGE('',*,*,#6155,.T.);
#3649=ORIENTED_EDGE('',*,*,#6153,.F.);
#3650=ORIENTED_EDGE('',*,*,#6136,.T.);
#3651=ORIENTED_EDGE('',*,*,#6263,.T.);
#3652=ORIENTED_EDGE('',*,*,#6148,.T.);
#3653=ORIENTED_EDGE('',*,*,#6146,.T.);
#3654=ORIENTED_EDGE('',*,*,#6144,.T.);
#3655=ORIENTED_EDGE('',*,*,#6142,.F.);
#3656=ORIENTED_EDGE('',*,*,#6140,.T.);
#3657=ORIENTED_EDGE('',*,*,#6138,.F.);
#3658=ORIENTED_EDGE('',*,*,#6121,.T.);
#3659=ORIENTED_EDGE('',*,*,#6262,.T.);
#3660=ORIENTED_EDGE('',*,*,#6133,.T.);
#3661=ORIENTED_EDGE('',*,*,#6131,.T.);
#3662=ORIENTED_EDGE('',*,*,#6129,.T.);
#3663=ORIENTED_EDGE('',*,*,#6127,.F.);
#3664=ORIENTED_EDGE('',*,*,#6125,.T.);
#3665=ORIENTED_EDGE('',*,*,#6123,.F.);
#3666=ORIENTED_EDGE('',*,*,#6106,.T.);
#3667=ORIENTED_EDGE('',*,*,#6261,.T.);
#3668=ORIENTED_EDGE('',*,*,#6118,.T.);
#3669=ORIENTED_EDGE('',*,*,#6116,.T.);
#3670=ORIENTED_EDGE('',*,*,#6114,.T.);
#3671=ORIENTED_EDGE('',*,*,#6112,.F.);
#3672=ORIENTED_EDGE('',*,*,#6110,.T.);
#3673=ORIENTED_EDGE('',*,*,#6108,.F.);
#3674=ORIENTED_EDGE('',*,*,#6091,.T.);
#3675=ORIENTED_EDGE('',*,*,#6260,.T.);
#3676=ORIENTED_EDGE('',*,*,#6103,.T.);
#3677=ORIENTED_EDGE('',*,*,#6101,.T.);
#3678=ORIENTED_EDGE('',*,*,#6099,.T.);
#3679=ORIENTED_EDGE('',*,*,#6097,.F.);
#3680=ORIENTED_EDGE('',*,*,#6095,.T.);
#3681=ORIENTED_EDGE('',*,*,#6093,.F.);
#3682=ORIENTED_EDGE('',*,*,#6076,.T.);
#3683=ORIENTED_EDGE('',*,*,#6259,.T.);
#3684=ORIENTED_EDGE('',*,*,#6088,.T.);
#3685=ORIENTED_EDGE('',*,*,#6086,.T.);
#3686=ORIENTED_EDGE('',*,*,#6084,.T.);
#3687=ORIENTED_EDGE('',*,*,#6082,.F.);
#3688=ORIENTED_EDGE('',*,*,#6080,.T.);
#3689=ORIENTED_EDGE('',*,*,#6078,.F.);
#3690=ORIENTED_EDGE('',*,*,#6061,.T.);
#3691=ORIENTED_EDGE('',*,*,#6258,.T.);
#3692=ORIENTED_EDGE('',*,*,#6073,.T.);
#3693=ORIENTED_EDGE('',*,*,#6071,.T.);
#3694=ORIENTED_EDGE('',*,*,#6069,.T.);
#3695=ORIENTED_EDGE('',*,*,#6067,.F.);
#3696=ORIENTED_EDGE('',*,*,#6065,.T.);
#3697=ORIENTED_EDGE('',*,*,#6063,.F.);
#3698=ORIENTED_EDGE('',*,*,#6046,.T.);
#3699=ORIENTED_EDGE('',*,*,#6257,.T.);
#3700=ORIENTED_EDGE('',*,*,#6058,.T.);
#3701=ORIENTED_EDGE('',*,*,#6056,.T.);
#3702=ORIENTED_EDGE('',*,*,#6054,.T.);
#3703=ORIENTED_EDGE('',*,*,#6052,.F.);
#3704=ORIENTED_EDGE('',*,*,#6050,.T.);
#3705=ORIENTED_EDGE('',*,*,#6048,.F.);
#3706=ORIENTED_EDGE('',*,*,#6031,.T.);
#3707=ORIENTED_EDGE('',*,*,#6256,.T.);
#3708=ORIENTED_EDGE('',*,*,#6043,.T.);
#3709=ORIENTED_EDGE('',*,*,#6041,.T.);
#3710=ORIENTED_EDGE('',*,*,#6039,.T.);
#3711=ORIENTED_EDGE('',*,*,#6037,.F.);
#3712=ORIENTED_EDGE('',*,*,#6035,.T.);
#3713=ORIENTED_EDGE('',*,*,#6033,.F.);
#3714=ORIENTED_EDGE('',*,*,#6016,.T.);
#3715=ORIENTED_EDGE('',*,*,#6255,.T.);
#3716=ORIENTED_EDGE('',*,*,#6028,.T.);
#3717=ORIENTED_EDGE('',*,*,#6026,.T.);
#3718=ORIENTED_EDGE('',*,*,#6024,.T.);
#3719=ORIENTED_EDGE('',*,*,#6022,.F.);
#3720=ORIENTED_EDGE('',*,*,#6020,.T.);
#3721=ORIENTED_EDGE('',*,*,#6018,.F.);
#3722=ORIENTED_EDGE('',*,*,#6009,.T.);
#3723=ORIENTED_EDGE('',*,*,#6271,.T.);
#3724=ORIENTED_EDGE('',*,*,#6013,.F.);
#3725=ORIENTED_EDGE('',*,*,#6011,.F.);
#3726=ORIENTED_EDGE('',*,*,#6272,.F.);
#3727=ORIENTED_EDGE('',*,*,#5718,.F.);
#3728=ORIENTED_EDGE('',*,*,#6005,.F.);
#3729=ORIENTED_EDGE('',*,*,#5980,.F.);
#3730=ORIENTED_EDGE('',*,*,#5551,.F.);
#3731=ORIENTED_EDGE('',*,*,#6273,.F.);
#3732=ORIENTED_EDGE('',*,*,#5553,.T.);
#3733=ORIENTED_EDGE('',*,*,#5984,.F.);
#3734=ORIENTED_EDGE('',*,*,#6274,.F.);
#3735=ORIENTED_EDGE('',*,*,#5697,.F.);
#3736=ORIENTED_EDGE('',*,*,#6274,.T.);
#3737=ORIENTED_EDGE('',*,*,#5986,.F.);
#3738=ORIENTED_EDGE('',*,*,#6275,.F.);
#3739=ORIENTED_EDGE('',*,*,#5698,.F.);
#3740=ORIENTED_EDGE('',*,*,#6275,.T.);
#3741=ORIENTED_EDGE('',*,*,#5988,.F.);
#3742=ORIENTED_EDGE('',*,*,#6276,.F.);
#3743=ORIENTED_EDGE('',*,*,#5699,.F.);
#3744=ORIENTED_EDGE('',*,*,#6276,.T.);
#3745=ORIENTED_EDGE('',*,*,#5990,.F.);
#3746=ORIENTED_EDGE('',*,*,#6277,.F.);
#3747=ORIENTED_EDGE('',*,*,#5700,.F.);
#3748=ORIENTED_EDGE('',*,*,#6277,.T.);
#3749=ORIENTED_EDGE('',*,*,#5992,.F.);
#3750=ORIENTED_EDGE('',*,*,#5556,.F.);
#3751=ORIENTED_EDGE('',*,*,#5701,.F.);
#3752=ORIENTED_EDGE('',*,*,#5558,.T.);
#3753=ORIENTED_EDGE('',*,*,#5995,.F.);
#3754=ORIENTED_EDGE('',*,*,#6278,.F.);
#3755=ORIENTED_EDGE('',*,*,#5703,.F.);
#3756=ORIENTED_EDGE('',*,*,#6278,.T.);
#3757=ORIENTED_EDGE('',*,*,#5997,.F.);
#3758=ORIENTED_EDGE('',*,*,#5562,.F.);
#3759=ORIENTED_EDGE('',*,*,#5704,.F.);
#3760=ORIENTED_EDGE('',*,*,#5564,.T.);
#3761=ORIENTED_EDGE('',*,*,#6000,.F.);
#3762=ORIENTED_EDGE('',*,*,#5568,.F.);
#3763=ORIENTED_EDGE('',*,*,#5706,.F.);
#3764=ORIENTED_EDGE('',*,*,#5570,.T.);
#3765=ORIENTED_EDGE('',*,*,#5969,.F.);
#3766=ORIENTED_EDGE('',*,*,#6279,.F.);
#3767=ORIENTED_EDGE('',*,*,#5708,.F.);
#3768=ORIENTED_EDGE('',*,*,#6279,.T.);
#3769=ORIENTED_EDGE('',*,*,#5972,.F.);
#3770=ORIENTED_EDGE('',*,*,#6280,.F.);
#3771=ORIENTED_EDGE('',*,*,#5709,.F.);
#3772=ORIENTED_EDGE('',*,*,#6280,.T.);
#3773=ORIENTED_EDGE('',*,*,#5974,.F.);
#3774=ORIENTED_EDGE('',*,*,#6281,.F.);
#3775=ORIENTED_EDGE('',*,*,#5710,.F.);
#3776=ORIENTED_EDGE('',*,*,#6281,.T.);
#3777=ORIENTED_EDGE('',*,*,#5976,.F.);
#3778=ORIENTED_EDGE('',*,*,#6282,.F.);
#3779=ORIENTED_EDGE('',*,*,#5711,.F.);
#3780=ORIENTED_EDGE('',*,*,#6283,.F.);
#3781=ORIENTED_EDGE('',*,*,#5575,.F.);
#3782=ORIENTED_EDGE('',*,*,#5858,.F.);
#3783=ORIENTED_EDGE('',*,*,#6003,.F.);
#3784=ORIENTED_EDGE('',*,*,#5714,.F.);
#3785=ORIENTED_EDGE('',*,*,#6284,.F.);
#3786=ORIENTED_EDGE('',*,*,#5712,.F.);
#3787=ORIENTED_EDGE('',*,*,#6282,.T.);
#3788=ORIENTED_EDGE('',*,*,#5978,.F.);
#3789=ORIENTED_EDGE('',*,*,#5573,.F.);
#3790=ORIENTED_EDGE('',*,*,#6283,.T.);
#3791=ORIENTED_EDGE('',*,*,#5713,.T.);
#3792=ORIENTED_EDGE('',*,*,#6284,.T.);
#3793=ORIENTED_EDGE('',*,*,#5572,.T.);
#3794=ORIENTED_EDGE('',*,*,#5875,.F.);
#3795=ORIENTED_EDGE('',*,*,#5957,.F.);
#3796=ORIENTED_EDGE('',*,*,#5923,.F.);
#3797=ORIENTED_EDGE('',*,*,#5946,.F.);
#3798=ORIENTED_EDGE('',*,*,#5566,.T.);
#3799=ORIENTED_EDGE('',*,*,#5707,.T.);
#3800=ORIENTED_EDGE('',*,*,#5884,.F.);
#3801=ORIENTED_EDGE('',*,*,#5959,.F.);
#3802=ORIENTED_EDGE('',*,*,#5914,.F.);
#3803=ORIENTED_EDGE('',*,*,#5539,.F.);
#3804=ORIENTED_EDGE('',*,*,#5560,.T.);
#3805=ORIENTED_EDGE('',*,*,#5705,.T.);
#3806=ORIENTED_EDGE('',*,*,#5887,.F.);
#3807=ORIENTED_EDGE('',*,*,#5961,.F.);
#3808=ORIENTED_EDGE('',*,*,#5911,.F.);
#3809=ORIENTED_EDGE('',*,*,#5543,.F.);
#3810=ORIENTED_EDGE('',*,*,#5554,.T.);
#3811=ORIENTED_EDGE('',*,*,#5702,.T.);
#3812=ORIENTED_EDGE('',*,*,#5892,.F.);
#3813=ORIENTED_EDGE('',*,*,#5962,.F.);
#3814=ORIENTED_EDGE('',*,*,#5906,.F.);
#3815=ORIENTED_EDGE('',*,*,#5547,.F.);
#3816=ORIENTED_EDGE('',*,*,#6272,.T.);
#3817=ORIENTED_EDGE('',*,*,#5550,.T.);
#3818=ORIENTED_EDGE('',*,*,#6273,.T.);
#3819=ORIENTED_EDGE('',*,*,#5696,.T.);
#3820=ORIENTED_EDGE('',*,*,#5967,.F.);
#3821=ORIENTED_EDGE('',*,*,#5900,.F.);
#3822=ORIENTED_EDGE('',*,*,#5897,.F.);
#3823=ORIENTED_EDGE('',*,*,#5868,.F.);
#3824=ORIENTED_EDGE('',*,*,#6285,.T.);
#3825=ORIENTED_EDGE('',*,*,#6286,.F.);
#3826=ORIENTED_EDGE('',*,*,#6287,.F.);
#3827=ORIENTED_EDGE('',*,*,#6288,.T.);
#3828=ORIENTED_EDGE('',*,*,#6289,.T.);
#3829=ORIENTED_EDGE('',*,*,#6290,.F.);
#3830=ORIENTED_EDGE('',*,*,#6291,.F.);
#3831=ORIENTED_EDGE('',*,*,#6286,.T.);
#3832=ORIENTED_EDGE('',*,*,#6292,.T.);
#3833=ORIENTED_EDGE('',*,*,#6293,.F.);
#3834=ORIENTED_EDGE('',*,*,#6294,.F.);
#3835=ORIENTED_EDGE('',*,*,#6290,.T.);
#3836=ORIENTED_EDGE('',*,*,#6295,.T.);
#3837=ORIENTED_EDGE('',*,*,#6296,.F.);
#3838=ORIENTED_EDGE('',*,*,#6297,.F.);
#3839=ORIENTED_EDGE('',*,*,#6293,.T.);
#3840=ORIENTED_EDGE('',*,*,#6298,.T.);
#3841=ORIENTED_EDGE('',*,*,#6299,.F.);
#3842=ORIENTED_EDGE('',*,*,#6300,.F.);
#3843=ORIENTED_EDGE('',*,*,#6296,.T.);
#3844=ORIENTED_EDGE('',*,*,#6301,.T.);
#3845=ORIENTED_EDGE('',*,*,#6302,.F.);
#3846=ORIENTED_EDGE('',*,*,#6303,.F.);
#3847=ORIENTED_EDGE('',*,*,#6299,.T.);
#3848=ORIENTED_EDGE('',*,*,#6304,.T.);
#3849=ORIENTED_EDGE('',*,*,#6305,.F.);
#3850=ORIENTED_EDGE('',*,*,#6306,.F.);
#3851=ORIENTED_EDGE('',*,*,#6302,.T.);
#3852=ORIENTED_EDGE('',*,*,#6307,.T.);
#3853=ORIENTED_EDGE('',*,*,#6308,.F.);
#3854=ORIENTED_EDGE('',*,*,#6309,.F.);
#3855=ORIENTED_EDGE('',*,*,#6305,.T.);
#3856=ORIENTED_EDGE('',*,*,#6310,.T.);
#3857=ORIENTED_EDGE('',*,*,#6311,.F.);
#3858=ORIENTED_EDGE('',*,*,#6312,.F.);
#3859=ORIENTED_EDGE('',*,*,#6308,.T.);
#3860=ORIENTED_EDGE('',*,*,#6313,.T.);
#3861=ORIENTED_EDGE('',*,*,#6314,.F.);
#3862=ORIENTED_EDGE('',*,*,#6315,.F.);
#3863=ORIENTED_EDGE('',*,*,#6311,.T.);
#3864=ORIENTED_EDGE('',*,*,#6316,.T.);
#3865=ORIENTED_EDGE('',*,*,#6317,.F.);
#3866=ORIENTED_EDGE('',*,*,#6318,.F.);
#3867=ORIENTED_EDGE('',*,*,#6314,.T.);
#3868=ORIENTED_EDGE('',*,*,#6319,.T.);
#3869=ORIENTED_EDGE('',*,*,#6320,.F.);
#3870=ORIENTED_EDGE('',*,*,#6321,.F.);
#3871=ORIENTED_EDGE('',*,*,#6317,.T.);
#3872=ORIENTED_EDGE('',*,*,#6322,.T.);
#3873=ORIENTED_EDGE('',*,*,#6323,.F.);
#3874=ORIENTED_EDGE('',*,*,#6324,.F.);
#3875=ORIENTED_EDGE('',*,*,#6320,.T.);
#3876=ORIENTED_EDGE('',*,*,#6325,.T.);
#3877=ORIENTED_EDGE('',*,*,#6326,.F.);
#3878=ORIENTED_EDGE('',*,*,#6327,.F.);
#3879=ORIENTED_EDGE('',*,*,#6323,.T.);
#3880=ORIENTED_EDGE('',*,*,#6328,.T.);
#3881=ORIENTED_EDGE('',*,*,#6329,.F.);
#3882=ORIENTED_EDGE('',*,*,#6330,.F.);
#3883=ORIENTED_EDGE('',*,*,#6326,.T.);
#3884=ORIENTED_EDGE('',*,*,#6331,.T.);
#3885=ORIENTED_EDGE('',*,*,#6332,.F.);
#3886=ORIENTED_EDGE('',*,*,#6333,.F.);
#3887=ORIENTED_EDGE('',*,*,#6329,.T.);
#3888=ORIENTED_EDGE('',*,*,#6334,.T.);
#3889=ORIENTED_EDGE('',*,*,#6335,.F.);
#3890=ORIENTED_EDGE('',*,*,#6336,.F.);
#3891=ORIENTED_EDGE('',*,*,#6332,.T.);
#3892=ORIENTED_EDGE('',*,*,#6337,.T.);
#3893=ORIENTED_EDGE('',*,*,#6338,.F.);
#3894=ORIENTED_EDGE('',*,*,#6339,.F.);
#3895=ORIENTED_EDGE('',*,*,#6335,.T.);
#3896=ORIENTED_EDGE('',*,*,#6340,.T.);
#3897=ORIENTED_EDGE('',*,*,#6288,.F.);
#3898=ORIENTED_EDGE('',*,*,#6341,.F.);
#3899=ORIENTED_EDGE('',*,*,#6338,.T.);
#3900=ORIENTED_EDGE('',*,*,#6342,.F.);
#3901=ORIENTED_EDGE('',*,*,#6343,.F.);
#3902=ORIENTED_EDGE('',*,*,#6344,.F.);
#3903=ORIENTED_EDGE('',*,*,#6345,.F.);
#3904=ORIENTED_EDGE('',*,*,#6346,.F.);
#3905=ORIENTED_EDGE('',*,*,#6347,.F.);
#3906=ORIENTED_EDGE('',*,*,#6287,.T.);
#3907=ORIENTED_EDGE('',*,*,#6291,.T.);
#3908=ORIENTED_EDGE('',*,*,#6294,.T.);
#3909=ORIENTED_EDGE('',*,*,#6297,.T.);
#3910=ORIENTED_EDGE('',*,*,#6300,.T.);
#3911=ORIENTED_EDGE('',*,*,#6303,.T.);
#3912=ORIENTED_EDGE('',*,*,#6306,.T.);
#3913=ORIENTED_EDGE('',*,*,#6309,.T.);
#3914=ORIENTED_EDGE('',*,*,#6312,.T.);
#3915=ORIENTED_EDGE('',*,*,#6315,.T.);
#3916=ORIENTED_EDGE('',*,*,#6318,.T.);
#3917=ORIENTED_EDGE('',*,*,#6321,.T.);
#3918=ORIENTED_EDGE('',*,*,#6324,.T.);
#3919=ORIENTED_EDGE('',*,*,#6327,.T.);
#3920=ORIENTED_EDGE('',*,*,#6330,.T.);
#3921=ORIENTED_EDGE('',*,*,#6333,.T.);
#3922=ORIENTED_EDGE('',*,*,#6336,.T.);
#3923=ORIENTED_EDGE('',*,*,#6339,.T.);
#3924=ORIENTED_EDGE('',*,*,#6341,.T.);
#3925=ORIENTED_EDGE('',*,*,#6348,.T.);
#3926=ORIENTED_EDGE('',*,*,#6349,.T.);
#3927=ORIENTED_EDGE('',*,*,#6350,.T.);
#3928=ORIENTED_EDGE('',*,*,#6351,.T.);
#3929=ORIENTED_EDGE('',*,*,#6352,.T.);
#3930=ORIENTED_EDGE('',*,*,#6353,.T.);
#3931=ORIENTED_EDGE('',*,*,#6285,.F.);
#3932=ORIENTED_EDGE('',*,*,#6340,.F.);
#3933=ORIENTED_EDGE('',*,*,#6337,.F.);
#3934=ORIENTED_EDGE('',*,*,#6334,.F.);
#3935=ORIENTED_EDGE('',*,*,#6331,.F.);
#3936=ORIENTED_EDGE('',*,*,#6328,.F.);
#3937=ORIENTED_EDGE('',*,*,#6325,.F.);
#3938=ORIENTED_EDGE('',*,*,#6322,.F.);
#3939=ORIENTED_EDGE('',*,*,#6319,.F.);
#3940=ORIENTED_EDGE('',*,*,#6316,.F.);
#3941=ORIENTED_EDGE('',*,*,#6313,.F.);
#3942=ORIENTED_EDGE('',*,*,#6310,.F.);
#3943=ORIENTED_EDGE('',*,*,#6307,.F.);
#3944=ORIENTED_EDGE('',*,*,#6304,.F.);
#3945=ORIENTED_EDGE('',*,*,#6301,.F.);
#3946=ORIENTED_EDGE('',*,*,#6298,.F.);
#3947=ORIENTED_EDGE('',*,*,#6295,.F.);
#3948=ORIENTED_EDGE('',*,*,#6292,.F.);
#3949=ORIENTED_EDGE('',*,*,#6289,.F.);
#3950=ORIENTED_EDGE('',*,*,#6347,.T.);
#3951=ORIENTED_EDGE('',*,*,#6353,.F.);
#3952=ORIENTED_EDGE('',*,*,#6346,.T.);
#3953=ORIENTED_EDGE('',*,*,#6352,.F.);
#3954=ORIENTED_EDGE('',*,*,#6345,.T.);
#3955=ORIENTED_EDGE('',*,*,#6351,.F.);
#3956=ORIENTED_EDGE('',*,*,#6344,.T.);
#3957=ORIENTED_EDGE('',*,*,#6350,.F.);
#3958=ORIENTED_EDGE('',*,*,#6343,.T.);
#3959=ORIENTED_EDGE('',*,*,#6349,.F.);
#3960=ORIENTED_EDGE('',*,*,#6342,.T.);
#3961=ORIENTED_EDGE('',*,*,#6348,.F.);
#3962=ORIENTED_EDGE('',*,*,#6354,.T.);
#3963=ORIENTED_EDGE('',*,*,#6355,.F.);
#3964=ORIENTED_EDGE('',*,*,#6356,.T.);
#3965=ORIENTED_EDGE('',*,*,#6357,.T.);
#3966=ORIENTED_EDGE('',*,*,#6358,.T.);
#3967=ORIENTED_EDGE('',*,*,#6359,.F.);
#3968=ORIENTED_EDGE('',*,*,#6360,.F.);
#3969=ORIENTED_EDGE('',*,*,#6361,.T.);
#3970=ORIENTED_EDGE('',*,*,#6360,.T.);
#3971=ORIENTED_EDGE('',*,*,#6362,.F.);
#3972=ORIENTED_EDGE('',*,*,#6363,.F.);
#3973=ORIENTED_EDGE('',*,*,#6364,.T.);
#3974=ORIENTED_EDGE('',*,*,#6363,.T.);
#3975=ORIENTED_EDGE('',*,*,#6365,.F.);
#3976=ORIENTED_EDGE('',*,*,#6366,.T.);
#3977=ORIENTED_EDGE('',*,*,#6367,.T.);
#3978=ORIENTED_EDGE('',*,*,#6368,.T.);
#3979=ORIENTED_EDGE('',*,*,#6369,.F.);
#3980=ORIENTED_EDGE('',*,*,#6370,.F.);
#3981=ORIENTED_EDGE('',*,*,#6371,.T.);
#3982=ORIENTED_EDGE('',*,*,#6370,.T.);
#3983=ORIENTED_EDGE('',*,*,#6372,.F.);
#3984=ORIENTED_EDGE('',*,*,#6373,.F.);
#3985=ORIENTED_EDGE('',*,*,#6374,.T.);
#3986=ORIENTED_EDGE('',*,*,#6373,.T.);
#3987=ORIENTED_EDGE('',*,*,#6375,.F.);
#3988=ORIENTED_EDGE('',*,*,#6376,.T.);
#3989=ORIENTED_EDGE('',*,*,#6377,.T.);
#3990=ORIENTED_EDGE('',*,*,#6378,.F.);
#3991=ORIENTED_EDGE('',*,*,#6379,.T.);
#3992=ORIENTED_EDGE('',*,*,#6380,.F.);
#3993=ORIENTED_EDGE('',*,*,#6381,.T.);
#3994=ORIENTED_EDGE('',*,*,#6382,.F.);
#3995=ORIENTED_EDGE('',*,*,#6383,.T.);
#3996=ORIENTED_EDGE('',*,*,#6384,.F.);
#3997=ORIENTED_EDGE('',*,*,#6385,.T.);
#3998=ORIENTED_EDGE('',*,*,#6386,.F.);
#3999=ORIENTED_EDGE('',*,*,#6387,.T.);
#4000=ORIENTED_EDGE('',*,*,#6388,.F.);
#4001=ORIENTED_EDGE('',*,*,#6389,.T.);
#4002=ORIENTED_EDGE('',*,*,#6390,.T.);
#4003=ORIENTED_EDGE('',*,*,#6391,.F.);
#4004=ORIENTED_EDGE('',*,*,#6392,.F.);
#4005=ORIENTED_EDGE('',*,*,#6393,.T.);
#4006=ORIENTED_EDGE('',*,*,#6392,.T.);
#4007=ORIENTED_EDGE('',*,*,#6394,.F.);
#4008=ORIENTED_EDGE('',*,*,#6395,.T.);
#4009=ORIENTED_EDGE('',*,*,#6396,.T.);
#4010=ORIENTED_EDGE('',*,*,#6383,.F.);
#4011=ORIENTED_EDGE('',*,*,#6397,.F.);
#4012=ORIENTED_EDGE('',*,*,#6389,.F.);
#4013=ORIENTED_EDGE('',*,*,#6398,.F.);
#4014=ORIENTED_EDGE('',*,*,#6379,.F.);
#4015=ORIENTED_EDGE('',*,*,#6399,.F.);
#4016=ORIENTED_EDGE('',*,*,#6385,.F.);
#4017=ORIENTED_EDGE('',*,*,#6400,.F.);
#4018=ORIENTED_EDGE('',*,*,#6356,.F.);
#4019=ORIENTED_EDGE('',*,*,#6401,.F.);
#4020=ORIENTED_EDGE('',*,*,#6402,.F.);
#4021=ORIENTED_EDGE('',*,*,#6403,.F.);
#4022=ORIENTED_EDGE('',*,*,#6404,.F.);
#4023=ORIENTED_EDGE('',*,*,#6405,.T.);
#4024=ORIENTED_EDGE('',*,*,#6406,.T.);
#4025=ORIENTED_EDGE('',*,*,#6407,.T.);
#4026=ORIENTED_EDGE('',*,*,#6408,.T.);
#4027=ORIENTED_EDGE('',*,*,#6409,.T.);
#4028=ORIENTED_EDGE('',*,*,#6410,.T.);
#4029=ORIENTED_EDGE('',*,*,#6411,.T.);
#4030=ORIENTED_EDGE('',*,*,#6412,.T.);
#4031=ORIENTED_EDGE('',*,*,#6413,.T.);
#4032=ORIENTED_EDGE('',*,*,#6414,.T.);
#4033=ORIENTED_EDGE('',*,*,#6415,.T.);
#4034=ORIENTED_EDGE('',*,*,#6416,.F.);
#4035=ORIENTED_EDGE('',*,*,#6417,.T.);
#4036=ORIENTED_EDGE('',*,*,#6418,.T.);
#4037=ORIENTED_EDGE('',*,*,#6419,.T.);
#4038=ORIENTED_EDGE('',*,*,#6420,.T.);
#4039=ORIENTED_EDGE('',*,*,#6421,.F.);
#4040=ORIENTED_EDGE('',*,*,#6422,.T.);
#4041=ORIENTED_EDGE('',*,*,#6423,.T.);
#4042=ORIENTED_EDGE('',*,*,#6424,.T.);
#4043=ORIENTED_EDGE('',*,*,#6425,.F.);
#4044=ORIENTED_EDGE('',*,*,#6426,.T.);
#4045=ORIENTED_EDGE('',*,*,#6427,.T.);
#4046=ORIENTED_EDGE('',*,*,#6428,.T.);
#4047=ORIENTED_EDGE('',*,*,#6429,.F.);
#4048=ORIENTED_EDGE('',*,*,#6430,.T.);
#4049=ORIENTED_EDGE('',*,*,#6431,.T.);
#4050=ORIENTED_EDGE('',*,*,#6432,.T.);
#4051=ORIENTED_EDGE('',*,*,#6433,.F.);
#4052=ORIENTED_EDGE('',*,*,#6434,.F.);
#4053=ORIENTED_EDGE('',*,*,#6435,.T.);
#4054=ORIENTED_EDGE('',*,*,#6436,.T.);
#4055=ORIENTED_EDGE('',*,*,#6437,.F.);
#4056=ORIENTED_EDGE('',*,*,#6438,.T.);
#4057=ORIENTED_EDGE('',*,*,#6439,.T.);
#4058=ORIENTED_EDGE('',*,*,#6440,.T.);
#4059=ORIENTED_EDGE('',*,*,#6441,.T.);
#4060=ORIENTED_EDGE('',*,*,#6442,.T.);
#4061=ORIENTED_EDGE('',*,*,#6443,.T.);
#4062=ORIENTED_EDGE('',*,*,#6444,.T.);
#4063=ORIENTED_EDGE('',*,*,#6445,.F.);
#4064=ORIENTED_EDGE('',*,*,#6446,.T.);
#4065=ORIENTED_EDGE('',*,*,#6447,.F.);
#4066=ORIENTED_EDGE('',*,*,#6448,.T.);
#4067=ORIENTED_EDGE('',*,*,#6449,.F.);
#4068=ORIENTED_EDGE('',*,*,#6450,.T.);
#4069=ORIENTED_EDGE('',*,*,#6451,.F.);
#4070=ORIENTED_EDGE('',*,*,#6452,.F.);
#4071=ORIENTED_EDGE('',*,*,#6453,.F.);
#4072=ORIENTED_EDGE('',*,*,#6454,.F.);
#4073=ORIENTED_EDGE('',*,*,#6455,.F.);
#4074=ORIENTED_EDGE('',*,*,#6456,.T.);
#4075=ORIENTED_EDGE('',*,*,#6457,.F.);
#4076=ORIENTED_EDGE('',*,*,#6458,.T.);
#4077=ORIENTED_EDGE('',*,*,#6459,.F.);
#4078=ORIENTED_EDGE('',*,*,#6460,.F.);
#4079=ORIENTED_EDGE('',*,*,#6461,.F.);
#4080=ORIENTED_EDGE('',*,*,#6462,.F.);
#4081=ORIENTED_EDGE('',*,*,#6463,.F.);
#4082=ORIENTED_EDGE('',*,*,#6464,.T.);
#4083=ORIENTED_EDGE('',*,*,#6465,.F.);
#4084=ORIENTED_EDGE('',*,*,#6466,.T.);
#4085=ORIENTED_EDGE('',*,*,#6467,.F.);
#4086=ORIENTED_EDGE('',*,*,#6468,.F.);
#4087=ORIENTED_EDGE('',*,*,#6469,.F.);
#4088=ORIENTED_EDGE('',*,*,#6470,.F.);
#4089=ORIENTED_EDGE('',*,*,#6471,.F.);
#4090=ORIENTED_EDGE('',*,*,#6472,.T.);
#4091=ORIENTED_EDGE('',*,*,#6473,.F.);
#4092=ORIENTED_EDGE('',*,*,#6474,.T.);
#4093=ORIENTED_EDGE('',*,*,#6475,.F.);
#4094=ORIENTED_EDGE('',*,*,#6476,.F.);
#4095=ORIENTED_EDGE('',*,*,#6477,.F.);
#4096=ORIENTED_EDGE('',*,*,#6478,.F.);
#4097=ORIENTED_EDGE('',*,*,#6479,.F.);
#4098=ORIENTED_EDGE('',*,*,#6480,.T.);
#4099=ORIENTED_EDGE('',*,*,#6481,.F.);
#4100=ORIENTED_EDGE('',*,*,#6482,.T.);
#4101=ORIENTED_EDGE('',*,*,#6483,.F.);
#4102=ORIENTED_EDGE('',*,*,#6484,.F.);
#4103=ORIENTED_EDGE('',*,*,#6485,.F.);
#4104=ORIENTED_EDGE('',*,*,#6486,.F.);
#4105=ORIENTED_EDGE('',*,*,#6487,.F.);
#4106=ORIENTED_EDGE('',*,*,#6488,.T.);
#4107=ORIENTED_EDGE('',*,*,#6489,.F.);
#4108=ORIENTED_EDGE('',*,*,#6490,.T.);
#4109=ORIENTED_EDGE('',*,*,#6491,.F.);
#4110=ORIENTED_EDGE('',*,*,#6492,.F.);
#4111=ORIENTED_EDGE('',*,*,#6493,.F.);
#4112=ORIENTED_EDGE('',*,*,#6494,.F.);
#4113=ORIENTED_EDGE('',*,*,#6495,.F.);
#4114=ORIENTED_EDGE('',*,*,#6496,.T.);
#4115=ORIENTED_EDGE('',*,*,#6497,.F.);
#4116=ORIENTED_EDGE('',*,*,#6498,.T.);
#4117=ORIENTED_EDGE('',*,*,#6499,.F.);
#4118=ORIENTED_EDGE('',*,*,#6500,.F.);
#4119=ORIENTED_EDGE('',*,*,#6501,.F.);
#4120=ORIENTED_EDGE('',*,*,#6502,.F.);
#4121=ORIENTED_EDGE('',*,*,#6503,.F.);
#4122=ORIENTED_EDGE('',*,*,#6504,.T.);
#4123=ORIENTED_EDGE('',*,*,#6505,.F.);
#4124=ORIENTED_EDGE('',*,*,#6506,.T.);
#4125=ORIENTED_EDGE('',*,*,#6507,.F.);
#4126=ORIENTED_EDGE('',*,*,#6508,.F.);
#4127=ORIENTED_EDGE('',*,*,#6509,.F.);
#4128=ORIENTED_EDGE('',*,*,#6510,.F.);
#4129=ORIENTED_EDGE('',*,*,#6511,.F.);
#4130=ORIENTED_EDGE('',*,*,#6512,.T.);
#4131=ORIENTED_EDGE('',*,*,#6513,.F.);
#4132=ORIENTED_EDGE('',*,*,#6514,.T.);
#4133=ORIENTED_EDGE('',*,*,#6515,.F.);
#4134=ORIENTED_EDGE('',*,*,#6516,.F.);
#4135=ORIENTED_EDGE('',*,*,#6517,.F.);
#4136=ORIENTED_EDGE('',*,*,#6518,.F.);
#4137=ORIENTED_EDGE('',*,*,#6519,.F.);
#4138=ORIENTED_EDGE('',*,*,#6520,.T.);
#4139=ORIENTED_EDGE('',*,*,#6521,.F.);
#4140=ORIENTED_EDGE('',*,*,#6522,.T.);
#4141=ORIENTED_EDGE('',*,*,#6523,.F.);
#4142=ORIENTED_EDGE('',*,*,#6524,.F.);
#4143=ORIENTED_EDGE('',*,*,#6525,.F.);
#4144=ORIENTED_EDGE('',*,*,#6526,.F.);
#4145=ORIENTED_EDGE('',*,*,#6527,.F.);
#4146=ORIENTED_EDGE('',*,*,#6528,.T.);
#4147=ORIENTED_EDGE('',*,*,#6529,.F.);
#4148=ORIENTED_EDGE('',*,*,#6530,.T.);
#4149=ORIENTED_EDGE('',*,*,#6531,.F.);
#4150=ORIENTED_EDGE('',*,*,#6532,.F.);
#4151=ORIENTED_EDGE('',*,*,#6533,.F.);
#4152=ORIENTED_EDGE('',*,*,#6534,.F.);
#4153=ORIENTED_EDGE('',*,*,#6535,.F.);
#4154=ORIENTED_EDGE('',*,*,#6536,.T.);
#4155=ORIENTED_EDGE('',*,*,#6537,.F.);
#4156=ORIENTED_EDGE('',*,*,#6538,.T.);
#4157=ORIENTED_EDGE('',*,*,#6539,.F.);
#4158=ORIENTED_EDGE('',*,*,#6540,.F.);
#4159=ORIENTED_EDGE('',*,*,#6541,.F.);
#4160=ORIENTED_EDGE('',*,*,#6542,.F.);
#4161=ORIENTED_EDGE('',*,*,#6543,.F.);
#4162=ORIENTED_EDGE('',*,*,#6544,.T.);
#4163=ORIENTED_EDGE('',*,*,#6545,.F.);
#4164=ORIENTED_EDGE('',*,*,#6546,.T.);
#4165=ORIENTED_EDGE('',*,*,#6547,.F.);
#4166=ORIENTED_EDGE('',*,*,#6548,.F.);
#4167=ORIENTED_EDGE('',*,*,#6549,.F.);
#4168=ORIENTED_EDGE('',*,*,#6550,.F.);
#4169=ORIENTED_EDGE('',*,*,#6551,.F.);
#4170=ORIENTED_EDGE('',*,*,#6552,.T.);
#4171=ORIENTED_EDGE('',*,*,#6553,.F.);
#4172=ORIENTED_EDGE('',*,*,#6554,.T.);
#4173=ORIENTED_EDGE('',*,*,#6555,.F.);
#4174=ORIENTED_EDGE('',*,*,#6556,.F.);
#4175=ORIENTED_EDGE('',*,*,#6557,.F.);
#4176=ORIENTED_EDGE('',*,*,#6558,.F.);
#4177=ORIENTED_EDGE('',*,*,#6559,.F.);
#4178=ORIENTED_EDGE('',*,*,#6560,.T.);
#4179=ORIENTED_EDGE('',*,*,#6561,.F.);
#4180=ORIENTED_EDGE('',*,*,#6562,.T.);
#4181=ORIENTED_EDGE('',*,*,#6563,.F.);
#4182=ORIENTED_EDGE('',*,*,#6564,.F.);
#4183=ORIENTED_EDGE('',*,*,#6565,.F.);
#4184=ORIENTED_EDGE('',*,*,#6566,.F.);
#4185=ORIENTED_EDGE('',*,*,#6567,.F.);
#4186=ORIENTED_EDGE('',*,*,#6568,.T.);
#4187=ORIENTED_EDGE('',*,*,#6569,.F.);
#4188=ORIENTED_EDGE('',*,*,#6570,.T.);
#4189=ORIENTED_EDGE('',*,*,#6571,.F.);
#4190=ORIENTED_EDGE('',*,*,#6572,.F.);
#4191=ORIENTED_EDGE('',*,*,#6573,.F.);
#4192=ORIENTED_EDGE('',*,*,#6574,.F.);
#4193=ORIENTED_EDGE('',*,*,#6575,.F.);
#4194=ORIENTED_EDGE('',*,*,#6576,.T.);
#4195=ORIENTED_EDGE('',*,*,#6577,.T.);
#4196=ORIENTED_EDGE('',*,*,#6578,.F.);
#4197=ORIENTED_EDGE('',*,*,#6579,.T.);
#4198=ORIENTED_EDGE('',*,*,#6580,.T.);
#4199=ORIENTED_EDGE('',*,*,#6581,.T.);
#4200=ORIENTED_EDGE('',*,*,#6582,.F.);
#4201=ORIENTED_EDGE('',*,*,#6583,.F.);
#4202=ORIENTED_EDGE('',*,*,#6584,.F.);
#4203=ORIENTED_EDGE('',*,*,#6585,.T.);
#4204=ORIENTED_EDGE('',*,*,#6586,.T.);
#4205=ORIENTED_EDGE('',*,*,#6587,.F.);
#4206=ORIENTED_EDGE('',*,*,#6588,.T.);
#4207=ORIENTED_EDGE('',*,*,#6589,.T.);
#4208=ORIENTED_EDGE('',*,*,#6590,.T.);
#4209=ORIENTED_EDGE('',*,*,#6591,.F.);
#4210=ORIENTED_EDGE('',*,*,#6592,.F.);
#4211=ORIENTED_EDGE('',*,*,#6593,.T.);
#4212=ORIENTED_EDGE('',*,*,#6594,.T.);
#4213=ORIENTED_EDGE('',*,*,#6595,.F.);
#4214=ORIENTED_EDGE('',*,*,#6596,.F.);
#4215=ORIENTED_EDGE('',*,*,#6597,.T.);
#4216=ORIENTED_EDGE('',*,*,#6598,.T.);
#4217=ORIENTED_EDGE('',*,*,#6599,.F.);
#4218=ORIENTED_EDGE('',*,*,#6600,.T.);
#4219=ORIENTED_EDGE('',*,*,#6601,.T.);
#4220=ORIENTED_EDGE('',*,*,#6596,.T.);
#4221=ORIENTED_EDGE('',*,*,#6602,.F.);
#4222=ORIENTED_EDGE('',*,*,#6603,.T.);
#4223=ORIENTED_EDGE('',*,*,#6604,.T.);
#4224=ORIENTED_EDGE('',*,*,#6605,.T.);
#4225=ORIENTED_EDGE('',*,*,#6606,.T.);
#4226=ORIENTED_EDGE('',*,*,#6409,.F.);
#4227=ORIENTED_EDGE('',*,*,#6607,.T.);
#4228=ORIENTED_EDGE('',*,*,#6410,.F.);
#4229=ORIENTED_EDGE('',*,*,#6608,.T.);
#4230=ORIENTED_EDGE('',*,*,#6411,.F.);
#4231=ORIENTED_EDGE('',*,*,#6609,.T.);
#4232=ORIENTED_EDGE('',*,*,#6412,.F.);
#4233=ORIENTED_EDGE('',*,*,#6610,.T.);
#4234=ORIENTED_EDGE('',*,*,#6413,.F.);
#4235=ORIENTED_EDGE('',*,*,#6611,.T.);
#4236=ORIENTED_EDGE('',*,*,#6408,.F.);
#4237=ORIENTED_EDGE('',*,*,#6612,.F.);
#4238=ORIENTED_EDGE('',*,*,#6613,.T.);
#4239=ORIENTED_EDGE('',*,*,#6614,.T.);
#4240=ORIENTED_EDGE('',*,*,#6615,.T.);
#4241=ORIENTED_EDGE('',*,*,#6616,.F.);
#4242=ORIENTED_EDGE('',*,*,#6617,.T.);
#4243=ORIENTED_EDGE('',*,*,#6618,.T.);
#4244=ORIENTED_EDGE('',*,*,#6619,.T.);
#4245=ORIENTED_EDGE('',*,*,#6620,.T.);
#4246=ORIENTED_EDGE('',*,*,#6621,.T.);
#4247=ORIENTED_EDGE('',*,*,#6622,.T.);
#4248=ORIENTED_EDGE('',*,*,#6623,.T.);
#4249=ORIENTED_EDGE('',*,*,#6624,.T.);
#4250=ORIENTED_EDGE('',*,*,#6625,.T.);
#4251=ORIENTED_EDGE('',*,*,#6626,.T.);
#4252=ORIENTED_EDGE('',*,*,#6627,.T.);
#4253=ORIENTED_EDGE('',*,*,#6628,.T.);
#4254=ORIENTED_EDGE('',*,*,#6629,.T.);
#4255=ORIENTED_EDGE('',*,*,#6630,.T.);
#4256=ORIENTED_EDGE('',*,*,#6631,.T.);
#4257=ORIENTED_EDGE('',*,*,#6632,.T.);
#4258=ORIENTED_EDGE('',*,*,#6633,.T.);
#4259=ORIENTED_EDGE('',*,*,#6634,.T.);
#4260=ORIENTED_EDGE('',*,*,#6635,.T.);
#4261=ORIENTED_EDGE('',*,*,#6636,.F.);
#4262=ORIENTED_EDGE('',*,*,#6584,.T.);
#4263=ORIENTED_EDGE('',*,*,#6637,.T.);
#4264=ORIENTED_EDGE('',*,*,#6406,.F.);
#4265=ORIENTED_EDGE('',*,*,#6638,.T.);
#4266=ORIENTED_EDGE('',*,*,#6361,.F.);
#4267=ORIENTED_EDGE('',*,*,#6364,.F.);
#4268=ORIENTED_EDGE('',*,*,#6367,.F.);
#4269=ORIENTED_EDGE('',*,*,#6639,.T.);
#4270=ORIENTED_EDGE('',*,*,#6640,.T.);
#4271=ORIENTED_EDGE('',*,*,#6641,.T.);
#4272=ORIENTED_EDGE('',*,*,#6371,.F.);
#4273=ORIENTED_EDGE('',*,*,#6374,.F.);
#4274=ORIENTED_EDGE('',*,*,#6377,.F.);
#4275=ORIENTED_EDGE('',*,*,#6642,.T.);
#4276=ORIENTED_EDGE('',*,*,#6597,.F.);
#4277=ORIENTED_EDGE('',*,*,#6601,.F.);
#4278=ORIENTED_EDGE('',*,*,#6643,.T.);
#4279=ORIENTED_EDGE('',*,*,#6380,.T.);
#4280=ORIENTED_EDGE('',*,*,#6400,.T.);
#4281=ORIENTED_EDGE('',*,*,#6384,.T.);
#4282=ORIENTED_EDGE('',*,*,#6398,.T.);
#4283=ORIENTED_EDGE('',*,*,#6388,.T.);
#4284=ORIENTED_EDGE('',*,*,#6644,.T.);
#4285=ORIENTED_EDGE('',*,*,#6393,.F.);
#4286=ORIENTED_EDGE('',*,*,#6396,.F.);
#4287=ORIENTED_EDGE('',*,*,#6645,.T.);
#4288=ORIENTED_EDGE('',*,*,#6604,.F.);
#4289=ORIENTED_EDGE('',*,*,#6646,.T.);
#4290=ORIENTED_EDGE('',*,*,#6647,.T.);
#4291=ORIENTED_EDGE('',*,*,#6648,.T.);
#4292=ORIENTED_EDGE('',*,*,#6589,.F.);
#4293=ORIENTED_EDGE('',*,*,#6649,.T.);
#4294=ORIENTED_EDGE('',*,*,#6357,.F.);
#4295=ORIENTED_EDGE('',*,*,#6403,.T.);
#4296=ORIENTED_EDGE('',*,*,#6650,.T.);
#4297=ORIENTED_EDGE('',*,*,#6593,.F.);
#4298=ORIENTED_EDGE('',*,*,#6610,.F.);
#4299=ORIENTED_EDGE('',*,*,#6609,.F.);
#4300=ORIENTED_EDGE('',*,*,#6608,.F.);
#4301=ORIENTED_EDGE('',*,*,#6607,.F.);
#4302=ORIENTED_EDGE('',*,*,#6606,.F.);
#4303=ORIENTED_EDGE('',*,*,#6611,.F.);
#4304=ORIENTED_EDGE('',*,*,#6651,.F.);
#4305=ORIENTED_EDGE('',*,*,#6652,.T.);
#4306=ORIENTED_EDGE('',*,*,#6653,.T.);
#4307=ORIENTED_EDGE('',*,*,#6654,.F.);
#4308=ORIENTED_EDGE('',*,*,#6653,.F.);
#4309=ORIENTED_EDGE('',*,*,#6655,.T.);
#4310=ORIENTED_EDGE('',*,*,#6656,.T.);
#4311=ORIENTED_EDGE('',*,*,#6657,.F.);
#4312=ORIENTED_EDGE('',*,*,#6656,.F.);
#4313=ORIENTED_EDGE('',*,*,#6658,.T.);
#4314=ORIENTED_EDGE('',*,*,#6659,.T.);
#4315=ORIENTED_EDGE('',*,*,#6660,.F.);
#4316=ORIENTED_EDGE('',*,*,#6659,.F.);
#4317=ORIENTED_EDGE('',*,*,#6661,.T.);
#4318=ORIENTED_EDGE('',*,*,#6662,.T.);
#4319=ORIENTED_EDGE('',*,*,#6663,.F.);
#4320=ORIENTED_EDGE('',*,*,#6662,.F.);
#4321=ORIENTED_EDGE('',*,*,#6664,.T.);
#4322=ORIENTED_EDGE('',*,*,#6665,.T.);
#4323=ORIENTED_EDGE('',*,*,#6666,.F.);
#4324=ORIENTED_EDGE('',*,*,#6665,.F.);
#4325=ORIENTED_EDGE('',*,*,#6667,.T.);
#4326=ORIENTED_EDGE('',*,*,#6668,.F.);
#4327=ORIENTED_EDGE('',*,*,#6669,.F.);
#4328=ORIENTED_EDGE('',*,*,#6581,.F.);
#4329=ORIENTED_EDGE('',*,*,#6670,.T.);
#4330=ORIENTED_EDGE('',*,*,#6671,.T.);
#4331=ORIENTED_EDGE('',*,*,#6672,.F.);
#4332=ORIENTED_EDGE('',*,*,#6671,.F.);
#4333=ORIENTED_EDGE('',*,*,#6673,.T.);
#4334=ORIENTED_EDGE('',*,*,#6674,.T.);
#4335=ORIENTED_EDGE('',*,*,#6675,.F.);
#4336=ORIENTED_EDGE('',*,*,#6674,.F.);
#4337=ORIENTED_EDGE('',*,*,#6676,.T.);
#4338=ORIENTED_EDGE('',*,*,#6677,.T.);
#4339=ORIENTED_EDGE('',*,*,#6678,.F.);
#4340=ORIENTED_EDGE('',*,*,#6677,.F.);
#4341=ORIENTED_EDGE('',*,*,#6679,.T.);
#4342=ORIENTED_EDGE('',*,*,#6680,.T.);
#4343=ORIENTED_EDGE('',*,*,#6681,.F.);
#4344=ORIENTED_EDGE('',*,*,#6680,.F.);
#4345=ORIENTED_EDGE('',*,*,#6682,.T.);
#4346=ORIENTED_EDGE('',*,*,#6683,.T.);
#4347=ORIENTED_EDGE('',*,*,#6684,.F.);
#4348=ORIENTED_EDGE('',*,*,#6683,.F.);
#4349=ORIENTED_EDGE('',*,*,#6685,.T.);
#4350=ORIENTED_EDGE('',*,*,#6686,.T.);
#4351=ORIENTED_EDGE('',*,*,#6687,.F.);
#4352=ORIENTED_EDGE('',*,*,#6686,.F.);
#4353=ORIENTED_EDGE('',*,*,#6688,.T.);
#4354=ORIENTED_EDGE('',*,*,#6689,.T.);
#4355=ORIENTED_EDGE('',*,*,#6690,.F.);
#4356=ORIENTED_EDGE('',*,*,#6689,.F.);
#4357=ORIENTED_EDGE('',*,*,#6691,.T.);
#4358=ORIENTED_EDGE('',*,*,#6692,.T.);
#4359=ORIENTED_EDGE('',*,*,#6693,.F.);
#4360=ORIENTED_EDGE('',*,*,#6692,.F.);
#4361=ORIENTED_EDGE('',*,*,#6694,.T.);
#4362=ORIENTED_EDGE('',*,*,#6695,.T.);
#4363=ORIENTED_EDGE('',*,*,#6696,.F.);
#4364=ORIENTED_EDGE('',*,*,#6695,.F.);
#4365=ORIENTED_EDGE('',*,*,#6697,.T.);
#4366=ORIENTED_EDGE('',*,*,#6698,.T.);
#4367=ORIENTED_EDGE('',*,*,#6699,.F.);
#4368=ORIENTED_EDGE('',*,*,#6698,.F.);
#4369=ORIENTED_EDGE('',*,*,#6700,.T.);
#4370=ORIENTED_EDGE('',*,*,#6701,.T.);
#4371=ORIENTED_EDGE('',*,*,#6702,.F.);
#4372=ORIENTED_EDGE('',*,*,#6701,.F.);
#4373=ORIENTED_EDGE('',*,*,#6703,.T.);
#4374=ORIENTED_EDGE('',*,*,#6704,.T.);
#4375=ORIENTED_EDGE('',*,*,#6705,.F.);
#4376=ORIENTED_EDGE('',*,*,#6630,.F.);
#4377=ORIENTED_EDGE('',*,*,#6706,.T.);
#4378=ORIENTED_EDGE('',*,*,#6707,.T.);
#4379=ORIENTED_EDGE('',*,*,#6708,.F.);
#4380=ORIENTED_EDGE('',*,*,#6629,.F.);
#4381=ORIENTED_EDGE('',*,*,#6709,.T.);
#4382=ORIENTED_EDGE('',*,*,#6710,.T.);
#4383=ORIENTED_EDGE('',*,*,#6706,.F.);
#4384=ORIENTED_EDGE('',*,*,#6628,.F.);
#4385=ORIENTED_EDGE('',*,*,#6711,.T.);
#4386=ORIENTED_EDGE('',*,*,#6712,.T.);
#4387=ORIENTED_EDGE('',*,*,#6709,.F.);
#4388=ORIENTED_EDGE('',*,*,#6627,.F.);
#4389=ORIENTED_EDGE('',*,*,#6713,.T.);
#4390=ORIENTED_EDGE('',*,*,#6714,.T.);
#4391=ORIENTED_EDGE('',*,*,#6711,.F.);
#4392=ORIENTED_EDGE('',*,*,#6626,.F.);
#4393=ORIENTED_EDGE('',*,*,#6715,.T.);
#4394=ORIENTED_EDGE('',*,*,#6716,.T.);
#4395=ORIENTED_EDGE('',*,*,#6713,.F.);
#4396=ORIENTED_EDGE('',*,*,#6625,.F.);
#4397=ORIENTED_EDGE('',*,*,#6717,.T.);
#4398=ORIENTED_EDGE('',*,*,#6718,.T.);
#4399=ORIENTED_EDGE('',*,*,#6715,.F.);
#4400=ORIENTED_EDGE('',*,*,#6624,.F.);
#4401=ORIENTED_EDGE('',*,*,#6719,.T.);
#4402=ORIENTED_EDGE('',*,*,#6720,.T.);
#4403=ORIENTED_EDGE('',*,*,#6717,.F.);
#4404=ORIENTED_EDGE('',*,*,#6623,.F.);
#4405=ORIENTED_EDGE('',*,*,#6721,.T.);
#4406=ORIENTED_EDGE('',*,*,#6722,.T.);
#4407=ORIENTED_EDGE('',*,*,#6719,.F.);
#4408=ORIENTED_EDGE('',*,*,#6622,.F.);
#4409=ORIENTED_EDGE('',*,*,#6723,.T.);
#4410=ORIENTED_EDGE('',*,*,#6724,.T.);
#4411=ORIENTED_EDGE('',*,*,#6721,.F.);
#4412=ORIENTED_EDGE('',*,*,#6621,.F.);
#4413=ORIENTED_EDGE('',*,*,#6725,.T.);
#4414=ORIENTED_EDGE('',*,*,#6726,.T.);
#4415=ORIENTED_EDGE('',*,*,#6723,.F.);
#4416=ORIENTED_EDGE('',*,*,#6620,.F.);
#4417=ORIENTED_EDGE('',*,*,#6727,.T.);
#4418=ORIENTED_EDGE('',*,*,#6728,.T.);
#4419=ORIENTED_EDGE('',*,*,#6725,.F.);
#4420=ORIENTED_EDGE('',*,*,#6619,.F.);
#4421=ORIENTED_EDGE('',*,*,#6729,.T.);
#4422=ORIENTED_EDGE('',*,*,#6730,.T.);
#4423=ORIENTED_EDGE('',*,*,#6727,.F.);
#4424=ORIENTED_EDGE('',*,*,#6618,.F.);
#4425=ORIENTED_EDGE('',*,*,#6731,.T.);
#4426=ORIENTED_EDGE('',*,*,#6732,.T.);
#4427=ORIENTED_EDGE('',*,*,#6729,.F.);
#4428=ORIENTED_EDGE('',*,*,#6617,.F.);
#4429=ORIENTED_EDGE('',*,*,#6733,.T.);
#4430=ORIENTED_EDGE('',*,*,#6734,.T.);
#4431=ORIENTED_EDGE('',*,*,#6731,.F.);
#4432=ORIENTED_EDGE('',*,*,#6735,.T.);
#4433=ORIENTED_EDGE('',*,*,#6736,.T.);
#4434=ORIENTED_EDGE('',*,*,#6615,.F.);
#4435=ORIENTED_EDGE('',*,*,#6737,.T.);
#4436=ORIENTED_EDGE('',*,*,#6614,.F.);
#4437=ORIENTED_EDGE('',*,*,#6738,.T.);
#4438=ORIENTED_EDGE('',*,*,#6739,.T.);
#4439=ORIENTED_EDGE('',*,*,#6737,.F.);
#4440=ORIENTED_EDGE('',*,*,#6613,.F.);
#4441=ORIENTED_EDGE('',*,*,#6740,.T.);
#4442=ORIENTED_EDGE('',*,*,#6741,.T.);
#4443=ORIENTED_EDGE('',*,*,#6738,.F.);
#4444=ORIENTED_EDGE('',*,*,#6742,.T.);
#4445=ORIENTED_EDGE('',*,*,#6743,.T.);
#4446=ORIENTED_EDGE('',*,*,#6635,.F.);
#4447=ORIENTED_EDGE('',*,*,#6744,.T.);
#4448=ORIENTED_EDGE('',*,*,#6634,.F.);
#4449=ORIENTED_EDGE('',*,*,#6745,.T.);
#4450=ORIENTED_EDGE('',*,*,#6746,.T.);
#4451=ORIENTED_EDGE('',*,*,#6744,.F.);
#4452=ORIENTED_EDGE('',*,*,#6633,.F.);
#4453=ORIENTED_EDGE('',*,*,#6747,.T.);
#4454=ORIENTED_EDGE('',*,*,#6748,.T.);
#4455=ORIENTED_EDGE('',*,*,#6745,.F.);
#4456=ORIENTED_EDGE('',*,*,#6632,.F.);
#4457=ORIENTED_EDGE('',*,*,#6749,.T.);
#4458=ORIENTED_EDGE('',*,*,#6750,.T.);
#4459=ORIENTED_EDGE('',*,*,#6747,.F.);
#4460=ORIENTED_EDGE('',*,*,#6631,.F.);
#4461=ORIENTED_EDGE('',*,*,#6708,.T.);
#4462=ORIENTED_EDGE('',*,*,#6751,.T.);
#4463=ORIENTED_EDGE('',*,*,#6749,.F.);
#4464=ORIENTED_EDGE('',*,*,#6704,.F.);
#4465=ORIENTED_EDGE('',*,*,#6752,.T.);
#4466=ORIENTED_EDGE('',*,*,#6651,.T.);
#4467=ORIENTED_EDGE('',*,*,#6753,.F.);
#4468=ORIENTED_EDGE('',*,*,#6754,.F.);
#4469=ORIENTED_EDGE('',*,*,#6582,.T.);
#4470=ORIENTED_EDGE('',*,*,#6672,.T.);
#4471=ORIENTED_EDGE('',*,*,#6675,.T.);
#4472=ORIENTED_EDGE('',*,*,#6678,.T.);
#4473=ORIENTED_EDGE('',*,*,#6681,.T.);
#4474=ORIENTED_EDGE('',*,*,#6684,.T.);
#4475=ORIENTED_EDGE('',*,*,#6687,.T.);
#4476=ORIENTED_EDGE('',*,*,#6690,.T.);
#4477=ORIENTED_EDGE('',*,*,#6693,.T.);
#4478=ORIENTED_EDGE('',*,*,#6696,.T.);
#4479=ORIENTED_EDGE('',*,*,#6699,.T.);
#4480=ORIENTED_EDGE('',*,*,#6702,.T.);
#4481=ORIENTED_EDGE('',*,*,#6705,.T.);
#4482=ORIENTED_EDGE('',*,*,#6753,.T.);
#4483=ORIENTED_EDGE('',*,*,#6654,.T.);
#4484=ORIENTED_EDGE('',*,*,#6657,.T.);
#4485=ORIENTED_EDGE('',*,*,#6660,.T.);
#4486=ORIENTED_EDGE('',*,*,#6663,.T.);
#4487=ORIENTED_EDGE('',*,*,#6666,.T.);
#4488=ORIENTED_EDGE('',*,*,#6669,.T.);
#4489=ORIENTED_EDGE('',*,*,#6755,.T.);
#4490=ORIENTED_EDGE('',*,*,#6586,.F.);
#4491=ORIENTED_EDGE('',*,*,#6756,.F.);
#4492=ORIENTED_EDGE('',*,*,#6742,.F.);
#4493=ORIENTED_EDGE('',*,*,#6746,.F.);
#4494=ORIENTED_EDGE('',*,*,#6748,.F.);
#4495=ORIENTED_EDGE('',*,*,#6750,.F.);
#4496=ORIENTED_EDGE('',*,*,#6751,.F.);
#4497=ORIENTED_EDGE('',*,*,#6707,.F.);
#4498=ORIENTED_EDGE('',*,*,#6710,.F.);
#4499=ORIENTED_EDGE('',*,*,#6712,.F.);
#4500=ORIENTED_EDGE('',*,*,#6714,.F.);
#4501=ORIENTED_EDGE('',*,*,#6716,.F.);
#4502=ORIENTED_EDGE('',*,*,#6718,.F.);
#4503=ORIENTED_EDGE('',*,*,#6720,.F.);
#4504=ORIENTED_EDGE('',*,*,#6722,.F.);
#4505=ORIENTED_EDGE('',*,*,#6724,.F.);
#4506=ORIENTED_EDGE('',*,*,#6726,.F.);
#4507=ORIENTED_EDGE('',*,*,#6728,.F.);
#4508=ORIENTED_EDGE('',*,*,#6730,.F.);
#4509=ORIENTED_EDGE('',*,*,#6732,.F.);
#4510=ORIENTED_EDGE('',*,*,#6734,.F.);
#4511=ORIENTED_EDGE('',*,*,#6757,.F.);
#4512=ORIENTED_EDGE('',*,*,#6735,.F.);
#4513=ORIENTED_EDGE('',*,*,#6739,.F.);
#4514=ORIENTED_EDGE('',*,*,#6741,.F.);
#4515=ORIENTED_EDGE('',*,*,#6758,.F.);
#4516=ORIENTED_EDGE('',*,*,#6759,.F.);
#4517=ORIENTED_EDGE('',*,*,#6760,.F.);
#4518=ORIENTED_EDGE('',*,*,#6761,.F.);
#4519=ORIENTED_EDGE('',*,*,#6761,.T.);
#4520=ORIENTED_EDGE('',*,*,#6445,.T.);
#4521=ORIENTED_EDGE('',*,*,#6762,.T.);
#4522=ORIENTED_EDGE('',*,*,#6760,.T.);
#4523=ORIENTED_EDGE('',*,*,#6416,.T.);
#4524=ORIENTED_EDGE('',*,*,#6763,.T.);
#4525=ORIENTED_EDGE('',*,*,#6759,.T.);
#4526=ORIENTED_EDGE('',*,*,#6421,.T.);
#4527=ORIENTED_EDGE('',*,*,#6764,.T.);
#4528=ORIENTED_EDGE('',*,*,#6758,.T.);
#4529=ORIENTED_EDGE('',*,*,#6425,.T.);
#4530=ORIENTED_EDGE('',*,*,#6765,.T.);
#4531=ORIENTED_EDGE('',*,*,#6616,.T.);
#4532=ORIENTED_EDGE('',*,*,#6736,.F.);
#4533=ORIENTED_EDGE('',*,*,#6757,.T.);
#4534=ORIENTED_EDGE('',*,*,#6733,.F.);
#4535=ORIENTED_EDGE('',*,*,#6766,.T.);
#4536=ORIENTED_EDGE('',*,*,#6767,.T.);
#4537=ORIENTED_EDGE('',*,*,#6429,.T.);
#4538=ORIENTED_EDGE('',*,*,#6636,.T.);
#4539=ORIENTED_EDGE('',*,*,#6743,.F.);
#4540=ORIENTED_EDGE('',*,*,#6756,.T.);
#4541=ORIENTED_EDGE('',*,*,#6585,.F.);
#4542=ORIENTED_EDGE('',*,*,#6768,.T.);
#4543=ORIENTED_EDGE('',*,*,#6769,.T.);
#4544=ORIENTED_EDGE('',*,*,#6437,.T.);
#4545=ORIENTED_EDGE('',*,*,#6770,.T.);
#4546=ORIENTED_EDGE('',*,*,#6771,.T.);
#4547=ORIENTED_EDGE('',*,*,#6590,.F.);
#4548=ORIENTED_EDGE('',*,*,#6648,.F.);
#4549=ORIENTED_EDGE('',*,*,#6588,.F.);
#4550=ORIENTED_EDGE('',*,*,#6772,.T.);
#4551=ORIENTED_EDGE('',*,*,#6354,.F.);
#4552=ORIENTED_EDGE('',*,*,#6649,.F.);
#4553=ORIENTED_EDGE('',*,*,#6402,.T.);
#4554=ORIENTED_EDGE('',*,*,#6773,.T.);
#4555=ORIENTED_EDGE('',*,*,#6594,.F.);
#4556=ORIENTED_EDGE('',*,*,#6650,.F.);
#4557=ORIENTED_EDGE('',*,*,#6405,.F.);
#4558=ORIENTED_EDGE('',*,*,#6774,.T.);
#4559=ORIENTED_EDGE('',*,*,#6358,.F.);
#4560=ORIENTED_EDGE('',*,*,#6638,.F.);
#4561=ORIENTED_EDGE('',*,*,#6366,.F.);
#4562=ORIENTED_EDGE('',*,*,#6775,.T.);
#4563=ORIENTED_EDGE('',*,*,#6776,.T.);
#4564=ORIENTED_EDGE('',*,*,#6639,.F.);
#4565=ORIENTED_EDGE('',*,*,#6777,.T.);
#4566=ORIENTED_EDGE('',*,*,#6778,.T.);
#4567=ORIENTED_EDGE('',*,*,#6368,.F.);
#4568=ORIENTED_EDGE('',*,*,#6641,.F.);
#4569=ORIENTED_EDGE('',*,*,#6376,.F.);
#4570=ORIENTED_EDGE('',*,*,#6779,.T.);
#4571=ORIENTED_EDGE('',*,*,#6598,.F.);
#4572=ORIENTED_EDGE('',*,*,#6642,.F.);
#4573=ORIENTED_EDGE('',*,*,#6603,.F.);
#4574=ORIENTED_EDGE('',*,*,#6780,.T.);
#4575=ORIENTED_EDGE('',*,*,#6781,.T.);
#4576=ORIENTED_EDGE('',*,*,#6646,.F.);
#4577=ORIENTED_EDGE('',*,*,#6395,.F.);
#4578=ORIENTED_EDGE('',*,*,#6782,.T.);
#4579=ORIENTED_EDGE('',*,*,#6605,.F.);
#4580=ORIENTED_EDGE('',*,*,#6645,.F.);
#4581=ORIENTED_EDGE('',*,*,#6387,.F.);
#4582=ORIENTED_EDGE('',*,*,#6783,.T.);
#4583=ORIENTED_EDGE('',*,*,#6390,.F.);
#4584=ORIENTED_EDGE('',*,*,#6644,.F.);
#4585=ORIENTED_EDGE('',*,*,#6600,.F.);
#4586=ORIENTED_EDGE('',*,*,#6784,.T.);
#4587=ORIENTED_EDGE('',*,*,#6381,.F.);
#4588=ORIENTED_EDGE('',*,*,#6643,.F.);
#4589=ORIENTED_EDGE('',*,*,#6785,.F.);
#4590=ORIENTED_EDGE('',*,*,#6770,.F.);
#4591=ORIENTED_EDGE('',*,*,#6647,.F.);
#4592=ORIENTED_EDGE('',*,*,#6781,.F.);
#4593=ORIENTED_EDGE('',*,*,#6786,.F.);
#4594=ORIENTED_EDGE('',*,*,#6777,.F.);
#4595=ORIENTED_EDGE('',*,*,#6640,.F.);
#4596=ORIENTED_EDGE('',*,*,#6776,.F.);
#4597=ORIENTED_EDGE('',*,*,#6668,.T.);
#4598=ORIENTED_EDGE('',*,*,#6787,.T.);
#4599=ORIENTED_EDGE('',*,*,#6435,.F.);
#4600=ORIENTED_EDGE('',*,*,#6788,.F.);
#4601=ORIENTED_EDGE('',*,*,#6407,.F.);
#4602=ORIENTED_EDGE('',*,*,#6637,.F.);
#4603=ORIENTED_EDGE('',*,*,#6583,.T.);
#4604=ORIENTED_EDGE('',*,*,#6755,.F.);
#4605=ORIENTED_EDGE('',*,*,#6433,.T.);
#4606=ORIENTED_EDGE('',*,*,#6789,.T.);
#4607=ORIENTED_EDGE('',*,*,#6579,.F.);
#4608=ORIENTED_EDGE('',*,*,#6754,.T.);
#4609=ORIENTED_EDGE('',*,*,#6740,.F.);
#4610=ORIENTED_EDGE('',*,*,#6612,.T.);
#4611=ORIENTED_EDGE('',*,*,#6592,.T.);
#4612=ORIENTED_EDGE('',*,*,#6790,.T.);
#4613=ORIENTED_EDGE('',*,*,#6791,.F.);
#4614=ORIENTED_EDGE('',*,*,#6788,.T.);
#4615=ORIENTED_EDGE('',*,*,#6434,.T.);
#4616=ORIENTED_EDGE('',*,*,#6790,.F.);
#4617=ORIENTED_EDGE('',*,*,#6575,.T.);
#4618=ORIENTED_EDGE('',*,*,#6792,.F.);
#4619=ORIENTED_EDGE('',*,*,#6793,.F.);
#4620=ORIENTED_EDGE('',*,*,#6794,.T.);
#4621=ORIENTED_EDGE('',*,*,#6576,.F.);
#4622=ORIENTED_EDGE('',*,*,#6794,.F.);
#4623=ORIENTED_EDGE('',*,*,#6795,.T.);
#4624=ORIENTED_EDGE('',*,*,#6796,.T.);
#4625=ORIENTED_EDGE('',*,*,#6577,.F.);
#4626=ORIENTED_EDGE('',*,*,#6796,.F.);
#4627=ORIENTED_EDGE('',*,*,#6797,.T.);
#4628=ORIENTED_EDGE('',*,*,#6798,.T.);
#4629=ORIENTED_EDGE('',*,*,#6567,.T.);
#4630=ORIENTED_EDGE('',*,*,#6799,.F.);
#4631=ORIENTED_EDGE('',*,*,#6800,.F.);
#4632=ORIENTED_EDGE('',*,*,#6801,.T.);
#4633=ORIENTED_EDGE('',*,*,#6568,.F.);
#4634=ORIENTED_EDGE('',*,*,#6801,.F.);
#4635=ORIENTED_EDGE('',*,*,#6802,.T.);
#4636=ORIENTED_EDGE('',*,*,#6803,.T.);
#4637=ORIENTED_EDGE('',*,*,#6569,.T.);
#4638=ORIENTED_EDGE('',*,*,#6803,.F.);
#4639=ORIENTED_EDGE('',*,*,#6804,.F.);
#4640=ORIENTED_EDGE('',*,*,#6805,.T.);
#4641=ORIENTED_EDGE('',*,*,#6570,.F.);
#4642=ORIENTED_EDGE('',*,*,#6805,.F.);
#4643=ORIENTED_EDGE('',*,*,#6806,.T.);
#4644=ORIENTED_EDGE('',*,*,#6807,.T.);
#4645=ORIENTED_EDGE('',*,*,#6571,.T.);
#4646=ORIENTED_EDGE('',*,*,#6807,.F.);
#4647=ORIENTED_EDGE('',*,*,#6808,.F.);
#4648=ORIENTED_EDGE('',*,*,#6809,.T.);
#4649=ORIENTED_EDGE('',*,*,#6572,.T.);
#4650=ORIENTED_EDGE('',*,*,#6809,.F.);
#4651=ORIENTED_EDGE('',*,*,#6810,.F.);
#4652=ORIENTED_EDGE('',*,*,#6811,.T.);
#4653=ORIENTED_EDGE('',*,*,#6573,.T.);
#4654=ORIENTED_EDGE('',*,*,#6811,.F.);
#4655=ORIENTED_EDGE('',*,*,#6812,.F.);
#4656=ORIENTED_EDGE('',*,*,#6813,.T.);
#4657=ORIENTED_EDGE('',*,*,#6559,.T.);
#4658=ORIENTED_EDGE('',*,*,#6814,.F.);
#4659=ORIENTED_EDGE('',*,*,#6815,.F.);
#4660=ORIENTED_EDGE('',*,*,#6816,.T.);
#4661=ORIENTED_EDGE('',*,*,#6560,.F.);
#4662=ORIENTED_EDGE('',*,*,#6816,.F.);
#4663=ORIENTED_EDGE('',*,*,#6817,.T.);
#4664=ORIENTED_EDGE('',*,*,#6818,.T.);
#4665=ORIENTED_EDGE('',*,*,#6561,.T.);
#4666=ORIENTED_EDGE('',*,*,#6818,.F.);
#4667=ORIENTED_EDGE('',*,*,#6819,.F.);
#4668=ORIENTED_EDGE('',*,*,#6820,.T.);
#4669=ORIENTED_EDGE('',*,*,#6562,.F.);
#4670=ORIENTED_EDGE('',*,*,#6820,.F.);
#4671=ORIENTED_EDGE('',*,*,#6821,.T.);
#4672=ORIENTED_EDGE('',*,*,#6822,.T.);
#4673=ORIENTED_EDGE('',*,*,#6563,.T.);
#4674=ORIENTED_EDGE('',*,*,#6822,.F.);
#4675=ORIENTED_EDGE('',*,*,#6823,.F.);
#4676=ORIENTED_EDGE('',*,*,#6824,.T.);
#4677=ORIENTED_EDGE('',*,*,#6564,.T.);
#4678=ORIENTED_EDGE('',*,*,#6824,.F.);
#4679=ORIENTED_EDGE('',*,*,#6825,.F.);
#4680=ORIENTED_EDGE('',*,*,#6826,.T.);
#4681=ORIENTED_EDGE('',*,*,#6565,.T.);
#4682=ORIENTED_EDGE('',*,*,#6826,.F.);
#4683=ORIENTED_EDGE('',*,*,#6827,.F.);
#4684=ORIENTED_EDGE('',*,*,#6828,.T.);
#4685=ORIENTED_EDGE('',*,*,#6551,.T.);
#4686=ORIENTED_EDGE('',*,*,#6829,.F.);
#4687=ORIENTED_EDGE('',*,*,#6830,.F.);
#4688=ORIENTED_EDGE('',*,*,#6831,.T.);
#4689=ORIENTED_EDGE('',*,*,#6552,.F.);
#4690=ORIENTED_EDGE('',*,*,#6831,.F.);
#4691=ORIENTED_EDGE('',*,*,#6832,.T.);
#4692=ORIENTED_EDGE('',*,*,#6833,.T.);
#4693=ORIENTED_EDGE('',*,*,#6553,.T.);
#4694=ORIENTED_EDGE('',*,*,#6833,.F.);
#4695=ORIENTED_EDGE('',*,*,#6834,.F.);
#4696=ORIENTED_EDGE('',*,*,#6835,.T.);
#4697=ORIENTED_EDGE('',*,*,#6554,.F.);
#4698=ORIENTED_EDGE('',*,*,#6835,.F.);
#4699=ORIENTED_EDGE('',*,*,#6836,.T.);
#4700=ORIENTED_EDGE('',*,*,#6837,.T.);
#4701=ORIENTED_EDGE('',*,*,#6555,.T.);
#4702=ORIENTED_EDGE('',*,*,#6837,.F.);
#4703=ORIENTED_EDGE('',*,*,#6838,.F.);
#4704=ORIENTED_EDGE('',*,*,#6839,.T.);
#4705=ORIENTED_EDGE('',*,*,#6556,.T.);
#4706=ORIENTED_EDGE('',*,*,#6839,.F.);
#4707=ORIENTED_EDGE('',*,*,#6840,.F.);
#4708=ORIENTED_EDGE('',*,*,#6841,.T.);
#4709=ORIENTED_EDGE('',*,*,#6557,.T.);
#4710=ORIENTED_EDGE('',*,*,#6841,.F.);
#4711=ORIENTED_EDGE('',*,*,#6842,.F.);
#4712=ORIENTED_EDGE('',*,*,#6843,.T.);
#4713=ORIENTED_EDGE('',*,*,#6543,.T.);
#4714=ORIENTED_EDGE('',*,*,#6844,.F.);
#4715=ORIENTED_EDGE('',*,*,#6845,.F.);
#4716=ORIENTED_EDGE('',*,*,#6846,.T.);
#4717=ORIENTED_EDGE('',*,*,#6544,.F.);
#4718=ORIENTED_EDGE('',*,*,#6846,.F.);
#4719=ORIENTED_EDGE('',*,*,#6847,.T.);
#4720=ORIENTED_EDGE('',*,*,#6848,.T.);
#4721=ORIENTED_EDGE('',*,*,#6545,.T.);
#4722=ORIENTED_EDGE('',*,*,#6848,.F.);
#4723=ORIENTED_EDGE('',*,*,#6849,.F.);
#4724=ORIENTED_EDGE('',*,*,#6850,.T.);
#4725=ORIENTED_EDGE('',*,*,#6546,.F.);
#4726=ORIENTED_EDGE('',*,*,#6850,.F.);
#4727=ORIENTED_EDGE('',*,*,#6851,.T.);
#4728=ORIENTED_EDGE('',*,*,#6852,.T.);
#4729=ORIENTED_EDGE('',*,*,#6547,.T.);
#4730=ORIENTED_EDGE('',*,*,#6852,.F.);
#4731=ORIENTED_EDGE('',*,*,#6853,.F.);
#4732=ORIENTED_EDGE('',*,*,#6854,.T.);
#4733=ORIENTED_EDGE('',*,*,#6548,.T.);
#4734=ORIENTED_EDGE('',*,*,#6854,.F.);
#4735=ORIENTED_EDGE('',*,*,#6855,.F.);
#4736=ORIENTED_EDGE('',*,*,#6856,.T.);
#4737=ORIENTED_EDGE('',*,*,#6549,.T.);
#4738=ORIENTED_EDGE('',*,*,#6856,.F.);
#4739=ORIENTED_EDGE('',*,*,#6857,.F.);
#4740=ORIENTED_EDGE('',*,*,#6858,.T.);
#4741=ORIENTED_EDGE('',*,*,#6535,.T.);
#4742=ORIENTED_EDGE('',*,*,#6859,.F.);
#4743=ORIENTED_EDGE('',*,*,#6860,.F.);
#4744=ORIENTED_EDGE('',*,*,#6861,.T.);
#4745=ORIENTED_EDGE('',*,*,#6536,.F.);
#4746=ORIENTED_EDGE('',*,*,#6861,.F.);
#4747=ORIENTED_EDGE('',*,*,#6862,.T.);
#4748=ORIENTED_EDGE('',*,*,#6863,.T.);
#4749=ORIENTED_EDGE('',*,*,#6537,.T.);
#4750=ORIENTED_EDGE('',*,*,#6863,.F.);
#4751=ORIENTED_EDGE('',*,*,#6864,.F.);
#4752=ORIENTED_EDGE('',*,*,#6865,.T.);
#4753=ORIENTED_EDGE('',*,*,#6538,.F.);
#4754=ORIENTED_EDGE('',*,*,#6865,.F.);
#4755=ORIENTED_EDGE('',*,*,#6866,.T.);
#4756=ORIENTED_EDGE('',*,*,#6867,.T.);
#4757=ORIENTED_EDGE('',*,*,#6539,.T.);
#4758=ORIENTED_EDGE('',*,*,#6867,.F.);
#4759=ORIENTED_EDGE('',*,*,#6868,.F.);
#4760=ORIENTED_EDGE('',*,*,#6869,.T.);
#4761=ORIENTED_EDGE('',*,*,#6540,.T.);
#4762=ORIENTED_EDGE('',*,*,#6869,.F.);
#4763=ORIENTED_EDGE('',*,*,#6870,.F.);
#4764=ORIENTED_EDGE('',*,*,#6871,.T.);
#4765=ORIENTED_EDGE('',*,*,#6541,.T.);
#4766=ORIENTED_EDGE('',*,*,#6871,.F.);
#4767=ORIENTED_EDGE('',*,*,#6872,.F.);
#4768=ORIENTED_EDGE('',*,*,#6873,.T.);
#4769=ORIENTED_EDGE('',*,*,#6527,.T.);
#4770=ORIENTED_EDGE('',*,*,#6874,.F.);
#4771=ORIENTED_EDGE('',*,*,#6875,.F.);
#4772=ORIENTED_EDGE('',*,*,#6876,.T.);
#4773=ORIENTED_EDGE('',*,*,#6528,.F.);
#4774=ORIENTED_EDGE('',*,*,#6876,.F.);
#4775=ORIENTED_EDGE('',*,*,#6877,.T.);
#4776=ORIENTED_EDGE('',*,*,#6878,.T.);
#4777=ORIENTED_EDGE('',*,*,#6529,.T.);
#4778=ORIENTED_EDGE('',*,*,#6878,.F.);
#4779=ORIENTED_EDGE('',*,*,#6879,.F.);
#4780=ORIENTED_EDGE('',*,*,#6880,.T.);
#4781=ORIENTED_EDGE('',*,*,#6530,.F.);
#4782=ORIENTED_EDGE('',*,*,#6880,.F.);
#4783=ORIENTED_EDGE('',*,*,#6881,.T.);
#4784=ORIENTED_EDGE('',*,*,#6882,.T.);
#4785=ORIENTED_EDGE('',*,*,#6531,.T.);
#4786=ORIENTED_EDGE('',*,*,#6882,.F.);
#4787=ORIENTED_EDGE('',*,*,#6883,.F.);
#4788=ORIENTED_EDGE('',*,*,#6884,.T.);
#4789=ORIENTED_EDGE('',*,*,#6532,.T.);
#4790=ORIENTED_EDGE('',*,*,#6884,.F.);
#4791=ORIENTED_EDGE('',*,*,#6885,.F.);
#4792=ORIENTED_EDGE('',*,*,#6886,.T.);
#4793=ORIENTED_EDGE('',*,*,#6533,.T.);
#4794=ORIENTED_EDGE('',*,*,#6886,.F.);
#4795=ORIENTED_EDGE('',*,*,#6887,.F.);
#4796=ORIENTED_EDGE('',*,*,#6888,.T.);
#4797=ORIENTED_EDGE('',*,*,#6519,.T.);
#4798=ORIENTED_EDGE('',*,*,#6889,.F.);
#4799=ORIENTED_EDGE('',*,*,#6890,.F.);
#4800=ORIENTED_EDGE('',*,*,#6891,.T.);
#4801=ORIENTED_EDGE('',*,*,#6520,.F.);
#4802=ORIENTED_EDGE('',*,*,#6891,.F.);
#4803=ORIENTED_EDGE('',*,*,#6892,.T.);
#4804=ORIENTED_EDGE('',*,*,#6893,.T.);
#4805=ORIENTED_EDGE('',*,*,#6521,.T.);
#4806=ORIENTED_EDGE('',*,*,#6893,.F.);
#4807=ORIENTED_EDGE('',*,*,#6894,.F.);
#4808=ORIENTED_EDGE('',*,*,#6895,.T.);
#4809=ORIENTED_EDGE('',*,*,#6522,.F.);
#4810=ORIENTED_EDGE('',*,*,#6895,.F.);
#4811=ORIENTED_EDGE('',*,*,#6896,.T.);
#4812=ORIENTED_EDGE('',*,*,#6897,.T.);
#4813=ORIENTED_EDGE('',*,*,#6523,.T.);
#4814=ORIENTED_EDGE('',*,*,#6897,.F.);
#4815=ORIENTED_EDGE('',*,*,#6898,.F.);
#4816=ORIENTED_EDGE('',*,*,#6899,.T.);
#4817=ORIENTED_EDGE('',*,*,#6524,.T.);
#4818=ORIENTED_EDGE('',*,*,#6899,.F.);
#4819=ORIENTED_EDGE('',*,*,#6900,.F.);
#4820=ORIENTED_EDGE('',*,*,#6901,.T.);
#4821=ORIENTED_EDGE('',*,*,#6525,.T.);
#4822=ORIENTED_EDGE('',*,*,#6901,.F.);
#4823=ORIENTED_EDGE('',*,*,#6902,.F.);
#4824=ORIENTED_EDGE('',*,*,#6903,.T.);
#4825=ORIENTED_EDGE('',*,*,#6511,.T.);
#4826=ORIENTED_EDGE('',*,*,#6904,.F.);
#4827=ORIENTED_EDGE('',*,*,#6905,.F.);
#4828=ORIENTED_EDGE('',*,*,#6906,.T.);
#4829=ORIENTED_EDGE('',*,*,#6512,.F.);
#4830=ORIENTED_EDGE('',*,*,#6906,.F.);
#4831=ORIENTED_EDGE('',*,*,#6907,.T.);
#4832=ORIENTED_EDGE('',*,*,#6908,.T.);
#4833=ORIENTED_EDGE('',*,*,#6513,.T.);
#4834=ORIENTED_EDGE('',*,*,#6908,.F.);
#4835=ORIENTED_EDGE('',*,*,#6909,.F.);
#4836=ORIENTED_EDGE('',*,*,#6910,.T.);
#4837=ORIENTED_EDGE('',*,*,#6514,.F.);
#4838=ORIENTED_EDGE('',*,*,#6910,.F.);
#4839=ORIENTED_EDGE('',*,*,#6911,.T.);
#4840=ORIENTED_EDGE('',*,*,#6912,.T.);
#4841=ORIENTED_EDGE('',*,*,#6515,.T.);
#4842=ORIENTED_EDGE('',*,*,#6912,.F.);
#4843=ORIENTED_EDGE('',*,*,#6913,.F.);
#4844=ORIENTED_EDGE('',*,*,#6914,.T.);
#4845=ORIENTED_EDGE('',*,*,#6516,.T.);
#4846=ORIENTED_EDGE('',*,*,#6914,.F.);
#4847=ORIENTED_EDGE('',*,*,#6915,.F.);
#4848=ORIENTED_EDGE('',*,*,#6916,.T.);
#4849=ORIENTED_EDGE('',*,*,#6517,.T.);
#4850=ORIENTED_EDGE('',*,*,#6916,.F.);
#4851=ORIENTED_EDGE('',*,*,#6917,.F.);
#4852=ORIENTED_EDGE('',*,*,#6918,.T.);
#4853=ORIENTED_EDGE('',*,*,#6503,.T.);
#4854=ORIENTED_EDGE('',*,*,#6919,.F.);
#4855=ORIENTED_EDGE('',*,*,#6920,.F.);
#4856=ORIENTED_EDGE('',*,*,#6921,.T.);
#4857=ORIENTED_EDGE('',*,*,#6504,.F.);
#4858=ORIENTED_EDGE('',*,*,#6921,.F.);
#4859=ORIENTED_EDGE('',*,*,#6922,.T.);
#4860=ORIENTED_EDGE('',*,*,#6923,.T.);
#4861=ORIENTED_EDGE('',*,*,#6505,.T.);
#4862=ORIENTED_EDGE('',*,*,#6923,.F.);
#4863=ORIENTED_EDGE('',*,*,#6924,.F.);
#4864=ORIENTED_EDGE('',*,*,#6925,.T.);
#4865=ORIENTED_EDGE('',*,*,#6506,.F.);
#4866=ORIENTED_EDGE('',*,*,#6925,.F.);
#4867=ORIENTED_EDGE('',*,*,#6926,.T.);
#4868=ORIENTED_EDGE('',*,*,#6927,.T.);
#4869=ORIENTED_EDGE('',*,*,#6507,.T.);
#4870=ORIENTED_EDGE('',*,*,#6927,.F.);
#4871=ORIENTED_EDGE('',*,*,#6928,.F.);
#4872=ORIENTED_EDGE('',*,*,#6929,.T.);
#4873=ORIENTED_EDGE('',*,*,#6508,.T.);
#4874=ORIENTED_EDGE('',*,*,#6929,.F.);
#4875=ORIENTED_EDGE('',*,*,#6930,.F.);
#4876=ORIENTED_EDGE('',*,*,#6931,.T.);
#4877=ORIENTED_EDGE('',*,*,#6509,.T.);
#4878=ORIENTED_EDGE('',*,*,#6931,.F.);
#4879=ORIENTED_EDGE('',*,*,#6932,.F.);
#4880=ORIENTED_EDGE('',*,*,#6933,.T.);
#4881=ORIENTED_EDGE('',*,*,#6495,.T.);
#4882=ORIENTED_EDGE('',*,*,#6934,.F.);
#4883=ORIENTED_EDGE('',*,*,#6935,.F.);
#4884=ORIENTED_EDGE('',*,*,#6936,.T.);
#4885=ORIENTED_EDGE('',*,*,#6496,.F.);
#4886=ORIENTED_EDGE('',*,*,#6936,.F.);
#4887=ORIENTED_EDGE('',*,*,#6937,.T.);
#4888=ORIENTED_EDGE('',*,*,#6938,.T.);
#4889=ORIENTED_EDGE('',*,*,#6497,.T.);
#4890=ORIENTED_EDGE('',*,*,#6938,.F.);
#4891=ORIENTED_EDGE('',*,*,#6939,.F.);
#4892=ORIENTED_EDGE('',*,*,#6940,.T.);
#4893=ORIENTED_EDGE('',*,*,#6498,.F.);
#4894=ORIENTED_EDGE('',*,*,#6940,.F.);
#4895=ORIENTED_EDGE('',*,*,#6941,.T.);
#4896=ORIENTED_EDGE('',*,*,#6942,.T.);
#4897=ORIENTED_EDGE('',*,*,#6499,.T.);
#4898=ORIENTED_EDGE('',*,*,#6942,.F.);
#4899=ORIENTED_EDGE('',*,*,#6943,.F.);
#4900=ORIENTED_EDGE('',*,*,#6944,.T.);
#4901=ORIENTED_EDGE('',*,*,#6500,.T.);
#4902=ORIENTED_EDGE('',*,*,#6944,.F.);
#4903=ORIENTED_EDGE('',*,*,#6945,.F.);
#4904=ORIENTED_EDGE('',*,*,#6946,.T.);
#4905=ORIENTED_EDGE('',*,*,#6501,.T.);
#4906=ORIENTED_EDGE('',*,*,#6946,.F.);
#4907=ORIENTED_EDGE('',*,*,#6947,.F.);
#4908=ORIENTED_EDGE('',*,*,#6948,.T.);
#4909=ORIENTED_EDGE('',*,*,#6487,.T.);
#4910=ORIENTED_EDGE('',*,*,#6949,.F.);
#4911=ORIENTED_EDGE('',*,*,#6950,.F.);
#4912=ORIENTED_EDGE('',*,*,#6951,.T.);
#4913=ORIENTED_EDGE('',*,*,#6488,.F.);
#4914=ORIENTED_EDGE('',*,*,#6951,.F.);
#4915=ORIENTED_EDGE('',*,*,#6952,.T.);
#4916=ORIENTED_EDGE('',*,*,#6953,.T.);
#4917=ORIENTED_EDGE('',*,*,#6489,.T.);
#4918=ORIENTED_EDGE('',*,*,#6953,.F.);
#4919=ORIENTED_EDGE('',*,*,#6954,.F.);
#4920=ORIENTED_EDGE('',*,*,#6955,.T.);
#4921=ORIENTED_EDGE('',*,*,#6490,.F.);
#4922=ORIENTED_EDGE('',*,*,#6955,.F.);
#4923=ORIENTED_EDGE('',*,*,#6956,.T.);
#4924=ORIENTED_EDGE('',*,*,#6957,.T.);
#4925=ORIENTED_EDGE('',*,*,#6491,.T.);
#4926=ORIENTED_EDGE('',*,*,#6957,.F.);
#4927=ORIENTED_EDGE('',*,*,#6958,.F.);
#4928=ORIENTED_EDGE('',*,*,#6959,.T.);
#4929=ORIENTED_EDGE('',*,*,#6492,.T.);
#4930=ORIENTED_EDGE('',*,*,#6959,.F.);
#4931=ORIENTED_EDGE('',*,*,#6960,.F.);
#4932=ORIENTED_EDGE('',*,*,#6961,.T.);
#4933=ORIENTED_EDGE('',*,*,#6493,.T.);
#4934=ORIENTED_EDGE('',*,*,#6961,.F.);
#4935=ORIENTED_EDGE('',*,*,#6962,.F.);
#4936=ORIENTED_EDGE('',*,*,#6963,.T.);
#4937=ORIENTED_EDGE('',*,*,#6479,.T.);
#4938=ORIENTED_EDGE('',*,*,#6964,.F.);
#4939=ORIENTED_EDGE('',*,*,#6965,.F.);
#4940=ORIENTED_EDGE('',*,*,#6966,.T.);
#4941=ORIENTED_EDGE('',*,*,#6480,.F.);
#4942=ORIENTED_EDGE('',*,*,#6966,.F.);
#4943=ORIENTED_EDGE('',*,*,#6967,.T.);
#4944=ORIENTED_EDGE('',*,*,#6968,.T.);
#4945=ORIENTED_EDGE('',*,*,#6481,.T.);
#4946=ORIENTED_EDGE('',*,*,#6968,.F.);
#4947=ORIENTED_EDGE('',*,*,#6969,.F.);
#4948=ORIENTED_EDGE('',*,*,#6970,.T.);
#4949=ORIENTED_EDGE('',*,*,#6482,.F.);
#4950=ORIENTED_EDGE('',*,*,#6970,.F.);
#4951=ORIENTED_EDGE('',*,*,#6971,.T.);
#4952=ORIENTED_EDGE('',*,*,#6972,.T.);
#4953=ORIENTED_EDGE('',*,*,#6483,.T.);
#4954=ORIENTED_EDGE('',*,*,#6972,.F.);
#4955=ORIENTED_EDGE('',*,*,#6973,.F.);
#4956=ORIENTED_EDGE('',*,*,#6974,.T.);
#4957=ORIENTED_EDGE('',*,*,#6484,.T.);
#4958=ORIENTED_EDGE('',*,*,#6974,.F.);
#4959=ORIENTED_EDGE('',*,*,#6975,.F.);
#4960=ORIENTED_EDGE('',*,*,#6976,.T.);
#4961=ORIENTED_EDGE('',*,*,#6485,.T.);
#4962=ORIENTED_EDGE('',*,*,#6976,.F.);
#4963=ORIENTED_EDGE('',*,*,#6977,.F.);
#4964=ORIENTED_EDGE('',*,*,#6978,.T.);
#4965=ORIENTED_EDGE('',*,*,#6471,.T.);
#4966=ORIENTED_EDGE('',*,*,#6979,.F.);
#4967=ORIENTED_EDGE('',*,*,#6980,.F.);
#4968=ORIENTED_EDGE('',*,*,#6981,.T.);
#4969=ORIENTED_EDGE('',*,*,#6472,.F.);
#4970=ORIENTED_EDGE('',*,*,#6981,.F.);
#4971=ORIENTED_EDGE('',*,*,#6982,.T.);
#4972=ORIENTED_EDGE('',*,*,#6983,.T.);
#4973=ORIENTED_EDGE('',*,*,#6473,.T.);
#4974=ORIENTED_EDGE('',*,*,#6983,.F.);
#4975=ORIENTED_EDGE('',*,*,#6984,.F.);
#4976=ORIENTED_EDGE('',*,*,#6985,.T.);
#4977=ORIENTED_EDGE('',*,*,#6474,.F.);
#4978=ORIENTED_EDGE('',*,*,#6985,.F.);
#4979=ORIENTED_EDGE('',*,*,#6986,.T.);
#4980=ORIENTED_EDGE('',*,*,#6987,.T.);
#4981=ORIENTED_EDGE('',*,*,#6475,.T.);
#4982=ORIENTED_EDGE('',*,*,#6987,.F.);
#4983=ORIENTED_EDGE('',*,*,#6988,.F.);
#4984=ORIENTED_EDGE('',*,*,#6989,.T.);
#4985=ORIENTED_EDGE('',*,*,#6476,.T.);
#4986=ORIENTED_EDGE('',*,*,#6989,.F.);
#4987=ORIENTED_EDGE('',*,*,#6990,.F.);
#4988=ORIENTED_EDGE('',*,*,#6991,.T.);
#4989=ORIENTED_EDGE('',*,*,#6477,.T.);
#4990=ORIENTED_EDGE('',*,*,#6991,.F.);
#4991=ORIENTED_EDGE('',*,*,#6992,.F.);
#4992=ORIENTED_EDGE('',*,*,#6993,.T.);
#4993=ORIENTED_EDGE('',*,*,#6463,.T.);
#4994=ORIENTED_EDGE('',*,*,#6994,.F.);
#4995=ORIENTED_EDGE('',*,*,#6995,.F.);
#4996=ORIENTED_EDGE('',*,*,#6996,.T.);
#4997=ORIENTED_EDGE('',*,*,#6464,.F.);
#4998=ORIENTED_EDGE('',*,*,#6996,.F.);
#4999=ORIENTED_EDGE('',*,*,#6997,.T.);
#5000=ORIENTED_EDGE('',*,*,#6998,.T.);
#5001=ORIENTED_EDGE('',*,*,#6465,.T.);
#5002=ORIENTED_EDGE('',*,*,#6998,.F.);
#5003=ORIENTED_EDGE('',*,*,#6999,.F.);
#5004=ORIENTED_EDGE('',*,*,#7000,.T.);
#5005=ORIENTED_EDGE('',*,*,#6466,.F.);
#5006=ORIENTED_EDGE('',*,*,#7000,.F.);
#5007=ORIENTED_EDGE('',*,*,#7001,.T.);
#5008=ORIENTED_EDGE('',*,*,#7002,.T.);
#5009=ORIENTED_EDGE('',*,*,#6467,.T.);
#5010=ORIENTED_EDGE('',*,*,#7002,.F.);
#5011=ORIENTED_EDGE('',*,*,#7003,.F.);
#5012=ORIENTED_EDGE('',*,*,#7004,.T.);
#5013=ORIENTED_EDGE('',*,*,#6468,.T.);
#5014=ORIENTED_EDGE('',*,*,#7004,.F.);
#5015=ORIENTED_EDGE('',*,*,#7005,.F.);
#5016=ORIENTED_EDGE('',*,*,#7006,.T.);
#5017=ORIENTED_EDGE('',*,*,#6469,.T.);
#5018=ORIENTED_EDGE('',*,*,#7006,.F.);
#5019=ORIENTED_EDGE('',*,*,#7007,.F.);
#5020=ORIENTED_EDGE('',*,*,#7008,.T.);
#5021=ORIENTED_EDGE('',*,*,#6455,.T.);
#5022=ORIENTED_EDGE('',*,*,#7009,.F.);
#5023=ORIENTED_EDGE('',*,*,#7010,.F.);
#5024=ORIENTED_EDGE('',*,*,#7011,.T.);
#5025=ORIENTED_EDGE('',*,*,#6456,.F.);
#5026=ORIENTED_EDGE('',*,*,#7011,.F.);
#5027=ORIENTED_EDGE('',*,*,#7012,.T.);
#5028=ORIENTED_EDGE('',*,*,#7013,.T.);
#5029=ORIENTED_EDGE('',*,*,#6457,.T.);
#5030=ORIENTED_EDGE('',*,*,#7013,.F.);
#5031=ORIENTED_EDGE('',*,*,#7014,.F.);
#5032=ORIENTED_EDGE('',*,*,#7015,.T.);
#5033=ORIENTED_EDGE('',*,*,#6458,.F.);
#5034=ORIENTED_EDGE('',*,*,#7015,.F.);
#5035=ORIENTED_EDGE('',*,*,#7016,.T.);
#5036=ORIENTED_EDGE('',*,*,#7017,.T.);
#5037=ORIENTED_EDGE('',*,*,#6459,.T.);
#5038=ORIENTED_EDGE('',*,*,#7017,.F.);
#5039=ORIENTED_EDGE('',*,*,#7018,.F.);
#5040=ORIENTED_EDGE('',*,*,#7019,.T.);
#5041=ORIENTED_EDGE('',*,*,#6460,.T.);
#5042=ORIENTED_EDGE('',*,*,#7019,.F.);
#5043=ORIENTED_EDGE('',*,*,#7020,.F.);
#5044=ORIENTED_EDGE('',*,*,#7021,.T.);
#5045=ORIENTED_EDGE('',*,*,#6461,.T.);
#5046=ORIENTED_EDGE('',*,*,#7021,.F.);
#5047=ORIENTED_EDGE('',*,*,#7022,.F.);
#5048=ORIENTED_EDGE('',*,*,#7023,.T.);
#5049=ORIENTED_EDGE('',*,*,#6447,.T.);
#5050=ORIENTED_EDGE('',*,*,#7024,.F.);
#5051=ORIENTED_EDGE('',*,*,#7025,.F.);
#5052=ORIENTED_EDGE('',*,*,#7026,.T.);
#5053=ORIENTED_EDGE('',*,*,#6448,.F.);
#5054=ORIENTED_EDGE('',*,*,#7026,.F.);
#5055=ORIENTED_EDGE('',*,*,#7027,.T.);
#5056=ORIENTED_EDGE('',*,*,#7028,.T.);
#5057=ORIENTED_EDGE('',*,*,#6449,.T.);
#5058=ORIENTED_EDGE('',*,*,#7028,.F.);
#5059=ORIENTED_EDGE('',*,*,#7029,.F.);
#5060=ORIENTED_EDGE('',*,*,#7030,.T.);
#5061=ORIENTED_EDGE('',*,*,#6450,.F.);
#5062=ORIENTED_EDGE('',*,*,#7030,.F.);
#5063=ORIENTED_EDGE('',*,*,#7031,.T.);
#5064=ORIENTED_EDGE('',*,*,#7032,.T.);
#5065=ORIENTED_EDGE('',*,*,#6451,.T.);
#5066=ORIENTED_EDGE('',*,*,#7032,.F.);
#5067=ORIENTED_EDGE('',*,*,#7033,.F.);
#5068=ORIENTED_EDGE('',*,*,#7034,.T.);
#5069=ORIENTED_EDGE('',*,*,#6452,.T.);
#5070=ORIENTED_EDGE('',*,*,#7034,.F.);
#5071=ORIENTED_EDGE('',*,*,#7035,.F.);
#5072=ORIENTED_EDGE('',*,*,#7036,.T.);
#5073=ORIENTED_EDGE('',*,*,#6453,.T.);
#5074=ORIENTED_EDGE('',*,*,#7036,.F.);
#5075=ORIENTED_EDGE('',*,*,#7037,.F.);
#5076=ORIENTED_EDGE('',*,*,#7038,.T.);
#5077=ORIENTED_EDGE('',*,*,#6574,.T.);
#5078=ORIENTED_EDGE('',*,*,#6813,.F.);
#5079=ORIENTED_EDGE('',*,*,#7039,.F.);
#5080=ORIENTED_EDGE('',*,*,#6799,.T.);
#5081=ORIENTED_EDGE('',*,*,#6566,.T.);
#5082=ORIENTED_EDGE('',*,*,#6828,.F.);
#5083=ORIENTED_EDGE('',*,*,#7040,.F.);
#5084=ORIENTED_EDGE('',*,*,#6814,.T.);
#5085=ORIENTED_EDGE('',*,*,#6558,.T.);
#5086=ORIENTED_EDGE('',*,*,#6843,.F.);
#5087=ORIENTED_EDGE('',*,*,#7041,.F.);
#5088=ORIENTED_EDGE('',*,*,#6829,.T.);
#5089=ORIENTED_EDGE('',*,*,#6550,.T.);
#5090=ORIENTED_EDGE('',*,*,#6858,.F.);
#5091=ORIENTED_EDGE('',*,*,#7042,.F.);
#5092=ORIENTED_EDGE('',*,*,#6844,.T.);
#5093=ORIENTED_EDGE('',*,*,#6542,.T.);
#5094=ORIENTED_EDGE('',*,*,#6873,.F.);
#5095=ORIENTED_EDGE('',*,*,#7043,.F.);
#5096=ORIENTED_EDGE('',*,*,#6859,.T.);
#5097=ORIENTED_EDGE('',*,*,#6534,.T.);
#5098=ORIENTED_EDGE('',*,*,#6888,.F.);
#5099=ORIENTED_EDGE('',*,*,#7044,.F.);
#5100=ORIENTED_EDGE('',*,*,#6874,.T.);
#5101=ORIENTED_EDGE('',*,*,#6526,.T.);
#5102=ORIENTED_EDGE('',*,*,#6903,.F.);
#5103=ORIENTED_EDGE('',*,*,#7045,.F.);
#5104=ORIENTED_EDGE('',*,*,#6889,.T.);
#5105=ORIENTED_EDGE('',*,*,#6518,.T.);
#5106=ORIENTED_EDGE('',*,*,#6918,.F.);
#5107=ORIENTED_EDGE('',*,*,#7046,.F.);
#5108=ORIENTED_EDGE('',*,*,#6904,.T.);
#5109=ORIENTED_EDGE('',*,*,#6510,.T.);
#5110=ORIENTED_EDGE('',*,*,#6933,.F.);
#5111=ORIENTED_EDGE('',*,*,#7047,.F.);
#5112=ORIENTED_EDGE('',*,*,#6919,.T.);
#5113=ORIENTED_EDGE('',*,*,#6502,.T.);
#5114=ORIENTED_EDGE('',*,*,#6948,.F.);
#5115=ORIENTED_EDGE('',*,*,#7048,.F.);
#5116=ORIENTED_EDGE('',*,*,#6934,.T.);
#5117=ORIENTED_EDGE('',*,*,#6494,.T.);
#5118=ORIENTED_EDGE('',*,*,#6963,.F.);
#5119=ORIENTED_EDGE('',*,*,#7049,.F.);
#5120=ORIENTED_EDGE('',*,*,#6949,.T.);
#5121=ORIENTED_EDGE('',*,*,#6486,.T.);
#5122=ORIENTED_EDGE('',*,*,#6978,.F.);
#5123=ORIENTED_EDGE('',*,*,#7050,.F.);
#5124=ORIENTED_EDGE('',*,*,#6964,.T.);
#5125=ORIENTED_EDGE('',*,*,#6478,.T.);
#5126=ORIENTED_EDGE('',*,*,#6993,.F.);
#5127=ORIENTED_EDGE('',*,*,#7051,.F.);
#5128=ORIENTED_EDGE('',*,*,#6979,.T.);
#5129=ORIENTED_EDGE('',*,*,#6470,.T.);
#5130=ORIENTED_EDGE('',*,*,#7008,.F.);
#5131=ORIENTED_EDGE('',*,*,#7052,.F.);
#5132=ORIENTED_EDGE('',*,*,#6994,.T.);
#5133=ORIENTED_EDGE('',*,*,#6462,.T.);
#5134=ORIENTED_EDGE('',*,*,#7023,.F.);
#5135=ORIENTED_EDGE('',*,*,#7053,.F.);
#5136=ORIENTED_EDGE('',*,*,#7009,.T.);
#5137=ORIENTED_EDGE('',*,*,#6454,.T.);
#5138=ORIENTED_EDGE('',*,*,#7038,.F.);
#5139=ORIENTED_EDGE('',*,*,#7054,.F.);
#5140=ORIENTED_EDGE('',*,*,#7024,.T.);
#5141=ORIENTED_EDGE('',*,*,#6578,.T.);
#5142=ORIENTED_EDGE('',*,*,#6798,.F.);
#5143=ORIENTED_EDGE('',*,*,#7055,.F.);
#5144=ORIENTED_EDGE('',*,*,#6792,.T.);
#5145=ORIENTED_EDGE('',*,*,#6786,.T.);
#5146=ORIENTED_EDGE('',*,*,#6775,.F.);
#5147=ORIENTED_EDGE('',*,*,#6365,.T.);
#5148=ORIENTED_EDGE('',*,*,#6362,.T.);
#5149=ORIENTED_EDGE('',*,*,#6359,.T.);
#5150=ORIENTED_EDGE('',*,*,#6774,.F.);
#5151=ORIENTED_EDGE('',*,*,#6404,.T.);
#5152=ORIENTED_EDGE('',*,*,#6791,.T.);
#5153=ORIENTED_EDGE('',*,*,#6591,.T.);
#5154=ORIENTED_EDGE('',*,*,#6773,.F.);
#5155=ORIENTED_EDGE('',*,*,#6401,.T.);
#5156=ORIENTED_EDGE('',*,*,#6355,.T.);
#5157=ORIENTED_EDGE('',*,*,#6772,.F.);
#5158=ORIENTED_EDGE('',*,*,#6587,.T.);
#5159=ORIENTED_EDGE('',*,*,#6771,.F.);
#5160=ORIENTED_EDGE('',*,*,#6785,.T.);
#5161=ORIENTED_EDGE('',*,*,#6780,.F.);
#5162=ORIENTED_EDGE('',*,*,#6602,.T.);
#5163=ORIENTED_EDGE('',*,*,#6782,.F.);
#5164=ORIENTED_EDGE('',*,*,#6394,.T.);
#5165=ORIENTED_EDGE('',*,*,#6391,.T.);
#5166=ORIENTED_EDGE('',*,*,#6783,.F.);
#5167=ORIENTED_EDGE('',*,*,#6386,.T.);
#5168=ORIENTED_EDGE('',*,*,#6397,.T.);
#5169=ORIENTED_EDGE('',*,*,#6382,.T.);
#5170=ORIENTED_EDGE('',*,*,#6399,.T.);
#5171=ORIENTED_EDGE('',*,*,#6378,.T.);
#5172=ORIENTED_EDGE('',*,*,#6784,.F.);
#5173=ORIENTED_EDGE('',*,*,#6599,.T.);
#5174=ORIENTED_EDGE('',*,*,#6595,.T.);
#5175=ORIENTED_EDGE('',*,*,#6779,.F.);
#5176=ORIENTED_EDGE('',*,*,#6375,.T.);
#5177=ORIENTED_EDGE('',*,*,#6372,.T.);
#5178=ORIENTED_EDGE('',*,*,#6369,.T.);
#5179=ORIENTED_EDGE('',*,*,#6778,.F.);
#5180=ORIENTED_EDGE('',*,*,#7025,.T.);
#5181=ORIENTED_EDGE('',*,*,#7054,.T.);
#5182=ORIENTED_EDGE('',*,*,#7037,.T.);
#5183=ORIENTED_EDGE('',*,*,#7035,.T.);
#5184=ORIENTED_EDGE('',*,*,#7033,.T.);
#5185=ORIENTED_EDGE('',*,*,#7031,.F.);
#5186=ORIENTED_EDGE('',*,*,#7029,.T.);
#5187=ORIENTED_EDGE('',*,*,#7027,.F.);
#5188=ORIENTED_EDGE('',*,*,#7010,.T.);
#5189=ORIENTED_EDGE('',*,*,#7053,.T.);
#5190=ORIENTED_EDGE('',*,*,#7022,.T.);
#5191=ORIENTED_EDGE('',*,*,#7020,.T.);
#5192=ORIENTED_EDGE('',*,*,#7018,.T.);
#5193=ORIENTED_EDGE('',*,*,#7016,.F.);
#5194=ORIENTED_EDGE('',*,*,#7014,.T.);
#5195=ORIENTED_EDGE('',*,*,#7012,.F.);
#5196=ORIENTED_EDGE('',*,*,#6995,.T.);
#5197=ORIENTED_EDGE('',*,*,#7052,.T.);
#5198=ORIENTED_EDGE('',*,*,#7007,.T.);
#5199=ORIENTED_EDGE('',*,*,#7005,.T.);
#5200=ORIENTED_EDGE('',*,*,#7003,.T.);
#5201=ORIENTED_EDGE('',*,*,#7001,.F.);
#5202=ORIENTED_EDGE('',*,*,#6999,.T.);
#5203=ORIENTED_EDGE('',*,*,#6997,.F.);
#5204=ORIENTED_EDGE('',*,*,#6980,.T.);
#5205=ORIENTED_EDGE('',*,*,#7051,.T.);
#5206=ORIENTED_EDGE('',*,*,#6992,.T.);
#5207=ORIENTED_EDGE('',*,*,#6990,.T.);
#5208=ORIENTED_EDGE('',*,*,#6988,.T.);
#5209=ORIENTED_EDGE('',*,*,#6986,.F.);
#5210=ORIENTED_EDGE('',*,*,#6984,.T.);
#5211=ORIENTED_EDGE('',*,*,#6982,.F.);
#5212=ORIENTED_EDGE('',*,*,#6965,.T.);
#5213=ORIENTED_EDGE('',*,*,#7050,.T.);
#5214=ORIENTED_EDGE('',*,*,#6977,.T.);
#5215=ORIENTED_EDGE('',*,*,#6975,.T.);
#5216=ORIENTED_EDGE('',*,*,#6973,.T.);
#5217=ORIENTED_EDGE('',*,*,#6971,.F.);
#5218=ORIENTED_EDGE('',*,*,#6969,.T.);
#5219=ORIENTED_EDGE('',*,*,#6967,.F.);
#5220=ORIENTED_EDGE('',*,*,#6950,.T.);
#5221=ORIENTED_EDGE('',*,*,#7049,.T.);
#5222=ORIENTED_EDGE('',*,*,#6962,.T.);
#5223=ORIENTED_EDGE('',*,*,#6960,.T.);
#5224=ORIENTED_EDGE('',*,*,#6958,.T.);
#5225=ORIENTED_EDGE('',*,*,#6956,.F.);
#5226=ORIENTED_EDGE('',*,*,#6954,.T.);
#5227=ORIENTED_EDGE('',*,*,#6952,.F.);
#5228=ORIENTED_EDGE('',*,*,#6935,.T.);
#5229=ORIENTED_EDGE('',*,*,#7048,.T.);
#5230=ORIENTED_EDGE('',*,*,#6947,.T.);
#5231=ORIENTED_EDGE('',*,*,#6945,.T.);
#5232=ORIENTED_EDGE('',*,*,#6943,.T.);
#5233=ORIENTED_EDGE('',*,*,#6941,.F.);
#5234=ORIENTED_EDGE('',*,*,#6939,.T.);
#5235=ORIENTED_EDGE('',*,*,#6937,.F.);
#5236=ORIENTED_EDGE('',*,*,#6920,.T.);
#5237=ORIENTED_EDGE('',*,*,#7047,.T.);
#5238=ORIENTED_EDGE('',*,*,#6932,.T.);
#5239=ORIENTED_EDGE('',*,*,#6930,.T.);
#5240=ORIENTED_EDGE('',*,*,#6928,.T.);
#5241=ORIENTED_EDGE('',*,*,#6926,.F.);
#5242=ORIENTED_EDGE('',*,*,#6924,.T.);
#5243=ORIENTED_EDGE('',*,*,#6922,.F.);
#5244=ORIENTED_EDGE('',*,*,#6905,.T.);
#5245=ORIENTED_EDGE('',*,*,#7046,.T.);
#5246=ORIENTED_EDGE('',*,*,#6917,.T.);
#5247=ORIENTED_EDGE('',*,*,#6915,.T.);
#5248=ORIENTED_EDGE('',*,*,#6913,.T.);
#5249=ORIENTED_EDGE('',*,*,#6911,.F.);
#5250=ORIENTED_EDGE('',*,*,#6909,.T.);
#5251=ORIENTED_EDGE('',*,*,#6907,.F.);
#5252=ORIENTED_EDGE('',*,*,#6890,.T.);
#5253=ORIENTED_EDGE('',*,*,#7045,.T.);
#5254=ORIENTED_EDGE('',*,*,#6902,.T.);
#5255=ORIENTED_EDGE('',*,*,#6900,.T.);
#5256=ORIENTED_EDGE('',*,*,#6898,.T.);
#5257=ORIENTED_EDGE('',*,*,#6896,.F.);
#5258=ORIENTED_EDGE('',*,*,#6894,.T.);
#5259=ORIENTED_EDGE('',*,*,#6892,.F.);
#5260=ORIENTED_EDGE('',*,*,#6875,.T.);
#5261=ORIENTED_EDGE('',*,*,#7044,.T.);
#5262=ORIENTED_EDGE('',*,*,#6887,.T.);
#5263=ORIENTED_EDGE('',*,*,#6885,.T.);
#5264=ORIENTED_EDGE('',*,*,#6883,.T.);
#5265=ORIENTED_EDGE('',*,*,#6881,.F.);
#5266=ORIENTED_EDGE('',*,*,#6879,.T.);
#5267=ORIENTED_EDGE('',*,*,#6877,.F.);
#5268=ORIENTED_EDGE('',*,*,#6860,.T.);
#5269=ORIENTED_EDGE('',*,*,#7043,.T.);
#5270=ORIENTED_EDGE('',*,*,#6872,.T.);
#5271=ORIENTED_EDGE('',*,*,#6870,.T.);
#5272=ORIENTED_EDGE('',*,*,#6868,.T.);
#5273=ORIENTED_EDGE('',*,*,#6866,.F.);
#5274=ORIENTED_EDGE('',*,*,#6864,.T.);
#5275=ORIENTED_EDGE('',*,*,#6862,.F.);
#5276=ORIENTED_EDGE('',*,*,#6845,.T.);
#5277=ORIENTED_EDGE('',*,*,#7042,.T.);
#5278=ORIENTED_EDGE('',*,*,#6857,.T.);
#5279=ORIENTED_EDGE('',*,*,#6855,.T.);
#5280=ORIENTED_EDGE('',*,*,#6853,.T.);
#5281=ORIENTED_EDGE('',*,*,#6851,.F.);
#5282=ORIENTED_EDGE('',*,*,#6849,.T.);
#5283=ORIENTED_EDGE('',*,*,#6847,.F.);
#5284=ORIENTED_EDGE('',*,*,#6830,.T.);
#5285=ORIENTED_EDGE('',*,*,#7041,.T.);
#5286=ORIENTED_EDGE('',*,*,#6842,.T.);
#5287=ORIENTED_EDGE('',*,*,#6840,.T.);
#5288=ORIENTED_EDGE('',*,*,#6838,.T.);
#5289=ORIENTED_EDGE('',*,*,#6836,.F.);
#5290=ORIENTED_EDGE('',*,*,#6834,.T.);
#5291=ORIENTED_EDGE('',*,*,#6832,.F.);
#5292=ORIENTED_EDGE('',*,*,#6815,.T.);
#5293=ORIENTED_EDGE('',*,*,#7040,.T.);
#5294=ORIENTED_EDGE('',*,*,#6827,.T.);
#5295=ORIENTED_EDGE('',*,*,#6825,.T.);
#5296=ORIENTED_EDGE('',*,*,#6823,.T.);
#5297=ORIENTED_EDGE('',*,*,#6821,.F.);
#5298=ORIENTED_EDGE('',*,*,#6819,.T.);
#5299=ORIENTED_EDGE('',*,*,#6817,.F.);
#5300=ORIENTED_EDGE('',*,*,#6800,.T.);
#5301=ORIENTED_EDGE('',*,*,#7039,.T.);
#5302=ORIENTED_EDGE('',*,*,#6812,.T.);
#5303=ORIENTED_EDGE('',*,*,#6810,.T.);
#5304=ORIENTED_EDGE('',*,*,#6808,.T.);
#5305=ORIENTED_EDGE('',*,*,#6806,.F.);
#5306=ORIENTED_EDGE('',*,*,#6804,.T.);
#5307=ORIENTED_EDGE('',*,*,#6802,.F.);
#5308=ORIENTED_EDGE('',*,*,#6793,.T.);
#5309=ORIENTED_EDGE('',*,*,#7055,.T.);
#5310=ORIENTED_EDGE('',*,*,#6797,.F.);
#5311=ORIENTED_EDGE('',*,*,#6795,.F.);
#5312=ORIENTED_EDGE('',*,*,#6787,.F.);
#5313=ORIENTED_EDGE('',*,*,#6667,.F.);
#5314=ORIENTED_EDGE('',*,*,#7056,.F.);
#5315=ORIENTED_EDGE('',*,*,#6768,.F.);
#5316=ORIENTED_EDGE('',*,*,#6436,.F.);
#5317=ORIENTED_EDGE('',*,*,#6789,.F.);
#5318=ORIENTED_EDGE('',*,*,#6432,.F.);
#5319=ORIENTED_EDGE('',*,*,#7057,.F.);
#5320=ORIENTED_EDGE('',*,*,#6580,.F.);
#5321=ORIENTED_EDGE('',*,*,#7056,.T.);
#5322=ORIENTED_EDGE('',*,*,#6664,.F.);
#5323=ORIENTED_EDGE('',*,*,#7058,.F.);
#5324=ORIENTED_EDGE('',*,*,#6438,.F.);
#5325=ORIENTED_EDGE('',*,*,#6769,.F.);
#5326=ORIENTED_EDGE('',*,*,#7057,.T.);
#5327=ORIENTED_EDGE('',*,*,#6431,.F.);
#5328=ORIENTED_EDGE('',*,*,#7059,.F.);
#5329=ORIENTED_EDGE('',*,*,#6670,.F.);
#5330=ORIENTED_EDGE('',*,*,#7058,.T.);
#5331=ORIENTED_EDGE('',*,*,#6661,.F.);
#5332=ORIENTED_EDGE('',*,*,#7060,.F.);
#5333=ORIENTED_EDGE('',*,*,#6439,.F.);
#5334=ORIENTED_EDGE('',*,*,#6430,.F.);
#5335=ORIENTED_EDGE('',*,*,#6767,.F.);
#5336=ORIENTED_EDGE('',*,*,#7061,.F.);
#5337=ORIENTED_EDGE('',*,*,#6673,.F.);
#5338=ORIENTED_EDGE('',*,*,#7059,.T.);
#5339=ORIENTED_EDGE('',*,*,#7060,.T.);
#5340=ORIENTED_EDGE('',*,*,#6658,.F.);
#5341=ORIENTED_EDGE('',*,*,#7062,.F.);
#5342=ORIENTED_EDGE('',*,*,#6440,.F.);
#5343=ORIENTED_EDGE('',*,*,#6766,.F.);
#5344=ORIENTED_EDGE('',*,*,#6428,.F.);
#5345=ORIENTED_EDGE('',*,*,#7063,.F.);
#5346=ORIENTED_EDGE('',*,*,#6676,.F.);
#5347=ORIENTED_EDGE('',*,*,#7061,.T.);
#5348=ORIENTED_EDGE('',*,*,#7062,.T.);
#5349=ORIENTED_EDGE('',*,*,#6655,.F.);
#5350=ORIENTED_EDGE('',*,*,#7064,.F.);
#5351=ORIENTED_EDGE('',*,*,#6441,.F.);
#5352=ORIENTED_EDGE('',*,*,#7063,.T.);
#5353=ORIENTED_EDGE('',*,*,#6427,.F.);
#5354=ORIENTED_EDGE('',*,*,#7065,.F.);
#5355=ORIENTED_EDGE('',*,*,#6679,.F.);
#5356=ORIENTED_EDGE('',*,*,#7064,.T.);
#5357=ORIENTED_EDGE('',*,*,#6652,.F.);
#5358=ORIENTED_EDGE('',*,*,#7066,.F.);
#5359=ORIENTED_EDGE('',*,*,#6442,.F.);
#5360=ORIENTED_EDGE('',*,*,#6765,.F.);
#5361=ORIENTED_EDGE('',*,*,#6424,.F.);
#5362=ORIENTED_EDGE('',*,*,#7067,.F.);
#5363=ORIENTED_EDGE('',*,*,#6682,.F.);
#5364=ORIENTED_EDGE('',*,*,#7065,.T.);
#5365=ORIENTED_EDGE('',*,*,#6426,.F.);
#5366=ORIENTED_EDGE('',*,*,#7066,.T.);
#5367=ORIENTED_EDGE('',*,*,#6752,.F.);
#5368=ORIENTED_EDGE('',*,*,#7068,.F.);
#5369=ORIENTED_EDGE('',*,*,#6443,.F.);
#5370=ORIENTED_EDGE('',*,*,#7067,.T.);
#5371=ORIENTED_EDGE('',*,*,#6423,.F.);
#5372=ORIENTED_EDGE('',*,*,#7069,.F.);
#5373=ORIENTED_EDGE('',*,*,#6685,.F.);
#5374=ORIENTED_EDGE('',*,*,#7068,.T.);
#5375=ORIENTED_EDGE('',*,*,#6703,.F.);
#5376=ORIENTED_EDGE('',*,*,#7070,.F.);
#5377=ORIENTED_EDGE('',*,*,#6446,.F.);
#5378=ORIENTED_EDGE('',*,*,#6762,.F.);
#5379=ORIENTED_EDGE('',*,*,#6444,.F.);
#5380=ORIENTED_EDGE('',*,*,#6764,.F.);
#5381=ORIENTED_EDGE('',*,*,#6420,.F.);
#5382=ORIENTED_EDGE('',*,*,#7071,.F.);
#5383=ORIENTED_EDGE('',*,*,#6688,.F.);
#5384=ORIENTED_EDGE('',*,*,#7069,.T.);
#5385=ORIENTED_EDGE('',*,*,#6422,.F.);
#5386=ORIENTED_EDGE('',*,*,#7070,.T.);
#5387=ORIENTED_EDGE('',*,*,#6700,.F.);
#5388=ORIENTED_EDGE('',*,*,#7072,.F.);
#5389=ORIENTED_EDGE('',*,*,#6414,.F.);
#5390=ORIENTED_EDGE('',*,*,#7071,.T.);
#5391=ORIENTED_EDGE('',*,*,#6419,.F.);
#5392=ORIENTED_EDGE('',*,*,#7073,.F.);
#5393=ORIENTED_EDGE('',*,*,#6691,.F.);
#5394=ORIENTED_EDGE('',*,*,#7072,.T.);
#5395=ORIENTED_EDGE('',*,*,#6697,.F.);
#5396=ORIENTED_EDGE('',*,*,#7074,.F.);
#5397=ORIENTED_EDGE('',*,*,#6417,.F.);
#5398=ORIENTED_EDGE('',*,*,#6763,.F.);
#5399=ORIENTED_EDGE('',*,*,#6415,.F.);
#5400=ORIENTED_EDGE('',*,*,#7073,.T.);
#5401=ORIENTED_EDGE('',*,*,#6418,.F.);
#5402=ORIENTED_EDGE('',*,*,#7074,.T.);
#5403=ORIENTED_EDGE('',*,*,#6694,.F.);
#5404=ORIENTED_EDGE('',*,*,#7075,.F.);
#5405=ORIENTED_EDGE('',*,*,#7076,.F.);
#5406=ORIENTED_EDGE('',*,*,#7077,.T.);
#5407=ORIENTED_EDGE('',*,*,#7078,.T.);
#5408=ORIENTED_EDGE('',*,*,#7079,.F.);
#5409=ORIENTED_EDGE('',*,*,#7080,.F.);
#5410=ORIENTED_EDGE('',*,*,#7081,.T.);
#5411=ORIENTED_EDGE('',*,*,#7076,.T.);
#5412=ORIENTED_EDGE('',*,*,#7082,.F.);
#5413=ORIENTED_EDGE('',*,*,#7083,.F.);
#5414=ORIENTED_EDGE('',*,*,#7084,.T.);
#5415=ORIENTED_EDGE('',*,*,#7080,.T.);
#5416=ORIENTED_EDGE('',*,*,#7085,.F.);
#5417=ORIENTED_EDGE('',*,*,#7086,.F.);
#5418=ORIENTED_EDGE('',*,*,#7087,.T.);
#5419=ORIENTED_EDGE('',*,*,#7083,.T.);
#5420=ORIENTED_EDGE('',*,*,#7088,.F.);
#5421=ORIENTED_EDGE('',*,*,#7089,.F.);
#5422=ORIENTED_EDGE('',*,*,#7090,.T.);
#5423=ORIENTED_EDGE('',*,*,#7086,.T.);
#5424=ORIENTED_EDGE('',*,*,#7091,.F.);
#5425=ORIENTED_EDGE('',*,*,#7092,.F.);
#5426=ORIENTED_EDGE('',*,*,#7093,.T.);
#5427=ORIENTED_EDGE('',*,*,#7089,.T.);
#5428=ORIENTED_EDGE('',*,*,#7094,.F.);
#5429=ORIENTED_EDGE('',*,*,#7095,.F.);
#5430=ORIENTED_EDGE('',*,*,#7096,.T.);
#5431=ORIENTED_EDGE('',*,*,#7092,.T.);
#5432=ORIENTED_EDGE('',*,*,#7097,.F.);
#5433=ORIENTED_EDGE('',*,*,#7098,.F.);
#5434=ORIENTED_EDGE('',*,*,#7099,.T.);
#5435=ORIENTED_EDGE('',*,*,#7095,.T.);
#5436=ORIENTED_EDGE('',*,*,#7100,.F.);
#5437=ORIENTED_EDGE('',*,*,#7101,.F.);
#5438=ORIENTED_EDGE('',*,*,#7102,.T.);
#5439=ORIENTED_EDGE('',*,*,#7098,.T.);
#5440=ORIENTED_EDGE('',*,*,#7103,.F.);
#5441=ORIENTED_EDGE('',*,*,#7104,.F.);
#5442=ORIENTED_EDGE('',*,*,#7105,.T.);
#5443=ORIENTED_EDGE('',*,*,#7101,.T.);
#5444=ORIENTED_EDGE('',*,*,#7106,.F.);
#5445=ORIENTED_EDGE('',*,*,#7107,.F.);
#5446=ORIENTED_EDGE('',*,*,#7108,.T.);
#5447=ORIENTED_EDGE('',*,*,#7104,.T.);
#5448=ORIENTED_EDGE('',*,*,#7109,.F.);
#5449=ORIENTED_EDGE('',*,*,#7110,.F.);
#5450=ORIENTED_EDGE('',*,*,#7111,.T.);
#5451=ORIENTED_EDGE('',*,*,#7107,.T.);
#5452=ORIENTED_EDGE('',*,*,#7112,.F.);
#5453=ORIENTED_EDGE('',*,*,#7113,.F.);
#5454=ORIENTED_EDGE('',*,*,#7114,.T.);
#5455=ORIENTED_EDGE('',*,*,#7110,.T.);
#5456=ORIENTED_EDGE('',*,*,#7115,.F.);
#5457=ORIENTED_EDGE('',*,*,#7116,.F.);
#5458=ORIENTED_EDGE('',*,*,#7117,.T.);
#5459=ORIENTED_EDGE('',*,*,#7113,.T.);
#5460=ORIENTED_EDGE('',*,*,#7118,.F.);
#5461=ORIENTED_EDGE('',*,*,#7119,.F.);
#5462=ORIENTED_EDGE('',*,*,#7120,.T.);
#5463=ORIENTED_EDGE('',*,*,#7116,.T.);
#5464=ORIENTED_EDGE('',*,*,#7121,.F.);
#5465=ORIENTED_EDGE('',*,*,#7122,.F.);
#5466=ORIENTED_EDGE('',*,*,#7123,.T.);
#5467=ORIENTED_EDGE('',*,*,#7119,.T.);
#5468=ORIENTED_EDGE('',*,*,#7124,.F.);
#5469=ORIENTED_EDGE('',*,*,#7125,.F.);
#5470=ORIENTED_EDGE('',*,*,#7126,.T.);
#5471=ORIENTED_EDGE('',*,*,#7122,.T.);
#5472=ORIENTED_EDGE('',*,*,#7127,.F.);
#5473=ORIENTED_EDGE('',*,*,#7128,.F.);
#5474=ORIENTED_EDGE('',*,*,#7129,.T.);
#5475=ORIENTED_EDGE('',*,*,#7125,.T.);
#5476=ORIENTED_EDGE('',*,*,#7130,.F.);
#5477=ORIENTED_EDGE('',*,*,#7078,.F.);
#5478=ORIENTED_EDGE('',*,*,#7131,.T.);
#5479=ORIENTED_EDGE('',*,*,#7128,.T.);
#5480=ORIENTED_EDGE('',*,*,#7132,.F.);
#5481=ORIENTED_EDGE('',*,*,#7133,.F.);
#5482=ORIENTED_EDGE('',*,*,#7134,.F.);
#5483=ORIENTED_EDGE('',*,*,#7135,.F.);
#5484=ORIENTED_EDGE('',*,*,#7136,.F.);
#5485=ORIENTED_EDGE('',*,*,#7077,.F.);
#5486=ORIENTED_EDGE('',*,*,#7081,.F.);
#5487=ORIENTED_EDGE('',*,*,#7084,.F.);
#5488=ORIENTED_EDGE('',*,*,#7087,.F.);
#5489=ORIENTED_EDGE('',*,*,#7090,.F.);
#5490=ORIENTED_EDGE('',*,*,#7093,.F.);
#5491=ORIENTED_EDGE('',*,*,#7096,.F.);
#5492=ORIENTED_EDGE('',*,*,#7099,.F.);
#5493=ORIENTED_EDGE('',*,*,#7102,.F.);
#5494=ORIENTED_EDGE('',*,*,#7105,.F.);
#5495=ORIENTED_EDGE('',*,*,#7108,.F.);
#5496=ORIENTED_EDGE('',*,*,#7111,.F.);
#5497=ORIENTED_EDGE('',*,*,#7114,.F.);
#5498=ORIENTED_EDGE('',*,*,#7117,.F.);
#5499=ORIENTED_EDGE('',*,*,#7120,.F.);
#5500=ORIENTED_EDGE('',*,*,#7123,.F.);
#5501=ORIENTED_EDGE('',*,*,#7126,.F.);
#5502=ORIENTED_EDGE('',*,*,#7129,.F.);
#5503=ORIENTED_EDGE('',*,*,#7131,.F.);
#5504=ORIENTED_EDGE('',*,*,#7137,.T.);
#5505=ORIENTED_EDGE('',*,*,#7138,.T.);
#5506=ORIENTED_EDGE('',*,*,#7139,.T.);
#5507=ORIENTED_EDGE('',*,*,#7140,.T.);
#5508=ORIENTED_EDGE('',*,*,#7141,.T.);
#5509=ORIENTED_EDGE('',*,*,#7075,.T.);
#5510=ORIENTED_EDGE('',*,*,#7130,.T.);
#5511=ORIENTED_EDGE('',*,*,#7127,.T.);
#5512=ORIENTED_EDGE('',*,*,#7124,.T.);
#5513=ORIENTED_EDGE('',*,*,#7121,.T.);
#5514=ORIENTED_EDGE('',*,*,#7118,.T.);
#5515=ORIENTED_EDGE('',*,*,#7115,.T.);
#5516=ORIENTED_EDGE('',*,*,#7112,.T.);
#5517=ORIENTED_EDGE('',*,*,#7109,.T.);
#5518=ORIENTED_EDGE('',*,*,#7106,.T.);
#5519=ORIENTED_EDGE('',*,*,#7103,.T.);
#5520=ORIENTED_EDGE('',*,*,#7100,.T.);
#5521=ORIENTED_EDGE('',*,*,#7097,.T.);
#5522=ORIENTED_EDGE('',*,*,#7094,.T.);
#5523=ORIENTED_EDGE('',*,*,#7091,.T.);
#5524=ORIENTED_EDGE('',*,*,#7088,.T.);
#5525=ORIENTED_EDGE('',*,*,#7085,.T.);
#5526=ORIENTED_EDGE('',*,*,#7082,.T.);
#5527=ORIENTED_EDGE('',*,*,#7079,.T.);
#5528=ORIENTED_EDGE('',*,*,#7136,.T.);
#5529=ORIENTED_EDGE('',*,*,#7141,.F.);
#5530=ORIENTED_EDGE('',*,*,#7135,.T.);
#5531=ORIENTED_EDGE('',*,*,#7140,.F.);
#5532=ORIENTED_EDGE('',*,*,#7134,.T.);
#5533=ORIENTED_EDGE('',*,*,#7139,.F.);
#5534=ORIENTED_EDGE('',*,*,#7133,.T.);
#5535=ORIENTED_EDGE('',*,*,#7138,.F.);
#5536=ORIENTED_EDGE('',*,*,#7132,.T.);
#5537=ORIENTED_EDGE('',*,*,#7137,.F.);
#5538=EDGE_CURVE('',#7142,#7143,#8214,.T.);
#5539=EDGE_CURVE('',#7142,#7144,#328,.F.);
#5540=EDGE_CURVE('',#7144,#7145,#8215,.T.);
#5541=EDGE_CURVE('',#7143,#7145,#329,.T.);
#5542=EDGE_CURVE('',#7146,#7147,#8216,.T.);
#5543=EDGE_CURVE('',#7146,#7148,#330,.F.);
#5544=EDGE_CURVE('',#7148,#7149,#8217,.T.);
#5545=EDGE_CURVE('',#7147,#7149,#331,.T.);
#5546=EDGE_CURVE('',#7150,#7151,#8218,.T.);
#5547=EDGE_CURVE('',#7150,#7152,#332,.F.);
#5548=EDGE_CURVE('',#7152,#7153,#8219,.T.);
#5549=EDGE_CURVE('',#7151,#7153,#333,.T.);
#5550=EDGE_CURVE('',#7154,#7155,#291,.T.);
#5551=EDGE_CURVE('',#7154,#7156,#292,.F.);
#5552=EDGE_CURVE('',#7157,#7156,#8220,.F.);
#5553=EDGE_CURVE('',#7155,#7157,#293,.F.);
#5554=EDGE_CURVE('',#7158,#7159,#294,.T.);
#5555=EDGE_CURVE('',#7160,#7158,#8221,.T.);
#5556=EDGE_CURVE('',#7160,#7161,#8222,.T.);
#5557=EDGE_CURVE('',#7162,#7161,#8223,.F.);
#5558=EDGE_CURVE('',#7163,#7162,#8224,.T.);
#5559=EDGE_CURVE('',#7159,#7163,#8225,.T.);
#5560=EDGE_CURVE('',#7164,#7165,#295,.T.);
#5561=EDGE_CURVE('',#7166,#7164,#8226,.T.);
#5562=EDGE_CURVE('',#7166,#7167,#8227,.T.);
#5563=EDGE_CURVE('',#7168,#7167,#8228,.F.);
#5564=EDGE_CURVE('',#7169,#7168,#8229,.T.);
#5565=EDGE_CURVE('',#7165,#7169,#8230,.T.);
#5566=EDGE_CURVE('',#7170,#7171,#296,.T.);
#5567=EDGE_CURVE('',#7172,#7170,#8231,.T.);
#5568=EDGE_CURVE('',#7172,#7173,#8232,.T.);
#5569=EDGE_CURVE('',#7174,#7173,#8233,.F.);
#5570=EDGE_CURVE('',#7175,#7174,#8234,.T.);
#5571=EDGE_CURVE('',#7171,#7175,#8235,.T.);
#5572=EDGE_CURVE('',#7176,#7177,#297,.T.);
#5573=EDGE_CURVE('',#7176,#7178,#298,.F.);
#5574=EDGE_CURVE('',#7179,#7178,#8236,.F.);
#5575=EDGE_CURVE('',#7179,#7177,#299,.T.);
#5576=EDGE_CURVE('',#7180,#7181,#334,.T.);
#5577=EDGE_CURVE('',#7182,#7180,#335,.T.);
#5578=EDGE_CURVE('',#7182,#7183,#336,.T.);
#5579=EDGE_CURVE('',#7183,#7181,#337,.F.);
#5580=EDGE_CURVE('',#7184,#7185,#338,.T.);
#5581=EDGE_CURVE('',#7184,#7186,#339,.T.);
#5582=EDGE_CURVE('',#7186,#7187,#340,.T.);
#5583=EDGE_CURVE('',#7187,#7185,#341,.F.);
#5584=EDGE_CURVE('',#7188,#7189,#342,.T.);
#5585=EDGE_CURVE('',#7188,#7190,#343,.T.);
#5586=EDGE_CURVE('',#7190,#7191,#344,.T.);
#5587=EDGE_CURVE('',#7191,#7189,#345,.F.);
#5588=EDGE_CURVE('',#7192,#7193,#346,.T.);
#5589=EDGE_CURVE('',#7192,#7194,#347,.T.);
#5590=EDGE_CURVE('',#7194,#7195,#348,.T.);
#5591=EDGE_CURVE('',#7195,#7193,#349,.F.);
#5592=EDGE_CURVE('',#7196,#7197,#350,.T.);
#5593=EDGE_CURVE('',#7196,#7198,#351,.T.);
#5594=EDGE_CURVE('',#7198,#7199,#352,.T.);
#5595=EDGE_CURVE('',#7199,#7197,#353,.F.);
#5596=EDGE_CURVE('',#7200,#7201,#354,.T.);
#5597=EDGE_CURVE('',#7200,#7202,#355,.T.);
#5598=EDGE_CURVE('',#7202,#7203,#356,.T.);
#5599=EDGE_CURVE('',#7203,#7201,#357,.F.);
#5600=EDGE_CURVE('',#7204,#7205,#358,.T.);
#5601=EDGE_CURVE('',#7204,#7206,#359,.T.);
#5602=EDGE_CURVE('',#7206,#7207,#360,.T.);
#5603=EDGE_CURVE('',#7205,#7207,#361,.T.);
#5604=EDGE_CURVE('',#7205,#7208,#362,.T.);
#5605=EDGE_CURVE('',#7207,#7209,#363,.T.);
#5606=EDGE_CURVE('',#7209,#7208,#364,.T.);
#5607=EDGE_CURVE('',#7210,#7211,#365,.F.);
#5608=EDGE_CURVE('',#7211,#7212,#366,.T.);
#5609=EDGE_CURVE('',#7212,#7213,#367,.T.);
#5610=EDGE_CURVE('',#7210,#7213,#368,.T.);
#5611=EDGE_CURVE('',#7214,#7215,#369,.F.);
#5612=EDGE_CURVE('',#7215,#7216,#370,.T.);
#5613=EDGE_CURVE('',#7216,#7217,#371,.T.);
#5614=EDGE_CURVE('',#7214,#7217,#372,.T.);
#5615=EDGE_CURVE('',#7218,#7219,#373,.T.);
#5616=EDGE_CURVE('',#7218,#7220,#374,.T.);
#5617=EDGE_CURVE('',#7220,#7221,#375,.T.);
#5618=EDGE_CURVE('',#7219,#7221,#376,.T.);
#5619=EDGE_CURVE('',#7219,#7222,#8237,.T.);
#5620=EDGE_CURVE('',#7221,#7223,#8238,.T.);
#5621=EDGE_CURVE('',#7222,#7223,#377,.T.);
#5622=EDGE_CURVE('',#7222,#7224,#378,.T.);
#5623=EDGE_CURVE('',#7223,#7225,#379,.T.);
#5624=EDGE_CURVE('',#7225,#7224,#380,.F.);
#5625=EDGE_CURVE('',#7226,#7227,#381,.T.);
#5626=EDGE_CURVE('',#7226,#7228,#382,.T.);
#5627=EDGE_CURVE('',#7228,#7229,#383,.T.);
#5628=EDGE_CURVE('',#7227,#7229,#384,.T.);
#5629=EDGE_CURVE('',#7227,#7230,#8239,.T.);
#5630=EDGE_CURVE('',#7229,#7231,#8240,.T.);
#5631=EDGE_CURVE('',#7230,#7231,#385,.T.);
#5632=EDGE_CURVE('',#7230,#7232,#386,.T.);
#5633=EDGE_CURVE('',#7231,#7233,#387,.T.);
#5634=EDGE_CURVE('',#7233,#7232,#388,.F.);
#5635=EDGE_CURVE('',#7234,#7235,#389,.T.);
#5636=EDGE_CURVE('',#7234,#7236,#390,.T.);
#5637=EDGE_CURVE('',#7236,#7237,#391,.T.);
#5638=EDGE_CURVE('',#7237,#7235,#392,.F.);
#5639=EDGE_CURVE('',#7238,#7239,#393,.T.);
#5640=EDGE_CURVE('',#7238,#7240,#394,.T.);
#5641=EDGE_CURVE('',#7240,#7241,#395,.T.);
#5642=EDGE_CURVE('',#7241,#7239,#396,.F.);
#5643=EDGE_CURVE('',#7242,#7243,#397,.T.);
#5644=EDGE_CURVE('',#7242,#7244,#398,.T.);
#5645=EDGE_CURVE('',#7244,#7245,#399,.T.);
#5646=EDGE_CURVE('',#7245,#7243,#400,.T.);
#5647=EDGE_CURVE('',#7246,#7247,#8241,.T.);
#5648=EDGE_CURVE('',#7246,#7248,#401,.T.);
#5649=EDGE_CURVE('',#7248,#7249,#8242,.T.);
#5650=EDGE_CURVE('',#7247,#7249,#402,.T.);
#5651=EDGE_CURVE('',#7247,#7196,#403,.T.);
#5652=EDGE_CURVE('',#7249,#7198,#404,.T.);
#5653=EDGE_CURVE('',#7250,#7251,#405,.T.);
#5654=EDGE_CURVE('',#7250,#7252,#406,.T.);
#5655=EDGE_CURVE('',#7252,#7253,#407,.T.);
#5656=EDGE_CURVE('',#7253,#7251,#408,.F.);
#5657=EDGE_CURVE('',#7189,#7192,#8243,.F.);
#5658=EDGE_CURVE('',#7194,#7191,#8244,.T.);
#5659=EDGE_CURVE('',#7232,#7188,#8245,.F.);
#5660=EDGE_CURVE('',#7190,#7233,#8246,.T.);
#5661=EDGE_CURVE('',#7254,#7226,#8247,.F.);
#5662=EDGE_CURVE('',#7254,#7255,#409,.T.);
#5663=EDGE_CURVE('',#7228,#7255,#8248,.T.);
#5664=EDGE_CURVE('',#7224,#7256,#8249,.F.);
#5665=EDGE_CURVE('',#7257,#7225,#8250,.T.);
#5666=EDGE_CURVE('',#7257,#7256,#410,.F.);
#5667=EDGE_CURVE('',#7181,#7184,#8251,.F.);
#5668=EDGE_CURVE('',#7186,#7183,#8252,.T.);
#5669=EDGE_CURVE('',#7185,#7212,#8253,.F.);
#5670=EDGE_CURVE('',#7213,#7187,#8254,.T.);
#5671=EDGE_CURVE('',#7215,#7218,#8255,.F.);
#5672=EDGE_CURVE('',#7220,#7214,#8256,.T.);
#5673=EDGE_CURVE('',#7211,#7216,#8257,.T.);
#5674=EDGE_CURVE('',#7217,#7210,#8258,.F.);
#5675=EDGE_CURVE('',#7258,#7250,#8259,.T.);
#5676=EDGE_CURVE('',#7258,#7259,#411,.T.);
#5677=EDGE_CURVE('',#7252,#7259,#8260,.F.);
#5678=EDGE_CURVE('',#7235,#7238,#8261,.T.);
#5679=EDGE_CURVE('',#7240,#7237,#8262,.F.);
#5680=EDGE_CURVE('',#7239,#7242,#8263,.T.);
#5681=EDGE_CURVE('',#7244,#7241,#8264,.F.);
#5682=EDGE_CURVE('',#7243,#7246,#8265,.F.);
#5683=EDGE_CURVE('',#7248,#7245,#8266,.T.);
#5684=EDGE_CURVE('',#7251,#7204,#8267,.F.);
#5685=EDGE_CURVE('',#7206,#7253,#8268,.T.);
#5686=EDGE_CURVE('',#7201,#7258,#8269,.F.);
#5687=EDGE_CURVE('',#7259,#7203,#8270,.T.);
#5688=EDGE_CURVE('',#7193,#7234,#8271,.F.);
#5689=EDGE_CURVE('',#7236,#7195,#8272,.T.);
#5690=EDGE_CURVE('',#7260,#7200,#8273,.F.);
#5691=EDGE_CURVE('',#7261,#7260,#412,.F.);
#5692=EDGE_CURVE('',#7202,#7261,#8274,.T.);
#5693=EDGE_CURVE('',#7197,#7262,#8275,.F.);
#5694=EDGE_CURVE('',#7263,#7199,#8276,.T.);
#5695=EDGE_CURVE('',#7262,#7263,#413,.T.);
#5696=EDGE_CURVE('',#7264,#7265,#8277,.T.);
#5697=EDGE_CURVE('',#7264,#7266,#414,.F.);
#5698=EDGE_CURVE('',#7266,#7267,#8278,.T.);
#5699=EDGE_CURVE('',#7267,#7268,#415,.F.);
#5700=EDGE_CURVE('',#7268,#7269,#8279,.T.);
#5701=EDGE_CURVE('',#7269,#7160,#416,.F.);
#5702=EDGE_CURVE('',#7159,#7158,#8280,.T.);
#5703=EDGE_CURVE('',#7163,#7270,#417,.F.);
#5704=EDGE_CURVE('',#7270,#7166,#418,.F.);
#5705=EDGE_CURVE('',#7165,#7164,#8281,.T.);
#5706=EDGE_CURVE('',#7169,#7172,#419,.F.);
#5707=EDGE_CURVE('',#7171,#7170,#8282,.T.);
#5708=EDGE_CURVE('',#7175,#7271,#420,.F.);
#5709=EDGE_CURVE('',#7271,#7272,#421,.F.);
#5710=EDGE_CURVE('',#7272,#7273,#8283,.T.);
#5711=EDGE_CURVE('',#7273,#7274,#422,.F.);
#5712=EDGE_CURVE('',#7274,#7275,#423,.F.);
#5713=EDGE_CURVE('',#7276,#7275,#8284,.T.);
#5714=EDGE_CURVE('',#7276,#7277,#424,.F.);
#5715=EDGE_CURVE('',#7278,#7277,#425,.T.);
#5716=EDGE_CURVE('',#7279,#7278,#426,.T.);
#5717=EDGE_CURVE('',#7279,#7280,#427,.T.);
#5718=EDGE_CURVE('',#7280,#7265,#428,.F.);
#5719=EDGE_CURVE('',#7281,#7281,#8285,.T.);
#5720=EDGE_CURVE('',#7282,#7282,#8286,.T.);
#5721=EDGE_CURVE('',#7283,#7283,#8287,.T.);
#5722=EDGE_CURVE('',#7284,#7284,#8288,.T.);
#5723=EDGE_CURVE('',#7285,#7285,#8289,.T.);
#5724=EDGE_CURVE('',#7286,#7286,#8290,.T.);
#5725=EDGE_CURVE('',#7287,#7288,#8291,.T.);
#5726=EDGE_CURVE('',#7287,#7289,#429,.T.);
#5727=EDGE_CURVE('',#7290,#7289,#8292,.T.);
#5728=EDGE_CURVE('',#7290,#7291,#430,.T.);
#5729=EDGE_CURVE('',#7292,#7291,#8293,.T.);
#5730=EDGE_CURVE('',#7293,#7292,#431,.T.);
#5731=EDGE_CURVE('',#7294,#7293,#8294,.T.);
#5732=EDGE_CURVE('',#7288,#7294,#432,.T.);
#5733=EDGE_CURVE('',#7295,#7296,#8295,.T.);
#5734=EDGE_CURVE('',#7295,#7297,#433,.T.);
#5735=EDGE_CURVE('',#7298,#7297,#8296,.T.);
#5736=EDGE_CURVE('',#7298,#7299,#434,.T.);
#5737=EDGE_CURVE('',#7300,#7299,#8297,.T.);
#5738=EDGE_CURVE('',#7301,#7300,#435,.T.);
#5739=EDGE_CURVE('',#7302,#7301,#8298,.T.);
#5740=EDGE_CURVE('',#7296,#7302,#436,.T.);
#5741=EDGE_CURVE('',#7303,#7304,#8299,.T.);
#5742=EDGE_CURVE('',#7303,#7305,#437,.T.);
#5743=EDGE_CURVE('',#7306,#7305,#8300,.T.);
#5744=EDGE_CURVE('',#7306,#7307,#438,.T.);
#5745=EDGE_CURVE('',#7308,#7307,#8301,.T.);
#5746=EDGE_CURVE('',#7309,#7308,#439,.T.);
#5747=EDGE_CURVE('',#7310,#7309,#8302,.T.);
#5748=EDGE_CURVE('',#7304,#7310,#440,.T.);
#5749=EDGE_CURVE('',#7311,#7312,#8303,.T.);
#5750=EDGE_CURVE('',#7311,#7313,#441,.T.);
#5751=EDGE_CURVE('',#7314,#7313,#8304,.T.);
#5752=EDGE_CURVE('',#7314,#7315,#442,.T.);
#5753=EDGE_CURVE('',#7316,#7315,#8305,.T.);
#5754=EDGE_CURVE('',#7317,#7316,#443,.T.);
#5755=EDGE_CURVE('',#7318,#7317,#8306,.T.);
#5756=EDGE_CURVE('',#7312,#7318,#444,.T.);
#5757=EDGE_CURVE('',#7319,#7320,#8307,.T.);
#5758=EDGE_CURVE('',#7319,#7321,#445,.T.);
#5759=EDGE_CURVE('',#7322,#7321,#8308,.T.);
#5760=EDGE_CURVE('',#7322,#7323,#446,.T.);
#5761=EDGE_CURVE('',#7324,#7323,#8309,.T.);
#5762=EDGE_CURVE('',#7325,#7324,#447,.T.);
#5763=EDGE_CURVE('',#7326,#7325,#8310,.T.);
#5764=EDGE_CURVE('',#7320,#7326,#448,.T.);
#5765=EDGE_CURVE('',#7327,#7328,#8311,.T.);
#5766=EDGE_CURVE('',#7327,#7329,#449,.T.);
#5767=EDGE_CURVE('',#7330,#7329,#8312,.T.);
#5768=EDGE_CURVE('',#7330,#7331,#450,.T.);
#5769=EDGE_CURVE('',#7332,#7331,#8313,.T.);
#5770=EDGE_CURVE('',#7333,#7332,#451,.T.);
#5771=EDGE_CURVE('',#7334,#7333,#8314,.T.);
#5772=EDGE_CURVE('',#7328,#7334,#452,.T.);
#5773=EDGE_CURVE('',#7335,#7336,#8315,.T.);
#5774=EDGE_CURVE('',#7335,#7337,#453,.T.);
#5775=EDGE_CURVE('',#7338,#7337,#8316,.T.);
#5776=EDGE_CURVE('',#7338,#7339,#454,.T.);
#5777=EDGE_CURVE('',#7340,#7339,#8317,.T.);
#5778=EDGE_CURVE('',#7341,#7340,#455,.T.);
#5779=EDGE_CURVE('',#7342,#7341,#8318,.T.);
#5780=EDGE_CURVE('',#7336,#7342,#456,.T.);
#5781=EDGE_CURVE('',#7343,#7344,#8319,.T.);
#5782=EDGE_CURVE('',#7343,#7345,#457,.T.);
#5783=EDGE_CURVE('',#7346,#7345,#8320,.T.);
#5784=EDGE_CURVE('',#7346,#7347,#458,.T.);
#5785=EDGE_CURVE('',#7348,#7347,#8321,.T.);
#5786=EDGE_CURVE('',#7349,#7348,#459,.T.);
#5787=EDGE_CURVE('',#7350,#7349,#8322,.T.);
#5788=EDGE_CURVE('',#7344,#7350,#460,.T.);
#5789=EDGE_CURVE('',#7351,#7352,#8323,.T.);
#5790=EDGE_CURVE('',#7351,#7353,#461,.T.);
#5791=EDGE_CURVE('',#7354,#7353,#8324,.T.);
#5792=EDGE_CURVE('',#7354,#7355,#462,.T.);
#5793=EDGE_CURVE('',#7356,#7355,#8325,.T.);
#5794=EDGE_CURVE('',#7357,#7356,#463,.T.);
#5795=EDGE_CURVE('',#7358,#7357,#8326,.T.);
#5796=EDGE_CURVE('',#7352,#7358,#464,.T.);
#5797=EDGE_CURVE('',#7359,#7360,#8327,.T.);
#5798=EDGE_CURVE('',#7359,#7361,#465,.T.);
#5799=EDGE_CURVE('',#7362,#7361,#8328,.T.);
#5800=EDGE_CURVE('',#7362,#7363,#466,.T.);
#5801=EDGE_CURVE('',#7364,#7363,#8329,.T.);
#5802=EDGE_CURVE('',#7365,#7364,#467,.T.);
#5803=EDGE_CURVE('',#7366,#7365,#8330,.T.);
#5804=EDGE_CURVE('',#7360,#7366,#468,.T.);
#5805=EDGE_CURVE('',#7367,#7368,#8331,.T.);
#5806=EDGE_CURVE('',#7367,#7369,#469,.T.);
#5807=EDGE_CURVE('',#7370,#7369,#8332,.T.);
#5808=EDGE_CURVE('',#7370,#7371,#470,.T.);
#5809=EDGE_CURVE('',#7372,#7371,#8333,.T.);
#5810=EDGE_CURVE('',#7373,#7372,#471,.T.);
#5811=EDGE_CURVE('',#7374,#7373,#8334,.T.);
#5812=EDGE_CURVE('',#7368,#7374,#472,.T.);
#5813=EDGE_CURVE('',#7375,#7376,#8335,.T.);
#5814=EDGE_CURVE('',#7375,#7377,#473,.T.);
#5815=EDGE_CURVE('',#7378,#7377,#8336,.T.);
#5816=EDGE_CURVE('',#7378,#7379,#474,.T.);
#5817=EDGE_CURVE('',#7380,#7379,#8337,.T.);
#5818=EDGE_CURVE('',#7381,#7380,#475,.T.);
#5819=EDGE_CURVE('',#7382,#7381,#8338,.T.);
#5820=EDGE_CURVE('',#7376,#7382,#476,.T.);
#5821=EDGE_CURVE('',#7383,#7384,#8339,.T.);
#5822=EDGE_CURVE('',#7383,#7385,#477,.T.);
#5823=EDGE_CURVE('',#7386,#7385,#8340,.T.);
#5824=EDGE_CURVE('',#7386,#7387,#478,.T.);
#5825=EDGE_CURVE('',#7388,#7387,#8341,.T.);
#5826=EDGE_CURVE('',#7389,#7388,#479,.T.);
#5827=EDGE_CURVE('',#7390,#7389,#8342,.T.);
#5828=EDGE_CURVE('',#7384,#7390,#480,.T.);
#5829=EDGE_CURVE('',#7391,#7392,#8343,.T.);
#5830=EDGE_CURVE('',#7391,#7393,#481,.T.);
#5831=EDGE_CURVE('',#7394,#7393,#8344,.T.);
#5832=EDGE_CURVE('',#7394,#7395,#482,.T.);
#5833=EDGE_CURVE('',#7396,#7395,#8345,.T.);
#5834=EDGE_CURVE('',#7397,#7396,#483,.T.);
#5835=EDGE_CURVE('',#7398,#7397,#8346,.T.);
#5836=EDGE_CURVE('',#7392,#7398,#484,.T.);
#5837=EDGE_CURVE('',#7399,#7400,#8347,.T.);
#5838=EDGE_CURVE('',#7399,#7401,#485,.T.);
#5839=EDGE_CURVE('',#7402,#7401,#8348,.T.);
#5840=EDGE_CURVE('',#7402,#7403,#486,.T.);
#5841=EDGE_CURVE('',#7404,#7403,#8349,.T.);
#5842=EDGE_CURVE('',#7405,#7404,#487,.T.);
#5843=EDGE_CURVE('',#7406,#7405,#8350,.T.);
#5844=EDGE_CURVE('',#7400,#7406,#488,.T.);
#5845=EDGE_CURVE('',#7407,#7408,#8351,.T.);
#5846=EDGE_CURVE('',#7407,#7409,#489,.T.);
#5847=EDGE_CURVE('',#7410,#7409,#8352,.T.);
#5848=EDGE_CURVE('',#7410,#7411,#490,.T.);
#5849=EDGE_CURVE('',#7412,#7411,#8353,.T.);
#5850=EDGE_CURVE('',#7413,#7412,#491,.T.);
#5851=EDGE_CURVE('',#7414,#7413,#8354,.T.);
#5852=EDGE_CURVE('',#7408,#7414,#492,.T.);
#5853=EDGE_CURVE('',#7415,#7416,#493,.T.);
#5854=EDGE_CURVE('',#7415,#7417,#494,.T.);
#5855=EDGE_CURVE('',#7417,#7418,#495,.T.);
#5856=EDGE_CURVE('',#7416,#7418,#496,.T.);
#5857=EDGE_CURVE('',#7419,#7420,#497,.T.);
#5858=EDGE_CURVE('',#7420,#7179,#498,.T.);
#5859=EDGE_CURVE('',#7179,#7421,#499,.T.);
#5860=EDGE_CURVE('',#7419,#7421,#500,.T.);
#5861=EDGE_CURVE('',#7422,#7422,#8355,.T.);
#5862=EDGE_CURVE('',#7423,#7423,#8356,.T.);
#5863=EDGE_CURVE('',#7424,#7424,#8357,.T.);
#5864=EDGE_CURVE('',#7425,#7425,#8358,.T.);
#5865=EDGE_CURVE('',#7426,#7426,#8359,.T.);
#5866=EDGE_CURVE('',#7427,#7427,#8360,.T.);
#5867=EDGE_CURVE('',#7428,#7429,#501,.T.);
#5868=EDGE_CURVE('',#7429,#7430,#8361,.T.);
#5869=EDGE_CURVE('',#7430,#7431,#502,.T.);
#5870=EDGE_CURVE('',#7209,#7431,#503,.T.);
#5871=EDGE_CURVE('',#7261,#7263,#8362,.F.);
#5872=EDGE_CURVE('',#7255,#7257,#8363,.F.);
#5873=EDGE_CURVE('',#7182,#7432,#504,.T.);
#5874=EDGE_CURVE('',#7432,#7433,#505,.T.);
#5875=EDGE_CURVE('',#7433,#7434,#8364,.T.);
#5876=EDGE_CURVE('',#7434,#7435,#506,.T.);
#5877=EDGE_CURVE('',#7435,#7436,#8365,.T.);
#5878=EDGE_CURVE('',#7436,#7437,#507,.T.);
#5879=EDGE_CURVE('',#7437,#7438,#8366,.T.);
#5880=EDGE_CURVE('',#7438,#7439,#508,.T.);
#5881=EDGE_CURVE('',#7439,#7440,#8367,.T.);
#5882=EDGE_CURVE('',#7440,#7441,#509,.T.);
#5883=EDGE_CURVE('',#7441,#7442,#8368,.T.);
#5884=EDGE_CURVE('',#7442,#7142,#8369,.T.);
#5885=EDGE_CURVE('',#7143,#7443,#510,.T.);
#5886=EDGE_CURVE('',#7443,#7444,#8370,.T.);
#5887=EDGE_CURVE('',#7444,#7146,#8371,.T.);
#5888=EDGE_CURVE('',#7147,#7445,#511,.T.);
#5889=EDGE_CURVE('',#7445,#7446,#8372,.T.);
#5890=EDGE_CURVE('',#7446,#7447,#512,.T.);
#5891=EDGE_CURVE('',#7447,#7448,#8373,.T.);
#5892=EDGE_CURVE('',#7448,#7150,#8374,.T.);
#5893=EDGE_CURVE('',#7151,#7449,#513,.T.);
#5894=EDGE_CURVE('',#7449,#7450,#8375,.T.);
#5895=EDGE_CURVE('',#7450,#7451,#514,.T.);
#5896=EDGE_CURVE('',#7451,#7428,#8376,.T.);
#5897=EDGE_CURVE('',#7430,#7452,#515,.F.);
#5898=EDGE_CURVE('',#7452,#7453,#516,.T.);
#5899=EDGE_CURVE('',#7431,#7453,#517,.T.);
#5900=EDGE_CURVE('',#7452,#7454,#8377,.T.);
#5901=EDGE_CURVE('',#7455,#7454,#518,.T.);
#5902=EDGE_CURVE('',#7456,#7455,#8378,.T.);
#5903=EDGE_CURVE('',#7457,#7456,#519,.T.);
#5904=EDGE_CURVE('',#7458,#7457,#8379,.T.);
#5905=EDGE_CURVE('',#7153,#7458,#520,.T.);
#5906=EDGE_CURVE('',#7152,#7459,#8380,.T.);
#5907=EDGE_CURVE('',#7460,#7459,#8381,.T.);
#5908=EDGE_CURVE('',#7461,#7460,#521,.T.);
#5909=EDGE_CURVE('',#7462,#7461,#8382,.T.);
#5910=EDGE_CURVE('',#7149,#7462,#522,.T.);
#5911=EDGE_CURVE('',#7148,#7463,#8383,.T.);
#5912=EDGE_CURVE('',#7464,#7463,#8384,.T.);
#5913=EDGE_CURVE('',#7145,#7464,#523,.T.);
#5914=EDGE_CURVE('',#7144,#7465,#8385,.T.);
#5915=EDGE_CURVE('',#7466,#7465,#8386,.T.);
#5916=EDGE_CURVE('',#7467,#7466,#524,.T.);
#5917=EDGE_CURVE('',#7468,#7467,#8387,.T.);
#5918=EDGE_CURVE('',#7469,#7468,#525,.T.);
#5919=EDGE_CURVE('',#7470,#7469,#8388,.T.);
#5920=EDGE_CURVE('',#7471,#7470,#526,.T.);
#5921=EDGE_CURVE('',#7472,#7471,#8389,.T.);
#5922=EDGE_CURVE('',#7473,#7472,#527,.T.);
#5923=EDGE_CURVE('',#7473,#7474,#8390,.T.);
#5924=EDGE_CURVE('',#7475,#7474,#528,.T.);
#5925=EDGE_CURVE('',#7475,#7419,#529,.T.);
#5926=EDGE_CURVE('',#7421,#7476,#8391,.T.);
#5927=EDGE_CURVE('',#7476,#7477,#530,.T.);
#5928=EDGE_CURVE('',#7477,#7478,#531,.T.);
#5929=EDGE_CURVE('',#7478,#7479,#8392,.T.);
#5930=EDGE_CURVE('',#7479,#7480,#532,.T.);
#5931=EDGE_CURVE('',#7480,#7481,#533,.T.);
#5932=EDGE_CURVE('',#7481,#7482,#8393,.T.);
#5933=EDGE_CURVE('',#7482,#7483,#534,.T.);
#5934=EDGE_CURVE('',#7483,#7484,#8394,.T.);
#5935=EDGE_CURVE('',#7484,#7485,#535,.T.);
#5936=EDGE_CURVE('',#7485,#7486,#536,.T.);
#5937=EDGE_CURVE('',#7486,#7487,#8395,.T.);
#5938=EDGE_CURVE('',#7487,#7488,#537,.T.);
#5939=EDGE_CURVE('',#7488,#7489,#8396,.T.);
#5940=EDGE_CURVE('',#7489,#7490,#538,.T.);
#5941=EDGE_CURVE('',#7490,#7491,#8397,.T.);
#5942=EDGE_CURVE('',#7491,#7492,#539,.T.);
#5943=EDGE_CURVE('',#7492,#7493,#8398,.T.);
#5944=EDGE_CURVE('',#7493,#7494,#540,.T.);
#5945=EDGE_CURVE('',#7453,#7494,#541,.T.);
#5946=EDGE_CURVE('',#7434,#7473,#542,.F.);
#5947=EDGE_CURVE('',#7435,#7472,#543,.T.);
#5948=EDGE_CURVE('',#7436,#7471,#544,.T.);
#5949=EDGE_CURVE('',#7437,#7470,#545,.T.);
#5950=EDGE_CURVE('',#7439,#7468,#546,.T.);
#5951=EDGE_CURVE('',#7438,#7469,#547,.T.);
#5952=EDGE_CURVE('',#7440,#7467,#548,.T.);
#5953=EDGE_CURVE('',#7441,#7466,#549,.T.);
#5954=EDGE_CURVE('',#7445,#7462,#550,.T.);
#5955=EDGE_CURVE('',#7446,#7461,#551,.T.);
#5956=EDGE_CURVE('',#7447,#7460,#552,.T.);
#5957=EDGE_CURVE('',#7474,#7433,#553,.T.);
#5958=EDGE_CURVE('',#7432,#7475,#554,.T.);
#5959=EDGE_CURVE('',#7465,#7442,#555,.T.);
#5960=EDGE_CURVE('',#7443,#7464,#556,.T.);
#5961=EDGE_CURVE('',#7463,#7444,#557,.T.);
#5962=EDGE_CURVE('',#7459,#7448,#558,.T.);
#5963=EDGE_CURVE('',#7449,#7458,#559,.T.);
#5964=EDGE_CURVE('',#7450,#7457,#560,.T.);
#5965=EDGE_CURVE('',#7451,#7456,#561,.T.);
#5966=EDGE_CURVE('',#7428,#7455,#562,.T.);
#5967=EDGE_CURVE('',#7454,#7429,#563,.T.);
#5968=EDGE_CURVE('',#7495,#7480,#564,.T.);
#5969=EDGE_CURVE('',#7495,#7174,#565,.T.);
#5970=EDGE_CURVE('',#7174,#7481,#566,.T.);
#5971=EDGE_CURVE('',#7496,#7479,#567,.T.);
#5972=EDGE_CURVE('',#7496,#7495,#568,.T.);
#5973=EDGE_CURVE('',#7497,#7478,#569,.T.);
#5974=EDGE_CURVE('',#7497,#7496,#8399,.F.);
#5975=EDGE_CURVE('',#7498,#7477,#570,.T.);
#5976=EDGE_CURVE('',#7498,#7497,#571,.T.);
#5977=EDGE_CURVE('',#7178,#7476,#572,.T.);
#5978=EDGE_CURVE('',#7178,#7498,#573,.T.);
#5979=EDGE_CURVE('',#7156,#7493,#574,.T.);
#5980=EDGE_CURVE('',#7156,#7499,#575,.T.);
#5981=EDGE_CURVE('',#7494,#7499,#576,.T.);
#5982=EDGE_CURVE('',#7157,#7492,#577,.T.);
#5983=EDGE_CURVE('',#7500,#7491,#578,.T.);
#5984=EDGE_CURVE('',#7500,#7157,#579,.T.);
#5985=EDGE_CURVE('',#7501,#7490,#580,.T.);
#5986=EDGE_CURVE('',#7501,#7500,#8400,.F.);
#5987=EDGE_CURVE('',#7502,#7489,#581,.T.);
#5988=EDGE_CURVE('',#7502,#7501,#582,.T.);
#5989=EDGE_CURVE('',#7503,#7488,#583,.T.);
#5990=EDGE_CURVE('',#7503,#7502,#8401,.F.);
#5991=EDGE_CURVE('',#7161,#7487,#584,.T.);
#5992=EDGE_CURVE('',#7161,#7503,#585,.T.);
#5993=EDGE_CURVE('',#7162,#7486,#586,.T.);
#5994=EDGE_CURVE('',#7504,#7485,#587,.T.);
#5995=EDGE_CURVE('',#7504,#7162,#588,.T.);
#5996=EDGE_CURVE('',#7167,#7484,#589,.T.);
#5997=EDGE_CURVE('',#7167,#7504,#590,.T.);
#5998=EDGE_CURVE('',#7168,#7483,#591,.T.);
#5999=EDGE_CURVE('',#7173,#7482,#592,.T.);
#6000=EDGE_CURVE('',#7173,#7168,#593,.T.);
#6001=EDGE_CURVE('',#7262,#7260,#8402,.T.);
#6002=EDGE_CURVE('',#7256,#7254,#8403,.T.);
#6003=EDGE_CURVE('',#7277,#7420,#8404,.F.);
#6004=EDGE_CURVE('',#7180,#7278,#594,.T.);
#6005=EDGE_CURVE('',#7499,#7280,#8405,.T.);
#6006=EDGE_CURVE('',#7208,#7279,#595,.T.);
#6007=EDGE_CURVE('',#7208,#7180,#596,.T.);
#6008=EDGE_CURVE('',#7505,#7416,#597,.T.);
#6009=EDGE_CURVE('',#7506,#7505,#598,.T.);
#6010=EDGE_CURVE('',#7506,#7415,#599,.T.);
#6011=EDGE_CURVE('',#7506,#7507,#600,.T.);
#6012=EDGE_CURVE('',#7507,#7417,#601,.T.);
#6013=EDGE_CURVE('',#7507,#7508,#602,.T.);
#6014=EDGE_CURVE('',#7508,#7418,#603,.T.);
#6015=EDGE_CURVE('',#7509,#7408,#604,.T.);
#6016=EDGE_CURVE('',#7510,#7509,#8406,.T.);
#6017=EDGE_CURVE('',#7510,#7407,#605,.T.);
#6018=EDGE_CURVE('',#7510,#7511,#606,.T.);
#6019=EDGE_CURVE('',#7511,#7409,#607,.T.);
#6020=EDGE_CURVE('',#7512,#7511,#8407,.T.);
#6021=EDGE_CURVE('',#7512,#7410,#608,.T.);
#6022=EDGE_CURVE('',#7512,#7513,#609,.T.);
#6023=EDGE_CURVE('',#7513,#7411,#610,.T.);
#6024=EDGE_CURVE('',#7514,#7513,#8408,.T.);
#6025=EDGE_CURVE('',#7514,#7412,#611,.T.);
#6026=EDGE_CURVE('',#7515,#7514,#612,.T.);
#6027=EDGE_CURVE('',#7515,#7413,#613,.T.);
#6028=EDGE_CURVE('',#7516,#7515,#8409,.T.);
#6029=EDGE_CURVE('',#7516,#7414,#614,.T.);
#6030=EDGE_CURVE('',#7517,#7400,#615,.T.);
#6031=EDGE_CURVE('',#7518,#7517,#8410,.T.);
#6032=EDGE_CURVE('',#7518,#7399,#616,.T.);
#6033=EDGE_CURVE('',#7518,#7519,#617,.T.);
#6034=EDGE_CURVE('',#7519,#7401,#618,.T.);
#6035=EDGE_CURVE('',#7520,#7519,#8411,.T.);
#6036=EDGE_CURVE('',#7520,#7402,#619,.T.);
#6037=EDGE_CURVE('',#7520,#7521,#620,.T.);
#6038=EDGE_CURVE('',#7521,#7403,#621,.T.);
#6039=EDGE_CURVE('',#7522,#7521,#8412,.T.);
#6040=EDGE_CURVE('',#7522,#7404,#622,.T.);
#6041=EDGE_CURVE('',#7523,#7522,#623,.T.);
#6042=EDGE_CURVE('',#7523,#7405,#624,.T.);
#6043=EDGE_CURVE('',#7524,#7523,#8413,.T.);
#6044=EDGE_CURVE('',#7524,#7406,#625,.T.);
#6045=EDGE_CURVE('',#7525,#7392,#626,.T.);
#6046=EDGE_CURVE('',#7526,#7525,#8414,.T.);
#6047=EDGE_CURVE('',#7526,#7391,#627,.T.);
#6048=EDGE_CURVE('',#7526,#7527,#628,.T.);
#6049=EDGE_CURVE('',#7527,#7393,#629,.T.);
#6050=EDGE_CURVE('',#7528,#7527,#8415,.T.);
#6051=EDGE_CURVE('',#7528,#7394,#630,.T.);
#6052=EDGE_CURVE('',#7528,#7529,#631,.T.);
#6053=EDGE_CURVE('',#7529,#7395,#632,.T.);
#6054=EDGE_CURVE('',#7530,#7529,#8416,.T.);
#6055=EDGE_CURVE('',#7530,#7396,#633,.T.);
#6056=EDGE_CURVE('',#7531,#7530,#634,.T.);
#6057=EDGE_CURVE('',#7531,#7397,#635,.T.);
#6058=EDGE_CURVE('',#7532,#7531,#8417,.T.);
#6059=EDGE_CURVE('',#7532,#7398,#636,.T.);
#6060=EDGE_CURVE('',#7533,#7384,#637,.T.);
#6061=EDGE_CURVE('',#7534,#7533,#8418,.T.);
#6062=EDGE_CURVE('',#7534,#7383,#638,.T.);
#6063=EDGE_CURVE('',#7534,#7535,#639,.T.);
#6064=EDGE_CURVE('',#7535,#7385,#640,.T.);
#6065=EDGE_CURVE('',#7536,#7535,#8419,.T.);
#6066=EDGE_CURVE('',#7536,#7386,#641,.T.);
#6067=EDGE_CURVE('',#7536,#7537,#642,.T.);
#6068=EDGE_CURVE('',#7537,#7387,#643,.T.);
#6069=EDGE_CURVE('',#7538,#7537,#8420,.T.);
#6070=EDGE_CURVE('',#7538,#7388,#644,.T.);
#6071=EDGE_CURVE('',#7539,#7538,#645,.T.);
#6072=EDGE_CURVE('',#7539,#7389,#646,.T.);
#6073=EDGE_CURVE('',#7540,#7539,#8421,.T.);
#6074=EDGE_CURVE('',#7540,#7390,#647,.T.);
#6075=EDGE_CURVE('',#7541,#7376,#648,.T.);
#6076=EDGE_CURVE('',#7542,#7541,#8422,.T.);
#6077=EDGE_CURVE('',#7542,#7375,#649,.T.);
#6078=EDGE_CURVE('',#7542,#7543,#650,.T.);
#6079=EDGE_CURVE('',#7543,#7377,#651,.T.);
#6080=EDGE_CURVE('',#7544,#7543,#8423,.T.);
#6081=EDGE_CURVE('',#7544,#7378,#652,.T.);
#6082=EDGE_CURVE('',#7544,#7545,#653,.T.);
#6083=EDGE_CURVE('',#7545,#7379,#654,.T.);
#6084=EDGE_CURVE('',#7546,#7545,#8424,.T.);
#6085=EDGE_CURVE('',#7546,#7380,#655,.T.);
#6086=EDGE_CURVE('',#7547,#7546,#656,.T.);
#6087=EDGE_CURVE('',#7547,#7381,#657,.T.);
#6088=EDGE_CURVE('',#7548,#7547,#8425,.T.);
#6089=EDGE_CURVE('',#7548,#7382,#658,.T.);
#6090=EDGE_CURVE('',#7549,#7368,#659,.T.);
#6091=EDGE_CURVE('',#7550,#7549,#8426,.T.);
#6092=EDGE_CURVE('',#7550,#7367,#660,.T.);
#6093=EDGE_CURVE('',#7550,#7551,#661,.T.);
#6094=EDGE_CURVE('',#7551,#7369,#662,.T.);
#6095=EDGE_CURVE('',#7552,#7551,#8427,.T.);
#6096=EDGE_CURVE('',#7552,#7370,#663,.T.);
#6097=EDGE_CURVE('',#7552,#7553,#664,.T.);
#6098=EDGE_CURVE('',#7553,#7371,#665,.T.);
#6099=EDGE_CURVE('',#7554,#7553,#8428,.T.);
#6100=EDGE_CURVE('',#7554,#7372,#666,.T.);
#6101=EDGE_CURVE('',#7555,#7554,#667,.T.);
#6102=EDGE_CURVE('',#7555,#7373,#668,.T.);
#6103=EDGE_CURVE('',#7556,#7555,#8429,.T.);
#6104=EDGE_CURVE('',#7556,#7374,#669,.T.);
#6105=EDGE_CURVE('',#7557,#7360,#670,.T.);
#6106=EDGE_CURVE('',#7558,#7557,#8430,.T.);
#6107=EDGE_CURVE('',#7558,#7359,#671,.T.);
#6108=EDGE_CURVE('',#7558,#7559,#672,.T.);
#6109=EDGE_CURVE('',#7559,#7361,#673,.T.);
#6110=EDGE_CURVE('',#7560,#7559,#8431,.T.);
#6111=EDGE_CURVE('',#7560,#7362,#674,.T.);
#6112=EDGE_CURVE('',#7560,#7561,#675,.T.);
#6113=EDGE_CURVE('',#7561,#7363,#676,.T.);
#6114=EDGE_CURVE('',#7562,#7561,#8432,.T.);
#6115=EDGE_CURVE('',#7562,#7364,#677,.T.);
#6116=EDGE_CURVE('',#7563,#7562,#678,.T.);
#6117=EDGE_CURVE('',#7563,#7365,#679,.T.);
#6118=EDGE_CURVE('',#7564,#7563,#8433,.T.);
#6119=EDGE_CURVE('',#7564,#7366,#680,.T.);
#6120=EDGE_CURVE('',#7565,#7352,#681,.T.);
#6121=EDGE_CURVE('',#7566,#7565,#8434,.T.);
#6122=EDGE_CURVE('',#7566,#7351,#682,.T.);
#6123=EDGE_CURVE('',#7566,#7567,#683,.T.);
#6124=EDGE_CURVE('',#7567,#7353,#684,.T.);
#6125=EDGE_CURVE('',#7568,#7567,#8435,.T.);
#6126=EDGE_CURVE('',#7568,#7354,#685,.T.);
#6127=EDGE_CURVE('',#7568,#7569,#686,.T.);
#6128=EDGE_CURVE('',#7569,#7355,#687,.T.);
#6129=EDGE_CURVE('',#7570,#7569,#8436,.T.);
#6130=EDGE_CURVE('',#7570,#7356,#688,.T.);
#6131=EDGE_CURVE('',#7571,#7570,#689,.T.);
#6132=EDGE_CURVE('',#7571,#7357,#690,.T.);
#6133=EDGE_CURVE('',#7572,#7571,#8437,.T.);
#6134=EDGE_CURVE('',#7572,#7358,#691,.T.);
#6135=EDGE_CURVE('',#7573,#7344,#692,.T.);
#6136=EDGE_CURVE('',#7574,#7573,#8438,.T.);
#6137=EDGE_CURVE('',#7574,#7343,#693,.T.);
#6138=EDGE_CURVE('',#7574,#7575,#694,.T.);
#6139=EDGE_CURVE('',#7575,#7345,#695,.T.);
#6140=EDGE_CURVE('',#7576,#7575,#8439,.T.);
#6141=EDGE_CURVE('',#7576,#7346,#696,.T.);
#6142=EDGE_CURVE('',#7576,#7577,#697,.T.);
#6143=EDGE_CURVE('',#7577,#7347,#698,.T.);
#6144=EDGE_CURVE('',#7578,#7577,#8440,.T.);
#6145=EDGE_CURVE('',#7578,#7348,#699,.T.);
#6146=EDGE_CURVE('',#7579,#7578,#700,.T.);
#6147=EDGE_CURVE('',#7579,#7349,#701,.T.);
#6148=EDGE_CURVE('',#7580,#7579,#8441,.T.);
#6149=EDGE_CURVE('',#7580,#7350,#702,.T.);
#6150=EDGE_CURVE('',#7581,#7336,#703,.T.);
#6151=EDGE_CURVE('',#7582,#7581,#8442,.T.);
#6152=EDGE_CURVE('',#7582,#7335,#704,.T.);
#6153=EDGE_CURVE('',#7582,#7583,#705,.T.);
#6154=EDGE_CURVE('',#7583,#7337,#706,.T.);
#6155=EDGE_CURVE('',#7584,#7583,#8443,.T.);
#6156=EDGE_CURVE('',#7584,#7338,#707,.T.);
#6157=EDGE_CURVE('',#7584,#7585,#708,.T.);
#6158=EDGE_CURVE('',#7585,#7339,#709,.T.);
#6159=EDGE_CURVE('',#7586,#7585,#8444,.T.);
#6160=EDGE_CURVE('',#7586,#7340,#710,.T.);
#6161=EDGE_CURVE('',#7587,#7586,#711,.T.);
#6162=EDGE_CURVE('',#7587,#7341,#712,.T.);
#6163=EDGE_CURVE('',#7588,#7587,#8445,.T.);
#6164=EDGE_CURVE('',#7588,#7342,#713,.T.);
#6165=EDGE_CURVE('',#7589,#7328,#714,.T.);
#6166=EDGE_CURVE('',#7590,#7589,#8446,.T.);
#6167=EDGE_CURVE('',#7590,#7327,#715,.T.);
#6168=EDGE_CURVE('',#7590,#7591,#716,.T.);
#6169=EDGE_CURVE('',#7591,#7329,#717,.T.);
#6170=EDGE_CURVE('',#7592,#7591,#8447,.T.);
#6171=EDGE_CURVE('',#7592,#7330,#718,.T.);
#6172=EDGE_CURVE('',#7592,#7593,#719,.T.);
#6173=EDGE_CURVE('',#7593,#7331,#720,.T.);
#6174=EDGE_CURVE('',#7594,#7593,#8448,.T.);
#6175=EDGE_CURVE('',#7594,#7332,#721,.T.);
#6176=EDGE_CURVE('',#7595,#7594,#722,.T.);
#6177=EDGE_CURVE('',#7595,#7333,#723,.T.);
#6178=EDGE_CURVE('',#7596,#7595,#8449,.T.);
#6179=EDGE_CURVE('',#7596,#7334,#724,.T.);
#6180=EDGE_CURVE('',#7597,#7320,#725,.T.);
#6181=EDGE_CURVE('',#7598,#7597,#8450,.T.);
#6182=EDGE_CURVE('',#7598,#7319,#726,.T.);
#6183=EDGE_CURVE('',#7598,#7599,#727,.T.);
#6184=EDGE_CURVE('',#7599,#7321,#728,.T.);
#6185=EDGE_CURVE('',#7600,#7599,#8451,.T.);
#6186=EDGE_CURVE('',#7600,#7322,#729,.T.);
#6187=EDGE_CURVE('',#7600,#7601,#730,.T.);
#6188=EDGE_CURVE('',#7601,#7323,#731,.T.);
#6189=EDGE_CURVE('',#7602,#7601,#8452,.T.);
#6190=EDGE_CURVE('',#7602,#7324,#732,.T.);
#6191=EDGE_CURVE('',#7603,#7602,#733,.T.);
#6192=EDGE_CURVE('',#7603,#7325,#734,.T.);
#6193=EDGE_CURVE('',#7604,#7603,#8453,.T.);
#6194=EDGE_CURVE('',#7604,#7326,#735,.T.);
#6195=EDGE_CURVE('',#7605,#7312,#736,.T.);
#6196=EDGE_CURVE('',#7606,#7605,#8454,.T.);
#6197=EDGE_CURVE('',#7606,#7311,#737,.T.);
#6198=EDGE_CURVE('',#7606,#7607,#738,.T.);
#6199=EDGE_CURVE('',#7607,#7313,#739,.T.);
#6200=EDGE_CURVE('',#7608,#7607,#8455,.T.);
#6201=EDGE_CURVE('',#7608,#7314,#740,.T.);
#6202=EDGE_CURVE('',#7608,#7609,#741,.T.);
#6203=EDGE_CURVE('',#7609,#7315,#742,.T.);
#6204=EDGE_CURVE('',#7610,#7609,#8456,.T.);
#6205=EDGE_CURVE('',#7610,#7316,#743,.T.);
#6206=EDGE_CURVE('',#7611,#7610,#744,.T.);
#6207=EDGE_CURVE('',#7611,#7317,#745,.T.);
#6208=EDGE_CURVE('',#7612,#7611,#8457,.T.);
#6209=EDGE_CURVE('',#7612,#7318,#746,.T.);
#6210=EDGE_CURVE('',#7613,#7304,#747,.T.);
#6211=EDGE_CURVE('',#7614,#7613,#8458,.T.);
#6212=EDGE_CURVE('',#7614,#7303,#748,.T.);
#6213=EDGE_CURVE('',#7614,#7615,#749,.T.);
#6214=EDGE_CURVE('',#7615,#7305,#750,.T.);
#6215=EDGE_CURVE('',#7616,#7615,#8459,.T.);
#6216=EDGE_CURVE('',#7616,#7306,#751,.T.);
#6217=EDGE_CURVE('',#7616,#7617,#752,.T.);
#6218=EDGE_CURVE('',#7617,#7307,#753,.T.);
#6219=EDGE_CURVE('',#7618,#7617,#8460,.T.);
#6220=EDGE_CURVE('',#7618,#7308,#754,.T.);
#6221=EDGE_CURVE('',#7619,#7618,#755,.T.);
#6222=EDGE_CURVE('',#7619,#7309,#756,.T.);
#6223=EDGE_CURVE('',#7620,#7619,#8461,.T.);
#6224=EDGE_CURVE('',#7620,#7310,#757,.T.);
#6225=EDGE_CURVE('',#7621,#7296,#758,.T.);
#6226=EDGE_CURVE('',#7622,#7621,#8462,.T.);
#6227=EDGE_CURVE('',#7622,#7295,#759,.T.);
#6228=EDGE_CURVE('',#7622,#7623,#760,.T.);
#6229=EDGE_CURVE('',#7623,#7297,#761,.T.);
#6230=EDGE_CURVE('',#7624,#7623,#8463,.T.);
#6231=EDGE_CURVE('',#7624,#7298,#762,.T.);
#6232=EDGE_CURVE('',#7624,#7625,#763,.T.);
#6233=EDGE_CURVE('',#7625,#7299,#764,.T.);
#6234=EDGE_CURVE('',#7626,#7625,#8464,.T.);
#6235=EDGE_CURVE('',#7626,#7300,#765,.T.);
#6236=EDGE_CURVE('',#7627,#7626,#766,.T.);
#6237=EDGE_CURVE('',#7627,#7301,#767,.T.);
#6238=EDGE_CURVE('',#7628,#7627,#8465,.T.);
#6239=EDGE_CURVE('',#7628,#7302,#768,.T.);
#6240=EDGE_CURVE('',#7629,#7288,#769,.T.);
#6241=EDGE_CURVE('',#7630,#7629,#8466,.T.);
#6242=EDGE_CURVE('',#7630,#7287,#770,.T.);
#6243=EDGE_CURVE('',#7630,#7631,#771,.T.);
#6244=EDGE_CURVE('',#7631,#7289,#772,.T.);
#6245=EDGE_CURVE('',#7632,#7631,#8467,.T.);
#6246=EDGE_CURVE('',#7632,#7290,#773,.T.);
#6247=EDGE_CURVE('',#7632,#7633,#774,.T.);
#6248=EDGE_CURVE('',#7633,#7291,#775,.T.);
#6249=EDGE_CURVE('',#7634,#7633,#8468,.T.);
#6250=EDGE_CURVE('',#7634,#7292,#776,.T.);
#6251=EDGE_CURVE('',#7635,#7634,#777,.T.);
#6252=EDGE_CURVE('',#7635,#7293,#778,.T.);
#6253=EDGE_CURVE('',#7636,#7635,#8469,.T.);
#6254=EDGE_CURVE('',#7636,#7294,#779,.T.);
#6255=EDGE_CURVE('',#7509,#7516,#780,.T.);
#6256=EDGE_CURVE('',#7517,#7524,#781,.T.);
#6257=EDGE_CURVE('',#7525,#7532,#782,.T.);
#6258=EDGE_CURVE('',#7533,#7540,#783,.T.);
#6259=EDGE_CURVE('',#7541,#7548,#784,.T.);
#6260=EDGE_CURVE('',#7549,#7556,#785,.T.);
#6261=EDGE_CURVE('',#7557,#7564,#786,.T.);
#6262=EDGE_CURVE('',#7565,#7572,#787,.T.);
#6263=EDGE_CURVE('',#7573,#7580,#788,.T.);
#6264=EDGE_CURVE('',#7581,#7588,#789,.T.);
#6265=EDGE_CURVE('',#7589,#7596,#790,.T.);
#6266=EDGE_CURVE('',#7597,#7604,#791,.T.);
#6267=EDGE_CURVE('',#7605,#7612,#792,.T.);
#6268=EDGE_CURVE('',#7613,#7620,#793,.T.);
#6269=EDGE_CURVE('',#7621,#7628,#794,.T.);
#6270=EDGE_CURVE('',#7629,#7636,#795,.T.);
#6271=EDGE_CURVE('',#7505,#7508,#796,.T.);
#6272=EDGE_CURVE('',#7265,#7154,#300,.T.);
#6273=EDGE_CURVE('',#7155,#7264,#301,.T.);
#6274=EDGE_CURVE('',#7266,#7500,#302,.F.);
#6275=EDGE_CURVE('',#7267,#7501,#303,.F.);
#6276=EDGE_CURVE('',#7268,#7502,#8470,.T.);
#6277=EDGE_CURVE('',#7269,#7503,#8471,.T.);
#6278=EDGE_CURVE('',#7270,#7504,#18,.F.);
#6279=EDGE_CURVE('',#7271,#7495,#19,.F.);
#6280=EDGE_CURVE('',#7272,#7496,#8472,.T.);
#6281=EDGE_CURVE('',#7273,#7497,#8473,.T.);
#6282=EDGE_CURVE('',#7274,#7498,#20,.F.);
#6283=EDGE_CURVE('',#7177,#7276,#304,.T.);
#6284=EDGE_CURVE('',#7275,#7176,#305,.T.);
#6285=EDGE_CURVE('',#7637,#7638,#797,.T.);
#6286=EDGE_CURVE('',#7639,#7638,#798,.T.);
#6287=EDGE_CURVE('',#7640,#7639,#799,.T.);
#6288=EDGE_CURVE('',#7640,#7637,#800,.T.);
#6289=EDGE_CURVE('',#7638,#7641,#8474,.T.);
#6290=EDGE_CURVE('',#7642,#7641,#801,.T.);
#6291=EDGE_CURVE('',#7639,#7642,#8475,.T.);
#6292=EDGE_CURVE('',#7641,#7643,#802,.T.);
#6293=EDGE_CURVE('',#7644,#7643,#803,.T.);
#6294=EDGE_CURVE('',#7642,#7644,#804,.T.);
#6295=EDGE_CURVE('',#7643,#7645,#805,.T.);
#6296=EDGE_CURVE('',#7646,#7645,#806,.T.);
#6297=EDGE_CURVE('',#7644,#7646,#807,.T.);
#6298=EDGE_CURVE('',#7645,#7647,#8476,.T.);
#6299=EDGE_CURVE('',#7648,#7647,#808,.T.);
#6300=EDGE_CURVE('',#7646,#7648,#8477,.T.);
#6301=EDGE_CURVE('',#7647,#7649,#809,.T.);
#6302=EDGE_CURVE('',#7650,#7649,#810,.T.);
#6303=EDGE_CURVE('',#7648,#7650,#811,.T.);
#6304=EDGE_CURVE('',#7649,#7651,#8478,.T.);
#6305=EDGE_CURVE('',#7652,#7651,#812,.T.);
#6306=EDGE_CURVE('',#7650,#7652,#8479,.T.);
#6307=EDGE_CURVE('',#7651,#7653,#813,.T.);
#6308=EDGE_CURVE('',#7654,#7653,#814,.T.);
#6309=EDGE_CURVE('',#7652,#7654,#815,.T.);
#6310=EDGE_CURVE('',#7653,#7655,#8480,.T.);
#6311=EDGE_CURVE('',#7656,#7655,#816,.T.);
#6312=EDGE_CURVE('',#7654,#7656,#8481,.T.);
#6313=EDGE_CURVE('',#7655,#7657,#817,.T.);
#6314=EDGE_CURVE('',#7658,#7657,#818,.T.);
#6315=EDGE_CURVE('',#7656,#7658,#819,.T.);
#6316=EDGE_CURVE('',#7657,#7659,#8482,.T.);
#6317=EDGE_CURVE('',#7660,#7659,#820,.T.);
#6318=EDGE_CURVE('',#7658,#7660,#8483,.T.);
#6319=EDGE_CURVE('',#7659,#7661,#821,.T.);
#6320=EDGE_CURVE('',#7662,#7661,#822,.T.);
#6321=EDGE_CURVE('',#7660,#7662,#823,.T.);
#6322=EDGE_CURVE('',#7661,#7663,#8484,.T.);
#6323=EDGE_CURVE('',#7664,#7663,#824,.T.);
#6324=EDGE_CURVE('',#7662,#7664,#8485,.T.);
#6325=EDGE_CURVE('',#7663,#7665,#825,.T.);
#6326=EDGE_CURVE('',#7666,#7665,#826,.T.);
#6327=EDGE_CURVE('',#7664,#7666,#827,.T.);
#6328=EDGE_CURVE('',#7665,#7667,#828,.T.);
#6329=EDGE_CURVE('',#7668,#7667,#829,.T.);
#6330=EDGE_CURVE('',#7666,#7668,#830,.T.);
#6331=EDGE_CURVE('',#7667,#7669,#8486,.T.);
#6332=EDGE_CURVE('',#7670,#7669,#831,.T.);
#6333=EDGE_CURVE('',#7668,#7670,#8487,.T.);
#6334=EDGE_CURVE('',#7669,#7671,#832,.T.);
#6335=EDGE_CURVE('',#7672,#7671,#833,.T.);
#6336=EDGE_CURVE('',#7670,#7672,#834,.T.);
#6337=EDGE_CURVE('',#7671,#7673,#8488,.T.);
#6338=EDGE_CURVE('',#7674,#7673,#835,.T.);
#6339=EDGE_CURVE('',#7672,#7674,#8489,.T.);
#6340=EDGE_CURVE('',#7673,#7637,#836,.T.);
#6341=EDGE_CURVE('',#7674,#7640,#837,.T.);
#6342=EDGE_CURVE('',#7675,#7675,#8490,.T.);
#6343=EDGE_CURVE('',#7676,#7676,#8491,.T.);
#6344=EDGE_CURVE('',#7677,#7677,#8492,.T.);
#6345=EDGE_CURVE('',#7678,#7678,#8493,.T.);
#6346=EDGE_CURVE('',#7679,#7679,#8494,.T.);
#6347=EDGE_CURVE('',#7680,#7680,#8495,.T.);
#6348=EDGE_CURVE('',#7681,#7681,#8496,.T.);
#6349=EDGE_CURVE('',#7682,#7682,#8497,.T.);
#6350=EDGE_CURVE('',#7683,#7683,#8498,.T.);
#6351=EDGE_CURVE('',#7684,#7684,#8499,.T.);
#6352=EDGE_CURVE('',#7685,#7685,#8500,.T.);
#6353=EDGE_CURVE('',#7686,#7686,#8501,.T.);
#6354=EDGE_CURVE('',#7687,#7688,#838,.T.);
#6355=EDGE_CURVE('',#7689,#7688,#839,.T.);
#6356=EDGE_CURVE('',#7689,#7690,#840,.F.);
#6357=EDGE_CURVE('',#7690,#7687,#841,.T.);
#6358=EDGE_CURVE('',#7691,#7692,#842,.T.);
#6359=EDGE_CURVE('',#7693,#7692,#843,.T.);
#6360=EDGE_CURVE('',#7694,#7693,#844,.T.);
#6361=EDGE_CURVE('',#7694,#7691,#845,.T.);
#6362=EDGE_CURVE('',#7695,#7693,#8502,.T.);
#6363=EDGE_CURVE('',#7696,#7695,#846,.T.);
#6364=EDGE_CURVE('',#7696,#7694,#8503,.T.);
#6365=EDGE_CURVE('',#7697,#7695,#847,.T.);
#6366=EDGE_CURVE('',#7697,#7698,#848,.F.);
#6367=EDGE_CURVE('',#7698,#7696,#849,.T.);
#6368=EDGE_CURVE('',#7699,#7700,#850,.T.);
#6369=EDGE_CURVE('',#7701,#7700,#851,.T.);
#6370=EDGE_CURVE('',#7702,#7701,#852,.T.);
#6371=EDGE_CURVE('',#7702,#7699,#853,.T.);
#6372=EDGE_CURVE('',#7703,#7701,#8504,.T.);
#6373=EDGE_CURVE('',#7704,#7703,#854,.T.);
#6374=EDGE_CURVE('',#7704,#7702,#8505,.T.);
#6375=EDGE_CURVE('',#7705,#7703,#855,.T.);
#6376=EDGE_CURVE('',#7705,#7706,#856,.F.);
#6377=EDGE_CURVE('',#7706,#7704,#857,.T.);
#6378=EDGE_CURVE('',#7707,#7708,#858,.T.);
#6379=EDGE_CURVE('',#7707,#7709,#859,.F.);
#6380=EDGE_CURVE('',#7710,#7709,#860,.T.);
#6381=EDGE_CURVE('',#7710,#7708,#861,.T.);
#6382=EDGE_CURVE('',#7711,#7712,#862,.T.);
#6383=EDGE_CURVE('',#7711,#7713,#863,.F.);
#6384=EDGE_CURVE('',#7714,#7713,#864,.T.);
#6385=EDGE_CURVE('',#7714,#7712,#865,.T.);
#6386=EDGE_CURVE('',#7715,#7716,#866,.T.);
#6387=EDGE_CURVE('',#7715,#7717,#867,.F.);
#6388=EDGE_CURVE('',#7718,#7717,#868,.T.);
#6389=EDGE_CURVE('',#7718,#7716,#869,.T.);
#6390=EDGE_CURVE('',#7719,#7720,#870,.T.);
#6391=EDGE_CURVE('',#7721,#7720,#8506,.T.);
#6392=EDGE_CURVE('',#7722,#7721,#871,.T.);
#6393=EDGE_CURVE('',#7722,#7719,#8507,.T.);
#6394=EDGE_CURVE('',#7723,#7721,#872,.T.);
#6395=EDGE_CURVE('',#7723,#7724,#873,.F.);
#6396=EDGE_CURVE('',#7724,#7722,#874,.T.);
#6397=EDGE_CURVE('',#7716,#7711,#8508,.T.);
#6398=EDGE_CURVE('',#7713,#7718,#8509,.T.);
#6399=EDGE_CURVE('',#7712,#7707,#8510,.T.);
#6400=EDGE_CURVE('',#7709,#7714,#8511,.T.);
#6401=EDGE_CURVE('',#7725,#7689,#8512,.T.);
#6402=EDGE_CURVE('',#7726,#7725,#875,.F.);
#6403=EDGE_CURVE('',#7690,#7726,#8513,.T.);
#6404=EDGE_CURVE('',#7727,#7728,#876,.T.);
#6405=EDGE_CURVE('',#7727,#7729,#877,.F.);
#6406=EDGE_CURVE('',#7729,#7730,#878,.T.);
#6407=EDGE_CURVE('',#7730,#7728,#879,.T.);
#6408=EDGE_CURVE('',#7731,#7731,#8514,.T.);
#6409=EDGE_CURVE('',#7732,#7732,#8515,.T.);
#6410=EDGE_CURVE('',#7733,#7733,#8516,.T.);
#6411=EDGE_CURVE('',#7734,#7734,#8517,.T.);
#6412=EDGE_CURVE('',#7735,#7735,#8518,.T.);
#6413=EDGE_CURVE('',#7736,#7736,#8519,.T.);
#6414=EDGE_CURVE('',#7737,#7738,#880,.F.);
#6415=EDGE_CURVE('',#7738,#7739,#8520,.F.);
#6416=EDGE_CURVE('',#7740,#7739,#8521,.T.);
#6417=EDGE_CURVE('',#7740,#7741,#8522,.F.);
#6418=EDGE_CURVE('',#7741,#7742,#881,.F.);
#6419=EDGE_CURVE('',#7742,#7743,#882,.F.);
#6420=EDGE_CURVE('',#7743,#7744,#8523,.F.);
#6421=EDGE_CURVE('',#7745,#7744,#8524,.T.);
#6422=EDGE_CURVE('',#7745,#7746,#8525,.F.);
#6423=EDGE_CURVE('',#7746,#7747,#883,.F.);
#6424=EDGE_CURVE('',#7747,#7748,#8526,.F.);
#6425=EDGE_CURVE('',#7749,#7748,#8527,.T.);
#6426=EDGE_CURVE('',#7749,#7750,#8528,.F.);
#6427=EDGE_CURVE('',#7750,#7751,#884,.F.);
#6428=EDGE_CURVE('',#7751,#7752,#8529,.F.);
#6429=EDGE_CURVE('',#7753,#7752,#8530,.T.);
#6430=EDGE_CURVE('',#7753,#7754,#885,.F.);
#6431=EDGE_CURVE('',#7754,#7755,#8531,.F.);
#6432=EDGE_CURVE('',#7755,#7756,#886,.F.);
#6433=EDGE_CURVE('',#7757,#7756,#887,.T.);
#6434=EDGE_CURVE('',#7758,#7757,#888,.T.);
#6435=EDGE_CURVE('',#7758,#7759,#889,.T.);
#6436=EDGE_CURVE('',#7759,#7760,#890,.F.);
#6437=EDGE_CURVE('',#7761,#7760,#8532,.T.);
#6438=EDGE_CURVE('',#7761,#7762,#8533,.F.);
#6439=EDGE_CURVE('',#7762,#7763,#891,.F.);
#6440=EDGE_CURVE('',#7763,#7764,#892,.F.);
#6441=EDGE_CURVE('',#7764,#7765,#8534,.F.);
#6442=EDGE_CURVE('',#7765,#7766,#893,.F.);
#6443=EDGE_CURVE('',#7766,#7767,#894,.F.);
#6444=EDGE_CURVE('',#7767,#7768,#8535,.F.);
#6445=EDGE_CURVE('',#7769,#7768,#8536,.T.);
#6446=EDGE_CURVE('',#7769,#7737,#8537,.F.);
#6447=EDGE_CURVE('',#7770,#7771,#8538,.T.);
#6448=EDGE_CURVE('',#7770,#7772,#895,.T.);
#6449=EDGE_CURVE('',#7773,#7772,#8539,.T.);
#6450=EDGE_CURVE('',#7773,#7774,#896,.T.);
#6451=EDGE_CURVE('',#7775,#7774,#8540,.T.);
#6452=EDGE_CURVE('',#7776,#7775,#897,.T.);
#6453=EDGE_CURVE('',#7777,#7776,#8541,.T.);
#6454=EDGE_CURVE('',#7771,#7777,#898,.T.);
#6455=EDGE_CURVE('',#7778,#7779,#8542,.T.);
#6456=EDGE_CURVE('',#7778,#7780,#899,.T.);
#6457=EDGE_CURVE('',#7781,#7780,#8543,.T.);
#6458=EDGE_CURVE('',#7781,#7782,#900,.T.);
#6459=EDGE_CURVE('',#7783,#7782,#8544,.T.);
#6460=EDGE_CURVE('',#7784,#7783,#901,.T.);
#6461=EDGE_CURVE('',#7785,#7784,#8545,.T.);
#6462=EDGE_CURVE('',#7779,#7785,#902,.T.);
#6463=EDGE_CURVE('',#7786,#7787,#8546,.T.);
#6464=EDGE_CURVE('',#7786,#7788,#903,.T.);
#6465=EDGE_CURVE('',#7789,#7788,#8547,.T.);
#6466=EDGE_CURVE('',#7789,#7790,#904,.T.);
#6467=EDGE_CURVE('',#7791,#7790,#8548,.T.);
#6468=EDGE_CURVE('',#7792,#7791,#905,.T.);
#6469=EDGE_CURVE('',#7793,#7792,#8549,.T.);
#6470=EDGE_CURVE('',#7787,#7793,#906,.T.);
#6471=EDGE_CURVE('',#7794,#7795,#8550,.T.);
#6472=EDGE_CURVE('',#7794,#7796,#907,.T.);
#6473=EDGE_CURVE('',#7797,#7796,#8551,.T.);
#6474=EDGE_CURVE('',#7797,#7798,#908,.T.);
#6475=EDGE_CURVE('',#7799,#7798,#8552,.T.);
#6476=EDGE_CURVE('',#7800,#7799,#909,.T.);
#6477=EDGE_CURVE('',#7801,#7800,#8553,.T.);
#6478=EDGE_CURVE('',#7795,#7801,#910,.T.);
#6479=EDGE_CURVE('',#7802,#7803,#8554,.T.);
#6480=EDGE_CURVE('',#7802,#7804,#911,.T.);
#6481=EDGE_CURVE('',#7805,#7804,#8555,.T.);
#6482=EDGE_CURVE('',#7805,#7806,#912,.T.);
#6483=EDGE_CURVE('',#7807,#7806,#8556,.T.);
#6484=EDGE_CURVE('',#7808,#7807,#913,.T.);
#6485=EDGE_CURVE('',#7809,#7808,#8557,.T.);
#6486=EDGE_CURVE('',#7803,#7809,#914,.T.);
#6487=EDGE_CURVE('',#7810,#7811,#8558,.T.);
#6488=EDGE_CURVE('',#7810,#7812,#915,.T.);
#6489=EDGE_CURVE('',#7813,#7812,#8559,.T.);
#6490=EDGE_CURVE('',#7813,#7814,#916,.T.);
#6491=EDGE_CURVE('',#7815,#7814,#8560,.T.);
#6492=EDGE_CURVE('',#7816,#7815,#917,.T.);
#6493=EDGE_CURVE('',#7817,#7816,#8561,.T.);
#6494=EDGE_CURVE('',#7811,#7817,#918,.T.);
#6495=EDGE_CURVE('',#7818,#7819,#8562,.T.);
#6496=EDGE_CURVE('',#7818,#7820,#919,.T.);
#6497=EDGE_CURVE('',#7821,#7820,#8563,.T.);
#6498=EDGE_CURVE('',#7821,#7822,#920,.T.);
#6499=EDGE_CURVE('',#7823,#7822,#8564,.T.);
#6500=EDGE_CURVE('',#7824,#7823,#921,.T.);
#6501=EDGE_CURVE('',#7825,#7824,#8565,.T.);
#6502=EDGE_CURVE('',#7819,#7825,#922,.T.);
#6503=EDGE_CURVE('',#7826,#7827,#8566,.T.);
#6504=EDGE_CURVE('',#7826,#7828,#923,.T.);
#6505=EDGE_CURVE('',#7829,#7828,#8567,.T.);
#6506=EDGE_CURVE('',#7829,#7830,#924,.T.);
#6507=EDGE_CURVE('',#7831,#7830,#8568,.T.);
#6508=EDGE_CURVE('',#7832,#7831,#925,.T.);
#6509=EDGE_CURVE('',#7833,#7832,#8569,.T.);
#6510=EDGE_CURVE('',#7827,#7833,#926,.T.);
#6511=EDGE_CURVE('',#7834,#7835,#8570,.T.);
#6512=EDGE_CURVE('',#7834,#7836,#927,.T.);
#6513=EDGE_CURVE('',#7837,#7836,#8571,.T.);
#6514=EDGE_CURVE('',#7837,#7838,#928,.T.);
#6515=EDGE_CURVE('',#7839,#7838,#8572,.T.);
#6516=EDGE_CURVE('',#7840,#7839,#929,.T.);
#6517=EDGE_CURVE('',#7841,#7840,#8573,.T.);
#6518=EDGE_CURVE('',#7835,#7841,#930,.T.);
#6519=EDGE_CURVE('',#7842,#7843,#8574,.T.);
#6520=EDGE_CURVE('',#7842,#7844,#931,.T.);
#6521=EDGE_CURVE('',#7845,#7844,#8575,.T.);
#6522=EDGE_CURVE('',#7845,#7846,#932,.T.);
#6523=EDGE_CURVE('',#7847,#7846,#8576,.T.);
#6524=EDGE_CURVE('',#7848,#7847,#933,.T.);
#6525=EDGE_CURVE('',#7849,#7848,#8577,.T.);
#6526=EDGE_CURVE('',#7843,#7849,#934,.T.);
#6527=EDGE_CURVE('',#7850,#7851,#8578,.T.);
#6528=EDGE_CURVE('',#7850,#7852,#935,.T.);
#6529=EDGE_CURVE('',#7853,#7852,#8579,.T.);
#6530=EDGE_CURVE('',#7853,#7854,#936,.T.);
#6531=EDGE_CURVE('',#7855,#7854,#8580,.T.);
#6532=EDGE_CURVE('',#7856,#7855,#937,.T.);
#6533=EDGE_CURVE('',#7857,#7856,#8581,.T.);
#6534=EDGE_CURVE('',#7851,#7857,#938,.T.);
#6535=EDGE_CURVE('',#7858,#7859,#8582,.T.);
#6536=EDGE_CURVE('',#7858,#7860,#939,.T.);
#6537=EDGE_CURVE('',#7861,#7860,#8583,.T.);
#6538=EDGE_CURVE('',#7861,#7862,#940,.T.);
#6539=EDGE_CURVE('',#7863,#7862,#8584,.T.);
#6540=EDGE_CURVE('',#7864,#7863,#941,.T.);
#6541=EDGE_CURVE('',#7865,#7864,#8585,.T.);
#6542=EDGE_CURVE('',#7859,#7865,#942,.T.);
#6543=EDGE_CURVE('',#7866,#7867,#8586,.T.);
#6544=EDGE_CURVE('',#7866,#7868,#943,.T.);
#6545=EDGE_CURVE('',#7869,#7868,#8587,.T.);
#6546=EDGE_CURVE('',#7869,#7870,#944,.T.);
#6547=EDGE_CURVE('',#7871,#7870,#8588,.T.);
#6548=EDGE_CURVE('',#7872,#7871,#945,.T.);
#6549=EDGE_CURVE('',#7873,#7872,#8589,.T.);
#6550=EDGE_CURVE('',#7867,#7873,#946,.T.);
#6551=EDGE_CURVE('',#7874,#7875,#8590,.T.);
#6552=EDGE_CURVE('',#7874,#7876,#947,.T.);
#6553=EDGE_CURVE('',#7877,#7876,#8591,.T.);
#6554=EDGE_CURVE('',#7877,#7878,#948,.T.);
#6555=EDGE_CURVE('',#7879,#7878,#8592,.T.);
#6556=EDGE_CURVE('',#7880,#7879,#949,.T.);
#6557=EDGE_CURVE('',#7881,#7880,#8593,.T.);
#6558=EDGE_CURVE('',#7875,#7881,#950,.T.);
#6559=EDGE_CURVE('',#7882,#7883,#8594,.T.);
#6560=EDGE_CURVE('',#7882,#7884,#951,.T.);
#6561=EDGE_CURVE('',#7885,#7884,#8595,.T.);
#6562=EDGE_CURVE('',#7885,#7886,#952,.T.);
#6563=EDGE_CURVE('',#7887,#7886,#8596,.T.);
#6564=EDGE_CURVE('',#7888,#7887,#953,.T.);
#6565=EDGE_CURVE('',#7889,#7888,#8597,.T.);
#6566=EDGE_CURVE('',#7883,#7889,#954,.T.);
#6567=EDGE_CURVE('',#7890,#7891,#8598,.T.);
#6568=EDGE_CURVE('',#7890,#7892,#955,.T.);
#6569=EDGE_CURVE('',#7893,#7892,#8599,.T.);
#6570=EDGE_CURVE('',#7893,#7894,#956,.T.);
#6571=EDGE_CURVE('',#7895,#7894,#8600,.T.);
#6572=EDGE_CURVE('',#7896,#7895,#957,.T.);
#6573=EDGE_CURVE('',#7897,#7896,#8601,.T.);
#6574=EDGE_CURVE('',#7891,#7897,#958,.T.);
#6575=EDGE_CURVE('',#7898,#7899,#959,.T.);
#6576=EDGE_CURVE('',#7898,#7900,#960,.T.);
#6577=EDGE_CURVE('',#7900,#7901,#961,.T.);
#6578=EDGE_CURVE('',#7899,#7901,#962,.T.);
#6579=EDGE_CURVE('',#7902,#7903,#963,.T.);
#6580=EDGE_CURVE('',#7903,#7904,#964,.T.);
#6581=EDGE_CURVE('',#7904,#7905,#965,.T.);
#6582=EDGE_CURVE('',#7902,#7905,#966,.T.);
#6583=EDGE_CURVE('',#7906,#7907,#967,.T.);
#6584=EDGE_CURVE('',#7908,#7906,#968,.T.);
#6585=EDGE_CURVE('',#7908,#7909,#969,.F.);
#6586=EDGE_CURVE('',#7909,#7907,#970,.T.);
#6587=EDGE_CURVE('',#7910,#7911,#971,.T.);
#6588=EDGE_CURVE('',#7910,#7912,#972,.F.);
#6589=EDGE_CURVE('',#7912,#7913,#973,.T.);
#6590=EDGE_CURVE('',#7913,#7911,#974,.T.);
#6591=EDGE_CURVE('',#7914,#7915,#975,.T.);
#6592=EDGE_CURVE('',#7916,#7914,#976,.T.);
#6593=EDGE_CURVE('',#7916,#7917,#977,.T.);
#6594=EDGE_CURVE('',#7917,#7915,#978,.T.);
#6595=EDGE_CURVE('',#7918,#7919,#979,.T.);
#6596=EDGE_CURVE('',#7920,#7918,#980,.T.);
#6597=EDGE_CURVE('',#7920,#7921,#981,.T.);
#6598=EDGE_CURVE('',#7921,#7919,#982,.T.);
#6599=EDGE_CURVE('',#7922,#7918,#983,.T.);
#6600=EDGE_CURVE('',#7922,#7923,#984,.F.);
#6601=EDGE_CURVE('',#7923,#7920,#985,.T.);
#6602=EDGE_CURVE('',#7924,#7925,#986,.T.);
#6603=EDGE_CURVE('',#7924,#7926,#987,.F.);
#6604=EDGE_CURVE('',#7926,#7927,#988,.T.);
#6605=EDGE_CURVE('',#7927,#7925,#989,.T.);
#6606=EDGE_CURVE('',#7928,#7928,#8602,.T.);
#6607=EDGE_CURVE('',#7929,#7929,#8603,.T.);
#6608=EDGE_CURVE('',#7930,#7930,#8604,.T.);
#6609=EDGE_CURVE('',#7931,#7931,#8605,.T.);
#6610=EDGE_CURVE('',#7932,#7932,#8606,.T.);
#6611=EDGE_CURVE('',#7933,#7933,#8607,.T.);
#6612=EDGE_CURVE('',#7934,#7916,#990,.T.);
#6613=EDGE_CURVE('',#7934,#7935,#991,.T.);
#6614=EDGE_CURVE('',#7935,#7936,#8608,.T.);
#6615=EDGE_CURVE('',#7936,#7937,#992,.T.);
#6616=EDGE_CURVE('',#7938,#7937,#8609,.T.);
#6617=EDGE_CURVE('',#7938,#7939,#8610,.F.);
#6618=EDGE_CURVE('',#7939,#7940,#993,.T.);
#6619=EDGE_CURVE('',#7940,#7941,#8611,.T.);
#6620=EDGE_CURVE('',#7941,#7942,#994,.T.);
#6621=EDGE_CURVE('',#7942,#7943,#8612,.T.);
#6622=EDGE_CURVE('',#7943,#7944,#995,.T.);
#6623=EDGE_CURVE('',#7944,#7945,#8613,.T.);
#6624=EDGE_CURVE('',#7945,#7946,#996,.T.);
#6625=EDGE_CURVE('',#7946,#7947,#8614,.T.);
#6626=EDGE_CURVE('',#7947,#7948,#997,.T.);
#6627=EDGE_CURVE('',#7948,#7949,#8615,.T.);
#6628=EDGE_CURVE('',#7949,#7950,#998,.T.);
#6629=EDGE_CURVE('',#7950,#7951,#8616,.T.);
#6630=EDGE_CURVE('',#7951,#7952,#999,.T.);
#6631=EDGE_CURVE('',#7952,#7953,#8617,.F.);
#6632=EDGE_CURVE('',#7953,#7954,#1000,.T.);
#6633=EDGE_CURVE('',#7954,#7955,#8618,.T.);
#6634=EDGE_CURVE('',#7955,#7956,#1001,.T.);
#6635=EDGE_CURVE('',#7956,#7957,#8619,.T.);
#6636=EDGE_CURVE('',#7908,#7957,#8620,.T.);
#6637=EDGE_CURVE('',#7906,#7730,#1002,.T.);
#6638=EDGE_CURVE('',#7729,#7691,#8621,.F.);
#6639=EDGE_CURVE('',#7698,#7958,#8622,.F.);
#6640=EDGE_CURVE('',#7958,#7959,#8623,.T.);
#6641=EDGE_CURVE('',#7959,#7699,#8624,.F.);
#6642=EDGE_CURVE('',#7706,#7921,#8625,.F.);
#6643=EDGE_CURVE('',#7923,#7710,#8626,.F.);
#6644=EDGE_CURVE('',#7717,#7719,#8627,.F.);
#6645=EDGE_CURVE('',#7724,#7927,#8628,.F.);
#6646=EDGE_CURVE('',#7926,#7960,#8629,.F.);
#6647=EDGE_CURVE('',#7960,#7961,#8630,.T.);
#6648=EDGE_CURVE('',#7961,#7913,#8631,.F.);
#6649=EDGE_CURVE('',#7912,#7687,#8632,.F.);
#6650=EDGE_CURVE('',#7726,#7917,#8633,.F.);
#6651=EDGE_CURVE('',#7962,#7963,#1003,.T.);
#6652=EDGE_CURVE('',#7962,#7964,#1004,.T.);
#6653=EDGE_CURVE('',#7964,#7965,#1005,.T.);
#6654=EDGE_CURVE('',#7963,#7965,#1006,.T.);
#6655=EDGE_CURVE('',#7964,#7966,#8634,.T.);
#6656=EDGE_CURVE('',#7966,#7967,#1007,.T.);
#6657=EDGE_CURVE('',#7965,#7967,#8635,.T.);
#6658=EDGE_CURVE('',#7966,#7968,#1008,.T.);
#6659=EDGE_CURVE('',#7968,#7969,#1009,.T.);
#6660=EDGE_CURVE('',#7967,#7969,#1010,.T.);
#6661=EDGE_CURVE('',#7968,#7970,#1011,.T.);
#6662=EDGE_CURVE('',#7970,#7971,#1012,.T.);
#6663=EDGE_CURVE('',#7969,#7971,#1013,.T.);
#6664=EDGE_CURVE('',#7970,#7972,#8636,.T.);
#6665=EDGE_CURVE('',#7972,#7973,#1014,.T.);
#6666=EDGE_CURVE('',#7971,#7973,#8637,.T.);
#6667=EDGE_CURVE('',#7972,#7974,#1015,.T.);
#6668=EDGE_CURVE('',#7975,#7974,#1016,.T.);
#6669=EDGE_CURVE('',#7973,#7975,#1017,.T.);
#6670=EDGE_CURVE('',#7904,#7976,#8638,.T.);
#6671=EDGE_CURVE('',#7976,#7977,#1018,.T.);
#6672=EDGE_CURVE('',#7905,#7977,#8639,.T.);
#6673=EDGE_CURVE('',#7976,#7978,#1019,.T.);
#6674=EDGE_CURVE('',#7978,#7979,#1020,.T.);
#6675=EDGE_CURVE('',#7977,#7979,#1021,.T.);
#6676=EDGE_CURVE('',#7978,#7980,#8640,.T.);
#6677=EDGE_CURVE('',#7980,#7981,#1022,.T.);
#6678=EDGE_CURVE('',#7979,#7981,#8641,.T.);
#6679=EDGE_CURVE('',#7980,#7982,#1023,.T.);
#6680=EDGE_CURVE('',#7982,#7983,#1024,.T.);
#6681=EDGE_CURVE('',#7981,#7983,#1025,.T.);
#6682=EDGE_CURVE('',#7982,#7984,#8642,.T.);
#6683=EDGE_CURVE('',#7984,#7985,#1026,.T.);
#6684=EDGE_CURVE('',#7983,#7985,#8643,.T.);
#6685=EDGE_CURVE('',#7984,#7986,#1027,.T.);
#6686=EDGE_CURVE('',#7986,#7987,#1028,.T.);
#6687=EDGE_CURVE('',#7985,#7987,#1029,.T.);
#6688=EDGE_CURVE('',#7986,#7988,#8644,.T.);
#6689=EDGE_CURVE('',#7988,#7989,#1030,.T.);
#6690=EDGE_CURVE('',#7987,#7989,#8645,.T.);
#6691=EDGE_CURVE('',#7988,#7990,#1031,.T.);
#6692=EDGE_CURVE('',#7990,#7991,#1032,.T.);
#6693=EDGE_CURVE('',#7989,#7991,#1033,.T.);
#6694=EDGE_CURVE('',#7990,#7992,#1034,.T.);
#6695=EDGE_CURVE('',#7992,#7993,#1035,.T.);
#6696=EDGE_CURVE('',#7991,#7993,#1036,.T.);
#6697=EDGE_CURVE('',#7992,#7994,#8646,.T.);
#6698=EDGE_CURVE('',#7994,#7995,#1037,.T.);
#6699=EDGE_CURVE('',#7993,#7995,#8647,.T.);
#6700=EDGE_CURVE('',#7994,#7996,#1038,.T.);
#6701=EDGE_CURVE('',#7996,#7997,#1039,.T.);
#6702=EDGE_CURVE('',#7995,#7997,#1040,.T.);
#6703=EDGE_CURVE('',#7996,#7998,#8648,.T.);
#6704=EDGE_CURVE('',#7998,#7999,#1041,.T.);
#6705=EDGE_CURVE('',#7997,#7999,#8649,.T.);
#6706=EDGE_CURVE('',#7951,#8000,#1042,.T.);
#6707=EDGE_CURVE('',#8000,#8001,#1043,.T.);
#6708=EDGE_CURVE('',#7952,#8001,#1044,.T.);
#6709=EDGE_CURVE('',#7950,#8002,#1045,.T.);
#6710=EDGE_CURVE('',#8002,#8000,#8650,.T.);
#6711=EDGE_CURVE('',#7949,#8003,#1046,.T.);
#6712=EDGE_CURVE('',#8003,#8002,#1047,.T.);
#6713=EDGE_CURVE('',#7948,#8004,#1048,.T.);
#6714=EDGE_CURVE('',#8004,#8003,#8651,.T.);
#6715=EDGE_CURVE('',#7947,#8005,#1049,.T.);
#6716=EDGE_CURVE('',#8005,#8004,#1050,.T.);
#6717=EDGE_CURVE('',#7946,#8006,#1051,.T.);
#6718=EDGE_CURVE('',#8006,#8005,#8652,.T.);
#6719=EDGE_CURVE('',#7945,#8007,#1052,.T.);
#6720=EDGE_CURVE('',#8007,#8006,#1053,.T.);
#6721=EDGE_CURVE('',#7944,#8008,#1054,.T.);
#6722=EDGE_CURVE('',#8008,#8007,#8653,.T.);
#6723=EDGE_CURVE('',#7943,#8009,#1055,.T.);
#6724=EDGE_CURVE('',#8009,#8008,#1056,.T.);
#6725=EDGE_CURVE('',#7942,#8010,#1057,.T.);
#6726=EDGE_CURVE('',#8010,#8009,#8654,.T.);
#6727=EDGE_CURVE('',#7941,#8011,#1058,.T.);
#6728=EDGE_CURVE('',#8011,#8010,#1059,.T.);
#6729=EDGE_CURVE('',#7940,#8012,#1060,.T.);
#6730=EDGE_CURVE('',#8012,#8011,#8655,.T.);
#6731=EDGE_CURVE('',#7939,#8013,#1061,.T.);
#6732=EDGE_CURVE('',#8013,#8012,#1062,.T.);
#6733=EDGE_CURVE('',#7938,#8014,#1063,.F.);
#6734=EDGE_CURVE('',#8014,#8013,#8656,.F.);
#6735=EDGE_CURVE('',#8015,#8016,#1064,.T.);
#6736=EDGE_CURVE('',#8016,#7937,#1065,.T.);
#6737=EDGE_CURVE('',#7936,#8015,#1066,.T.);
#6738=EDGE_CURVE('',#7935,#8017,#1067,.T.);
#6739=EDGE_CURVE('',#8017,#8015,#8657,.T.);
#6740=EDGE_CURVE('',#7934,#8018,#1068,.T.);
#6741=EDGE_CURVE('',#8018,#8017,#1069,.T.);
#6742=EDGE_CURVE('',#8019,#8020,#8658,.T.);
#6743=EDGE_CURVE('',#8020,#7957,#1070,.T.);
#6744=EDGE_CURVE('',#7956,#8019,#1071,.T.);
#6745=EDGE_CURVE('',#7955,#8021,#1072,.T.);
#6746=EDGE_CURVE('',#8021,#8019,#1073,.T.);
#6747=EDGE_CURVE('',#7954,#8022,#1074,.T.);
#6748=EDGE_CURVE('',#8022,#8021,#8659,.T.);
#6749=EDGE_CURVE('',#7953,#8023,#1075,.T.);
#6750=EDGE_CURVE('',#8023,#8022,#1076,.T.);
#6751=EDGE_CURVE('',#8001,#8023,#8660,.F.);
#6752=EDGE_CURVE('',#7998,#7962,#1077,.T.);
#6753=EDGE_CURVE('',#7999,#7963,#1078,.T.);
#6754=EDGE_CURVE('',#7902,#8018,#1079,.T.);
#6755=EDGE_CURVE('',#7975,#7907,#1080,.T.);
#6756=EDGE_CURVE('',#8020,#7909,#8661,.T.);
#6757=EDGE_CURVE('',#8016,#8014,#8662,.T.);
#6758=EDGE_CURVE('',#8024,#8024,#8663,.T.);
#6759=EDGE_CURVE('',#8025,#8025,#8664,.T.);
#6760=EDGE_CURVE('',#8026,#8026,#8665,.T.);
#6761=EDGE_CURVE('',#8027,#8027,#8666,.T.);
#6762=EDGE_CURVE('',#7768,#7769,#306,.T.);
#6763=EDGE_CURVE('',#7739,#7740,#307,.T.);
#6764=EDGE_CURVE('',#7744,#7745,#308,.T.);
#6765=EDGE_CURVE('',#7748,#7749,#309,.T.);
#6766=EDGE_CURVE('',#7752,#8028,#310,.T.);
#6767=EDGE_CURVE('',#8028,#7753,#311,.T.);
#6768=EDGE_CURVE('',#7760,#8029,#312,.T.);
#6769=EDGE_CURVE('',#8029,#7761,#313,.T.);
#6770=EDGE_CURVE('',#7961,#8030,#1081,.T.);
#6771=EDGE_CURVE('',#8030,#7911,#8667,.T.);
#6772=EDGE_CURVE('',#7910,#7688,#8668,.T.);
#6773=EDGE_CURVE('',#7725,#7915,#8669,.T.);
#6774=EDGE_CURVE('',#7727,#7692,#8670,.T.);
#6775=EDGE_CURVE('',#7697,#8031,#8671,.T.);
#6776=EDGE_CURVE('',#8031,#7958,#1082,.T.);
#6777=EDGE_CURVE('',#7959,#8032,#1083,.F.);
#6778=EDGE_CURVE('',#8032,#7700,#8672,.T.);
#6779=EDGE_CURVE('',#7705,#7919,#8673,.T.);
#6780=EDGE_CURVE('',#7924,#8033,#8674,.T.);
#6781=EDGE_CURVE('',#8033,#7960,#1084,.F.);
#6782=EDGE_CURVE('',#7723,#7925,#8675,.T.);
#6783=EDGE_CURVE('',#7715,#7720,#8676,.T.);
#6784=EDGE_CURVE('',#7922,#7708,#8677,.T.);
#6785=EDGE_CURVE('',#8030,#8033,#8678,.T.);
#6786=EDGE_CURVE('',#8032,#8031,#8679,.T.);
#6787=EDGE_CURVE('',#7974,#7759,#8680,.T.);
#6788=EDGE_CURVE('',#7728,#7758,#1085,.T.);
#6789=EDGE_CURVE('',#7756,#7903,#8681,.F.);
#6790=EDGE_CURVE('',#7914,#7757,#1086,.T.);
#6791=EDGE_CURVE('',#7728,#7914,#1087,.T.);
#6792=EDGE_CURVE('',#8034,#7899,#1088,.T.);
#6793=EDGE_CURVE('',#8035,#8034,#1089,.T.);
#6794=EDGE_CURVE('',#8035,#7898,#1090,.T.);
#6795=EDGE_CURVE('',#8035,#8036,#1091,.T.);
#6796=EDGE_CURVE('',#8036,#7900,#1092,.T.);
#6797=EDGE_CURVE('',#8036,#8037,#1093,.T.);
#6798=EDGE_CURVE('',#8037,#7901,#1094,.T.);
#6799=EDGE_CURVE('',#8038,#7891,#1095,.T.);
#6800=EDGE_CURVE('',#8039,#8038,#8682,.T.);
#6801=EDGE_CURVE('',#8039,#7890,#1096,.T.);
#6802=EDGE_CURVE('',#8039,#8040,#1097,.T.);
#6803=EDGE_CURVE('',#8040,#7892,#1098,.T.);
#6804=EDGE_CURVE('',#8041,#8040,#8683,.T.);
#6805=EDGE_CURVE('',#8041,#7893,#1099,.T.);
#6806=EDGE_CURVE('',#8041,#8042,#1100,.T.);
#6807=EDGE_CURVE('',#8042,#7894,#1101,.T.);
#6808=EDGE_CURVE('',#8043,#8042,#8684,.T.);
#6809=EDGE_CURVE('',#8043,#7895,#1102,.T.);
#6810=EDGE_CURVE('',#8044,#8043,#1103,.T.);
#6811=EDGE_CURVE('',#8044,#7896,#1104,.T.);
#6812=EDGE_CURVE('',#8045,#8044,#8685,.T.);
#6813=EDGE_CURVE('',#8045,#7897,#1105,.T.);
#6814=EDGE_CURVE('',#8046,#7883,#1106,.T.);
#6815=EDGE_CURVE('',#8047,#8046,#8686,.T.);
#6816=EDGE_CURVE('',#8047,#7882,#1107,.T.);
#6817=EDGE_CURVE('',#8047,#8048,#1108,.T.);
#6818=EDGE_CURVE('',#8048,#7884,#1109,.T.);
#6819=EDGE_CURVE('',#8049,#8048,#8687,.T.);
#6820=EDGE_CURVE('',#8049,#7885,#1110,.T.);
#6821=EDGE_CURVE('',#8049,#8050,#1111,.T.);
#6822=EDGE_CURVE('',#8050,#7886,#1112,.T.);
#6823=EDGE_CURVE('',#8051,#8050,#8688,.T.);
#6824=EDGE_CURVE('',#8051,#7887,#1113,.T.);
#6825=EDGE_CURVE('',#8052,#8051,#1114,.T.);
#6826=EDGE_CURVE('',#8052,#7888,#1115,.T.);
#6827=EDGE_CURVE('',#8053,#8052,#8689,.T.);
#6828=EDGE_CURVE('',#8053,#7889,#1116,.T.);
#6829=EDGE_CURVE('',#8054,#7875,#1117,.T.);
#6830=EDGE_CURVE('',#8055,#8054,#8690,.T.);
#6831=EDGE_CURVE('',#8055,#7874,#1118,.T.);
#6832=EDGE_CURVE('',#8055,#8056,#1119,.T.);
#6833=EDGE_CURVE('',#8056,#7876,#1120,.T.);
#6834=EDGE_CURVE('',#8057,#8056,#8691,.T.);
#6835=EDGE_CURVE('',#8057,#7877,#1121,.T.);
#6836=EDGE_CURVE('',#8057,#8058,#1122,.T.);
#6837=EDGE_CURVE('',#8058,#7878,#1123,.T.);
#6838=EDGE_CURVE('',#8059,#8058,#8692,.T.);
#6839=EDGE_CURVE('',#8059,#7879,#1124,.T.);
#6840=EDGE_CURVE('',#8060,#8059,#1125,.T.);
#6841=EDGE_CURVE('',#8060,#7880,#1126,.T.);
#6842=EDGE_CURVE('',#8061,#8060,#8693,.T.);
#6843=EDGE_CURVE('',#8061,#7881,#1127,.T.);
#6844=EDGE_CURVE('',#8062,#7867,#1128,.T.);
#6845=EDGE_CURVE('',#8063,#8062,#8694,.T.);
#6846=EDGE_CURVE('',#8063,#7866,#1129,.T.);
#6847=EDGE_CURVE('',#8063,#8064,#1130,.T.);
#6848=EDGE_CURVE('',#8064,#7868,#1131,.T.);
#6849=EDGE_CURVE('',#8065,#8064,#8695,.T.);
#6850=EDGE_CURVE('',#8065,#7869,#1132,.T.);
#6851=EDGE_CURVE('',#8065,#8066,#1133,.T.);
#6852=EDGE_CURVE('',#8066,#7870,#1134,.T.);
#6853=EDGE_CURVE('',#8067,#8066,#8696,.T.);
#6854=EDGE_CURVE('',#8067,#7871,#1135,.T.);
#6855=EDGE_CURVE('',#8068,#8067,#1136,.T.);
#6856=EDGE_CURVE('',#8068,#7872,#1137,.T.);
#6857=EDGE_CURVE('',#8069,#8068,#8697,.T.);
#6858=EDGE_CURVE('',#8069,#7873,#1138,.T.);
#6859=EDGE_CURVE('',#8070,#7859,#1139,.T.);
#6860=EDGE_CURVE('',#8071,#8070,#8698,.T.);
#6861=EDGE_CURVE('',#8071,#7858,#1140,.T.);
#6862=EDGE_CURVE('',#8071,#8072,#1141,.T.);
#6863=EDGE_CURVE('',#8072,#7860,#1142,.T.);
#6864=EDGE_CURVE('',#8073,#8072,#8699,.T.);
#6865=EDGE_CURVE('',#8073,#7861,#1143,.T.);
#6866=EDGE_CURVE('',#8073,#8074,#1144,.T.);
#6867=EDGE_CURVE('',#8074,#7862,#1145,.T.);
#6868=EDGE_CURVE('',#8075,#8074,#8700,.T.);
#6869=EDGE_CURVE('',#8075,#7863,#1146,.T.);
#6870=EDGE_CURVE('',#8076,#8075,#1147,.T.);
#6871=EDGE_CURVE('',#8076,#7864,#1148,.T.);
#6872=EDGE_CURVE('',#8077,#8076,#8701,.T.);
#6873=EDGE_CURVE('',#8077,#7865,#1149,.T.);
#6874=EDGE_CURVE('',#8078,#7851,#1150,.T.);
#6875=EDGE_CURVE('',#8079,#8078,#8702,.T.);
#6876=EDGE_CURVE('',#8079,#7850,#1151,.T.);
#6877=EDGE_CURVE('',#8079,#8080,#1152,.T.);
#6878=EDGE_CURVE('',#8080,#7852,#1153,.T.);
#6879=EDGE_CURVE('',#8081,#8080,#8703,.T.);
#6880=EDGE_CURVE('',#8081,#7853,#1154,.T.);
#6881=EDGE_CURVE('',#8081,#8082,#1155,.T.);
#6882=EDGE_CURVE('',#8082,#7854,#1156,.T.);
#6883=EDGE_CURVE('',#8083,#8082,#8704,.T.);
#6884=EDGE_CURVE('',#8083,#7855,#1157,.T.);
#6885=EDGE_CURVE('',#8084,#8083,#1158,.T.);
#6886=EDGE_CURVE('',#8084,#7856,#1159,.T.);
#6887=EDGE_CURVE('',#8085,#8084,#8705,.T.);
#6888=EDGE_CURVE('',#8085,#7857,#1160,.T.);
#6889=EDGE_CURVE('',#8086,#7843,#1161,.T.);
#6890=EDGE_CURVE('',#8087,#8086,#8706,.T.);
#6891=EDGE_CURVE('',#8087,#7842,#1162,.T.);
#6892=EDGE_CURVE('',#8087,#8088,#1163,.T.);
#6893=EDGE_CURVE('',#8088,#7844,#1164,.T.);
#6894=EDGE_CURVE('',#8089,#8088,#8707,.T.);
#6895=EDGE_CURVE('',#8089,#7845,#1165,.T.);
#6896=EDGE_CURVE('',#8089,#8090,#1166,.T.);
#6897=EDGE_CURVE('',#8090,#7846,#1167,.T.);
#6898=EDGE_CURVE('',#8091,#8090,#8708,.T.);
#6899=EDGE_CURVE('',#8091,#7847,#1168,.T.);
#6900=EDGE_CURVE('',#8092,#8091,#1169,.T.);
#6901=EDGE_CURVE('',#8092,#7848,#1170,.T.);
#6902=EDGE_CURVE('',#8093,#8092,#8709,.T.);
#6903=EDGE_CURVE('',#8093,#7849,#1171,.T.);
#6904=EDGE_CURVE('',#8094,#7835,#1172,.T.);
#6905=EDGE_CURVE('',#8095,#8094,#8710,.T.);
#6906=EDGE_CURVE('',#8095,#7834,#1173,.T.);
#6907=EDGE_CURVE('',#8095,#8096,#1174,.T.);
#6908=EDGE_CURVE('',#8096,#7836,#1175,.T.);
#6909=EDGE_CURVE('',#8097,#8096,#8711,.T.);
#6910=EDGE_CURVE('',#8097,#7837,#1176,.T.);
#6911=EDGE_CURVE('',#8097,#8098,#1177,.T.);
#6912=EDGE_CURVE('',#8098,#7838,#1178,.T.);
#6913=EDGE_CURVE('',#8099,#8098,#8712,.T.);
#6914=EDGE_CURVE('',#8099,#7839,#1179,.T.);
#6915=EDGE_CURVE('',#8100,#8099,#1180,.T.);
#6916=EDGE_CURVE('',#8100,#7840,#1181,.T.);
#6917=EDGE_CURVE('',#8101,#8100,#8713,.T.);
#6918=EDGE_CURVE('',#8101,#7841,#1182,.T.);
#6919=EDGE_CURVE('',#8102,#7827,#1183,.T.);
#6920=EDGE_CURVE('',#8103,#8102,#8714,.T.);
#6921=EDGE_CURVE('',#8103,#7826,#1184,.T.);
#6922=EDGE_CURVE('',#8103,#8104,#1185,.T.);
#6923=EDGE_CURVE('',#8104,#7828,#1186,.T.);
#6924=EDGE_CURVE('',#8105,#8104,#8715,.T.);
#6925=EDGE_CURVE('',#8105,#7829,#1187,.T.);
#6926=EDGE_CURVE('',#8105,#8106,#1188,.T.);
#6927=EDGE_CURVE('',#8106,#7830,#1189,.T.);
#6928=EDGE_CURVE('',#8107,#8106,#8716,.T.);
#6929=EDGE_CURVE('',#8107,#7831,#1190,.T.);
#6930=EDGE_CURVE('',#8108,#8107,#1191,.T.);
#6931=EDGE_CURVE('',#8108,#7832,#1192,.T.);
#6932=EDGE_CURVE('',#8109,#8108,#8717,.T.);
#6933=EDGE_CURVE('',#8109,#7833,#1193,.T.);
#6934=EDGE_CURVE('',#8110,#7819,#1194,.T.);
#6935=EDGE_CURVE('',#8111,#8110,#8718,.T.);
#6936=EDGE_CURVE('',#8111,#7818,#1195,.T.);
#6937=EDGE_CURVE('',#8111,#8112,#1196,.T.);
#6938=EDGE_CURVE('',#8112,#7820,#1197,.T.);
#6939=EDGE_CURVE('',#8113,#8112,#8719,.T.);
#6940=EDGE_CURVE('',#8113,#7821,#1198,.T.);
#6941=EDGE_CURVE('',#8113,#8114,#1199,.T.);
#6942=EDGE_CURVE('',#8114,#7822,#1200,.T.);
#6943=EDGE_CURVE('',#8115,#8114,#8720,.T.);
#6944=EDGE_CURVE('',#8115,#7823,#1201,.T.);
#6945=EDGE_CURVE('',#8116,#8115,#1202,.T.);
#6946=EDGE_CURVE('',#8116,#7824,#1203,.T.);
#6947=EDGE_CURVE('',#8117,#8116,#8721,.T.);
#6948=EDGE_CURVE('',#8117,#7825,#1204,.T.);
#6949=EDGE_CURVE('',#8118,#7811,#1205,.T.);
#6950=EDGE_CURVE('',#8119,#8118,#8722,.T.);
#6951=EDGE_CURVE('',#8119,#7810,#1206,.T.);
#6952=EDGE_CURVE('',#8119,#8120,#1207,.T.);
#6953=EDGE_CURVE('',#8120,#7812,#1208,.T.);
#6954=EDGE_CURVE('',#8121,#8120,#8723,.T.);
#6955=EDGE_CURVE('',#8121,#7813,#1209,.T.);
#6956=EDGE_CURVE('',#8121,#8122,#1210,.T.);
#6957=EDGE_CURVE('',#8122,#7814,#1211,.T.);
#6958=EDGE_CURVE('',#8123,#8122,#8724,.T.);
#6959=EDGE_CURVE('',#8123,#7815,#1212,.T.);
#6960=EDGE_CURVE('',#8124,#8123,#1213,.T.);
#6961=EDGE_CURVE('',#8124,#7816,#1214,.T.);
#6962=EDGE_CURVE('',#8125,#8124,#8725,.T.);
#6963=EDGE_CURVE('',#8125,#7817,#1215,.T.);
#6964=EDGE_CURVE('',#8126,#7803,#1216,.T.);
#6965=EDGE_CURVE('',#8127,#8126,#8726,.T.);
#6966=EDGE_CURVE('',#8127,#7802,#1217,.T.);
#6967=EDGE_CURVE('',#8127,#8128,#1218,.T.);
#6968=EDGE_CURVE('',#8128,#7804,#1219,.T.);
#6969=EDGE_CURVE('',#8129,#8128,#8727,.T.);
#6970=EDGE_CURVE('',#8129,#7805,#1220,.T.);
#6971=EDGE_CURVE('',#8129,#8130,#1221,.T.);
#6972=EDGE_CURVE('',#8130,#7806,#1222,.T.);
#6973=EDGE_CURVE('',#8131,#8130,#8728,.T.);
#6974=EDGE_CURVE('',#8131,#7807,#1223,.T.);
#6975=EDGE_CURVE('',#8132,#8131,#1224,.T.);
#6976=EDGE_CURVE('',#8132,#7808,#1225,.T.);
#6977=EDGE_CURVE('',#8133,#8132,#8729,.T.);
#6978=EDGE_CURVE('',#8133,#7809,#1226,.T.);
#6979=EDGE_CURVE('',#8134,#7795,#1227,.T.);
#6980=EDGE_CURVE('',#8135,#8134,#8730,.T.);
#6981=EDGE_CURVE('',#8135,#7794,#1228,.T.);
#6982=EDGE_CURVE('',#8135,#8136,#1229,.T.);
#6983=EDGE_CURVE('',#8136,#7796,#1230,.T.);
#6984=EDGE_CURVE('',#8137,#8136,#8731,.T.);
#6985=EDGE_CURVE('',#8137,#7797,#1231,.T.);
#6986=EDGE_CURVE('',#8137,#8138,#1232,.T.);
#6987=EDGE_CURVE('',#8138,#7798,#1233,.T.);
#6988=EDGE_CURVE('',#8139,#8138,#8732,.T.);
#6989=EDGE_CURVE('',#8139,#7799,#1234,.T.);
#6990=EDGE_CURVE('',#8140,#8139,#1235,.T.);
#6991=EDGE_CURVE('',#8140,#7800,#1236,.T.);
#6992=EDGE_CURVE('',#8141,#8140,#8733,.T.);
#6993=EDGE_CURVE('',#8141,#7801,#1237,.T.);
#6994=EDGE_CURVE('',#8142,#7787,#1238,.T.);
#6995=EDGE_CURVE('',#8143,#8142,#8734,.T.);
#6996=EDGE_CURVE('',#8143,#7786,#1239,.T.);
#6997=EDGE_CURVE('',#8143,#8144,#1240,.T.);
#6998=EDGE_CURVE('',#8144,#7788,#1241,.T.);
#6999=EDGE_CURVE('',#8145,#8144,#8735,.T.);
#7000=EDGE_CURVE('',#8145,#7789,#1242,.T.);
#7001=EDGE_CURVE('',#8145,#8146,#1243,.T.);
#7002=EDGE_CURVE('',#8146,#7790,#1244,.T.);
#7003=EDGE_CURVE('',#8147,#8146,#8736,.T.);
#7004=EDGE_CURVE('',#8147,#7791,#1245,.T.);
#7005=EDGE_CURVE('',#8148,#8147,#1246,.T.);
#7006=EDGE_CURVE('',#8148,#7792,#1247,.T.);
#7007=EDGE_CURVE('',#8149,#8148,#8737,.T.);
#7008=EDGE_CURVE('',#8149,#7793,#1248,.T.);
#7009=EDGE_CURVE('',#8150,#7779,#1249,.T.);
#7010=EDGE_CURVE('',#8151,#8150,#8738,.T.);
#7011=EDGE_CURVE('',#8151,#7778,#1250,.T.);
#7012=EDGE_CURVE('',#8151,#8152,#1251,.T.);
#7013=EDGE_CURVE('',#8152,#7780,#1252,.T.);
#7014=EDGE_CURVE('',#8153,#8152,#8739,.T.);
#7015=EDGE_CURVE('',#8153,#7781,#1253,.T.);
#7016=EDGE_CURVE('',#8153,#8154,#1254,.T.);
#7017=EDGE_CURVE('',#8154,#7782,#1255,.T.);
#7018=EDGE_CURVE('',#8155,#8154,#8740,.T.);
#7019=EDGE_CURVE('',#8155,#7783,#1256,.T.);
#7020=EDGE_CURVE('',#8156,#8155,#1257,.T.);
#7021=EDGE_CURVE('',#8156,#7784,#1258,.T.);
#7022=EDGE_CURVE('',#8157,#8156,#8741,.T.);
#7023=EDGE_CURVE('',#8157,#7785,#1259,.T.);
#7024=EDGE_CURVE('',#8158,#7771,#1260,.T.);
#7025=EDGE_CURVE('',#8159,#8158,#8742,.T.);
#7026=EDGE_CURVE('',#8159,#7770,#1261,.T.);
#7027=EDGE_CURVE('',#8159,#8160,#1262,.T.);
#7028=EDGE_CURVE('',#8160,#7772,#1263,.T.);
#7029=EDGE_CURVE('',#8161,#8160,#8743,.T.);
#7030=EDGE_CURVE('',#8161,#7773,#1264,.T.);
#7031=EDGE_CURVE('',#8161,#8162,#1265,.T.);
#7032=EDGE_CURVE('',#8162,#7774,#1266,.T.);
#7033=EDGE_CURVE('',#8163,#8162,#8744,.T.);
#7034=EDGE_CURVE('',#8163,#7775,#1267,.T.);
#7035=EDGE_CURVE('',#8164,#8163,#1268,.T.);
#7036=EDGE_CURVE('',#8164,#7776,#1269,.T.);
#7037=EDGE_CURVE('',#8165,#8164,#8745,.T.);
#7038=EDGE_CURVE('',#8165,#7777,#1270,.T.);
#7039=EDGE_CURVE('',#8038,#8045,#1271,.T.);
#7040=EDGE_CURVE('',#8046,#8053,#1272,.T.);
#7041=EDGE_CURVE('',#8054,#8061,#1273,.T.);
#7042=EDGE_CURVE('',#8062,#8069,#1274,.T.);
#7043=EDGE_CURVE('',#8070,#8077,#1275,.T.);
#7044=EDGE_CURVE('',#8078,#8085,#1276,.T.);
#7045=EDGE_CURVE('',#8086,#8093,#1277,.T.);
#7046=EDGE_CURVE('',#8094,#8101,#1278,.T.);
#7047=EDGE_CURVE('',#8102,#8109,#1279,.T.);
#7048=EDGE_CURVE('',#8110,#8117,#1280,.T.);
#7049=EDGE_CURVE('',#8118,#8125,#1281,.T.);
#7050=EDGE_CURVE('',#8126,#8133,#1282,.T.);
#7051=EDGE_CURVE('',#8134,#8141,#1283,.T.);
#7052=EDGE_CURVE('',#8142,#8149,#1284,.T.);
#7053=EDGE_CURVE('',#8150,#8157,#1285,.T.);
#7054=EDGE_CURVE('',#8158,#8165,#1286,.T.);
#7055=EDGE_CURVE('',#8034,#8037,#1287,.T.);
#7056=EDGE_CURVE('',#8029,#7972,#314,.F.);
#7057=EDGE_CURVE('',#7904,#7755,#315,.T.);
#7058=EDGE_CURVE('',#7762,#7970,#316,.F.);
#7059=EDGE_CURVE('',#7976,#7754,#317,.T.);
#7060=EDGE_CURVE('',#7763,#7968,#21,.T.);
#7061=EDGE_CURVE('',#7978,#8028,#318,.T.);
#7062=EDGE_CURVE('',#7764,#7966,#8746,.T.);
#7063=EDGE_CURVE('',#7980,#7751,#319,.T.);
#7064=EDGE_CURVE('',#7765,#7964,#8747,.T.);
#7065=EDGE_CURVE('',#7982,#7750,#8748,.T.);
#7066=EDGE_CURVE('',#7766,#7962,#22,.T.);
#7067=EDGE_CURVE('',#7984,#7747,#8749,.T.);
#7068=EDGE_CURVE('',#7767,#7998,#320,.F.);
#7069=EDGE_CURVE('',#7986,#7746,#8750,.T.);
#7070=EDGE_CURVE('',#7737,#7996,#8751,.T.);
#7071=EDGE_CURVE('',#7988,#7743,#8752,.T.);
#7072=EDGE_CURVE('',#7738,#7994,#8753,.T.);
#7073=EDGE_CURVE('',#7990,#7742,#23,.F.);
#7074=EDGE_CURVE('',#7741,#7992,#8754,.T.);
#7075=EDGE_CURVE('',#8166,#8167,#1288,.T.);
#7076=EDGE_CURVE('',#8168,#8166,#1289,.T.);
#7077=EDGE_CURVE('',#8168,#8169,#1290,.T.);
#7078=EDGE_CURVE('',#8169,#8167,#1291,.T.);
#7079=EDGE_CURVE('',#8170,#8166,#1292,.T.);
#7080=EDGE_CURVE('',#8171,#8170,#1293,.T.);
#7081=EDGE_CURVE('',#8171,#8168,#1294,.T.);
#7082=EDGE_CURVE('',#8172,#8170,#8755,.T.);
#7083=EDGE_CURVE('',#8173,#8172,#1295,.T.);
#7084=EDGE_CURVE('',#8173,#8171,#8756,.T.);
#7085=EDGE_CURVE('',#8174,#8172,#1296,.T.);
#7086=EDGE_CURVE('',#8175,#8174,#1297,.T.);
#7087=EDGE_CURVE('',#8175,#8173,#1298,.T.);
#7088=EDGE_CURVE('',#8176,#8174,#1299,.T.);
#7089=EDGE_CURVE('',#8177,#8176,#1300,.T.);
#7090=EDGE_CURVE('',#8177,#8175,#1301,.T.);
#7091=EDGE_CURVE('',#8178,#8176,#8757,.T.);
#7092=EDGE_CURVE('',#8179,#8178,#1302,.T.);
#7093=EDGE_CURVE('',#8179,#8177,#8758,.T.);
#7094=EDGE_CURVE('',#8180,#8178,#1303,.T.);
#7095=EDGE_CURVE('',#8181,#8180,#1304,.T.);
#7096=EDGE_CURVE('',#8181,#8179,#1305,.T.);
#7097=EDGE_CURVE('',#8182,#8180,#8759,.T.);
#7098=EDGE_CURVE('',#8183,#8182,#1306,.T.);
#7099=EDGE_CURVE('',#8183,#8181,#8760,.T.);
#7100=EDGE_CURVE('',#8184,#8182,#1307,.T.);
#7101=EDGE_CURVE('',#8185,#8184,#1308,.T.);
#7102=EDGE_CURVE('',#8185,#8183,#1309,.T.);
#7103=EDGE_CURVE('',#8186,#8184,#8761,.T.);
#7104=EDGE_CURVE('',#8187,#8186,#1310,.T.);
#7105=EDGE_CURVE('',#8187,#8185,#8762,.T.);
#7106=EDGE_CURVE('',#8188,#8186,#1311,.T.);
#7107=EDGE_CURVE('',#8189,#8188,#1312,.T.);
#7108=EDGE_CURVE('',#8189,#8187,#1313,.T.);
#7109=EDGE_CURVE('',#8190,#8188,#8763,.T.);
#7110=EDGE_CURVE('',#8191,#8190,#1314,.T.);
#7111=EDGE_CURVE('',#8191,#8189,#8764,.T.);
#7112=EDGE_CURVE('',#8192,#8190,#1315,.T.);
#7113=EDGE_CURVE('',#8193,#8192,#1316,.T.);
#7114=EDGE_CURVE('',#8193,#8191,#1317,.T.);
#7115=EDGE_CURVE('',#8194,#8192,#8765,.T.);
#7116=EDGE_CURVE('',#8195,#8194,#1318,.T.);
#7117=EDGE_CURVE('',#8195,#8193,#8766,.T.);
#7118=EDGE_CURVE('',#8196,#8194,#1319,.T.);
#7119=EDGE_CURVE('',#8197,#8196,#1320,.T.);
#7120=EDGE_CURVE('',#8197,#8195,#1321,.T.);
#7121=EDGE_CURVE('',#8198,#8196,#1322,.T.);
#7122=EDGE_CURVE('',#8199,#8198,#1323,.T.);
#7123=EDGE_CURVE('',#8199,#8197,#1324,.T.);
#7124=EDGE_CURVE('',#8200,#8198,#8767,.T.);
#7125=EDGE_CURVE('',#8201,#8200,#1325,.T.);
#7126=EDGE_CURVE('',#8201,#8199,#8768,.T.);
#7127=EDGE_CURVE('',#8202,#8200,#1326,.T.);
#7128=EDGE_CURVE('',#8203,#8202,#1327,.T.);
#7129=EDGE_CURVE('',#8203,#8201,#1328,.T.);
#7130=EDGE_CURVE('',#8167,#8202,#8769,.T.);
#7131=EDGE_CURVE('',#8169,#8203,#8770,.T.);
#7132=EDGE_CURVE('',#8204,#8204,#8771,.T.);
#7133=EDGE_CURVE('',#8205,#8205,#8772,.T.);
#7134=EDGE_CURVE('',#8206,#8206,#8773,.T.);
#7135=EDGE_CURVE('',#8207,#8207,#8774,.T.);
#7136=EDGE_CURVE('',#8208,#8208,#8775,.T.);
#7137=EDGE_CURVE('',#8209,#8209,#8776,.T.);
#7138=EDGE_CURVE('',#8210,#8210,#8777,.T.);
#7139=EDGE_CURVE('',#8211,#8211,#8778,.T.);
#7140=EDGE_CURVE('',#8212,#8212,#8779,.T.);
#7141=EDGE_CURVE('',#8213,#8213,#8780,.T.);
#7142=VERTEX_POINT('',#15483);
#7143=VERTEX_POINT('',#15484);
#7144=VERTEX_POINT('',#15486);
#7145=VERTEX_POINT('',#15488);
#7146=VERTEX_POINT('',#15492);
#7147=VERTEX_POINT('',#15493);
#7148=VERTEX_POINT('',#15495);
#7149=VERTEX_POINT('',#15497);
#7150=VERTEX_POINT('',#15501);
#7151=VERTEX_POINT('',#15502);
#7152=VERTEX_POINT('',#15504);
#7153=VERTEX_POINT('',#15506);
#7154=VERTEX_POINT('',#15514);
#7155=VERTEX_POINT('',#15515);
#7156=VERTEX_POINT('',#15520);
#7157=VERTEX_POINT('',#15522);
#7158=VERTEX_POINT('',#15537);
#7159=VERTEX_POINT('',#15538);
#7160=VERTEX_POINT('',#15540);
#7161=VERTEX_POINT('',#15542);
#7162=VERTEX_POINT('',#15544);
#7163=VERTEX_POINT('',#15546);
#7164=VERTEX_POINT('',#15558);
#7165=VERTEX_POINT('',#15559);
#7166=VERTEX_POINT('',#15561);
#7167=VERTEX_POINT('',#15563);
#7168=VERTEX_POINT('',#15565);
#7169=VERTEX_POINT('',#15567);
#7170=VERTEX_POINT('',#15579);
#7171=VERTEX_POINT('',#15580);
#7172=VERTEX_POINT('',#15582);
#7173=VERTEX_POINT('',#15584);
#7174=VERTEX_POINT('',#15586);
#7175=VERTEX_POINT('',#15588);
#7176=VERTEX_POINT('',#15596);
#7177=VERTEX_POINT('',#15597);
#7178=VERTEX_POINT('',#15602);
#7179=VERTEX_POINT('',#15604);
#7180=VERTEX_POINT('',#15611);
#7181=VERTEX_POINT('',#15612);
#7182=VERTEX_POINT('',#15614);
#7183=VERTEX_POINT('',#15616);
#7184=VERTEX_POINT('',#15620);
#7185=VERTEX_POINT('',#15621);
#7186=VERTEX_POINT('',#15623);
#7187=VERTEX_POINT('',#15625);
#7188=VERTEX_POINT('',#15629);
#7189=VERTEX_POINT('',#15630);
#7190=VERTEX_POINT('',#15632);
#7191=VERTEX_POINT('',#15634);
#7192=VERTEX_POINT('',#15638);
#7193=VERTEX_POINT('',#15639);
#7194=VERTEX_POINT('',#15641);
#7195=VERTEX_POINT('',#15643);
#7196=VERTEX_POINT('',#15647);
#7197=VERTEX_POINT('',#15648);
#7198=VERTEX_POINT('',#15650);
#7199=VERTEX_POINT('',#15652);
#7200=VERTEX_POINT('',#15656);
#7201=VERTEX_POINT('',#15657);
#7202=VERTEX_POINT('',#15659);
#7203=VERTEX_POINT('',#15661);
#7204=VERTEX_POINT('',#15665);
#7205=VERTEX_POINT('',#15666);
#7206=VERTEX_POINT('',#15668);
#7207=VERTEX_POINT('',#15670);
#7208=VERTEX_POINT('',#15674);
#7209=VERTEX_POINT('',#15676);
#7210=VERTEX_POINT('',#15680);
#7211=VERTEX_POINT('',#15681);
#7212=VERTEX_POINT('',#15683);
#7213=VERTEX_POINT('',#15685);
#7214=VERTEX_POINT('',#15689);
#7215=VERTEX_POINT('',#15690);
#7216=VERTEX_POINT('',#15692);
#7217=VERTEX_POINT('',#15694);
#7218=VERTEX_POINT('',#15698);
#7219=VERTEX_POINT('',#15699);
#7220=VERTEX_POINT('',#15701);
#7221=VERTEX_POINT('',#15703);
#7222=VERTEX_POINT('',#15707);
#7223=VERTEX_POINT('',#15709);
#7224=VERTEX_POINT('',#15713);
#7225=VERTEX_POINT('',#15715);
#7226=VERTEX_POINT('',#15719);
#7227=VERTEX_POINT('',#15720);
#7228=VERTEX_POINT('',#15722);
#7229=VERTEX_POINT('',#15724);
#7230=VERTEX_POINT('',#15728);
#7231=VERTEX_POINT('',#15730);
#7232=VERTEX_POINT('',#15734);
#7233=VERTEX_POINT('',#15736);
#7234=VERTEX_POINT('',#15740);
#7235=VERTEX_POINT('',#15741);
#7236=VERTEX_POINT('',#15743);
#7237=VERTEX_POINT('',#15745);
#7238=VERTEX_POINT('',#15749);
#7239=VERTEX_POINT('',#15750);
#7240=VERTEX_POINT('',#15752);
#7241=VERTEX_POINT('',#15754);
#7242=VERTEX_POINT('',#15758);
#7243=VERTEX_POINT('',#15759);
#7244=VERTEX_POINT('',#15761);
#7245=VERTEX_POINT('',#15763);
#7246=VERTEX_POINT('',#15767);
#7247=VERTEX_POINT('',#15768);
#7248=VERTEX_POINT('',#15770);
#7249=VERTEX_POINT('',#15772);
#7250=VERTEX_POINT('',#15779);
#7251=VERTEX_POINT('',#15780);
#7252=VERTEX_POINT('',#15782);
#7253=VERTEX_POINT('',#15784);
#7254=VERTEX_POINT('',#15794);
#7255=VERTEX_POINT('',#15796);
#7256=VERTEX_POINT('',#15800);
#7257=VERTEX_POINT('',#15802);
#7258=VERTEX_POINT('',#15818);
#7259=VERTEX_POINT('',#15820);
#7260=VERTEX_POINT('',#15842);
#7261=VERTEX_POINT('',#15844);
#7262=VERTEX_POINT('',#15848);
#7263=VERTEX_POINT('',#15850);
#7264=VERTEX_POINT('',#15854);
#7265=VERTEX_POINT('',#15855);
#7266=VERTEX_POINT('',#15857);
#7267=VERTEX_POINT('',#15859);
#7268=VERTEX_POINT('',#15861);
#7269=VERTEX_POINT('',#15863);
#7270=VERTEX_POINT('',#15867);
#7271=VERTEX_POINT('',#15873);
#7272=VERTEX_POINT('',#15875);
#7273=VERTEX_POINT('',#15877);
#7274=VERTEX_POINT('',#15879);
#7275=VERTEX_POINT('',#15881);
#7276=VERTEX_POINT('',#15883);
#7277=VERTEX_POINT('',#15885);
#7278=VERTEX_POINT('',#15887);
#7279=VERTEX_POINT('',#15889);
#7280=VERTEX_POINT('',#15891);
#7281=VERTEX_POINT('',#15894);
#7282=VERTEX_POINT('',#15896);
#7283=VERTEX_POINT('',#15898);
#7284=VERTEX_POINT('',#15900);
#7285=VERTEX_POINT('',#15902);
#7286=VERTEX_POINT('',#15904);
#7287=VERTEX_POINT('',#15906);
#7288=VERTEX_POINT('',#15907);
#7289=VERTEX_POINT('',#15909);
#7290=VERTEX_POINT('',#15911);
#7291=VERTEX_POINT('',#15913);
#7292=VERTEX_POINT('',#15915);
#7293=VERTEX_POINT('',#15917);
#7294=VERTEX_POINT('',#15919);
#7295=VERTEX_POINT('',#15922);
#7296=VERTEX_POINT('',#15923);
#7297=VERTEX_POINT('',#15925);
#7298=VERTEX_POINT('',#15927);
#7299=VERTEX_POINT('',#15929);
#7300=VERTEX_POINT('',#15931);
#7301=VERTEX_POINT('',#15933);
#7302=VERTEX_POINT('',#15935);
#7303=VERTEX_POINT('',#15938);
#7304=VERTEX_POINT('',#15939);
#7305=VERTEX_POINT('',#15941);
#7306=VERTEX_POINT('',#15943);
#7307=VERTEX_POINT('',#15945);
#7308=VERTEX_POINT('',#15947);
#7309=VERTEX_POINT('',#15949);
#7310=VERTEX_POINT('',#15951);
#7311=VERTEX_POINT('',#15954);
#7312=VERTEX_POINT('',#15955);
#7313=VERTEX_POINT('',#15957);
#7314=VERTEX_POINT('',#15959);
#7315=VERTEX_POINT('',#15961);
#7316=VERTEX_POINT('',#15963);
#7317=VERTEX_POINT('',#15965);
#7318=VERTEX_POINT('',#15967);
#7319=VERTEX_POINT('',#15970);
#7320=VERTEX_POINT('',#15971);
#7321=VERTEX_POINT('',#15973);
#7322=VERTEX_POINT('',#15975);
#7323=VERTEX_POINT('',#15977);
#7324=VERTEX_POINT('',#15979);
#7325=VERTEX_POINT('',#15981);
#7326=VERTEX_POINT('',#15983);
#7327=VERTEX_POINT('',#15986);
#7328=VERTEX_POINT('',#15987);
#7329=VERTEX_POINT('',#15989);
#7330=VERTEX_POINT('',#15991);
#7331=VERTEX_POINT('',#15993);
#7332=VERTEX_POINT('',#15995);
#7333=VERTEX_POINT('',#15997);
#7334=VERTEX_POINT('',#15999);
#7335=VERTEX_POINT('',#16002);
#7336=VERTEX_POINT('',#16003);
#7337=VERTEX_POINT('',#16005);
#7338=VERTEX_POINT('',#16007);
#7339=VERTEX_POINT('',#16009);
#7340=VERTEX_POINT('',#16011);
#7341=VERTEX_POINT('',#16013);
#7342=VERTEX_POINT('',#16015);
#7343=VERTEX_POINT('',#16018);
#7344=VERTEX_POINT('',#16019);
#7345=VERTEX_POINT('',#16021);
#7346=VERTEX_POINT('',#16023);
#7347=VERTEX_POINT('',#16025);
#7348=VERTEX_POINT('',#16027);
#7349=VERTEX_POINT('',#16029);
#7350=VERTEX_POINT('',#16031);
#7351=VERTEX_POINT('',#16034);
#7352=VERTEX_POINT('',#16035);
#7353=VERTEX_POINT('',#16037);
#7354=VERTEX_POINT('',#16039);
#7355=VERTEX_POINT('',#16041);
#7356=VERTEX_POINT('',#16043);
#7357=VERTEX_POINT('',#16045);
#7358=VERTEX_POINT('',#16047);
#7359=VERTEX_POINT('',#16050);
#7360=VERTEX_POINT('',#16051);
#7361=VERTEX_POINT('',#16053);
#7362=VERTEX_POINT('',#16055);
#7363=VERTEX_POINT('',#16057);
#7364=VERTEX_POINT('',#16059);
#7365=VERTEX_POINT('',#16061);
#7366=VERTEX_POINT('',#16063);
#7367=VERTEX_POINT('',#16066);
#7368=VERTEX_POINT('',#16067);
#7369=VERTEX_POINT('',#16069);
#7370=VERTEX_POINT('',#16071);
#7371=VERTEX_POINT('',#16073);
#7372=VERTEX_POINT('',#16075);
#7373=VERTEX_POINT('',#16077);
#7374=VERTEX_POINT('',#16079);
#7375=VERTEX_POINT('',#16082);
#7376=VERTEX_POINT('',#16083);
#7377=VERTEX_POINT('',#16085);
#7378=VERTEX_POINT('',#16087);
#7379=VERTEX_POINT('',#16089);
#7380=VERTEX_POINT('',#16091);
#7381=VERTEX_POINT('',#16093);
#7382=VERTEX_POINT('',#16095);
#7383=VERTEX_POINT('',#16098);
#7384=VERTEX_POINT('',#16099);
#7385=VERTEX_POINT('',#16101);
#7386=VERTEX_POINT('',#16103);
#7387=VERTEX_POINT('',#16105);
#7388=VERTEX_POINT('',#16107);
#7389=VERTEX_POINT('',#16109);
#7390=VERTEX_POINT('',#16111);
#7391=VERTEX_POINT('',#16114);
#7392=VERTEX_POINT('',#16115);
#7393=VERTEX_POINT('',#16117);
#7394=VERTEX_POINT('',#16119);
#7395=VERTEX_POINT('',#16121);
#7396=VERTEX_POINT('',#16123);
#7397=VERTEX_POINT('',#16125);
#7398=VERTEX_POINT('',#16127);
#7399=VERTEX_POINT('',#16130);
#7400=VERTEX_POINT('',#16131);
#7401=VERTEX_POINT('',#16133);
#7402=VERTEX_POINT('',#16135);
#7403=VERTEX_POINT('',#16137);
#7404=VERTEX_POINT('',#16139);
#7405=VERTEX_POINT('',#16141);
#7406=VERTEX_POINT('',#16143);
#7407=VERTEX_POINT('',#16146);
#7408=VERTEX_POINT('',#16147);
#7409=VERTEX_POINT('',#16149);
#7410=VERTEX_POINT('',#16151);
#7411=VERTEX_POINT('',#16153);
#7412=VERTEX_POINT('',#16155);
#7413=VERTEX_POINT('',#16157);
#7414=VERTEX_POINT('',#16159);
#7415=VERTEX_POINT('',#16162);
#7416=VERTEX_POINT('',#16163);
#7417=VERTEX_POINT('',#16165);
#7418=VERTEX_POINT('',#16167);
#7419=VERTEX_POINT('',#16171);
#7420=VERTEX_POINT('',#16172);
#7421=VERTEX_POINT('',#16175);
#7422=VERTEX_POINT('',#16179);
#7423=VERTEX_POINT('',#16181);
#7424=VERTEX_POINT('',#16183);
#7425=VERTEX_POINT('',#16185);
#7426=VERTEX_POINT('',#16187);
#7427=VERTEX_POINT('',#16189);
#7428=VERTEX_POINT('',#16191);
#7429=VERTEX_POINT('',#16192);
#7430=VERTEX_POINT('',#16194);
#7431=VERTEX_POINT('',#16196);
#7432=VERTEX_POINT('',#16201);
#7433=VERTEX_POINT('',#16203);
#7434=VERTEX_POINT('',#16205);
#7435=VERTEX_POINT('',#16207);
#7436=VERTEX_POINT('',#16209);
#7437=VERTEX_POINT('',#16211);
#7438=VERTEX_POINT('',#16213);
#7439=VERTEX_POINT('',#16215);
#7440=VERTEX_POINT('',#16217);
#7441=VERTEX_POINT('',#16219);
#7442=VERTEX_POINT('',#16221);
#7443=VERTEX_POINT('',#16224);
#7444=VERTEX_POINT('',#16226);
#7445=VERTEX_POINT('',#16229);
#7446=VERTEX_POINT('',#16231);
#7447=VERTEX_POINT('',#16233);
#7448=VERTEX_POINT('',#16235);
#7449=VERTEX_POINT('',#16238);
#7450=VERTEX_POINT('',#16240);
#7451=VERTEX_POINT('',#16242);
#7452=VERTEX_POINT('',#16246);
#7453=VERTEX_POINT('',#16248);
#7454=VERTEX_POINT('',#16252);
#7455=VERTEX_POINT('',#16254);
#7456=VERTEX_POINT('',#16256);
#7457=VERTEX_POINT('',#16258);
#7458=VERTEX_POINT('',#16260);
#7459=VERTEX_POINT('',#16263);
#7460=VERTEX_POINT('',#16265);
#7461=VERTEX_POINT('',#16267);
#7462=VERTEX_POINT('',#16269);
#7463=VERTEX_POINT('',#16272);
#7464=VERTEX_POINT('',#16274);
#7465=VERTEX_POINT('',#16277);
#7466=VERTEX_POINT('',#16279);
#7467=VERTEX_POINT('',#16281);
#7468=VERTEX_POINT('',#16283);
#7469=VERTEX_POINT('',#16285);
#7470=VERTEX_POINT('',#16287);
#7471=VERTEX_POINT('',#16289);
#7472=VERTEX_POINT('',#16291);
#7473=VERTEX_POINT('',#16293);
#7474=VERTEX_POINT('',#16295);
#7475=VERTEX_POINT('',#16297);
#7476=VERTEX_POINT('',#16300);
#7477=VERTEX_POINT('',#16302);
#7478=VERTEX_POINT('',#16304);
#7479=VERTEX_POINT('',#16306);
#7480=VERTEX_POINT('',#16308);
#7481=VERTEX_POINT('',#16310);
#7482=VERTEX_POINT('',#16312);
#7483=VERTEX_POINT('',#16314);
#7484=VERTEX_POINT('',#16316);
#7485=VERTEX_POINT('',#16318);
#7486=VERTEX_POINT('',#16320);
#7487=VERTEX_POINT('',#16322);
#7488=VERTEX_POINT('',#16324);
#7489=VERTEX_POINT('',#16326);
#7490=VERTEX_POINT('',#16328);
#7491=VERTEX_POINT('',#16330);
#7492=VERTEX_POINT('',#16332);
#7493=VERTEX_POINT('',#16334);
#7494=VERTEX_POINT('',#16336);
#7495=VERTEX_POINT('',#16388);
#7496=VERTEX_POINT('',#16393);
#7497=VERTEX_POINT('',#16397);
#7498=VERTEX_POINT('',#16401);
#7499=VERTEX_POINT('',#16410);
#7500=VERTEX_POINT('',#16416);
#7501=VERTEX_POINT('',#16420);
#7502=VERTEX_POINT('',#16424);
#7503=VERTEX_POINT('',#16428);
#7504=VERTEX_POINT('',#16437);
#7505=VERTEX_POINT('',#16462);
#7506=VERTEX_POINT('',#16464);
#7507=VERTEX_POINT('',#16468);
#7508=VERTEX_POINT('',#16472);
#7509=VERTEX_POINT('',#16476);
#7510=VERTEX_POINT('',#16478);
#7511=VERTEX_POINT('',#16482);
#7512=VERTEX_POINT('',#16486);
#7513=VERTEX_POINT('',#16490);
#7514=VERTEX_POINT('',#16494);
#7515=VERTEX_POINT('',#16498);
#7516=VERTEX_POINT('',#16502);
#7517=VERTEX_POINT('',#16506);
#7518=VERTEX_POINT('',#16508);
#7519=VERTEX_POINT('',#16512);
#7520=VERTEX_POINT('',#16516);
#7521=VERTEX_POINT('',#16520);
#7522=VERTEX_POINT('',#16524);
#7523=VERTEX_POINT('',#16528);
#7524=VERTEX_POINT('',#16532);
#7525=VERTEX_POINT('',#16536);
#7526=VERTEX_POINT('',#16538);
#7527=VERTEX_POINT('',#16542);
#7528=VERTEX_POINT('',#16546);
#7529=VERTEX_POINT('',#16550);
#7530=VERTEX_POINT('',#16554);
#7531=VERTEX_POINT('',#16558);
#7532=VERTEX_POINT('',#16562);
#7533=VERTEX_POINT('',#16566);
#7534=VERTEX_POINT('',#16568);
#7535=VERTEX_POINT('',#16572);
#7536=VERTEX_POINT('',#16576);
#7537=VERTEX_POINT('',#16580);
#7538=VERTEX_POINT('',#16584);
#7539=VERTEX_POINT('',#16588);
#7540=VERTEX_POINT('',#16592);
#7541=VERTEX_POINT('',#16596);
#7542=VERTEX_POINT('',#16598);
#7543=VERTEX_POINT('',#16602);
#7544=VERTEX_POINT('',#16606);
#7545=VERTEX_POINT('',#16610);
#7546=VERTEX_POINT('',#16614);
#7547=VERTEX_POINT('',#16618);
#7548=VERTEX_POINT('',#16622);
#7549=VERTEX_POINT('',#16626);
#7550=VERTEX_POINT('',#16628);
#7551=VERTEX_POINT('',#16632);
#7552=VERTEX_POINT('',#16636);
#7553=VERTEX_POINT('',#16640);
#7554=VERTEX_POINT('',#16644);
#7555=VERTEX_POINT('',#16648);
#7556=VERTEX_POINT('',#16652);
#7557=VERTEX_POINT('',#16656);
#7558=VERTEX_POINT('',#16658);
#7559=VERTEX_POINT('',#16662);
#7560=VERTEX_POINT('',#16666);
#7561=VERTEX_POINT('',#16670);
#7562=VERTEX_POINT('',#16674);
#7563=VERTEX_POINT('',#16678);
#7564=VERTEX_POINT('',#16682);
#7565=VERTEX_POINT('',#16686);
#7566=VERTEX_POINT('',#16688);
#7567=VERTEX_POINT('',#16692);
#7568=VERTEX_POINT('',#16696);
#7569=VERTEX_POINT('',#16700);
#7570=VERTEX_POINT('',#16704);
#7571=VERTEX_POINT('',#16708);
#7572=VERTEX_POINT('',#16712);
#7573=VERTEX_POINT('',#16716);
#7574=VERTEX_POINT('',#16718);
#7575=VERTEX_POINT('',#16722);
#7576=VERTEX_POINT('',#16726);
#7577=VERTEX_POINT('',#16730);
#7578=VERTEX_POINT('',#16734);
#7579=VERTEX_POINT('',#16738);
#7580=VERTEX_POINT('',#16742);
#7581=VERTEX_POINT('',#16746);
#7582=VERTEX_POINT('',#16748);
#7583=VERTEX_POINT('',#16752);
#7584=VERTEX_POINT('',#16756);
#7585=VERTEX_POINT('',#16760);
#7586=VERTEX_POINT('',#16764);
#7587=VERTEX_POINT('',#16768);
#7588=VERTEX_POINT('',#16772);
#7589=VERTEX_POINT('',#16776);
#7590=VERTEX_POINT('',#16778);
#7591=VERTEX_POINT('',#16782);
#7592=VERTEX_POINT('',#16786);
#7593=VERTEX_POINT('',#16790);
#7594=VERTEX_POINT('',#16794);
#7595=VERTEX_POINT('',#16798);
#7596=VERTEX_POINT('',#16802);
#7597=VERTEX_POINT('',#16806);
#7598=VERTEX_POINT('',#16808);
#7599=VERTEX_POINT('',#16812);
#7600=VERTEX_POINT('',#16816);
#7601=VERTEX_POINT('',#16820);
#7602=VERTEX_POINT('',#16824);
#7603=VERTEX_POINT('',#16828);
#7604=VERTEX_POINT('',#16832);
#7605=VERTEX_POINT('',#16836);
#7606=VERTEX_POINT('',#16838);
#7607=VERTEX_POINT('',#16842);
#7608=VERTEX_POINT('',#16846);
#7609=VERTEX_POINT('',#16850);
#7610=VERTEX_POINT('',#16854);
#7611=VERTEX_POINT('',#16858);
#7612=VERTEX_POINT('',#16862);
#7613=VERTEX_POINT('',#16866);
#7614=VERTEX_POINT('',#16868);
#7615=VERTEX_POINT('',#16872);
#7616=VERTEX_POINT('',#16876);
#7617=VERTEX_POINT('',#16880);
#7618=VERTEX_POINT('',#16884);
#7619=VERTEX_POINT('',#16888);
#7620=VERTEX_POINT('',#16892);
#7621=VERTEX_POINT('',#16896);
#7622=VERTEX_POINT('',#16898);
#7623=VERTEX_POINT('',#16902);
#7624=VERTEX_POINT('',#16906);
#7625=VERTEX_POINT('',#16910);
#7626=VERTEX_POINT('',#16914);
#7627=VERTEX_POINT('',#16918);
#7628=VERTEX_POINT('',#16922);
#7629=VERTEX_POINT('',#16926);
#7630=VERTEX_POINT('',#16928);
#7631=VERTEX_POINT('',#16932);
#7632=VERTEX_POINT('',#16936);
#7633=VERTEX_POINT('',#16940);
#7634=VERTEX_POINT('',#16944);
#7635=VERTEX_POINT('',#16948);
#7636=VERTEX_POINT('',#16952);
#7637=VERTEX_POINT('',#17045);
#7638=VERTEX_POINT('',#17046);
#7639=VERTEX_POINT('',#17048);
#7640=VERTEX_POINT('',#17050);
#7641=VERTEX_POINT('',#17054);
#7642=VERTEX_POINT('',#17056);
#7643=VERTEX_POINT('',#17060);
#7644=VERTEX_POINT('',#17062);
#7645=VERTEX_POINT('',#17066);
#7646=VERTEX_POINT('',#17068);
#7647=VERTEX_POINT('',#17072);
#7648=VERTEX_POINT('',#17074);
#7649=VERTEX_POINT('',#17078);
#7650=VERTEX_POINT('',#17080);
#7651=VERTEX_POINT('',#17084);
#7652=VERTEX_POINT('',#17086);
#7653=VERTEX_POINT('',#17090);
#7654=VERTEX_POINT('',#17092);
#7655=VERTEX_POINT('',#17096);
#7656=VERTEX_POINT('',#17098);
#7657=VERTEX_POINT('',#17102);
#7658=VERTEX_POINT('',#17104);
#7659=VERTEX_POINT('',#17108);
#7660=VERTEX_POINT('',#17110);
#7661=VERTEX_POINT('',#17114);
#7662=VERTEX_POINT('',#17116);
#7663=VERTEX_POINT('',#17120);
#7664=VERTEX_POINT('',#17122);
#7665=VERTEX_POINT('',#17126);
#7666=VERTEX_POINT('',#17128);
#7667=VERTEX_POINT('',#17132);
#7668=VERTEX_POINT('',#17134);
#7669=VERTEX_POINT('',#17138);
#7670=VERTEX_POINT('',#17140);
#7671=VERTEX_POINT('',#17144);
#7672=VERTEX_POINT('',#17146);
#7673=VERTEX_POINT('',#17150);
#7674=VERTEX_POINT('',#17152);
#7675=VERTEX_POINT('',#17159);
#7676=VERTEX_POINT('',#17161);
#7677=VERTEX_POINT('',#17163);
#7678=VERTEX_POINT('',#17165);
#7679=VERTEX_POINT('',#17167);
#7680=VERTEX_POINT('',#17169);
#7681=VERTEX_POINT('',#17172);
#7682=VERTEX_POINT('',#17174);
#7683=VERTEX_POINT('',#17176);
#7684=VERTEX_POINT('',#17178);
#7685=VERTEX_POINT('',#17180);
#7686=VERTEX_POINT('',#17182);
#7687=VERTEX_POINT('',#17192);
#7688=VERTEX_POINT('',#17193);
#7689=VERTEX_POINT('',#17195);
#7690=VERTEX_POINT('',#17197);
#7691=VERTEX_POINT('',#17201);
#7692=VERTEX_POINT('',#17202);
#7693=VERTEX_POINT('',#17204);
#7694=VERTEX_POINT('',#17206);
#7695=VERTEX_POINT('',#17210);
#7696=VERTEX_POINT('',#17212);
#7697=VERTEX_POINT('',#17216);
#7698=VERTEX_POINT('',#17218);
#7699=VERTEX_POINT('',#17222);
#7700=VERTEX_POINT('',#17223);
#7701=VERTEX_POINT('',#17225);
#7702=VERTEX_POINT('',#17227);
#7703=VERTEX_POINT('',#17231);
#7704=VERTEX_POINT('',#17233);
#7705=VERTEX_POINT('',#17237);
#7706=VERTEX_POINT('',#17239);
#7707=VERTEX_POINT('',#17243);
#7708=VERTEX_POINT('',#17244);
#7709=VERTEX_POINT('',#17246);
#7710=VERTEX_POINT('',#17248);
#7711=VERTEX_POINT('',#17252);
#7712=VERTEX_POINT('',#17253);
#7713=VERTEX_POINT('',#17255);
#7714=VERTEX_POINT('',#17257);
#7715=VERTEX_POINT('',#17261);
#7716=VERTEX_POINT('',#17262);
#7717=VERTEX_POINT('',#17264);
#7718=VERTEX_POINT('',#17266);
#7719=VERTEX_POINT('',#17270);
#7720=VERTEX_POINT('',#17271);
#7721=VERTEX_POINT('',#17273);
#7722=VERTEX_POINT('',#17275);
#7723=VERTEX_POINT('',#17279);
#7724=VERTEX_POINT('',#17281);
#7725=VERTEX_POINT('',#17291);
#7726=VERTEX_POINT('',#17293);
#7727=VERTEX_POINT('',#17297);
#7728=VERTEX_POINT('',#17298);
#7729=VERTEX_POINT('',#17300);
#7730=VERTEX_POINT('',#17302);
#7731=VERTEX_POINT('',#17306);
#7732=VERTEX_POINT('',#17308);
#7733=VERTEX_POINT('',#17310);
#7734=VERTEX_POINT('',#17312);
#7735=VERTEX_POINT('',#17314);
#7736=VERTEX_POINT('',#17316);
#7737=VERTEX_POINT('',#17318);
#7738=VERTEX_POINT('',#17319);
#7739=VERTEX_POINT('',#17321);
#7740=VERTEX_POINT('',#17323);
#7741=VERTEX_POINT('',#17325);
#7742=VERTEX_POINT('',#17327);
#7743=VERTEX_POINT('',#17329);
#7744=VERTEX_POINT('',#17331);
#7745=VERTEX_POINT('',#17333);
#7746=VERTEX_POINT('',#17335);
#7747=VERTEX_POINT('',#17337);
#7748=VERTEX_POINT('',#17339);
#7749=VERTEX_POINT('',#17341);
#7750=VERTEX_POINT('',#17343);
#7751=VERTEX_POINT('',#17345);
#7752=VERTEX_POINT('',#17347);
#7753=VERTEX_POINT('',#17349);
#7754=VERTEX_POINT('',#17351);
#7755=VERTEX_POINT('',#17353);
#7756=VERTEX_POINT('',#17355);
#7757=VERTEX_POINT('',#17357);
#7758=VERTEX_POINT('',#17359);
#7759=VERTEX_POINT('',#17361);
#7760=VERTEX_POINT('',#17363);
#7761=VERTEX_POINT('',#17365);
#7762=VERTEX_POINT('',#17367);
#7763=VERTEX_POINT('',#17369);
#7764=VERTEX_POINT('',#17371);
#7765=VERTEX_POINT('',#17373);
#7766=VERTEX_POINT('',#17375);
#7767=VERTEX_POINT('',#17377);
#7768=VERTEX_POINT('',#17379);
#7769=VERTEX_POINT('',#17381);
#7770=VERTEX_POINT('',#17384);
#7771=VERTEX_POINT('',#17385);
#7772=VERTEX_POINT('',#17387);
#7773=VERTEX_POINT('',#17389);
#7774=VERTEX_POINT('',#17391);
#7775=VERTEX_POINT('',#17393);
#7776=VERTEX_POINT('',#17395);
#7777=VERTEX_POINT('',#17397);
#7778=VERTEX_POINT('',#17400);
#7779=VERTEX_POINT('',#17401);
#7780=VERTEX_POINT('',#17403);
#7781=VERTEX_POINT('',#17405);
#7782=VERTEX_POINT('',#17407);
#7783=VERTEX_POINT('',#17409);
#7784=VERTEX_POINT('',#17411);
#7785=VERTEX_POINT('',#17413);
#7786=VERTEX_POINT('',#17416);
#7787=VERTEX_POINT('',#17417);
#7788=VERTEX_POINT('',#17419);
#7789=VERTEX_POINT('',#17421);
#7790=VERTEX_POINT('',#17423);
#7791=VERTEX_POINT('',#17425);
#7792=VERTEX_POINT('',#17427);
#7793=VERTEX_POINT('',#17429);
#7794=VERTEX_POINT('',#17432);
#7795=VERTEX_POINT('',#17433);
#7796=VERTEX_POINT('',#17435);
#7797=VERTEX_POINT('',#17437);
#7798=VERTEX_POINT('',#17439);
#7799=VERTEX_POINT('',#17441);
#7800=VERTEX_POINT('',#17443);
#7801=VERTEX_POINT('',#17445);
#7802=VERTEX_POINT('',#17448);
#7803=VERTEX_POINT('',#17449);
#7804=VERTEX_POINT('',#17451);
#7805=VERTEX_POINT('',#17453);
#7806=VERTEX_POINT('',#17455);
#7807=VERTEX_POINT('',#17457);
#7808=VERTEX_POINT('',#17459);
#7809=VERTEX_POINT('',#17461);
#7810=VERTEX_POINT('',#17464);
#7811=VERTEX_POINT('',#17465);
#7812=VERTEX_POINT('',#17467);
#7813=VERTEX_POINT('',#17469);
#7814=VERTEX_POINT('',#17471);
#7815=VERTEX_POINT('',#17473);
#7816=VERTEX_POINT('',#17475);
#7817=VERTEX_POINT('',#17477);
#7818=VERTEX_POINT('',#17480);
#7819=VERTEX_POINT('',#17481);
#7820=VERTEX_POINT('',#17483);
#7821=VERTEX_POINT('',#17485);
#7822=VERTEX_POINT('',#17487);
#7823=VERTEX_POINT('',#17489);
#7824=VERTEX_POINT('',#17491);
#7825=VERTEX_POINT('',#17493);
#7826=VERTEX_POINT('',#17496);
#7827=VERTEX_POINT('',#17497);
#7828=VERTEX_POINT('',#17499);
#7829=VERTEX_POINT('',#17501);
#7830=VERTEX_POINT('',#17503);
#7831=VERTEX_POINT('',#17505);
#7832=VERTEX_POINT('',#17507);
#7833=VERTEX_POINT('',#17509);
#7834=VERTEX_POINT('',#17512);
#7835=VERTEX_POINT('',#17513);
#7836=VERTEX_POINT('',#17515);
#7837=VERTEX_POINT('',#17517);
#7838=VERTEX_POINT('',#17519);
#7839=VERTEX_POINT('',#17521);
#7840=VERTEX_POINT('',#17523);
#7841=VERTEX_POINT('',#17525);
#7842=VERTEX_POINT('',#17528);
#7843=VERTEX_POINT('',#17529);
#7844=VERTEX_POINT('',#17531);
#7845=VERTEX_POINT('',#17533);
#7846=VERTEX_POINT('',#17535);
#7847=VERTEX_POINT('',#17537);
#7848=VERTEX_POINT('',#17539);
#7849=VERTEX_POINT('',#17541);
#7850=VERTEX_POINT('',#17544);
#7851=VERTEX_POINT('',#17545);
#7852=VERTEX_POINT('',#17547);
#7853=VERTEX_POINT('',#17549);
#7854=VERTEX_POINT('',#17551);
#7855=VERTEX_POINT('',#17553);
#7856=VERTEX_POINT('',#17555);
#7857=VERTEX_POINT('',#17557);
#7858=VERTEX_POINT('',#17560);
#7859=VERTEX_POINT('',#17561);
#7860=VERTEX_POINT('',#17563);
#7861=VERTEX_POINT('',#17565);
#7862=VERTEX_POINT('',#17567);
#7863=VERTEX_POINT('',#17569);
#7864=VERTEX_POINT('',#17571);
#7865=VERTEX_POINT('',#17573);
#7866=VERTEX_POINT('',#17576);
#7867=VERTEX_POINT('',#17577);
#7868=VERTEX_POINT('',#17579);
#7869=VERTEX_POINT('',#17581);
#7870=VERTEX_POINT('',#17583);
#7871=VERTEX_POINT('',#17585);
#7872=VERTEX_POINT('',#17587);
#7873=VERTEX_POINT('',#17589);
#7874=VERTEX_POINT('',#17592);
#7875=VERTEX_POINT('',#17593);
#7876=VERTEX_POINT('',#17595);
#7877=VERTEX_POINT('',#17597);
#7878=VERTEX_POINT('',#17599);
#7879=VERTEX_POINT('',#17601);
#7880=VERTEX_POINT('',#17603);
#7881=VERTEX_POINT('',#17605);
#7882=VERTEX_POINT('',#17608);
#7883=VERTEX_POINT('',#17609);
#7884=VERTEX_POINT('',#17611);
#7885=VERTEX_POINT('',#17613);
#7886=VERTEX_POINT('',#17615);
#7887=VERTEX_POINT('',#17617);
#7888=VERTEX_POINT('',#17619);
#7889=VERTEX_POINT('',#17621);
#7890=VERTEX_POINT('',#17624);
#7891=VERTEX_POINT('',#17625);
#7892=VERTEX_POINT('',#17627);
#7893=VERTEX_POINT('',#17629);
#7894=VERTEX_POINT('',#17631);
#7895=VERTEX_POINT('',#17633);
#7896=VERTEX_POINT('',#17635);
#7897=VERTEX_POINT('',#17637);
#7898=VERTEX_POINT('',#17640);
#7899=VERTEX_POINT('',#17641);
#7900=VERTEX_POINT('',#17643);
#7901=VERTEX_POINT('',#17645);
#7902=VERTEX_POINT('',#17649);
#7903=VERTEX_POINT('',#17650);
#7904=VERTEX_POINT('',#17652);
#7905=VERTEX_POINT('',#17654);
#7906=VERTEX_POINT('',#17658);
#7907=VERTEX_POINT('',#17659);
#7908=VERTEX_POINT('',#17661);
#7909=VERTEX_POINT('',#17663);
#7910=VERTEX_POINT('',#17667);
#7911=VERTEX_POINT('',#17668);
#7912=VERTEX_POINT('',#17670);
#7913=VERTEX_POINT('',#17672);
#7914=VERTEX_POINT('',#17676);
#7915=VERTEX_POINT('',#17677);
#7916=VERTEX_POINT('',#17679);
#7917=VERTEX_POINT('',#17681);
#7918=VERTEX_POINT('',#17685);
#7919=VERTEX_POINT('',#17686);
#7920=VERTEX_POINT('',#17688);
#7921=VERTEX_POINT('',#17690);
#7922=VERTEX_POINT('',#17694);
#7923=VERTEX_POINT('',#17696);
#7924=VERTEX_POINT('',#17700);
#7925=VERTEX_POINT('',#17701);
#7926=VERTEX_POINT('',#17703);
#7927=VERTEX_POINT('',#17705);
#7928=VERTEX_POINT('',#17709);
#7929=VERTEX_POINT('',#17712);
#7930=VERTEX_POINT('',#17715);
#7931=VERTEX_POINT('',#17718);
#7932=VERTEX_POINT('',#17721);
#7933=VERTEX_POINT('',#17724);
#7934=VERTEX_POINT('',#17727);
#7935=VERTEX_POINT('',#17729);
#7936=VERTEX_POINT('',#17731);
#7937=VERTEX_POINT('',#17733);
#7938=VERTEX_POINT('',#17735);
#7939=VERTEX_POINT('',#17737);
#7940=VERTEX_POINT('',#17739);
#7941=VERTEX_POINT('',#17741);
#7942=VERTEX_POINT('',#17743);
#7943=VERTEX_POINT('',#17745);
#7944=VERTEX_POINT('',#17747);
#7945=VERTEX_POINT('',#17749);
#7946=VERTEX_POINT('',#17751);
#7947=VERTEX_POINT('',#17753);
#7948=VERTEX_POINT('',#17755);
#7949=VERTEX_POINT('',#17757);
#7950=VERTEX_POINT('',#17759);
#7951=VERTEX_POINT('',#17761);
#7952=VERTEX_POINT('',#17763);
#7953=VERTEX_POINT('',#17765);
#7954=VERTEX_POINT('',#17767);
#7955=VERTEX_POINT('',#17769);
#7956=VERTEX_POINT('',#17771);
#7957=VERTEX_POINT('',#17773);
#7958=VERTEX_POINT('',#17778);
#7959=VERTEX_POINT('',#17780);
#7960=VERTEX_POINT('',#17787);
#7961=VERTEX_POINT('',#17789);
#7962=VERTEX_POINT('',#17795);
#7963=VERTEX_POINT('',#17796);
#7964=VERTEX_POINT('',#17798);
#7965=VERTEX_POINT('',#17800);
#7966=VERTEX_POINT('',#17804);
#7967=VERTEX_POINT('',#17806);
#7968=VERTEX_POINT('',#17810);
#7969=VERTEX_POINT('',#17812);
#7970=VERTEX_POINT('',#17816);
#7971=VERTEX_POINT('',#17818);
#7972=VERTEX_POINT('',#17822);
#7973=VERTEX_POINT('',#17824);
#7974=VERTEX_POINT('',#17828);
#7975=VERTEX_POINT('',#17830);
#7976=VERTEX_POINT('',#17834);
#7977=VERTEX_POINT('',#17836);
#7978=VERTEX_POINT('',#17840);
#7979=VERTEX_POINT('',#17842);
#7980=VERTEX_POINT('',#17846);
#7981=VERTEX_POINT('',#17848);
#7982=VERTEX_POINT('',#17852);
#7983=VERTEX_POINT('',#17854);
#7984=VERTEX_POINT('',#17858);
#7985=VERTEX_POINT('',#17860);
#7986=VERTEX_POINT('',#17864);
#7987=VERTEX_POINT('',#17866);
#7988=VERTEX_POINT('',#17870);
#7989=VERTEX_POINT('',#17872);
#7990=VERTEX_POINT('',#17876);
#7991=VERTEX_POINT('',#17878);
#7992=VERTEX_POINT('',#17882);
#7993=VERTEX_POINT('',#17884);
#7994=VERTEX_POINT('',#17888);
#7995=VERTEX_POINT('',#17890);
#7996=VERTEX_POINT('',#17894);
#7997=VERTEX_POINT('',#17896);
#7998=VERTEX_POINT('',#17900);
#7999=VERTEX_POINT('',#17902);
#8000=VERTEX_POINT('',#17906);
#8001=VERTEX_POINT('',#17908);
#8002=VERTEX_POINT('',#17912);
#8003=VERTEX_POINT('',#17916);
#8004=VERTEX_POINT('',#17920);
#8005=VERTEX_POINT('',#17924);
#8006=VERTEX_POINT('',#17928);
#8007=VERTEX_POINT('',#17932);
#8008=VERTEX_POINT('',#17936);
#8009=VERTEX_POINT('',#17940);
#8010=VERTEX_POINT('',#17944);
#8011=VERTEX_POINT('',#17948);
#8012=VERTEX_POINT('',#17952);
#8013=VERTEX_POINT('',#17956);
#8014=VERTEX_POINT('',#17960);
#8015=VERTEX_POINT('',#17964);
#8016=VERTEX_POINT('',#17965);
#8017=VERTEX_POINT('',#17970);
#8018=VERTEX_POINT('',#17974);
#8019=VERTEX_POINT('',#17978);
#8020=VERTEX_POINT('',#17979);
#8021=VERTEX_POINT('',#17984);
#8022=VERTEX_POINT('',#17988);
#8023=VERTEX_POINT('',#17992);
#8024=VERTEX_POINT('',#18005);
#8025=VERTEX_POINT('',#18007);
#8026=VERTEX_POINT('',#18009);
#8027=VERTEX_POINT('',#18011);
#8028=VERTEX_POINT('',#18050);
#8029=VERTEX_POINT('',#18060);
#8030=VERTEX_POINT('',#18068);
#8031=VERTEX_POINT('',#18078);
#8032=VERTEX_POINT('',#18082);
#8033=VERTEX_POINT('',#18088);
#8034=VERTEX_POINT('',#18110);
#8035=VERTEX_POINT('',#18112);
#8036=VERTEX_POINT('',#18116);
#8037=VERTEX_POINT('',#18120);
#8038=VERTEX_POINT('',#18124);
#8039=VERTEX_POINT('',#18126);
#8040=VERTEX_POINT('',#18130);
#8041=VERTEX_POINT('',#18134);
#8042=VERTEX_POINT('',#18138);
#8043=VERTEX_POINT('',#18142);
#8044=VERTEX_POINT('',#18146);
#8045=VERTEX_POINT('',#18150);
#8046=VERTEX_POINT('',#18154);
#8047=VERTEX_POINT('',#18156);
#8048=VERTEX_POINT('',#18160);
#8049=VERTEX_POINT('',#18164);
#8050=VERTEX_POINT('',#18168);
#8051=VERTEX_POINT('',#18172);
#8052=VERTEX_POINT('',#18176);
#8053=VERTEX_POINT('',#18180);
#8054=VERTEX_POINT('',#18184);
#8055=VERTEX_POINT('',#18186);
#8056=VERTEX_POINT('',#18190);
#8057=VERTEX_POINT('',#18194);
#8058=VERTEX_POINT('',#18198);
#8059=VERTEX_POINT('',#18202);
#8060=VERTEX_POINT('',#18206);
#8061=VERTEX_POINT('',#18210);
#8062=VERTEX_POINT('',#18214);
#8063=VERTEX_POINT('',#18216);
#8064=VERTEX_POINT('',#18220);
#8065=VERTEX_POINT('',#18224);
#8066=VERTEX_POINT('',#18228);
#8067=VERTEX_POINT('',#18232);
#8068=VERTEX_POINT('',#18236);
#8069=VERTEX_POINT('',#18240);
#8070=VERTEX_POINT('',#18244);
#8071=VERTEX_POINT('',#18246);
#8072=VERTEX_POINT('',#18250);
#8073=VERTEX_POINT('',#18254);
#8074=VERTEX_POINT('',#18258);
#8075=VERTEX_POINT('',#18262);
#8076=VERTEX_POINT('',#18266);
#8077=VERTEX_POINT('',#18270);
#8078=VERTEX_POINT('',#18274);
#8079=VERTEX_POINT('',#18276);
#8080=VERTEX_POINT('',#18280);
#8081=VERTEX_POINT('',#18284);
#8082=VERTEX_POINT('',#18288);
#8083=VERTEX_POINT('',#18292);
#8084=VERTEX_POINT('',#18296);
#8085=VERTEX_POINT('',#18300);
#8086=VERTEX_POINT('',#18304);
#8087=VERTEX_POINT('',#18306);
#8088=VERTEX_POINT('',#18310);
#8089=VERTEX_POINT('',#18314);
#8090=VERTEX_POINT('',#18318);
#8091=VERTEX_POINT('',#18322);
#8092=VERTEX_POINT('',#18326);
#8093=VERTEX_POINT('',#18330);
#8094=VERTEX_POINT('',#18334);
#8095=VERTEX_POINT('',#18336);
#8096=VERTEX_POINT('',#18340);
#8097=VERTEX_POINT('',#18344);
#8098=VERTEX_POINT('',#18348);
#8099=VERTEX_POINT('',#18352);
#8100=VERTEX_POINT('',#18356);
#8101=VERTEX_POINT('',#18360);
#8102=VERTEX_POINT('',#18364);
#8103=VERTEX_POINT('',#18366);
#8104=VERTEX_POINT('',#18370);
#8105=VERTEX_POINT('',#18374);
#8106=VERTEX_POINT('',#18378);
#8107=VERTEX_POINT('',#18382);
#8108=VERTEX_POINT('',#18386);
#8109=VERTEX_POINT('',#18390);
#8110=VERTEX_POINT('',#18394);
#8111=VERTEX_POINT('',#18396);
#8112=VERTEX_POINT('',#18400);
#8113=VERTEX_POINT('',#18404);
#8114=VERTEX_POINT('',#18408);
#8115=VERTEX_POINT('',#18412);
#8116=VERTEX_POINT('',#18416);
#8117=VERTEX_POINT('',#18420);
#8118=VERTEX_POINT('',#18424);
#8119=VERTEX_POINT('',#18426);
#8120=VERTEX_POINT('',#18430);
#8121=VERTEX_POINT('',#18434);
#8122=VERTEX_POINT('',#18438);
#8123=VERTEX_POINT('',#18442);
#8124=VERTEX_POINT('',#18446);
#8125=VERTEX_POINT('',#18450);
#8126=VERTEX_POINT('',#18454);
#8127=VERTEX_POINT('',#18456);
#8128=VERTEX_POINT('',#18460);
#8129=VERTEX_POINT('',#18464);
#8130=VERTEX_POINT('',#18468);
#8131=VERTEX_POINT('',#18472);
#8132=VERTEX_POINT('',#18476);
#8133=VERTEX_POINT('',#18480);
#8134=VERTEX_POINT('',#18484);
#8135=VERTEX_POINT('',#18486);
#8136=VERTEX_POINT('',#18490);
#8137=VERTEX_POINT('',#18494);
#8138=VERTEX_POINT('',#18498);
#8139=VERTEX_POINT('',#18502);
#8140=VERTEX_POINT('',#18506);
#8141=VERTEX_POINT('',#18510);
#8142=VERTEX_POINT('',#18514);
#8143=VERTEX_POINT('',#18516);
#8144=VERTEX_POINT('',#18520);
#8145=VERTEX_POINT('',#18524);
#8146=VERTEX_POINT('',#18528);
#8147=VERTEX_POINT('',#18532);
#8148=VERTEX_POINT('',#18536);
#8149=VERTEX_POINT('',#18540);
#8150=VERTEX_POINT('',#18544);
#8151=VERTEX_POINT('',#18546);
#8152=VERTEX_POINT('',#18550);
#8153=VERTEX_POINT('',#18554);
#8154=VERTEX_POINT('',#18558);
#8155=VERTEX_POINT('',#18562);
#8156=VERTEX_POINT('',#18566);
#8157=VERTEX_POINT('',#18570);
#8158=VERTEX_POINT('',#18574);
#8159=VERTEX_POINT('',#18576);
#8160=VERTEX_POINT('',#18580);
#8161=VERTEX_POINT('',#18584);
#8162=VERTEX_POINT('',#18588);
#8163=VERTEX_POINT('',#18592);
#8164=VERTEX_POINT('',#18596);
#8165=VERTEX_POINT('',#18600);
#8166=VERTEX_POINT('',#18707);
#8167=VERTEX_POINT('',#18708);
#8168=VERTEX_POINT('',#18710);
#8169=VERTEX_POINT('',#18712);
#8170=VERTEX_POINT('',#18716);
#8171=VERTEX_POINT('',#18718);
#8172=VERTEX_POINT('',#18722);
#8173=VERTEX_POINT('',#18724);
#8174=VERTEX_POINT('',#18728);
#8175=VERTEX_POINT('',#18730);
#8176=VERTEX_POINT('',#18734);
#8177=VERTEX_POINT('',#18736);
#8178=VERTEX_POINT('',#18740);
#8179=VERTEX_POINT('',#18742);
#8180=VERTEX_POINT('',#18746);
#8181=VERTEX_POINT('',#18748);
#8182=VERTEX_POINT('',#18752);
#8183=VERTEX_POINT('',#18754);
#8184=VERTEX_POINT('',#18758);
#8185=VERTEX_POINT('',#18760);
#8186=VERTEX_POINT('',#18764);
#8187=VERTEX_POINT('',#18766);
#8188=VERTEX_POINT('',#18770);
#8189=VERTEX_POINT('',#18772);
#8190=VERTEX_POINT('',#18776);
#8191=VERTEX_POINT('',#18778);
#8192=VERTEX_POINT('',#18782);
#8193=VERTEX_POINT('',#18784);
#8194=VERTEX_POINT('',#18788);
#8195=VERTEX_POINT('',#18790);
#8196=VERTEX_POINT('',#18794);
#8197=VERTEX_POINT('',#18796);
#8198=VERTEX_POINT('',#18800);
#8199=VERTEX_POINT('',#18802);
#8200=VERTEX_POINT('',#18806);
#8201=VERTEX_POINT('',#18808);
#8202=VERTEX_POINT('',#18812);
#8203=VERTEX_POINT('',#18814);
#8204=VERTEX_POINT('',#18821);
#8205=VERTEX_POINT('',#18823);
#8206=VERTEX_POINT('',#18825);
#8207=VERTEX_POINT('',#18827);
#8208=VERTEX_POINT('',#18829);
#8209=VERTEX_POINT('',#18832);
#8210=VERTEX_POINT('',#18834);
#8211=VERTEX_POINT('',#18836);
#8212=VERTEX_POINT('',#18838);
#8213=VERTEX_POINT('',#18840);
#8214=CIRCLE('',#11082,0.00199999850585);
#8215=CIRCLE('',#11083,0.00199999850585);
#8216=CIRCLE('',#11085,0.00199999850585);
#8217=CIRCLE('',#11086,0.00199999850585);
#8218=CIRCLE('',#11088,0.002000002202773);
#8219=CIRCLE('',#11089,0.002000002202773);
#8220=CIRCLE('',#11091,0.00335525591143177);
#8221=CIRCLE('',#11093,0.00200000220277283);
#8222=CIRCLE('',#11094,0.002);
#8223=CIRCLE('',#11095,0.00400000220277283);
#8224=CIRCLE('',#11096,0.002);
#8225=CIRCLE('',#11097,0.00200000220277283);
#8226=CIRCLE('',#11099,0.00199999850584993);
#8227=CIRCLE('',#11100,0.002);
#8228=CIRCLE('',#11101,0.00399999850584993);
#8229=CIRCLE('',#11102,0.002);
#8230=CIRCLE('',#11103,0.00199999850584993);
#8231=CIRCLE('',#11105,0.00199999850585007);
#8232=CIRCLE('',#11106,0.002);
#8233=CIRCLE('',#11107,0.00399999850585007);
#8234=CIRCLE('',#11108,0.002);
#8235=CIRCLE('',#11109,0.00199999850585007);
#8236=CIRCLE('',#11111,0.00335525591143199);
#8237=CIRCLE('',#11124,0.00315505572632298);
#8238=CIRCLE('',#11125,0.00315505572632298);
#8239=CIRCLE('',#11129,0.00399999850585);
#8240=CIRCLE('',#11130,0.00399999850585);
#8241=CIRCLE('',#11136,0.00399999850584988);
#8242=CIRCLE('',#11137,0.00399999850584988);
#8243=CIRCLE('',#11141,0.002);
#8244=CIRCLE('',#11142,0.002);
#8245=CIRCLE('',#11144,0.002);
#8246=CIRCLE('',#11145,0.002);
#8247=CIRCLE('',#11147,0.002);
#8248=CIRCLE('',#11148,0.002);
#8249=CIRCLE('',#11150,0.002);
#8250=CIRCLE('',#11151,0.002);
#8251=CIRCLE('',#11153,0.002);
#8252=CIRCLE('',#11154,0.002);
#8253=CIRCLE('',#11156,0.002);
#8254=CIRCLE('',#11157,0.002);
#8255=CIRCLE('',#11159,0.002);
#8256=CIRCLE('',#11160,0.002);
#8257=CIRCLE('',#11162,0.002);
#8258=CIRCLE('',#11163,0.002);
#8259=CIRCLE('',#11165,0.002);
#8260=CIRCLE('',#11166,0.002);
#8261=CIRCLE('',#11168,0.002);
#8262=CIRCLE('',#11169,0.002);
#8263=CIRCLE('',#11171,0.002);
#8264=CIRCLE('',#11172,0.002);
#8265=CIRCLE('',#11174,0.002);
#8266=CIRCLE('',#11175,0.002);
#8267=CIRCLE('',#11177,0.002);
#8268=CIRCLE('',#11178,0.002);
#8269=CIRCLE('',#11180,0.002);
#8270=CIRCLE('',#11181,0.002);
#8271=CIRCLE('',#11183,0.002);
#8272=CIRCLE('',#11184,0.002);
#8273=CIRCLE('',#11186,0.002);
#8274=CIRCLE('',#11187,0.002);
#8275=CIRCLE('',#11189,0.002);
#8276=CIRCLE('',#11190,0.002);
#8277=CIRCLE('',#11192,0.0015);
#8278=CIRCLE('',#11193,0.00135525591143231);
#8279=CIRCLE('',#11194,0.00199999850585001);
#8280=CIRCLE('',#11195,0.0015);
#8281=CIRCLE('',#11196,0.0015);
#8282=CIRCLE('',#11197,0.0015);
#8283=CIRCLE('',#11198,0.00199999850584987);
#8284=CIRCLE('',#11199,0.0015);
#8285=CIRCLE('',#11200,0.0011);
#8286=CIRCLE('',#11201,0.0011);
#8287=CIRCLE('',#11202,0.0011);
#8288=CIRCLE('',#11203,0.0011);
#8289=CIRCLE('',#11204,0.0011);
#8290=CIRCLE('',#11205,0.0011);
#8291=CIRCLE('',#11206,0.0005);
#8292=CIRCLE('',#11207,0.0005);
#8293=CIRCLE('',#11208,0.0005);
#8294=CIRCLE('',#11209,0.0005);
#8295=CIRCLE('',#11210,0.0005);
#8296=CIRCLE('',#11211,0.0005);
#8297=CIRCLE('',#11212,0.0005);
#8298=CIRCLE('',#11213,0.0005);
#8299=CIRCLE('',#11214,0.0005);
#8300=CIRCLE('',#11215,0.0005);
#8301=CIRCLE('',#11216,0.0005);
#8302=CIRCLE('',#11217,0.0005);
#8303=CIRCLE('',#11218,0.0005);
#8304=CIRCLE('',#11219,0.0005);
#8305=CIRCLE('',#11220,0.0005);
#8306=CIRCLE('',#11221,0.0005);
#8307=CIRCLE('',#11222,0.0005);
#8308=CIRCLE('',#11223,0.0005);
#8309=CIRCLE('',#11224,0.0005);
#8310=CIRCLE('',#11225,0.0005);
#8311=CIRCLE('',#11226,0.0005);
#8312=CIRCLE('',#11227,0.0005);
#8313=CIRCLE('',#11228,0.0005);
#8314=CIRCLE('',#11229,0.0005);
#8315=CIRCLE('',#11230,0.0005);
#8316=CIRCLE('',#11231,0.0005);
#8317=CIRCLE('',#11232,0.0005);
#8318=CIRCLE('',#11233,0.0005);
#8319=CIRCLE('',#11234,0.0005);
#8320=CIRCLE('',#11235,0.0005);
#8321=CIRCLE('',#11236,0.0005);
#8322=CIRCLE('',#11237,0.000500000000000014);
#8323=CIRCLE('',#11238,0.0005);
#8324=CIRCLE('',#11239,0.0005);
#8325=CIRCLE('',#11240,0.0005);
#8326=CIRCLE('',#11241,0.0005);
#8327=CIRCLE('',#11242,0.0005);
#8328=CIRCLE('',#11243,0.0005);
#8329=CIRCLE('',#11244,0.0005);
#8330=CIRCLE('',#11245,0.0005);
#8331=CIRCLE('',#11246,0.0005);
#8332=CIRCLE('',#11247,0.0005);
#8333=CIRCLE('',#11248,0.0005);
#8334=CIRCLE('',#11249,0.0005);
#8335=CIRCLE('',#11250,0.0005);
#8336=CIRCLE('',#11251,0.0005);
#8337=CIRCLE('',#11252,0.0005);
#8338=CIRCLE('',#11253,0.0005);
#8339=CIRCLE('',#11254,0.00049999999999998);
#8340=CIRCLE('',#11255,0.000500000000000011);
#8341=CIRCLE('',#11256,0.0005);
#8342=CIRCLE('',#11257,0.00049999999999998);
#8343=CIRCLE('',#11258,0.0005);
#8344=CIRCLE('',#11259,0.0005);
#8345=CIRCLE('',#11260,0.0005);
#8346=CIRCLE('',#11261,0.0005);
#8347=CIRCLE('',#11262,0.0005);
#8348=CIRCLE('',#11263,0.0005);
#8349=CIRCLE('',#11264,0.0005);
#8350=CIRCLE('',#11265,0.0005);
#8351=CIRCLE('',#11266,0.0005);
#8352=CIRCLE('',#11267,0.0005);
#8353=CIRCLE('',#11268,0.0005);
#8354=CIRCLE('',#11269,0.0005);
#8355=CIRCLE('',#11272,0.0011);
#8356=CIRCLE('',#11273,0.0011);
#8357=CIRCLE('',#11274,0.0011);
#8358=CIRCLE('',#11275,0.0011);
#8359=CIRCLE('',#11276,0.0011);
#8360=CIRCLE('',#11277,0.0011);
#8361=CIRCLE('',#11278,0.0015);
#8362=CIRCLE('',#11279,0.002);
#8363=CIRCLE('',#11280,0.002);
#8364=CIRCLE('',#11281,0.0015);
#8365=CIRCLE('',#11282,0.001155055726323);
#8366=CIRCLE('',#11283,0.00199999850585);
#8367=CIRCLE('',#11284,0.00199999850585);
#8368=CIRCLE('',#11285,0.00199999850585);
#8369=CIRCLE('',#11286,0.0015);
#8370=CIRCLE('',#11287,0.00199999850585);
#8371=CIRCLE('',#11288,0.0015);
#8372=CIRCLE('',#11289,0.00199999850585);
#8373=CIRCLE('',#11290,0.002000002202773);
#8374=CIRCLE('',#11291,0.0015);
#8375=CIRCLE('',#11292,0.00199999850585);
#8376=CIRCLE('',#11293,0.001355255911432);
#8377=CIRCLE('',#11296,0.0015);
#8378=CIRCLE('',#11297,0.001355255911432);
#8379=CIRCLE('',#11298,0.00199999850585);
#8380=CIRCLE('',#11299,0.0015);
#8381=CIRCLE('',#11300,0.002000002202773);
#8382=CIRCLE('',#11301,0.00199999850585);
#8383=CIRCLE('',#11302,0.0015);
#8384=CIRCLE('',#11303,0.00199999850585);
#8385=CIRCLE('',#11304,0.0015);
#8386=CIRCLE('',#11305,0.00199999850585);
#8387=CIRCLE('',#11306,0.00199999850585);
#8388=CIRCLE('',#11307,0.00199999850585);
#8389=CIRCLE('',#11308,0.001155055726323);
#8390=CIRCLE('',#11309,0.0015);
#8391=CIRCLE('',#11310,0.00335525591143199);
#8392=CIRCLE('',#11311,0.00399999850584988);
#8393=CIRCLE('',#11312,0.00399999850585007);
#8394=CIRCLE('',#11313,0.00399999850584993);
#8395=CIRCLE('',#11314,0.00400000220277283);
#8396=CIRCLE('',#11315,0.00399999850585001);
#8397=CIRCLE('',#11316,0.0033552559114323);
#8398=CIRCLE('',#11317,0.00335525591143177);
#8399=CIRCLE('',#11347,0.00399999850584988);
#8400=CIRCLE('',#11355,0.0033552559114323);
#8401=CIRCLE('',#11358,0.00399999850585001);
#8402=CIRCLE('',#11367,0.002);
#8403=CIRCLE('',#11369,0.002);
#8404=CIRCLE('',#11371,0.002);
#8405=CIRCLE('',#11373,0.002);
#8406=CIRCLE('',#11379,0.0005);
#8407=CIRCLE('',#11382,0.0005);
#8408=CIRCLE('',#11385,0.0005);
#8409=CIRCLE('',#11388,0.0005);
#8410=CIRCLE('',#11390,0.0005);
#8411=CIRCLE('',#11393,0.0005);
#8412=CIRCLE('',#11396,0.0005);
#8413=CIRCLE('',#11399,0.0005);
#8414=CIRCLE('',#11401,0.0005);
#8415=CIRCLE('',#11404,0.0005);
#8416=CIRCLE('',#11407,0.0005);
#8417=CIRCLE('',#11410,0.0005);
#8418=CIRCLE('',#11412,0.00049999999999998);
#8419=CIRCLE('',#11415,0.000500000000000011);
#8420=CIRCLE('',#11418,0.0005);
#8421=CIRCLE('',#11421,0.00049999999999998);
#8422=CIRCLE('',#11423,0.0005);
#8423=CIRCLE('',#11426,0.0005);
#8424=CIRCLE('',#11429,0.0005);
#8425=CIRCLE('',#11432,0.0005);
#8426=CIRCLE('',#11434,0.0005);
#8427=CIRCLE('',#11437,0.0005);
#8428=CIRCLE('',#11440,0.0005);
#8429=CIRCLE('',#11443,0.0005);
#8430=CIRCLE('',#11445,0.0005);
#8431=CIRCLE('',#11448,0.0005);
#8432=CIRCLE('',#11451,0.0005);
#8433=CIRCLE('',#11454,0.0005);
#8434=CIRCLE('',#11456,0.0005);
#8435=CIRCLE('',#11459,0.0005);
#8436=CIRCLE('',#11462,0.0005);
#8437=CIRCLE('',#11465,0.0005);
#8438=CIRCLE('',#11467,0.0005);
#8439=CIRCLE('',#11470,0.0005);
#8440=CIRCLE('',#11473,0.0005);
#8441=CIRCLE('',#11476,0.000500000000000014);
#8442=CIRCLE('',#11478,0.0005);
#8443=CIRCLE('',#11481,0.0005);
#8444=CIRCLE('',#11484,0.0005);
#8445=CIRCLE('',#11487,0.0005);
#8446=CIRCLE('',#11489,0.0005);
#8447=CIRCLE('',#11492,0.0005);
#8448=CIRCLE('',#11495,0.0005);
#8449=CIRCLE('',#11498,0.0005);
#8450=CIRCLE('',#11500,0.0005);
#8451=CIRCLE('',#11503,0.0005);
#8452=CIRCLE('',#11506,0.0005);
#8453=CIRCLE('',#11509,0.0005);
#8454=CIRCLE('',#11511,0.0005);
#8455=CIRCLE('',#11514,0.0005);
#8456=CIRCLE('',#11517,0.0005);
#8457=CIRCLE('',#11520,0.0005);
#8458=CIRCLE('',#11522,0.0005);
#8459=CIRCLE('',#11525,0.0005);
#8460=CIRCLE('',#11528,0.0005);
#8461=CIRCLE('',#11531,0.0005);
#8462=CIRCLE('',#11533,0.0005);
#8463=CIRCLE('',#11536,0.0005);
#8464=CIRCLE('',#11539,0.0005);
#8465=CIRCLE('',#11542,0.0005);
#8466=CIRCLE('',#11544,0.0005);
#8467=CIRCLE('',#11547,0.0005);
#8468=CIRCLE('',#11550,0.0005);
#8469=CIRCLE('',#11553,0.0005);
#8470=CIRCLE('',#11576,0.002);
#8471=CIRCLE('',#11578,0.002);
#8472=CIRCLE('',#11587,0.002);
#8473=CIRCLE('',#11589,0.002);
#8474=CIRCLE('',#11602,0.006);
#8475=CIRCLE('',#11603,0.006);
#8476=CIRCLE('',#11607,0.00535501629530903);
#8477=CIRCLE('',#11608,0.00535501629530903);
#8478=CIRCLE('',#11611,0.00535501983624007);
#8479=CIRCLE('',#11612,0.00535501983624007);
#8480=CIRCLE('',#11615,0.00535501629530902);
#8481=CIRCLE('',#11616,0.00535501629530902);
#8482=CIRCLE('',#11619,0.00599999842259399);
#8483=CIRCLE('',#11620,0.00599999842259399);
#8484=CIRCLE('',#11623,0.00599999850585001);
#8485=CIRCLE('',#11624,0.00599999850585001);
#8486=CIRCLE('',#11628,0.00599999850585002);
#8487=CIRCLE('',#11629,0.00599999850585002);
#8488=CIRCLE('',#11632,0.00602566067735898);
#8489=CIRCLE('',#11633,0.00602566067735898);
#8490=CIRCLE('',#11636,0.0015);
#8491=CIRCLE('',#11637,0.0015);
#8492=CIRCLE('',#11638,0.0015);
#8493=CIRCLE('',#11639,0.0015);
#8494=CIRCLE('',#11640,0.0015);
#8495=CIRCLE('',#11641,0.0015);
#8496=CIRCLE('',#11643,0.0015);
#8497=CIRCLE('',#11644,0.0015);
#8498=CIRCLE('',#11645,0.0015);
#8499=CIRCLE('',#11646,0.0015);
#8500=CIRCLE('',#11647,0.0015);
#8501=CIRCLE('',#11648,0.0015);
#8502=CIRCLE('',#11659,0.00315505273174698);
#8503=CIRCLE('',#11660,0.00315505273174701);
#8504=CIRCLE('',#11664,0.00399999850585001);
#8505=CIRCLE('',#11665,0.00399999850585002);
#8506=CIRCLE('',#11671,0.00399999850585015);
#8507=CIRCLE('',#11672,0.00399999850585001);
#8508=CIRCLE('',#11675,0.002);
#8509=CIRCLE('',#11676,0.002);
#8510=CIRCLE('',#11678,0.002);
#8511=CIRCLE('',#11679,0.002);
#8512=CIRCLE('',#11681,0.00199999999999987);
#8513=CIRCLE('',#11682,0.002);
#8514=CIRCLE('',#11685,0.0011);
#8515=CIRCLE('',#11686,0.0011);
#8516=CIRCLE('',#11687,0.0011);
#8517=CIRCLE('',#11688,0.0011);
#8518=CIRCLE('',#11689,0.0011);
#8519=CIRCLE('',#11690,0.0011);
#8520=CIRCLE('',#11691,0.00399999850585002);
#8521=CIRCLE('',#11692,0.0015);
#8522=CIRCLE('',#11693,0.00399999850585002);
#8523=CIRCLE('',#11694,0.00399999850585001);
#8524=CIRCLE('',#11695,0.0015);
#8525=CIRCLE('',#11696,0.00399999850585001);
#8526=CIRCLE('',#11697,0.003999998422594);
#8527=CIRCLE('',#11698,0.0015);
#8528=CIRCLE('',#11699,0.003999998422594);
#8529=CIRCLE('',#11700,0.00335501629530901);
#8530=CIRCLE('',#11701,0.0015);
#8531=CIRCLE('',#11702,0.00335501983624006);
#8532=CIRCLE('',#11703,0.0015);
#8533=CIRCLE('',#11704,0.00335501629530903);
#8534=CIRCLE('',#11705,0.004);
#8535=CIRCLE('',#11706,0.00402566067735899);
#8536=CIRCLE('',#11707,0.0015);
#8537=CIRCLE('',#11708,0.00402566067735899);
#8538=CIRCLE('',#11709,0.00049999999999999);
#8539=CIRCLE('',#11710,0.0005);
#8540=CIRCLE('',#11711,0.0005);
#8541=CIRCLE('',#11712,0.000499999999999987);
#8542=CIRCLE('',#11713,0.0005);
#8543=CIRCLE('',#11714,0.0005);
#8544=CIRCLE('',#11715,0.0005);
#8545=CIRCLE('',#11716,0.0005);
#8546=CIRCLE('',#11717,0.0005);
#8547=CIRCLE('',#11718,0.0005);
#8548=CIRCLE('',#11719,0.000500000000000014);
#8549=CIRCLE('',#11720,0.000500000000000014);
#8550=CIRCLE('',#11721,0.0005);
#8551=CIRCLE('',#11722,0.000500000000000021);
#8552=CIRCLE('',#11723,0.000500000000000035);
#8553=CIRCLE('',#11724,0.000500000000000014);
#8554=CIRCLE('',#11725,0.00049999999999998);
#8555=CIRCLE('',#11726,0.0005);
#8556=CIRCLE('',#11727,0.000500000000000014);
#8557=CIRCLE('',#11728,0.000499999999999994);
#8558=CIRCLE('',#11729,0.000499999999999987);
#8559=CIRCLE('',#11730,0.0005);
#8560=CIRCLE('',#11731,0.0005);
#8561=CIRCLE('',#11732,0.000499999999999987);
#8562=CIRCLE('',#11733,0.0005);
#8563=CIRCLE('',#11734,0.0005);
#8564=CIRCLE('',#11735,0.0005);
#8565=CIRCLE('',#11736,0.0005);
#8566=CIRCLE('',#11737,0.000499999999999987);
#8567=CIRCLE('',#11738,0.000499999999999987);
#8568=CIRCLE('',#11739,0.0005);
#8569=CIRCLE('',#11740,0.0005);
#8570=CIRCLE('',#11741,0.000499999999999987);
#8571=CIRCLE('',#11742,0.000500000000000007);
#8572=CIRCLE('',#11743,0.000500000000000021);
#8573=CIRCLE('',#11744,0.0005);
#8574=CIRCLE('',#11745,0.000499999999999966);
#8575=CIRCLE('',#11746,0.000499999999999987);
#8576=CIRCLE('',#11747,0.0005);
#8577=CIRCLE('',#11748,0.00049999999999998);
#8578=CIRCLE('',#11749,0.000499999999999973);
#8579=CIRCLE('',#11750,0.000499999999999987);
#8580=CIRCLE('',#11751,0.0005);
#8581=CIRCLE('',#11752,0.000499999999999987);
#8582=CIRCLE('',#11753,0.000499999999999987);
#8583=CIRCLE('',#11754,0.000499999999999987);
#8584=CIRCLE('',#11755,0.0005);
#8585=CIRCLE('',#11756,0.0005);
#8586=CIRCLE('',#11757,0.0005);
#8587=CIRCLE('',#11758,0.0005);
#8588=CIRCLE('',#11759,0.0005);
#8589=CIRCLE('',#11760,0.0005);
#8590=CIRCLE('',#11761,0.0005);
#8591=CIRCLE('',#11762,0.000500000000000021);
#8592=CIRCLE('',#11763,0.000500000000000021);
#8593=CIRCLE('',#11764,0.0005);
#8594=CIRCLE('',#11765,0.00049999999999998);
#8595=CIRCLE('',#11766,0.000516083332522408);
#8596=CIRCLE('',#11767,0.000500000000000032);
#8597=CIRCLE('',#11768,0.00049999999999998);
#8598=CIRCLE('',#11769,0.0005);
#8599=CIRCLE('',#11770,0.000500000000000028);
#8600=CIRCLE('',#11771,0.000500000000000028);
#8601=CIRCLE('',#11772,0.0005);
#8602=CIRCLE('',#11781,0.0011);
#8603=CIRCLE('',#11783,0.0011);
#8604=CIRCLE('',#11785,0.0011);
#8605=CIRCLE('',#11787,0.0011);
#8606=CIRCLE('',#11789,0.0011);
#8607=CIRCLE('',#11791,0.0011);
#8608=CIRCLE('',#11793,0.00135501983624);
#8609=CIRCLE('',#11794,0.0015);
#8610=CIRCLE('',#11795,0.001355016295309);
#8611=CIRCLE('',#11796,0.001999998422594);
#8612=CIRCLE('',#11797,0.00199999850585);
#8613=CIRCLE('',#11798,0.00199999850585);
#8614=CIRCLE('',#11799,0.00199999850585);
#8615=CIRCLE('',#11800,0.002025660677359);
#8616=CIRCLE('',#11801,0.00199999850585);
#8617=CIRCLE('',#11802,0.002);
#8618=CIRCLE('',#11803,0.001155052731747);
#8619=CIRCLE('',#11804,0.001355016295309);
#8620=CIRCLE('',#11805,0.0015);
#8621=CIRCLE('',#11806,0.002);
#8622=CIRCLE('',#11807,0.002);
#8623=CIRCLE('',#11808,0.002);
#8624=CIRCLE('',#11809,0.002);
#8625=CIRCLE('',#11810,0.002);
#8626=CIRCLE('',#11811,0.002);
#8627=CIRCLE('',#11812,0.002);
#8628=CIRCLE('',#11813,0.002);
#8629=CIRCLE('',#11814,0.002);
#8630=CIRCLE('',#11815,0.002);
#8631=CIRCLE('',#11816,0.002);
#8632=CIRCLE('',#11817,0.002);
#8633=CIRCLE('',#11818,0.002);
#8634=CIRCLE('',#11821,0.006);
#8635=CIRCLE('',#11822,0.006);
#8636=CIRCLE('',#11826,0.00535501629530903);
#8637=CIRCLE('',#11827,0.00535501629530903);
#8638=CIRCLE('',#11830,0.00535501983624007);
#8639=CIRCLE('',#11831,0.00535501983624007);
#8640=CIRCLE('',#11834,0.00535501629530902);
#8641=CIRCLE('',#11835,0.00535501629530902);
#8642=CIRCLE('',#11838,0.00599999842259399);
#8643=CIRCLE('',#11839,0.00599999842259399);
#8644=CIRCLE('',#11842,0.00599999850585001);
#8645=CIRCLE('',#11843,0.00599999850585001);
#8646=CIRCLE('',#11847,0.00599999850585002);
#8647=CIRCLE('',#11848,0.00599999850585002);
#8648=CIRCLE('',#11851,0.00602566067735898);
#8649=CIRCLE('',#11852,0.00602566067735898);
#8650=CIRCLE('',#11855,0.00199999850585);
#8651=CIRCLE('',#11858,0.002025660677359);
#8652=CIRCLE('',#11861,0.00199999850585);
#8653=CIRCLE('',#11864,0.00199999850585);
#8654=CIRCLE('',#11867,0.00199999850585);
#8655=CIRCLE('',#11870,0.001999998422594);
#8656=CIRCLE('',#11873,0.001355016295309);
#8657=CIRCLE('',#11876,0.00135501983624);
#8658=CIRCLE('',#11879,0.001355016295309);
#8659=CIRCLE('',#11882,0.001155052731747);
#8660=CIRCLE('',#11885,0.002);
#8661=CIRCLE('',#11888,0.0015);
#8662=CIRCLE('',#11889,0.0015);
#8663=CIRCLE('',#11890,0.0015);
#8664=CIRCLE('',#11891,0.0015);
#8665=CIRCLE('',#11892,0.0015);
#8666=CIRCLE('',#11893,0.0015);
#8667=CIRCLE('',#11901,0.00200000000000004);
#8668=CIRCLE('',#11903,0.0020000000000001);
#8669=CIRCLE('',#11905,0.002);
#8670=CIRCLE('',#11907,0.002);
#8671=CIRCLE('',#11909,0.002);
#8672=CIRCLE('',#11911,0.002);
#8673=CIRCLE('',#11913,0.00200000000000003);
#8674=CIRCLE('',#11915,0.00199999999999994);
#8675=CIRCLE('',#11917,0.002);
#8676=CIRCLE('',#11919,0.00199999999999992);
#8677=CIRCLE('',#11921,0.00199999999999997);
#8678=CIRCLE('',#11923,0.002);
#8679=CIRCLE('',#11925,0.00200000000000761);
#8680=CIRCLE('',#11927,0.002);
#8681=CIRCLE('',#11929,0.002);
#8682=CIRCLE('',#11935,0.0005);
#8683=CIRCLE('',#11938,0.000500000000000028);
#8684=CIRCLE('',#11941,0.000500000000000028);
#8685=CIRCLE('',#11944,0.0005);
#8686=CIRCLE('',#11946,0.00049999999999998);
#8687=CIRCLE('',#11949,0.000516083332522408);
#8688=CIRCLE('',#11952,0.000500000000000032);
#8689=CIRCLE('',#11955,0.00049999999999998);
#8690=CIRCLE('',#11957,0.0005);
#8691=CIRCLE('',#11960,0.000500000000000021);
#8692=CIRCLE('',#11963,0.000500000000000021);
#8693=CIRCLE('',#11966,0.0005);
#8694=CIRCLE('',#11968,0.0005);
#8695=CIRCLE('',#11971,0.0005);
#8696=CIRCLE('',#11974,0.0005);
#8697=CIRCLE('',#11977,0.0005);
#8698=CIRCLE('',#11979,0.000499999999999987);
#8699=CIRCLE('',#11982,0.000499999999999987);
#8700=CIRCLE('',#11985,0.0005);
#8701=CIRCLE('',#11988,0.0005);
#8702=CIRCLE('',#11990,0.000499999999999973);
#8703=CIRCLE('',#11993,0.000499999999999987);
#8704=CIRCLE('',#11996,0.0005);
#8705=CIRCLE('',#11999,0.000499999999999987);
#8706=CIRCLE('',#12001,0.000499999999999966);
#8707=CIRCLE('',#12004,0.000499999999999987);
#8708=CIRCLE('',#12007,0.0005);
#8709=CIRCLE('',#12010,0.00049999999999998);
#8710=CIRCLE('',#12012,0.000499999999999987);
#8711=CIRCLE('',#12015,0.000500000000000007);
#8712=CIRCLE('',#12018,0.000500000000000021);
#8713=CIRCLE('',#12021,0.0005);
#8714=CIRCLE('',#12023,0.000499999999999987);
#8715=CIRCLE('',#12026,0.000499999999999987);
#8716=CIRCLE('',#12029,0.0005);
#8717=CIRCLE('',#12032,0.0005);
#8718=CIRCLE('',#12034,0.0005);
#8719=CIRCLE('',#12037,0.0005);
#8720=CIRCLE('',#12040,0.0005);
#8721=CIRCLE('',#12043,0.0005);
#8722=CIRCLE('',#12045,0.000499999999999987);
#8723=CIRCLE('',#12048,0.0005);
#8724=CIRCLE('',#12051,0.0005);
#8725=CIRCLE('',#12054,0.000499999999999987);
#8726=CIRCLE('',#12056,0.00049999999999998);
#8727=CIRCLE('',#12059,0.0005);
#8728=CIRCLE('',#12062,0.000500000000000014);
#8729=CIRCLE('',#12065,0.000499999999999994);
#8730=CIRCLE('',#12067,0.0005);
#8731=CIRCLE('',#12070,0.000500000000000021);
#8732=CIRCLE('',#12073,0.000500000000000035);
#8733=CIRCLE('',#12076,0.000500000000000014);
#8734=CIRCLE('',#12078,0.0005);
#8735=CIRCLE('',#12081,0.0005);
#8736=CIRCLE('',#12084,0.000500000000000014);
#8737=CIRCLE('',#12087,0.000500000000000014);
#8738=CIRCLE('',#12089,0.0005);
#8739=CIRCLE('',#12092,0.0005);
#8740=CIRCLE('',#12095,0.0005);
#8741=CIRCLE('',#12098,0.0005);
#8742=CIRCLE('',#12100,0.00049999999999999);
#8743=CIRCLE('',#12103,0.0005);
#8744=CIRCLE('',#12106,0.0005);
#8745=CIRCLE('',#12109,0.000499999999999987);
#8746=CIRCLE('',#12136,0.002);
#8747=CIRCLE('',#12139,0.002);
#8748=CIRCLE('',#12141,0.002);
#8749=CIRCLE('',#12145,0.002);
#8750=CIRCLE('',#12148,0.002);
#8751=CIRCLE('',#12150,0.002);
#8752=CIRCLE('',#12152,0.002);
#8753=CIRCLE('',#12154,0.002);
#8754=CIRCLE('',#12158,0.002);
#8755=CIRCLE('',#12164,0.00399999850584988);
#8756=CIRCLE('',#12165,0.00399999850584988);
#8757=CIRCLE('',#12169,0.00335525591143199);
#8758=CIRCLE('',#12170,0.00335525591143199);
#8759=CIRCLE('',#12173,0.00335525591143177);
#8760=CIRCLE('',#12174,0.00335525591143177);
#8761=CIRCLE('',#12177,0.0033552559114323);
#8762=CIRCLE('',#12178,0.0033552559114323);
#8763=CIRCLE('',#12181,0.00399999850585001);
#8764=CIRCLE('',#12182,0.00399999850585001);
#8765=CIRCLE('',#12185,0.00400000220277283);
#8766=CIRCLE('',#12186,0.00400000220277283);
#8767=CIRCLE('',#12190,0.00399999850584993);
#8768=CIRCLE('',#12191,0.00399999850584993);
#8769=CIRCLE('',#12194,0.00399999850585007);
#8770=CIRCLE('',#12195,0.00399999850585007);
#8771=CIRCLE('',#12197,0.0015);
#8772=CIRCLE('',#12198,0.0015);
#8773=CIRCLE('',#12199,0.0015);
#8774=CIRCLE('',#12200,0.0015);
#8775=CIRCLE('',#12201,0.0015);
#8776=CIRCLE('',#12203,0.0015);
#8777=CIRCLE('',#12204,0.0015);
#8778=CIRCLE('',#12205,0.0015);
#8779=CIRCLE('',#12206,0.0015);
#8780=CIRCLE('',#12207,0.0015);
#8781=EDGE_LOOP('',(#2330,#2331,#2332,#2333));
#8782=EDGE_LOOP('',(#2334,#2335,#2336,#2337));
#8783=EDGE_LOOP('',(#2338,#2339,#2340,#2341));
#8784=EDGE_LOOP('',(#2342,#2343,#2344,#2345));
#8785=EDGE_LOOP('',(#2346,#2347,#2348,#2349,#2350,#2351));
#8786=EDGE_LOOP('',(#2352,#2353,#2354,#2355,#2356,#2357));
#8787=EDGE_LOOP('',(#2358,#2359,#2360,#2361,#2362,#2363));
#8788=EDGE_LOOP('',(#2364,#2365,#2366,#2367));
#8789=EDGE_LOOP('',(#2368,#2369,#2370,#2371));
#8790=EDGE_LOOP('',(#2372,#2373,#2374,#2375));
#8791=EDGE_LOOP('',(#2376,#2377,#2378,#2379));
#8792=EDGE_LOOP('',(#2380,#2381,#2382,#2383));
#8793=EDGE_LOOP('',(#2384,#2385,#2386,#2387));
#8794=EDGE_LOOP('',(#2388,#2389,#2390,#2391));
#8795=EDGE_LOOP('',(#2392,#2393,#2394,#2395));
#8796=EDGE_LOOP('',(#2396,#2397,#2398,#2399));
#8797=EDGE_LOOP('',(#2400,#2401,#2402,#2403));
#8798=EDGE_LOOP('',(#2404,#2405,#2406,#2407));
#8799=EDGE_LOOP('',(#2408,#2409,#2410,#2411));
#8800=EDGE_LOOP('',(#2412,#2413,#2414,#2415));
#8801=EDGE_LOOP('',(#2416,#2417,#2418,#2419));
#8802=EDGE_LOOP('',(#2420,#2421,#2422,#2423));
#8803=EDGE_LOOP('',(#2424,#2425,#2426,#2427));
#8804=EDGE_LOOP('',(#2428,#2429,#2430,#2431));
#8805=EDGE_LOOP('',(#2432,#2433,#2434,#2435));
#8806=EDGE_LOOP('',(#2436,#2437,#2438,#2439));
#8807=EDGE_LOOP('',(#2440,#2441,#2442,#2443));
#8808=EDGE_LOOP('',(#2444,#2445,#2446,#2447));
#8809=EDGE_LOOP('',(#2448,#2449,#2450,#2451));
#8810=EDGE_LOOP('',(#2452,#2453,#2454,#2455));
#8811=EDGE_LOOP('',(#2456,#2457,#2458,#2459));
#8812=EDGE_LOOP('',(#2460,#2461,#2462,#2463));
#8813=EDGE_LOOP('',(#2464,#2465,#2466,#2467));
#8814=EDGE_LOOP('',(#2468,#2469,#2470,#2471));
#8815=EDGE_LOOP('',(#2472,#2473,#2474,#2475));
#8816=EDGE_LOOP('',(#2476,#2477,#2478,#2479));
#8817=EDGE_LOOP('',(#2480,#2481,#2482,#2483));
#8818=EDGE_LOOP('',(#2484,#2485,#2486,#2487));
#8819=EDGE_LOOP('',(#2488,#2489,#2490,#2491));
#8820=EDGE_LOOP('',(#2492,#2493,#2494,#2495));
#8821=EDGE_LOOP('',(#2496,#2497,#2498,#2499));
#8822=EDGE_LOOP('',(#2500,#2501,#2502,#2503));
#8823=EDGE_LOOP('',(#2504,#2505,#2506,#2507));
#8824=EDGE_LOOP('',(#2508,#2509,#2510,#2511));
#8825=EDGE_LOOP('',(#2512,#2513,#2514,#2515));
#8826=EDGE_LOOP('',(#2516,#2517,#2518,#2519));
#8827=EDGE_LOOP('',(#2520,#2521,#2522,#2523));
#8828=EDGE_LOOP('',(#2524,#2525,#2526,#2527,#2528,#2529,#2530,#2531,#2532,
#2533,#2534,#2535,#2536,#2537,#2538,#2539,#2540,#2541,#2542,#2543,#2544,
#2545,#2546,#2547,#2548,#2549,#2550,#2551,#2552));
#8829=EDGE_LOOP('',(#2553));
#8830=EDGE_LOOP('',(#2554));
#8831=EDGE_LOOP('',(#2555));
#8832=EDGE_LOOP('',(#2556));
#8833=EDGE_LOOP('',(#2557));
#8834=EDGE_LOOP('',(#2558));
#8835=EDGE_LOOP('',(#2559,#2560,#2561,#2562,#2563,#2564,#2565,#2566));
#8836=EDGE_LOOP('',(#2567,#2568,#2569,#2570,#2571,#2572,#2573,#2574));
#8837=EDGE_LOOP('',(#2575,#2576,#2577,#2578,#2579,#2580,#2581,#2582));
#8838=EDGE_LOOP('',(#2583,#2584,#2585,#2586,#2587,#2588,#2589,#2590));
#8839=EDGE_LOOP('',(#2591,#2592,#2593,#2594,#2595,#2596,#2597,#2598));
#8840=EDGE_LOOP('',(#2599,#2600,#2601,#2602,#2603,#2604,#2605,#2606));
#8841=EDGE_LOOP('',(#2607,#2608,#2609,#2610,#2611,#2612,#2613,#2614));
#8842=EDGE_LOOP('',(#2615,#2616,#2617,#2618,#2619,#2620,#2621,#2622));
#8843=EDGE_LOOP('',(#2623,#2624,#2625,#2626,#2627,#2628,#2629,#2630));
#8844=EDGE_LOOP('',(#2631,#2632,#2633,#2634,#2635,#2636,#2637,#2638));
#8845=EDGE_LOOP('',(#2639,#2640,#2641,#2642,#2643,#2644,#2645,#2646));
#8846=EDGE_LOOP('',(#2647,#2648,#2649,#2650,#2651,#2652,#2653,#2654));
#8847=EDGE_LOOP('',(#2655,#2656,#2657,#2658,#2659,#2660,#2661,#2662));
#8848=EDGE_LOOP('',(#2663,#2664,#2665,#2666,#2667,#2668,#2669,#2670));
#8849=EDGE_LOOP('',(#2671,#2672,#2673,#2674,#2675,#2676,#2677,#2678));
#8850=EDGE_LOOP('',(#2679,#2680,#2681,#2682,#2683,#2684,#2685,#2686));
#8851=EDGE_LOOP('',(#2687,#2688,#2689,#2690));
#8852=EDGE_LOOP('',(#2691,#2692,#2693,#2694));
#8853=EDGE_LOOP('',(#2695));
#8854=EDGE_LOOP('',(#2696));
#8855=EDGE_LOOP('',(#2697));
#8856=EDGE_LOOP('',(#2698));
#8857=EDGE_LOOP('',(#2699));
#8858=EDGE_LOOP('',(#2700));
#8859=EDGE_LOOP('',(#2701,#2702,#2703,#2704,#2705,#2706,#2707,#2708,#2709,
#2710,#2711,#2712,#2713,#2714,#2715,#2716,#2717,#2718,#2719,#2720,#2721,
#2722,#2723,#2724,#2725,#2726,#2727,#2728,#2729,#2730,#2731,#2732,#2733,
#2734,#2735,#2736,#2737,#2738,#2739,#2740,#2741,#2742,#2743,#2744,#2745,
#2746,#2747,#2748,#2749,#2750,#2751,#2752,#2753,#2754,#2755,#2756,#2757,
#2758,#2759,#2760,#2761,#2762,#2763,#2764,#2765,#2766,#2767,#2768,#2769,
#2770,#2771,#2772));
#8860=EDGE_LOOP('',(#2773,#2774,#2775,#2776));
#8861=EDGE_LOOP('',(#2777,#2778,#2779,#2780,#2781,#2782,#2783,#2784,#2785,
#2786,#2787,#2788,#2789,#2790,#2791,#2792,#2793,#2794,#2795,#2796,#2797,
#2798,#2799,#2800,#2801,#2802,#2803,#2804,#2805,#2806,#2807,#2808,#2809,
#2810,#2811,#2812,#2813,#2814,#2815,#2816,#2817,#2818,#2819,#2820,#2821,
#2822,#2823,#2824,#2825,#2826,#2827));
#8862=EDGE_LOOP('',(#2828));
#8863=EDGE_LOOP('',(#2829));
#8864=EDGE_LOOP('',(#2830));
#8865=EDGE_LOOP('',(#2831));
#8866=EDGE_LOOP('',(#2832));
#8867=EDGE_LOOP('',(#2833));
#8868=EDGE_LOOP('',(#2834));
#8869=EDGE_LOOP('',(#2835));
#8870=EDGE_LOOP('',(#2836));
#8871=EDGE_LOOP('',(#2837));
#8872=EDGE_LOOP('',(#2838));
#8873=EDGE_LOOP('',(#2839));
#8874=EDGE_LOOP('',(#2840,#2841,#2842,#2843));
#8875=EDGE_LOOP('',(#2844,#2845,#2846,#2847));
#8876=EDGE_LOOP('',(#2848,#2849,#2850,#2851));
#8877=EDGE_LOOP('',(#2852,#2853,#2854,#2855));
#8878=EDGE_LOOP('',(#2856,#2857,#2858,#2859));
#8879=EDGE_LOOP('',(#2860,#2861,#2862,#2863));
#8880=EDGE_LOOP('',(#2864,#2865,#2866,#2867));
#8881=EDGE_LOOP('',(#2868,#2869,#2870,#2871));
#8882=EDGE_LOOP('',(#2872,#2873,#2874,#2875));
#8883=EDGE_LOOP('',(#2876,#2877,#2878,#2879));
#8884=EDGE_LOOP('',(#2880,#2881,#2882,#2883));
#8885=EDGE_LOOP('',(#2884,#2885,#2886,#2887));
#8886=EDGE_LOOP('',(#2888,#2889,#2890,#2891));
#8887=EDGE_LOOP('',(#2892,#2893,#2894,#2895));
#8888=EDGE_LOOP('',(#2896,#2897,#2898,#2899));
#8889=EDGE_LOOP('',(#2900,#2901,#2902,#2903));
#8890=EDGE_LOOP('',(#2904,#2905,#2906,#2907));
#8891=EDGE_LOOP('',(#2908,#2909,#2910,#2911));
#8892=EDGE_LOOP('',(#2912,#2913,#2914,#2915));
#8893=EDGE_LOOP('',(#2916,#2917,#2918,#2919));
#8894=EDGE_LOOP('',(#2920,#2921,#2922,#2923));
#8895=EDGE_LOOP('',(#2924,#2925,#2926,#2927));
#8896=EDGE_LOOP('',(#2928,#2929,#2930,#2931));
#8897=EDGE_LOOP('',(#2932,#2933,#2934,#2935));
#8898=EDGE_LOOP('',(#2936,#2937,#2938,#2939));
#8899=EDGE_LOOP('',(#2940,#2941,#2942,#2943));
#8900=EDGE_LOOP('',(#2944,#2945,#2946,#2947));
#8901=EDGE_LOOP('',(#2948,#2949,#2950,#2951));
#8902=EDGE_LOOP('',(#2952,#2953,#2954,#2955));
#8903=EDGE_LOOP('',(#2956,#2957,#2958,#2959));
#8904=EDGE_LOOP('',(#2960,#2961,#2962,#2963));
#8905=EDGE_LOOP('',(#2964,#2965,#2966,#2967));
#8906=EDGE_LOOP('',(#2968,#2969,#2970,#2971));
#8907=EDGE_LOOP('',(#2972,#2973,#2974,#2975));
#8908=EDGE_LOOP('',(#2976,#2977,#2978,#2979));
#8909=EDGE_LOOP('',(#2980,#2981,#2982,#2983));
#8910=EDGE_LOOP('',(#2984,#2985,#2986,#2987));
#8911=EDGE_LOOP('',(#2988,#2989,#2990,#2991));
#8912=EDGE_LOOP('',(#2992,#2993,#2994,#2995));
#8913=EDGE_LOOP('',(#2996,#2997,#2998,#2999));
#8914=EDGE_LOOP('',(#3000,#3001,#3002,#3003));
#8915=EDGE_LOOP('',(#3004,#3005,#3006,#3007,#3008,#3009,#3010,#3011));
#8916=EDGE_LOOP('',(#3012,#3013,#3014,#3015,#3016,#3017,#3018,#3019));
#8917=EDGE_LOOP('',(#3020,#3021,#3022,#3023));
#8918=EDGE_LOOP('',(#3024,#3025,#3026,#3027));
#8919=EDGE_LOOP('',(#3028,#3029,#3030,#3031));
#8920=EDGE_LOOP('',(#3032,#3033,#3034,#3035));
#8921=EDGE_LOOP('',(#3036,#3037,#3038,#3039));
#8922=EDGE_LOOP('',(#3040,#3041,#3042,#3043));
#8923=EDGE_LOOP('',(#3044,#3045,#3046,#3047));
#8924=EDGE_LOOP('',(#3048,#3049,#3050,#3051));
#8925=EDGE_LOOP('',(#3052,#3053,#3054,#3055));
#8926=EDGE_LOOP('',(#3056,#3057,#3058,#3059));
#8927=EDGE_LOOP('',(#3060,#3061,#3062,#3063));
#8928=EDGE_LOOP('',(#3064,#3065,#3066,#3067));
#8929=EDGE_LOOP('',(#3068,#3069,#3070,#3071));
#8930=EDGE_LOOP('',(#3072,#3073,#3074,#3075));
#8931=EDGE_LOOP('',(#3076,#3077,#3078,#3079));
#8932=EDGE_LOOP('',(#3080,#3081,#3082,#3083));
#8933=EDGE_LOOP('',(#3084,#3085,#3086,#3087));
#8934=EDGE_LOOP('',(#3088,#3089,#3090,#3091));
#8935=EDGE_LOOP('',(#3092,#3093,#3094,#3095));
#8936=EDGE_LOOP('',(#3096,#3097,#3098,#3099));
#8937=EDGE_LOOP('',(#3100,#3101,#3102,#3103));
#8938=EDGE_LOOP('',(#3104,#3105,#3106,#3107));
#8939=EDGE_LOOP('',(#3108,#3109,#3110,#3111));
#8940=EDGE_LOOP('',(#3112,#3113,#3114,#3115));
#8941=EDGE_LOOP('',(#3116,#3117,#3118,#3119));
#8942=EDGE_LOOP('',(#3120,#3121,#3122,#3123));
#8943=EDGE_LOOP('',(#3124,#3125,#3126,#3127));
#8944=EDGE_LOOP('',(#3128,#3129,#3130,#3131));
#8945=EDGE_LOOP('',(#3132,#3133,#3134,#3135));
#8946=EDGE_LOOP('',(#3136,#3137,#3138,#3139));
#8947=EDGE_LOOP('',(#3140,#3141,#3142,#3143));
#8948=EDGE_LOOP('',(#3144,#3145,#3146,#3147));
#8949=EDGE_LOOP('',(#3148,#3149,#3150,#3151));
#8950=EDGE_LOOP('',(#3152,#3153,#3154,#3155));
#8951=EDGE_LOOP('',(#3156,#3157,#3158,#3159));
#8952=EDGE_LOOP('',(#3160,#3161,#3162,#3163));
#8953=EDGE_LOOP('',(#3164,#3165,#3166,#3167));
#8954=EDGE_LOOP('',(#3168,#3169,#3170,#3171));
#8955=EDGE_LOOP('',(#3172,#3173,#3174,#3175));
#8956=EDGE_LOOP('',(#3176,#3177,#3178,#3179));
#8957=EDGE_LOOP('',(#3180,#3181,#3182,#3183));
#8958=EDGE_LOOP('',(#3184,#3185,#3186,#3187));
#8959=EDGE_LOOP('',(#3188,#3189,#3190,#3191));
#8960=EDGE_LOOP('',(#3192,#3193,#3194,#3195));
#8961=EDGE_LOOP('',(#3196,#3197,#3198,#3199));
#8962=EDGE_LOOP('',(#3200,#3201,#3202,#3203));
#8963=EDGE_LOOP('',(#3204,#3205,#3206,#3207));
#8964=EDGE_LOOP('',(#3208,#3209,#3210,#3211));
#8965=EDGE_LOOP('',(#3212,#3213,#3214,#3215));
#8966=EDGE_LOOP('',(#3216,#3217,#3218,#3219));
#8967=EDGE_LOOP('',(#3220,#3221,#3222,#3223));
#8968=EDGE_LOOP('',(#3224,#3225,#3226,#3227));
#8969=EDGE_LOOP('',(#3228,#3229,#3230,#3231));
#8970=EDGE_LOOP('',(#3232,#3233,#3234,#3235));
#8971=EDGE_LOOP('',(#3236,#3237,#3238,#3239));
#8972=EDGE_LOOP('',(#3240,#3241,#3242,#3243));
#8973=EDGE_LOOP('',(#3244,#3245,#3246,#3247));
#8974=EDGE_LOOP('',(#3248,#3249,#3250,#3251));
#8975=EDGE_LOOP('',(#3252,#3253,#3254,#3255));
#8976=EDGE_LOOP('',(#3256,#3257,#3258,#3259));
#8977=EDGE_LOOP('',(#3260,#3261,#3262,#3263));
#8978=EDGE_LOOP('',(#3264,#3265,#3266,#3267));
#8979=EDGE_LOOP('',(#3268,#3269,#3270,#3271));
#8980=EDGE_LOOP('',(#3272,#3273,#3274,#3275));
#8981=EDGE_LOOP('',(#3276,#3277,#3278,#3279));
#8982=EDGE_LOOP('',(#3280,#3281,#3282,#3283));
#8983=EDGE_LOOP('',(#3284,#3285,#3286,#3287));
#8984=EDGE_LOOP('',(#3288,#3289,#3290,#3291));
#8985=EDGE_LOOP('',(#3292,#3293,#3294,#3295));
#8986=EDGE_LOOP('',(#3296,#3297,#3298,#3299));
#8987=EDGE_LOOP('',(#3300,#3301,#3302,#3303));
#8988=EDGE_LOOP('',(#3304,#3305,#3306,#3307));
#8989=EDGE_LOOP('',(#3308,#3309,#3310,#3311));
#8990=EDGE_LOOP('',(#3312,#3313,#3314,#3315));
#8991=EDGE_LOOP('',(#3316,#3317,#3318,#3319));
#8992=EDGE_LOOP('',(#3320,#3321,#3322,#3323));
#8993=EDGE_LOOP('',(#3324,#3325,#3326,#3327));
#8994=EDGE_LOOP('',(#3328,#3329,#3330,#3331));
#8995=EDGE_LOOP('',(#3332,#3333,#3334,#3335));
#8996=EDGE_LOOP('',(#3336,#3337,#3338,#3339));
#8997=EDGE_LOOP('',(#3340,#3341,#3342,#3343));
#8998=EDGE_LOOP('',(#3344,#3345,#3346,#3347));
#8999=EDGE_LOOP('',(#3348,#3349,#3350,#3351));
#9000=EDGE_LOOP('',(#3352,#3353,#3354,#3355));
#9001=EDGE_LOOP('',(#3356,#3357,#3358,#3359));
#9002=EDGE_LOOP('',(#3360,#3361,#3362,#3363));
#9003=EDGE_LOOP('',(#3364,#3365,#3366,#3367));
#9004=EDGE_LOOP('',(#3368,#3369,#3370,#3371));
#9005=EDGE_LOOP('',(#3372,#3373,#3374,#3375));
#9006=EDGE_LOOP('',(#3376,#3377,#3378,#3379));
#9007=EDGE_LOOP('',(#3380,#3381,#3382,#3383));
#9008=EDGE_LOOP('',(#3384,#3385,#3386,#3387));
#9009=EDGE_LOOP('',(#3388,#3389,#3390,#3391));
#9010=EDGE_LOOP('',(#3392,#3393,#3394,#3395));
#9011=EDGE_LOOP('',(#3396,#3397,#3398,#3399));
#9012=EDGE_LOOP('',(#3400,#3401,#3402,#3403));
#9013=EDGE_LOOP('',(#3404,#3405,#3406,#3407));
#9014=EDGE_LOOP('',(#3408,#3409,#3410,#3411));
#9015=EDGE_LOOP('',(#3412,#3413,#3414,#3415));
#9016=EDGE_LOOP('',(#3416,#3417,#3418,#3419));
#9017=EDGE_LOOP('',(#3420,#3421,#3422,#3423));
#9018=EDGE_LOOP('',(#3424,#3425,#3426,#3427));
#9019=EDGE_LOOP('',(#3428,#3429,#3430,#3431));
#9020=EDGE_LOOP('',(#3432,#3433,#3434,#3435));
#9021=EDGE_LOOP('',(#3436,#3437,#3438,#3439));
#9022=EDGE_LOOP('',(#3440,#3441,#3442,#3443));
#9023=EDGE_LOOP('',(#3444,#3445,#3446,#3447));
#9024=EDGE_LOOP('',(#3448,#3449,#3450,#3451));
#9025=EDGE_LOOP('',(#3452,#3453,#3454,#3455));
#9026=EDGE_LOOP('',(#3456,#3457,#3458,#3459));
#9027=EDGE_LOOP('',(#3460,#3461,#3462,#3463));
#9028=EDGE_LOOP('',(#3464,#3465,#3466,#3467));
#9029=EDGE_LOOP('',(#3468,#3469,#3470,#3471));
#9030=EDGE_LOOP('',(#3472,#3473,#3474,#3475));
#9031=EDGE_LOOP('',(#3476,#3477,#3478,#3479));
#9032=EDGE_LOOP('',(#3480,#3481,#3482,#3483));
#9033=EDGE_LOOP('',(#3484,#3485,#3486,#3487));
#9034=EDGE_LOOP('',(#3488,#3489,#3490,#3491));
#9035=EDGE_LOOP('',(#3492,#3493,#3494,#3495));
#9036=EDGE_LOOP('',(#3496,#3497,#3498,#3499));
#9037=EDGE_LOOP('',(#3500,#3501,#3502,#3503));
#9038=EDGE_LOOP('',(#3504,#3505,#3506,#3507));
#9039=EDGE_LOOP('',(#3508,#3509,#3510,#3511));
#9040=EDGE_LOOP('',(#3512,#3513,#3514,#3515));
#9041=EDGE_LOOP('',(#3516,#3517,#3518,#3519));
#9042=EDGE_LOOP('',(#3520,#3521,#3522,#3523));
#9043=EDGE_LOOP('',(#3524,#3525,#3526,#3527));
#9044=EDGE_LOOP('',(#3528,#3529,#3530,#3531));
#9045=EDGE_LOOP('',(#3532,#3533,#3534,#3535));
#9046=EDGE_LOOP('',(#3536,#3537,#3538,#3539));
#9047=EDGE_LOOP('',(#3540,#3541,#3542,#3543));
#9048=EDGE_LOOP('',(#3544,#3545,#3546,#3547));
#9049=EDGE_LOOP('',(#3548,#3549,#3550,#3551));
#9050=EDGE_LOOP('',(#3552,#3553,#3554,#3555,#3556,#3557,#3558,#3559,#3560,
#3561,#3562,#3563,#3564,#3565,#3566,#3567,#3568,#3569,#3570,#3571,#3572,
#3573,#3574,#3575,#3576,#3577,#3578,#3579,#3580,#3581,#3582,#3583,#3584,
#3585,#3586,#3587,#3588,#3589,#3590,#3591,#3592,#3593));
#9051=EDGE_LOOP('',(#3594,#3595,#3596,#3597,#3598,#3599,#3600,#3601));
#9052=EDGE_LOOP('',(#3602,#3603,#3604,#3605,#3606,#3607,#3608,#3609));
#9053=EDGE_LOOP('',(#3610,#3611,#3612,#3613,#3614,#3615,#3616,#3617));
#9054=EDGE_LOOP('',(#3618,#3619,#3620,#3621,#3622,#3623,#3624,#3625));
#9055=EDGE_LOOP('',(#3626,#3627,#3628,#3629,#3630,#3631,#3632,#3633));
#9056=EDGE_LOOP('',(#3634,#3635,#3636,#3637,#3638,#3639,#3640,#3641));
#9057=EDGE_LOOP('',(#3642,#3643,#3644,#3645,#3646,#3647,#3648,#3649));
#9058=EDGE_LOOP('',(#3650,#3651,#3652,#3653,#3654,#3655,#3656,#3657));
#9059=EDGE_LOOP('',(#3658,#3659,#3660,#3661,#3662,#3663,#3664,#3665));
#9060=EDGE_LOOP('',(#3666,#3667,#3668,#3669,#3670,#3671,#3672,#3673));
#9061=EDGE_LOOP('',(#3674,#3675,#3676,#3677,#3678,#3679,#3680,#3681));
#9062=EDGE_LOOP('',(#3682,#3683,#3684,#3685,#3686,#3687,#3688,#3689));
#9063=EDGE_LOOP('',(#3690,#3691,#3692,#3693,#3694,#3695,#3696,#3697));
#9064=EDGE_LOOP('',(#3698,#3699,#3700,#3701,#3702,#3703,#3704,#3705));
#9065=EDGE_LOOP('',(#3706,#3707,#3708,#3709,#3710,#3711,#3712,#3713));
#9066=EDGE_LOOP('',(#3714,#3715,#3716,#3717,#3718,#3719,#3720,#3721));
#9067=EDGE_LOOP('',(#3722,#3723,#3724,#3725));
#9068=EDGE_LOOP('',(#3726,#3727,#3728,#3729,#3730));
#9069=EDGE_LOOP('',(#3731,#3732,#3733,#3734,#3735));
#9070=EDGE_LOOP('',(#3736,#3737,#3738,#3739));
#9071=EDGE_LOOP('',(#3740,#3741,#3742,#3743));
#9072=EDGE_LOOP('',(#3744,#3745,#3746,#3747));
#9073=EDGE_LOOP('',(#3748,#3749,#3750,#3751));
#9074=EDGE_LOOP('',(#3752,#3753,#3754,#3755));
#9075=EDGE_LOOP('',(#3756,#3757,#3758,#3759));
#9076=EDGE_LOOP('',(#3760,#3761,#3762,#3763));
#9077=EDGE_LOOP('',(#3764,#3765,#3766,#3767));
#9078=EDGE_LOOP('',(#3768,#3769,#3770,#3771));
#9079=EDGE_LOOP('',(#3772,#3773,#3774,#3775));
#9080=EDGE_LOOP('',(#3776,#3777,#3778,#3779));
#9081=EDGE_LOOP('',(#3780,#3781,#3782,#3783,#3784));
#9082=EDGE_LOOP('',(#3785,#3786,#3787,#3788,#3789));
#9083=EDGE_LOOP('',(#3790,#3791,#3792,#3793));
#9084=EDGE_LOOP('',(#3794,#3795,#3796,#3797));
#9085=EDGE_LOOP('',(#3798,#3799));
#9086=EDGE_LOOP('',(#3800,#3801,#3802,#3803));
#9087=EDGE_LOOP('',(#3804,#3805));
#9088=EDGE_LOOP('',(#3806,#3807,#3808,#3809));
#9089=EDGE_LOOP('',(#3810,#3811));
#9090=EDGE_LOOP('',(#3812,#3813,#3814,#3815));
#9091=EDGE_LOOP('',(#3816,#3817,#3818,#3819));
#9092=EDGE_LOOP('',(#3820,#3821,#3822,#3823));
#9093=EDGE_LOOP('',(#3824,#3825,#3826,#3827));
#9094=EDGE_LOOP('',(#3828,#3829,#3830,#3831));
#9095=EDGE_LOOP('',(#3832,#3833,#3834,#3835));
#9096=EDGE_LOOP('',(#3836,#3837,#3838,#3839));
#9097=EDGE_LOOP('',(#3840,#3841,#3842,#3843));
#9098=EDGE_LOOP('',(#3844,#3845,#3846,#3847));
#9099=EDGE_LOOP('',(#3848,#3849,#3850,#3851));
#9100=EDGE_LOOP('',(#3852,#3853,#3854,#3855));
#9101=EDGE_LOOP('',(#3856,#3857,#3858,#3859));
#9102=EDGE_LOOP('',(#3860,#3861,#3862,#3863));
#9103=EDGE_LOOP('',(#3864,#3865,#3866,#3867));
#9104=EDGE_LOOP('',(#3868,#3869,#3870,#3871));
#9105=EDGE_LOOP('',(#3872,#3873,#3874,#3875));
#9106=EDGE_LOOP('',(#3876,#3877,#3878,#3879));
#9107=EDGE_LOOP('',(#3880,#3881,#3882,#3883));
#9108=EDGE_LOOP('',(#3884,#3885,#3886,#3887));
#9109=EDGE_LOOP('',(#3888,#3889,#3890,#3891));
#9110=EDGE_LOOP('',(#3892,#3893,#3894,#3895));
#9111=EDGE_LOOP('',(#3896,#3897,#3898,#3899));
#9112=EDGE_LOOP('',(#3900));
#9113=EDGE_LOOP('',(#3901));
#9114=EDGE_LOOP('',(#3902));
#9115=EDGE_LOOP('',(#3903));
#9116=EDGE_LOOP('',(#3904));
#9117=EDGE_LOOP('',(#3905));
#9118=EDGE_LOOP('',(#3906,#3907,#3908,#3909,#3910,#3911,#3912,#3913,#3914,
#3915,#3916,#3917,#3918,#3919,#3920,#3921,#3922,#3923,#3924));
#9119=EDGE_LOOP('',(#3925));
#9120=EDGE_LOOP('',(#3926));
#9121=EDGE_LOOP('',(#3927));
#9122=EDGE_LOOP('',(#3928));
#9123=EDGE_LOOP('',(#3929));
#9124=EDGE_LOOP('',(#3930));
#9125=EDGE_LOOP('',(#3931,#3932,#3933,#3934,#3935,#3936,#3937,#3938,#3939,
#3940,#3941,#3942,#3943,#3944,#3945,#3946,#3947,#3948,#3949));
#9126=EDGE_LOOP('',(#3950));
#9127=EDGE_LOOP('',(#3951));
#9128=EDGE_LOOP('',(#3952));
#9129=EDGE_LOOP('',(#3953));
#9130=EDGE_LOOP('',(#3954));
#9131=EDGE_LOOP('',(#3955));
#9132=EDGE_LOOP('',(#3956));
#9133=EDGE_LOOP('',(#3957));
#9134=EDGE_LOOP('',(#3958));
#9135=EDGE_LOOP('',(#3959));
#9136=EDGE_LOOP('',(#3960));
#9137=EDGE_LOOP('',(#3961));
#9138=EDGE_LOOP('',(#3962,#3963,#3964,#3965));
#9139=EDGE_LOOP('',(#3966,#3967,#3968,#3969));
#9140=EDGE_LOOP('',(#3970,#3971,#3972,#3973));
#9141=EDGE_LOOP('',(#3974,#3975,#3976,#3977));
#9142=EDGE_LOOP('',(#3978,#3979,#3980,#3981));
#9143=EDGE_LOOP('',(#3982,#3983,#3984,#3985));
#9144=EDGE_LOOP('',(#3986,#3987,#3988,#3989));
#9145=EDGE_LOOP('',(#3990,#3991,#3992,#3993));
#9146=EDGE_LOOP('',(#3994,#3995,#3996,#3997));
#9147=EDGE_LOOP('',(#3998,#3999,#4000,#4001));
#9148=EDGE_LOOP('',(#4002,#4003,#4004,#4005));
#9149=EDGE_LOOP('',(#4006,#4007,#4008,#4009));
#9150=EDGE_LOOP('',(#4010,#4011,#4012,#4013));
#9151=EDGE_LOOP('',(#4014,#4015,#4016,#4017));
#9152=EDGE_LOOP('',(#4018,#4019,#4020,#4021));
#9153=EDGE_LOOP('',(#4022,#4023,#4024,#4025));
#9154=EDGE_LOOP('',(#4026));
#9155=EDGE_LOOP('',(#4027));
#9156=EDGE_LOOP('',(#4028));
#9157=EDGE_LOOP('',(#4029));
#9158=EDGE_LOOP('',(#4030));
#9159=EDGE_LOOP('',(#4031));
#9160=EDGE_LOOP('',(#4032,#4033,#4034,#4035,#4036,#4037,#4038,#4039,#4040,
#4041,#4042,#4043,#4044,#4045,#4046,#4047,#4048,#4049,#4050,#4051,#4052,
#4053,#4054,#4055,#4056,#4057,#4058,#4059,#4060,#4061,#4062,#4063,#4064));
#9161=EDGE_LOOP('',(#4065,#4066,#4067,#4068,#4069,#4070,#4071,#4072));
#9162=EDGE_LOOP('',(#4073,#4074,#4075,#4076,#4077,#4078,#4079,#4080));
#9163=EDGE_LOOP('',(#4081,#4082,#4083,#4084,#4085,#4086,#4087,#4088));
#9164=EDGE_LOOP('',(#4089,#4090,#4091,#4092,#4093,#4094,#4095,#4096));
#9165=EDGE_LOOP('',(#4097,#4098,#4099,#4100,#4101,#4102,#4103,#4104));
#9166=EDGE_LOOP('',(#4105,#4106,#4107,#4108,#4109,#4110,#4111,#4112));
#9167=EDGE_LOOP('',(#4113,#4114,#4115,#4116,#4117,#4118,#4119,#4120));
#9168=EDGE_LOOP('',(#4121,#4122,#4123,#4124,#4125,#4126,#4127,#4128));
#9169=EDGE_LOOP('',(#4129,#4130,#4131,#4132,#4133,#4134,#4135,#4136));
#9170=EDGE_LOOP('',(#4137,#4138,#4139,#4140,#4141,#4142,#4143,#4144));
#9171=EDGE_LOOP('',(#4145,#4146,#4147,#4148,#4149,#4150,#4151,#4152));
#9172=EDGE_LOOP('',(#4153,#4154,#4155,#4156,#4157,#4158,#4159,#4160));
#9173=EDGE_LOOP('',(#4161,#4162,#4163,#4164,#4165,#4166,#4167,#4168));
#9174=EDGE_LOOP('',(#4169,#4170,#4171,#4172,#4173,#4174,#4175,#4176));
#9175=EDGE_LOOP('',(#4177,#4178,#4179,#4180,#4181,#4182,#4183,#4184));
#9176=EDGE_LOOP('',(#4185,#4186,#4187,#4188,#4189,#4190,#4191,#4192));
#9177=EDGE_LOOP('',(#4193,#4194,#4195,#4196));
#9178=EDGE_LOOP('',(#4197,#4198,#4199,#4200));
#9179=EDGE_LOOP('',(#4201,#4202,#4203,#4204));
#9180=EDGE_LOOP('',(#4205,#4206,#4207,#4208));
#9181=EDGE_LOOP('',(#4209,#4210,#4211,#4212));
#9182=EDGE_LOOP('',(#4213,#4214,#4215,#4216));
#9183=EDGE_LOOP('',(#4217,#4218,#4219,#4220));
#9184=EDGE_LOOP('',(#4221,#4222,#4223,#4224));
#9185=EDGE_LOOP('',(#4225));
#9186=EDGE_LOOP('',(#4226));
#9187=EDGE_LOOP('',(#4227));
#9188=EDGE_LOOP('',(#4228));
#9189=EDGE_LOOP('',(#4229));
#9190=EDGE_LOOP('',(#4230));
#9191=EDGE_LOOP('',(#4231));
#9192=EDGE_LOOP('',(#4232));
#9193=EDGE_LOOP('',(#4233));
#9194=EDGE_LOOP('',(#4234));
#9195=EDGE_LOOP('',(#4235));
#9196=EDGE_LOOP('',(#4236));
#9197=EDGE_LOOP('',(#4237,#4238,#4239,#4240,#4241,#4242,#4243,#4244,#4245,
#4246,#4247,#4248,#4249,#4250,#4251,#4252,#4253,#4254,#4255,#4256,#4257,
#4258,#4259,#4260,#4261,#4262,#4263,#4264,#4265,#4266,#4267,#4268,#4269,
#4270,#4271,#4272,#4273,#4274,#4275,#4276,#4277,#4278,#4279,#4280,#4281,
#4282,#4283,#4284,#4285,#4286,#4287,#4288,#4289,#4290,#4291,#4292,#4293,
#4294,#4295,#4296,#4297));
#9198=EDGE_LOOP('',(#4298));
#9199=EDGE_LOOP('',(#4299));
#9200=EDGE_LOOP('',(#4300));
#9201=EDGE_LOOP('',(#4301));
#9202=EDGE_LOOP('',(#4302));
#9203=EDGE_LOOP('',(#4303));
#9204=EDGE_LOOP('',(#4304,#4305,#4306,#4307));
#9205=EDGE_LOOP('',(#4308,#4309,#4310,#4311));
#9206=EDGE_LOOP('',(#4312,#4313,#4314,#4315));
#9207=EDGE_LOOP('',(#4316,#4317,#4318,#4319));
#9208=EDGE_LOOP('',(#4320,#4321,#4322,#4323));
#9209=EDGE_LOOP('',(#4324,#4325,#4326,#4327));
#9210=EDGE_LOOP('',(#4328,#4329,#4330,#4331));
#9211=EDGE_LOOP('',(#4332,#4333,#4334,#4335));
#9212=EDGE_LOOP('',(#4336,#4337,#4338,#4339));
#9213=EDGE_LOOP('',(#4340,#4341,#4342,#4343));
#9214=EDGE_LOOP('',(#4344,#4345,#4346,#4347));
#9215=EDGE_LOOP('',(#4348,#4349,#4350,#4351));
#9216=EDGE_LOOP('',(#4352,#4353,#4354,#4355));
#9217=EDGE_LOOP('',(#4356,#4357,#4358,#4359));
#9218=EDGE_LOOP('',(#4360,#4361,#4362,#4363));
#9219=EDGE_LOOP('',(#4364,#4365,#4366,#4367));
#9220=EDGE_LOOP('',(#4368,#4369,#4370,#4371));
#9221=EDGE_LOOP('',(#4372,#4373,#4374,#4375));
#9222=EDGE_LOOP('',(#4376,#4377,#4378,#4379));
#9223=EDGE_LOOP('',(#4380,#4381,#4382,#4383));
#9224=EDGE_LOOP('',(#4384,#4385,#4386,#4387));
#9225=EDGE_LOOP('',(#4388,#4389,#4390,#4391));
#9226=EDGE_LOOP('',(#4392,#4393,#4394,#4395));
#9227=EDGE_LOOP('',(#4396,#4397,#4398,#4399));
#9228=EDGE_LOOP('',(#4400,#4401,#4402,#4403));
#9229=EDGE_LOOP('',(#4404,#4405,#4406,#4407));
#9230=EDGE_LOOP('',(#4408,#4409,#4410,#4411));
#9231=EDGE_LOOP('',(#4412,#4413,#4414,#4415));
#9232=EDGE_LOOP('',(#4416,#4417,#4418,#4419));
#9233=EDGE_LOOP('',(#4420,#4421,#4422,#4423));
#9234=EDGE_LOOP('',(#4424,#4425,#4426,#4427));
#9235=EDGE_LOOP('',(#4428,#4429,#4430,#4431));
#9236=EDGE_LOOP('',(#4432,#4433,#4434,#4435));
#9237=EDGE_LOOP('',(#4436,#4437,#4438,#4439));
#9238=EDGE_LOOP('',(#4440,#4441,#4442,#4443));
#9239=EDGE_LOOP('',(#4444,#4445,#4446,#4447));
#9240=EDGE_LOOP('',(#4448,#4449,#4450,#4451));
#9241=EDGE_LOOP('',(#4452,#4453,#4454,#4455));
#9242=EDGE_LOOP('',(#4456,#4457,#4458,#4459));
#9243=EDGE_LOOP('',(#4460,#4461,#4462,#4463));
#9244=EDGE_LOOP('',(#4464,#4465,#4466,#4467));
#9245=EDGE_LOOP('',(#4468,#4469,#4470,#4471,#4472,#4473,#4474,#4475,#4476,
#4477,#4478,#4479,#4480,#4481,#4482,#4483,#4484,#4485,#4486,#4487,#4488,
#4489,#4490,#4491,#4492,#4493,#4494,#4495,#4496,#4497,#4498,#4499,#4500,
#4501,#4502,#4503,#4504,#4505,#4506,#4507,#4508,#4509,#4510,#4511,#4512,
#4513,#4514));
#9246=EDGE_LOOP('',(#4515));
#9247=EDGE_LOOP('',(#4516));
#9248=EDGE_LOOP('',(#4517));
#9249=EDGE_LOOP('',(#4518));
#9250=EDGE_LOOP('',(#4519));
#9251=EDGE_LOOP('',(#4520,#4521));
#9252=EDGE_LOOP('',(#4522));
#9253=EDGE_LOOP('',(#4523,#4524));
#9254=EDGE_LOOP('',(#4525));
#9255=EDGE_LOOP('',(#4526,#4527));
#9256=EDGE_LOOP('',(#4528));
#9257=EDGE_LOOP('',(#4529,#4530));
#9258=EDGE_LOOP('',(#4531,#4532,#4533,#4534));
#9259=EDGE_LOOP('',(#4535,#4536,#4537));
#9260=EDGE_LOOP('',(#4538,#4539,#4540,#4541));
#9261=EDGE_LOOP('',(#4542,#4543,#4544));
#9262=EDGE_LOOP('',(#4545,#4546,#4547,#4548));
#9263=EDGE_LOOP('',(#4549,#4550,#4551,#4552));
#9264=EDGE_LOOP('',(#4553,#4554,#4555,#4556));
#9265=EDGE_LOOP('',(#4557,#4558,#4559,#4560));
#9266=EDGE_LOOP('',(#4561,#4562,#4563,#4564));
#9267=EDGE_LOOP('',(#4565,#4566,#4567,#4568));
#9268=EDGE_LOOP('',(#4569,#4570,#4571,#4572));
#9269=EDGE_LOOP('',(#4573,#4574,#4575,#4576));
#9270=EDGE_LOOP('',(#4577,#4578,#4579,#4580));
#9271=EDGE_LOOP('',(#4581,#4582,#4583,#4584));
#9272=EDGE_LOOP('',(#4585,#4586,#4587,#4588));
#9273=EDGE_LOOP('',(#4589,#4590,#4591,#4592));
#9274=EDGE_LOOP('',(#4593,#4594,#4595,#4596));
#9275=EDGE_LOOP('',(#4597,#4598,#4599,#4600,#4601,#4602,#4603,#4604));
#9276=EDGE_LOOP('',(#4605,#4606,#4607,#4608,#4609,#4610,#4611,#4612));
#9277=EDGE_LOOP('',(#4613,#4614,#4615,#4616));
#9278=EDGE_LOOP('',(#4617,#4618,#4619,#4620));
#9279=EDGE_LOOP('',(#4621,#4622,#4623,#4624));
#9280=EDGE_LOOP('',(#4625,#4626,#4627,#4628));
#9281=EDGE_LOOP('',(#4629,#4630,#4631,#4632));
#9282=EDGE_LOOP('',(#4633,#4634,#4635,#4636));
#9283=EDGE_LOOP('',(#4637,#4638,#4639,#4640));
#9284=EDGE_LOOP('',(#4641,#4642,#4643,#4644));
#9285=EDGE_LOOP('',(#4645,#4646,#4647,#4648));
#9286=EDGE_LOOP('',(#4649,#4650,#4651,#4652));
#9287=EDGE_LOOP('',(#4653,#4654,#4655,#4656));
#9288=EDGE_LOOP('',(#4657,#4658,#4659,#4660));
#9289=EDGE_LOOP('',(#4661,#4662,#4663,#4664));
#9290=EDGE_LOOP('',(#4665,#4666,#4667,#4668));
#9291=EDGE_LOOP('',(#4669,#4670,#4671,#4672));
#9292=EDGE_LOOP('',(#4673,#4674,#4675,#4676));
#9293=EDGE_LOOP('',(#4677,#4678,#4679,#4680));
#9294=EDGE_LOOP('',(#4681,#4682,#4683,#4684));
#9295=EDGE_LOOP('',(#4685,#4686,#4687,#4688));
#9296=EDGE_LOOP('',(#4689,#4690,#4691,#4692));
#9297=EDGE_LOOP('',(#4693,#4694,#4695,#4696));
#9298=EDGE_LOOP('',(#4697,#4698,#4699,#4700));
#9299=EDGE_LOOP('',(#4701,#4702,#4703,#4704));
#9300=EDGE_LOOP('',(#4705,#4706,#4707,#4708));
#9301=EDGE_LOOP('',(#4709,#4710,#4711,#4712));
#9302=EDGE_LOOP('',(#4713,#4714,#4715,#4716));
#9303=EDGE_LOOP('',(#4717,#4718,#4719,#4720));
#9304=EDGE_LOOP('',(#4721,#4722,#4723,#4724));
#9305=EDGE_LOOP('',(#4725,#4726,#4727,#4728));
#9306=EDGE_LOOP('',(#4729,#4730,#4731,#4732));
#9307=EDGE_LOOP('',(#4733,#4734,#4735,#4736));
#9308=EDGE_LOOP('',(#4737,#4738,#4739,#4740));
#9309=EDGE_LOOP('',(#4741,#4742,#4743,#4744));
#9310=EDGE_LOOP('',(#4745,#4746,#4747,#4748));
#9311=EDGE_LOOP('',(#4749,#4750,#4751,#4752));
#9312=EDGE_LOOP('',(#4753,#4754,#4755,#4756));
#9313=EDGE_LOOP('',(#4757,#4758,#4759,#4760));
#9314=EDGE_LOOP('',(#4761,#4762,#4763,#4764));
#9315=EDGE_LOOP('',(#4765,#4766,#4767,#4768));
#9316=EDGE_LOOP('',(#4769,#4770,#4771,#4772));
#9317=EDGE_LOOP('',(#4773,#4774,#4775,#4776));
#9318=EDGE_LOOP('',(#4777,#4778,#4779,#4780));
#9319=EDGE_LOOP('',(#4781,#4782,#4783,#4784));
#9320=EDGE_LOOP('',(#4785,#4786,#4787,#4788));
#9321=EDGE_LOOP('',(#4789,#4790,#4791,#4792));
#9322=EDGE_LOOP('',(#4793,#4794,#4795,#4796));
#9323=EDGE_LOOP('',(#4797,#4798,#4799,#4800));
#9324=EDGE_LOOP('',(#4801,#4802,#4803,#4804));
#9325=EDGE_LOOP('',(#4805,#4806,#4807,#4808));
#9326=EDGE_LOOP('',(#4809,#4810,#4811,#4812));
#9327=EDGE_LOOP('',(#4813,#4814,#4815,#4816));
#9328=EDGE_LOOP('',(#4817,#4818,#4819,#4820));
#9329=EDGE_LOOP('',(#4821,#4822,#4823,#4824));
#9330=EDGE_LOOP('',(#4825,#4826,#4827,#4828));
#9331=EDGE_LOOP('',(#4829,#4830,#4831,#4832));
#9332=EDGE_LOOP('',(#4833,#4834,#4835,#4836));
#9333=EDGE_LOOP('',(#4837,#4838,#4839,#4840));
#9334=EDGE_LOOP('',(#4841,#4842,#4843,#4844));
#9335=EDGE_LOOP('',(#4845,#4846,#4847,#4848));
#9336=EDGE_LOOP('',(#4849,#4850,#4851,#4852));
#9337=EDGE_LOOP('',(#4853,#4854,#4855,#4856));
#9338=EDGE_LOOP('',(#4857,#4858,#4859,#4860));
#9339=EDGE_LOOP('',(#4861,#4862,#4863,#4864));
#9340=EDGE_LOOP('',(#4865,#4866,#4867,#4868));
#9341=EDGE_LOOP('',(#4869,#4870,#4871,#4872));
#9342=EDGE_LOOP('',(#4873,#4874,#4875,#4876));
#9343=EDGE_LOOP('',(#4877,#4878,#4879,#4880));
#9344=EDGE_LOOP('',(#4881,#4882,#4883,#4884));
#9345=EDGE_LOOP('',(#4885,#4886,#4887,#4888));
#9346=EDGE_LOOP('',(#4889,#4890,#4891,#4892));
#9347=EDGE_LOOP('',(#4893,#4894,#4895,#4896));
#9348=EDGE_LOOP('',(#4897,#4898,#4899,#4900));
#9349=EDGE_LOOP('',(#4901,#4902,#4903,#4904));
#9350=EDGE_LOOP('',(#4905,#4906,#4907,#4908));
#9351=EDGE_LOOP('',(#4909,#4910,#4911,#4912));
#9352=EDGE_LOOP('',(#4913,#4914,#4915,#4916));
#9353=EDGE_LOOP('',(#4917,#4918,#4919,#4920));
#9354=EDGE_LOOP('',(#4921,#4922,#4923,#4924));
#9355=EDGE_LOOP('',(#4925,#4926,#4927,#4928));
#9356=EDGE_LOOP('',(#4929,#4930,#4931,#4932));
#9357=EDGE_LOOP('',(#4933,#4934,#4935,#4936));
#9358=EDGE_LOOP('',(#4937,#4938,#4939,#4940));
#9359=EDGE_LOOP('',(#4941,#4942,#4943,#4944));
#9360=EDGE_LOOP('',(#4945,#4946,#4947,#4948));
#9361=EDGE_LOOP('',(#4949,#4950,#4951,#4952));
#9362=EDGE_LOOP('',(#4953,#4954,#4955,#4956));
#9363=EDGE_LOOP('',(#4957,#4958,#4959,#4960));
#9364=EDGE_LOOP('',(#4961,#4962,#4963,#4964));
#9365=EDGE_LOOP('',(#4965,#4966,#4967,#4968));
#9366=EDGE_LOOP('',(#4969,#4970,#4971,#4972));
#9367=EDGE_LOOP('',(#4973,#4974,#4975,#4976));
#9368=EDGE_LOOP('',(#4977,#4978,#4979,#4980));
#9369=EDGE_LOOP('',(#4981,#4982,#4983,#4984));
#9370=EDGE_LOOP('',(#4985,#4986,#4987,#4988));
#9371=EDGE_LOOP('',(#4989,#4990,#4991,#4992));
#9372=EDGE_LOOP('',(#4993,#4994,#4995,#4996));
#9373=EDGE_LOOP('',(#4997,#4998,#4999,#5000));
#9374=EDGE_LOOP('',(#5001,#5002,#5003,#5004));
#9375=EDGE_LOOP('',(#5005,#5006,#5007,#5008));
#9376=EDGE_LOOP('',(#5009,#5010,#5011,#5012));
#9377=EDGE_LOOP('',(#5013,#5014,#5015,#5016));
#9378=EDGE_LOOP('',(#5017,#5018,#5019,#5020));
#9379=EDGE_LOOP('',(#5021,#5022,#5023,#5024));
#9380=EDGE_LOOP('',(#5025,#5026,#5027,#5028));
#9381=EDGE_LOOP('',(#5029,#5030,#5031,#5032));
#9382=EDGE_LOOP('',(#5033,#5034,#5035,#5036));
#9383=EDGE_LOOP('',(#5037,#5038,#5039,#5040));
#9384=EDGE_LOOP('',(#5041,#5042,#5043,#5044));
#9385=EDGE_LOOP('',(#5045,#5046,#5047,#5048));
#9386=EDGE_LOOP('',(#5049,#5050,#5051,#5052));
#9387=EDGE_LOOP('',(#5053,#5054,#5055,#5056));
#9388=EDGE_LOOP('',(#5057,#5058,#5059,#5060));
#9389=EDGE_LOOP('',(#5061,#5062,#5063,#5064));
#9390=EDGE_LOOP('',(#5065,#5066,#5067,#5068));
#9391=EDGE_LOOP('',(#5069,#5070,#5071,#5072));
#9392=EDGE_LOOP('',(#5073,#5074,#5075,#5076));
#9393=EDGE_LOOP('',(#5077,#5078,#5079,#5080));
#9394=EDGE_LOOP('',(#5081,#5082,#5083,#5084));
#9395=EDGE_LOOP('',(#5085,#5086,#5087,#5088));
#9396=EDGE_LOOP('',(#5089,#5090,#5091,#5092));
#9397=EDGE_LOOP('',(#5093,#5094,#5095,#5096));
#9398=EDGE_LOOP('',(#5097,#5098,#5099,#5100));
#9399=EDGE_LOOP('',(#5101,#5102,#5103,#5104));
#9400=EDGE_LOOP('',(#5105,#5106,#5107,#5108));
#9401=EDGE_LOOP('',(#5109,#5110,#5111,#5112));
#9402=EDGE_LOOP('',(#5113,#5114,#5115,#5116));
#9403=EDGE_LOOP('',(#5117,#5118,#5119,#5120));
#9404=EDGE_LOOP('',(#5121,#5122,#5123,#5124));
#9405=EDGE_LOOP('',(#5125,#5126,#5127,#5128));
#9406=EDGE_LOOP('',(#5129,#5130,#5131,#5132));
#9407=EDGE_LOOP('',(#5133,#5134,#5135,#5136));
#9408=EDGE_LOOP('',(#5137,#5138,#5139,#5140));
#9409=EDGE_LOOP('',(#5141,#5142,#5143,#5144));
#9410=EDGE_LOOP('',(#5145,#5146,#5147,#5148,#5149,#5150,#5151,#5152,#5153,
#5154,#5155,#5156,#5157,#5158,#5159,#5160,#5161,#5162,#5163,#5164,#5165,
#5166,#5167,#5168,#5169,#5170,#5171,#5172,#5173,#5174,#5175,#5176,#5177,
#5178,#5179));
#9411=EDGE_LOOP('',(#5180,#5181,#5182,#5183,#5184,#5185,#5186,#5187));
#9412=EDGE_LOOP('',(#5188,#5189,#5190,#5191,#5192,#5193,#5194,#5195));
#9413=EDGE_LOOP('',(#5196,#5197,#5198,#5199,#5200,#5201,#5202,#5203));
#9414=EDGE_LOOP('',(#5204,#5205,#5206,#5207,#5208,#5209,#5210,#5211));
#9415=EDGE_LOOP('',(#5212,#5213,#5214,#5215,#5216,#5217,#5218,#5219));
#9416=EDGE_LOOP('',(#5220,#5221,#5222,#5223,#5224,#5225,#5226,#5227));
#9417=EDGE_LOOP('',(#5228,#5229,#5230,#5231,#5232,#5233,#5234,#5235));
#9418=EDGE_LOOP('',(#5236,#5237,#5238,#5239,#5240,#5241,#5242,#5243));
#9419=EDGE_LOOP('',(#5244,#5245,#5246,#5247,#5248,#5249,#5250,#5251));
#9420=EDGE_LOOP('',(#5252,#5253,#5254,#5255,#5256,#5257,#5258,#5259));
#9421=EDGE_LOOP('',(#5260,#5261,#5262,#5263,#5264,#5265,#5266,#5267));
#9422=EDGE_LOOP('',(#5268,#5269,#5270,#5271,#5272,#5273,#5274,#5275));
#9423=EDGE_LOOP('',(#5276,#5277,#5278,#5279,#5280,#5281,#5282,#5283));
#9424=EDGE_LOOP('',(#5284,#5285,#5286,#5287,#5288,#5289,#5290,#5291));
#9425=EDGE_LOOP('',(#5292,#5293,#5294,#5295,#5296,#5297,#5298,#5299));
#9426=EDGE_LOOP('',(#5300,#5301,#5302,#5303,#5304,#5305,#5306,#5307));
#9427=EDGE_LOOP('',(#5308,#5309,#5310,#5311));
#9428=EDGE_LOOP('',(#5312,#5313,#5314,#5315,#5316));
#9429=EDGE_LOOP('',(#5317,#5318,#5319,#5320));
#9430=EDGE_LOOP('',(#5321,#5322,#5323,#5324,#5325));
#9431=EDGE_LOOP('',(#5326,#5327,#5328,#5329));
#9432=EDGE_LOOP('',(#5330,#5331,#5332,#5333));
#9433=EDGE_LOOP('',(#5334,#5335,#5336,#5337,#5338));
#9434=EDGE_LOOP('',(#5339,#5340,#5341,#5342));
#9435=EDGE_LOOP('',(#5343,#5344,#5345,#5346,#5347));
#9436=EDGE_LOOP('',(#5348,#5349,#5350,#5351));
#9437=EDGE_LOOP('',(#5352,#5353,#5354,#5355));
#9438=EDGE_LOOP('',(#5356,#5357,#5358,#5359));
#9439=EDGE_LOOP('',(#5360,#5361,#5362,#5363,#5364,#5365));
#9440=EDGE_LOOP('',(#5366,#5367,#5368,#5369));
#9441=EDGE_LOOP('',(#5370,#5371,#5372,#5373));
#9442=EDGE_LOOP('',(#5374,#5375,#5376,#5377,#5378,#5379));
#9443=EDGE_LOOP('',(#5380,#5381,#5382,#5383,#5384,#5385));
#9444=EDGE_LOOP('',(#5386,#5387,#5388,#5389));
#9445=EDGE_LOOP('',(#5390,#5391,#5392,#5393));
#9446=EDGE_LOOP('',(#5394,#5395,#5396,#5397,#5398,#5399));
#9447=EDGE_LOOP('',(#5400,#5401,#5402,#5403));
#9448=EDGE_LOOP('',(#5404,#5405,#5406,#5407));
#9449=EDGE_LOOP('',(#5408,#5409,#5410,#5411));
#9450=EDGE_LOOP('',(#5412,#5413,#5414,#5415));
#9451=EDGE_LOOP('',(#5416,#5417,#5418,#5419));
#9452=EDGE_LOOP('',(#5420,#5421,#5422,#5423));
#9453=EDGE_LOOP('',(#5424,#5425,#5426,#5427));
#9454=EDGE_LOOP('',(#5428,#5429,#5430,#5431));
#9455=EDGE_LOOP('',(#5432,#5433,#5434,#5435));
#9456=EDGE_LOOP('',(#5436,#5437,#5438,#5439));
#9457=EDGE_LOOP('',(#5440,#5441,#5442,#5443));
#9458=EDGE_LOOP('',(#5444,#5445,#5446,#5447));
#9459=EDGE_LOOP('',(#5448,#5449,#5450,#5451));
#9460=EDGE_LOOP('',(#5452,#5453,#5454,#5455));
#9461=EDGE_LOOP('',(#5456,#5457,#5458,#5459));
#9462=EDGE_LOOP('',(#5460,#5461,#5462,#5463));
#9463=EDGE_LOOP('',(#5464,#5465,#5466,#5467));
#9464=EDGE_LOOP('',(#5468,#5469,#5470,#5471));
#9465=EDGE_LOOP('',(#5472,#5473,#5474,#5475));
#9466=EDGE_LOOP('',(#5476,#5477,#5478,#5479));
#9467=EDGE_LOOP('',(#5480));
#9468=EDGE_LOOP('',(#5481));
#9469=EDGE_LOOP('',(#5482));
#9470=EDGE_LOOP('',(#5483));
#9471=EDGE_LOOP('',(#5484));
#9472=EDGE_LOOP('',(#5485,#5486,#5487,#5488,#5489,#5490,#5491,#5492,#5493,
#5494,#5495,#5496,#5497,#5498,#5499,#5500,#5501,#5502,#5503));
#9473=EDGE_LOOP('',(#5504));
#9474=EDGE_LOOP('',(#5505));
#9475=EDGE_LOOP('',(#5506));
#9476=EDGE_LOOP('',(#5507));
#9477=EDGE_LOOP('',(#5508));
#9478=EDGE_LOOP('',(#5509,#5510,#5511,#5512,#5513,#5514,#5515,#5516,#5517,
#5518,#5519,#5520,#5521,#5522,#5523,#5524,#5525,#5526,#5527));
#9479=EDGE_LOOP('',(#5528));
#9480=EDGE_LOOP('',(#5529));
#9481=EDGE_LOOP('',(#5530));
#9482=EDGE_LOOP('',(#5531));
#9483=EDGE_LOOP('',(#5532));
#9484=EDGE_LOOP('',(#5533));
#9485=EDGE_LOOP('',(#5534));
#9486=EDGE_LOOP('',(#5535));
#9487=EDGE_LOOP('',(#5536));
#9488=EDGE_LOOP('',(#5537));
#9489=FACE_BOUND('',#8781,.T.);
#9490=FACE_BOUND('',#8782,.T.);
#9491=FACE_BOUND('',#8783,.T.);
#9492=FACE_BOUND('',#8784,.T.);
#9493=FACE_BOUND('',#8785,.T.);
#9494=FACE_BOUND('',#8786,.T.);
#9495=FACE_BOUND('',#8787,.T.);
#9496=FACE_BOUND('',#8788,.T.);
#9497=FACE_BOUND('',#8789,.T.);
#9498=FACE_BOUND('',#8790,.T.);
#9499=FACE_BOUND('',#8791,.T.);
#9500=FACE_BOUND('',#8792,.T.);
#9501=FACE_BOUND('',#8793,.T.);
#9502=FACE_BOUND('',#8794,.T.);
#9503=FACE_BOUND('',#8795,.T.);
#9504=FACE_BOUND('',#8796,.T.);
#9505=FACE_BOUND('',#8797,.T.);
#9506=FACE_BOUND('',#8798,.T.);
#9507=FACE_BOUND('',#8799,.T.);
#9508=FACE_BOUND('',#8800,.T.);
#9509=FACE_BOUND('',#8801,.T.);
#9510=FACE_BOUND('',#8802,.T.);
#9511=FACE_BOUND('',#8803,.T.);
#9512=FACE_BOUND('',#8804,.T.);
#9513=FACE_BOUND('',#8805,.T.);
#9514=FACE_BOUND('',#8806,.T.);
#9515=FACE_BOUND('',#8807,.T.);
#9516=FACE_BOUND('',#8808,.T.);
#9517=FACE_BOUND('',#8809,.T.);
#9518=FACE_BOUND('',#8810,.T.);
#9519=FACE_BOUND('',#8811,.T.);
#9520=FACE_BOUND('',#8812,.T.);
#9521=FACE_BOUND('',#8813,.T.);
#9522=FACE_BOUND('',#8814,.T.);
#9523=FACE_BOUND('',#8815,.T.);
#9524=FACE_BOUND('',#8816,.T.);
#9525=FACE_BOUND('',#8817,.T.);
#9526=FACE_BOUND('',#8818,.T.);
#9527=FACE_BOUND('',#8819,.T.);
#9528=FACE_BOUND('',#8820,.T.);
#9529=FACE_BOUND('',#8821,.T.);
#9530=FACE_BOUND('',#8822,.T.);
#9531=FACE_BOUND('',#8823,.T.);
#9532=FACE_BOUND('',#8824,.T.);
#9533=FACE_BOUND('',#8825,.T.);
#9534=FACE_BOUND('',#8826,.T.);
#9535=FACE_BOUND('',#8827,.T.);
#9536=FACE_BOUND('',#8828,.T.);
#9537=FACE_BOUND('',#8829,.T.);
#9538=FACE_BOUND('',#8830,.T.);
#9539=FACE_BOUND('',#8831,.T.);
#9540=FACE_BOUND('',#8832,.T.);
#9541=FACE_BOUND('',#8833,.T.);
#9542=FACE_BOUND('',#8834,.T.);
#9543=FACE_BOUND('',#8835,.T.);
#9544=FACE_BOUND('',#8836,.T.);
#9545=FACE_BOUND('',#8837,.T.);
#9546=FACE_BOUND('',#8838,.T.);
#9547=FACE_BOUND('',#8839,.T.);
#9548=FACE_BOUND('',#8840,.T.);
#9549=FACE_BOUND('',#8841,.T.);
#9550=FACE_BOUND('',#8842,.T.);
#9551=FACE_BOUND('',#8843,.T.);
#9552=FACE_BOUND('',#8844,.T.);
#9553=FACE_BOUND('',#8845,.T.);
#9554=FACE_BOUND('',#8846,.T.);
#9555=FACE_BOUND('',#8847,.T.);
#9556=FACE_BOUND('',#8848,.T.);
#9557=FACE_BOUND('',#8849,.T.);
#9558=FACE_BOUND('',#8850,.T.);
#9559=FACE_BOUND('',#8851,.T.);
#9560=FACE_BOUND('',#8852,.T.);
#9561=FACE_BOUND('',#8853,.T.);
#9562=FACE_BOUND('',#8854,.T.);
#9563=FACE_BOUND('',#8855,.T.);
#9564=FACE_BOUND('',#8856,.T.);
#9565=FACE_BOUND('',#8857,.T.);
#9566=FACE_BOUND('',#8858,.T.);
#9567=FACE_BOUND('',#8859,.T.);
#9568=FACE_BOUND('',#8860,.T.);
#9569=FACE_BOUND('',#8861,.T.);
#9570=FACE_BOUND('',#8862,.T.);
#9571=FACE_BOUND('',#8863,.T.);
#9572=FACE_BOUND('',#8864,.T.);
#9573=FACE_BOUND('',#8865,.T.);
#9574=FACE_BOUND('',#8866,.T.);
#9575=FACE_BOUND('',#8867,.T.);
#9576=FACE_BOUND('',#8868,.T.);
#9577=FACE_BOUND('',#8869,.T.);
#9578=FACE_BOUND('',#8870,.T.);
#9579=FACE_BOUND('',#8871,.T.);
#9580=FACE_BOUND('',#8872,.T.);
#9581=FACE_BOUND('',#8873,.T.);
#9582=FACE_BOUND('',#8874,.T.);
#9583=FACE_BOUND('',#8875,.T.);
#9584=FACE_BOUND('',#8876,.T.);
#9585=FACE_BOUND('',#8877,.T.);
#9586=FACE_BOUND('',#8878,.T.);
#9587=FACE_BOUND('',#8879,.T.);
#9588=FACE_BOUND('',#8880,.T.);
#9589=FACE_BOUND('',#8881,.T.);
#9590=FACE_BOUND('',#8882,.T.);
#9591=FACE_BOUND('',#8883,.T.);
#9592=FACE_BOUND('',#8884,.T.);
#9593=FACE_BOUND('',#8885,.T.);
#9594=FACE_BOUND('',#8886,.T.);
#9595=FACE_BOUND('',#8887,.T.);
#9596=FACE_BOUND('',#8888,.T.);
#9597=FACE_BOUND('',#8889,.T.);
#9598=FACE_BOUND('',#8890,.T.);
#9599=FACE_BOUND('',#8891,.T.);
#9600=FACE_BOUND('',#8892,.T.);
#9601=FACE_BOUND('',#8893,.T.);
#9602=FACE_BOUND('',#8894,.T.);
#9603=FACE_BOUND('',#8895,.T.);
#9604=FACE_BOUND('',#8896,.T.);
#9605=FACE_BOUND('',#8897,.T.);
#9606=FACE_BOUND('',#8898,.T.);
#9607=FACE_BOUND('',#8899,.T.);
#9608=FACE_BOUND('',#8900,.T.);
#9609=FACE_BOUND('',#8901,.T.);
#9610=FACE_BOUND('',#8902,.T.);
#9611=FACE_BOUND('',#8903,.T.);
#9612=FACE_BOUND('',#8904,.T.);
#9613=FACE_BOUND('',#8905,.T.);
#9614=FACE_BOUND('',#8906,.T.);
#9615=FACE_BOUND('',#8907,.T.);
#9616=FACE_BOUND('',#8908,.T.);
#9617=FACE_BOUND('',#8909,.T.);
#9618=FACE_BOUND('',#8910,.T.);
#9619=FACE_BOUND('',#8911,.T.);
#9620=FACE_BOUND('',#8912,.T.);
#9621=FACE_BOUND('',#8913,.T.);
#9622=FACE_BOUND('',#8914,.T.);
#9623=FACE_BOUND('',#8915,.T.);
#9624=FACE_BOUND('',#8916,.T.);
#9625=FACE_BOUND('',#8917,.T.);
#9626=FACE_BOUND('',#8918,.T.);
#9627=FACE_BOUND('',#8919,.T.);
#9628=FACE_BOUND('',#8920,.T.);
#9629=FACE_BOUND('',#8921,.T.);
#9630=FACE_BOUND('',#8922,.T.);
#9631=FACE_BOUND('',#8923,.T.);
#9632=FACE_BOUND('',#8924,.T.);
#9633=FACE_BOUND('',#8925,.T.);
#9634=FACE_BOUND('',#8926,.T.);
#9635=FACE_BOUND('',#8927,.T.);
#9636=FACE_BOUND('',#8928,.T.);
#9637=FACE_BOUND('',#8929,.T.);
#9638=FACE_BOUND('',#8930,.T.);
#9639=FACE_BOUND('',#8931,.T.);
#9640=FACE_BOUND('',#8932,.T.);
#9641=FACE_BOUND('',#8933,.T.);
#9642=FACE_BOUND('',#8934,.T.);
#9643=FACE_BOUND('',#8935,.T.);
#9644=FACE_BOUND('',#8936,.T.);
#9645=FACE_BOUND('',#8937,.T.);
#9646=FACE_BOUND('',#8938,.T.);
#9647=FACE_BOUND('',#8939,.T.);
#9648=FACE_BOUND('',#8940,.T.);
#9649=FACE_BOUND('',#8941,.T.);
#9650=FACE_BOUND('',#8942,.T.);
#9651=FACE_BOUND('',#8943,.T.);
#9652=FACE_BOUND('',#8944,.T.);
#9653=FACE_BOUND('',#8945,.T.);
#9654=FACE_BOUND('',#8946,.T.);
#9655=FACE_BOUND('',#8947,.T.);
#9656=FACE_BOUND('',#8948,.T.);
#9657=FACE_BOUND('',#8949,.T.);
#9658=FACE_BOUND('',#8950,.T.);
#9659=FACE_BOUND('',#8951,.T.);
#9660=FACE_BOUND('',#8952,.T.);
#9661=FACE_BOUND('',#8953,.T.);
#9662=FACE_BOUND('',#8954,.T.);
#9663=FACE_BOUND('',#8955,.T.);
#9664=FACE_BOUND('',#8956,.T.);
#9665=FACE_BOUND('',#8957,.T.);
#9666=FACE_BOUND('',#8958,.T.);
#9667=FACE_BOUND('',#8959,.T.);
#9668=FACE_BOUND('',#8960,.T.);
#9669=FACE_BOUND('',#8961,.T.);
#9670=FACE_BOUND('',#8962,.T.);
#9671=FACE_BOUND('',#8963,.T.);
#9672=FACE_BOUND('',#8964,.T.);
#9673=FACE_BOUND('',#8965,.T.);
#9674=FACE_BOUND('',#8966,.T.);
#9675=FACE_BOUND('',#8967,.T.);
#9676=FACE_BOUND('',#8968,.T.);
#9677=FACE_BOUND('',#8969,.T.);
#9678=FACE_BOUND('',#8970,.T.);
#9679=FACE_BOUND('',#8971,.T.);
#9680=FACE_BOUND('',#8972,.T.);
#9681=FACE_BOUND('',#8973,.T.);
#9682=FACE_BOUND('',#8974,.T.);
#9683=FACE_BOUND('',#8975,.T.);
#9684=FACE_BOUND('',#8976,.T.);
#9685=FACE_BOUND('',#8977,.T.);
#9686=FACE_BOUND('',#8978,.T.);
#9687=FACE_BOUND('',#8979,.T.);
#9688=FACE_BOUND('',#8980,.T.);
#9689=FACE_BOUND('',#8981,.T.);
#9690=FACE_BOUND('',#8982,.T.);
#9691=FACE_BOUND('',#8983,.T.);
#9692=FACE_BOUND('',#8984,.T.);
#9693=FACE_BOUND('',#8985,.T.);
#9694=FACE_BOUND('',#8986,.T.);
#9695=FACE_BOUND('',#8987,.T.);
#9696=FACE_BOUND('',#8988,.T.);
#9697=FACE_BOUND('',#8989,.T.);
#9698=FACE_BOUND('',#8990,.T.);
#9699=FACE_BOUND('',#8991,.T.);
#9700=FACE_BOUND('',#8992,.T.);
#9701=FACE_BOUND('',#8993,.T.);
#9702=FACE_BOUND('',#8994,.T.);
#9703=FACE_BOUND('',#8995,.T.);
#9704=FACE_BOUND('',#8996,.T.);
#9705=FACE_BOUND('',#8997,.T.);
#9706=FACE_BOUND('',#8998,.T.);
#9707=FACE_BOUND('',#8999,.T.);
#9708=FACE_BOUND('',#9000,.T.);
#9709=FACE_BOUND('',#9001,.T.);
#9710=FACE_BOUND('',#9002,.T.);
#9711=FACE_BOUND('',#9003,.T.);
#9712=FACE_BOUND('',#9004,.T.);
#9713=FACE_BOUND('',#9005,.T.);
#9714=FACE_BOUND('',#9006,.T.);
#9715=FACE_BOUND('',#9007,.T.);
#9716=FACE_BOUND('',#9008,.T.);
#9717=FACE_BOUND('',#9009,.T.);
#9718=FACE_BOUND('',#9010,.T.);
#9719=FACE_BOUND('',#9011,.T.);
#9720=FACE_BOUND('',#9012,.T.);
#9721=FACE_BOUND('',#9013,.T.);
#9722=FACE_BOUND('',#9014,.T.);
#9723=FACE_BOUND('',#9015,.T.);
#9724=FACE_BOUND('',#9016,.T.);
#9725=FACE_BOUND('',#9017,.T.);
#9726=FACE_BOUND('',#9018,.T.);
#9727=FACE_BOUND('',#9019,.T.);
#9728=FACE_BOUND('',#9020,.T.);
#9729=FACE_BOUND('',#9021,.T.);
#9730=FACE_BOUND('',#9022,.T.);
#9731=FACE_BOUND('',#9023,.T.);
#9732=FACE_BOUND('',#9024,.T.);
#9733=FACE_BOUND('',#9025,.T.);
#9734=FACE_BOUND('',#9026,.T.);
#9735=FACE_BOUND('',#9027,.T.);
#9736=FACE_BOUND('',#9028,.T.);
#9737=FACE_BOUND('',#9029,.T.);
#9738=FACE_BOUND('',#9030,.T.);
#9739=FACE_BOUND('',#9031,.T.);
#9740=FACE_BOUND('',#9032,.T.);
#9741=FACE_BOUND('',#9033,.T.);
#9742=FACE_BOUND('',#9034,.T.);
#9743=FACE_BOUND('',#9035,.T.);
#9744=FACE_BOUND('',#9036,.T.);
#9745=FACE_BOUND('',#9037,.T.);
#9746=FACE_BOUND('',#9038,.T.);
#9747=FACE_BOUND('',#9039,.T.);
#9748=FACE_BOUND('',#9040,.T.);
#9749=FACE_BOUND('',#9041,.T.);
#9750=FACE_BOUND('',#9042,.T.);
#9751=FACE_BOUND('',#9043,.T.);
#9752=FACE_BOUND('',#9044,.T.);
#9753=FACE_BOUND('',#9045,.T.);
#9754=FACE_BOUND('',#9046,.T.);
#9755=FACE_BOUND('',#9047,.T.);
#9756=FACE_BOUND('',#9048,.T.);
#9757=FACE_BOUND('',#9049,.T.);
#9758=FACE_BOUND('',#9050,.T.);
#9759=FACE_BOUND('',#9051,.T.);
#9760=FACE_BOUND('',#9052,.T.);
#9761=FACE_BOUND('',#9053,.T.);
#9762=FACE_BOUND('',#9054,.T.);
#9763=FACE_BOUND('',#9055,.T.);
#9764=FACE_BOUND('',#9056,.T.);
#9765=FACE_BOUND('',#9057,.T.);
#9766=FACE_BOUND('',#9058,.T.);
#9767=FACE_BOUND('',#9059,.T.);
#9768=FACE_BOUND('',#9060,.T.);
#9769=FACE_BOUND('',#9061,.T.);
#9770=FACE_BOUND('',#9062,.T.);
#9771=FACE_BOUND('',#9063,.T.);
#9772=FACE_BOUND('',#9064,.T.);
#9773=FACE_BOUND('',#9065,.T.);
#9774=FACE_BOUND('',#9066,.T.);
#9775=FACE_BOUND('',#9067,.T.);
#9776=FACE_BOUND('',#9068,.T.);
#9777=FACE_BOUND('',#9069,.T.);
#9778=FACE_BOUND('',#9070,.T.);
#9779=FACE_BOUND('',#9071,.T.);
#9780=FACE_BOUND('',#9072,.T.);
#9781=FACE_BOUND('',#9073,.T.);
#9782=FACE_BOUND('',#9074,.T.);
#9783=FACE_BOUND('',#9075,.T.);
#9784=FACE_BOUND('',#9076,.T.);
#9785=FACE_BOUND('',#9077,.T.);
#9786=FACE_BOUND('',#9078,.T.);
#9787=FACE_BOUND('',#9079,.T.);
#9788=FACE_BOUND('',#9080,.T.);
#9789=FACE_BOUND('',#9081,.T.);
#9790=FACE_BOUND('',#9082,.T.);
#9791=FACE_BOUND('',#9083,.T.);
#9792=FACE_BOUND('',#9084,.T.);
#9793=FACE_BOUND('',#9085,.T.);
#9794=FACE_BOUND('',#9086,.T.);
#9795=FACE_BOUND('',#9087,.T.);
#9796=FACE_BOUND('',#9088,.T.);
#9797=FACE_BOUND('',#9089,.T.);
#9798=FACE_BOUND('',#9090,.T.);
#9799=FACE_BOUND('',#9091,.T.);
#9800=FACE_BOUND('',#9092,.T.);
#9801=FACE_BOUND('',#9093,.T.);
#9802=FACE_BOUND('',#9094,.T.);
#9803=FACE_BOUND('',#9095,.T.);
#9804=FACE_BOUND('',#9096,.T.);
#9805=FACE_BOUND('',#9097,.T.);
#9806=FACE_BOUND('',#9098,.T.);
#9807=FACE_BOUND('',#9099,.T.);
#9808=FACE_BOUND('',#9100,.T.);
#9809=FACE_BOUND('',#9101,.T.);
#9810=FACE_BOUND('',#9102,.T.);
#9811=FACE_BOUND('',#9103,.T.);
#9812=FACE_BOUND('',#9104,.T.);
#9813=FACE_BOUND('',#9105,.T.);
#9814=FACE_BOUND('',#9106,.T.);
#9815=FACE_BOUND('',#9107,.T.);
#9816=FACE_BOUND('',#9108,.T.);
#9817=FACE_BOUND('',#9109,.T.);
#9818=FACE_BOUND('',#9110,.T.);
#9819=FACE_BOUND('',#9111,.T.);
#9820=FACE_BOUND('',#9112,.T.);
#9821=FACE_BOUND('',#9113,.T.);
#9822=FACE_BOUND('',#9114,.T.);
#9823=FACE_BOUND('',#9115,.T.);
#9824=FACE_BOUND('',#9116,.T.);
#9825=FACE_BOUND('',#9117,.T.);
#9826=FACE_BOUND('',#9118,.T.);
#9827=FACE_BOUND('',#9119,.T.);
#9828=FACE_BOUND('',#9120,.T.);
#9829=FACE_BOUND('',#9121,.T.);
#9830=FACE_BOUND('',#9122,.T.);
#9831=FACE_BOUND('',#9123,.T.);
#9832=FACE_BOUND('',#9124,.T.);
#9833=FACE_BOUND('',#9125,.T.);
#9834=FACE_BOUND('',#9126,.T.);
#9835=FACE_BOUND('',#9127,.T.);
#9836=FACE_BOUND('',#9128,.T.);
#9837=FACE_BOUND('',#9129,.T.);
#9838=FACE_BOUND('',#9130,.T.);
#9839=FACE_BOUND('',#9131,.T.);
#9840=FACE_BOUND('',#9132,.T.);
#9841=FACE_BOUND('',#9133,.T.);
#9842=FACE_BOUND('',#9134,.T.);
#9843=FACE_BOUND('',#9135,.T.);
#9844=FACE_BOUND('',#9136,.T.);
#9845=FACE_BOUND('',#9137,.T.);
#9846=FACE_BOUND('',#9138,.T.);
#9847=FACE_BOUND('',#9139,.T.);
#9848=FACE_BOUND('',#9140,.T.);
#9849=FACE_BOUND('',#9141,.T.);
#9850=FACE_BOUND('',#9142,.T.);
#9851=FACE_BOUND('',#9143,.T.);
#9852=FACE_BOUND('',#9144,.T.);
#9853=FACE_BOUND('',#9145,.T.);
#9854=FACE_BOUND('',#9146,.T.);
#9855=FACE_BOUND('',#9147,.T.);
#9856=FACE_BOUND('',#9148,.T.);
#9857=FACE_BOUND('',#9149,.T.);
#9858=FACE_BOUND('',#9150,.T.);
#9859=FACE_BOUND('',#9151,.T.);
#9860=FACE_BOUND('',#9152,.T.);
#9861=FACE_BOUND('',#9153,.T.);
#9862=FACE_BOUND('',#9154,.T.);
#9863=FACE_BOUND('',#9155,.T.);
#9864=FACE_BOUND('',#9156,.T.);
#9865=FACE_BOUND('',#9157,.T.);
#9866=FACE_BOUND('',#9158,.T.);
#9867=FACE_BOUND('',#9159,.T.);
#9868=FACE_BOUND('',#9160,.T.);
#9869=FACE_BOUND('',#9161,.T.);
#9870=FACE_BOUND('',#9162,.T.);
#9871=FACE_BOUND('',#9163,.T.);
#9872=FACE_BOUND('',#9164,.T.);
#9873=FACE_BOUND('',#9165,.T.);
#9874=FACE_BOUND('',#9166,.T.);
#9875=FACE_BOUND('',#9167,.T.);
#9876=FACE_BOUND('',#9168,.T.);
#9877=FACE_BOUND('',#9169,.T.);
#9878=FACE_BOUND('',#9170,.T.);
#9879=FACE_BOUND('',#9171,.T.);
#9880=FACE_BOUND('',#9172,.T.);
#9881=FACE_BOUND('',#9173,.T.);
#9882=FACE_BOUND('',#9174,.T.);
#9883=FACE_BOUND('',#9175,.T.);
#9884=FACE_BOUND('',#9176,.T.);
#9885=FACE_BOUND('',#9177,.T.);
#9886=FACE_BOUND('',#9178,.T.);
#9887=FACE_BOUND('',#9179,.T.);
#9888=FACE_BOUND('',#9180,.T.);
#9889=FACE_BOUND('',#9181,.T.);
#9890=FACE_BOUND('',#9182,.T.);
#9891=FACE_BOUND('',#9183,.T.);
#9892=FACE_BOUND('',#9184,.T.);
#9893=FACE_BOUND('',#9185,.T.);
#9894=FACE_BOUND('',#9186,.T.);
#9895=FACE_BOUND('',#9187,.T.);
#9896=FACE_BOUND('',#9188,.T.);
#9897=FACE_BOUND('',#9189,.T.);
#9898=FACE_BOUND('',#9190,.T.);
#9899=FACE_BOUND('',#9191,.T.);
#9900=FACE_BOUND('',#9192,.T.);
#9901=FACE_BOUND('',#9193,.T.);
#9902=FACE_BOUND('',#9194,.T.);
#9903=FACE_BOUND('',#9195,.T.);
#9904=FACE_BOUND('',#9196,.T.);
#9905=FACE_BOUND('',#9197,.T.);
#9906=FACE_BOUND('',#9198,.T.);
#9907=FACE_BOUND('',#9199,.T.);
#9908=FACE_BOUND('',#9200,.T.);
#9909=FACE_BOUND('',#9201,.T.);
#9910=FACE_BOUND('',#9202,.T.);
#9911=FACE_BOUND('',#9203,.T.);
#9912=FACE_BOUND('',#9204,.T.);
#9913=FACE_BOUND('',#9205,.T.);
#9914=FACE_BOUND('',#9206,.T.);
#9915=FACE_BOUND('',#9207,.T.);
#9916=FACE_BOUND('',#9208,.T.);
#9917=FACE_BOUND('',#9209,.T.);
#9918=FACE_BOUND('',#9210,.T.);
#9919=FACE_BOUND('',#9211,.T.);
#9920=FACE_BOUND('',#9212,.T.);
#9921=FACE_BOUND('',#9213,.T.);
#9922=FACE_BOUND('',#9214,.T.);
#9923=FACE_BOUND('',#9215,.T.);
#9924=FACE_BOUND('',#9216,.T.);
#9925=FACE_BOUND('',#9217,.T.);
#9926=FACE_BOUND('',#9218,.T.);
#9927=FACE_BOUND('',#9219,.T.);
#9928=FACE_BOUND('',#9220,.T.);
#9929=FACE_BOUND('',#9221,.T.);
#9930=FACE_BOUND('',#9222,.T.);
#9931=FACE_BOUND('',#9223,.T.);
#9932=FACE_BOUND('',#9224,.T.);
#9933=FACE_BOUND('',#9225,.T.);
#9934=FACE_BOUND('',#9226,.T.);
#9935=FACE_BOUND('',#9227,.T.);
#9936=FACE_BOUND('',#9228,.T.);
#9937=FACE_BOUND('',#9229,.T.);
#9938=FACE_BOUND('',#9230,.T.);
#9939=FACE_BOUND('',#9231,.T.);
#9940=FACE_BOUND('',#9232,.T.);
#9941=FACE_BOUND('',#9233,.T.);
#9942=FACE_BOUND('',#9234,.T.);
#9943=FACE_BOUND('',#9235,.T.);
#9944=FACE_BOUND('',#9236,.T.);
#9945=FACE_BOUND('',#9237,.T.);
#9946=FACE_BOUND('',#9238,.T.);
#9947=FACE_BOUND('',#9239,.T.);
#9948=FACE_BOUND('',#9240,.T.);
#9949=FACE_BOUND('',#9241,.T.);
#9950=FACE_BOUND('',#9242,.T.);
#9951=FACE_BOUND('',#9243,.T.);
#9952=FACE_BOUND('',#9244,.T.);
#9953=FACE_BOUND('',#9245,.T.);
#9954=FACE_BOUND('',#9246,.T.);
#9955=FACE_BOUND('',#9247,.T.);
#9956=FACE_BOUND('',#9248,.T.);
#9957=FACE_BOUND('',#9249,.T.);
#9958=FACE_BOUND('',#9250,.T.);
#9959=FACE_BOUND('',#9251,.T.);
#9960=FACE_BOUND('',#9252,.T.);
#9961=FACE_BOUND('',#9253,.T.);
#9962=FACE_BOUND('',#9254,.T.);
#9963=FACE_BOUND('',#9255,.T.);
#9964=FACE_BOUND('',#9256,.T.);
#9965=FACE_BOUND('',#9257,.T.);
#9966=FACE_BOUND('',#9258,.T.);
#9967=FACE_BOUND('',#9259,.T.);
#9968=FACE_BOUND('',#9260,.T.);
#9969=FACE_BOUND('',#9261,.T.);
#9970=FACE_BOUND('',#9262,.T.);
#9971=FACE_BOUND('',#9263,.T.);
#9972=FACE_BOUND('',#9264,.T.);
#9973=FACE_BOUND('',#9265,.T.);
#9974=FACE_BOUND('',#9266,.T.);
#9975=FACE_BOUND('',#9267,.T.);
#9976=FACE_BOUND('',#9268,.T.);
#9977=FACE_BOUND('',#9269,.T.);
#9978=FACE_BOUND('',#9270,.T.);
#9979=FACE_BOUND('',#9271,.T.);
#9980=FACE_BOUND('',#9272,.T.);
#9981=FACE_BOUND('',#9273,.T.);
#9982=FACE_BOUND('',#9274,.T.);
#9983=FACE_BOUND('',#9275,.T.);
#9984=FACE_BOUND('',#9276,.T.);
#9985=FACE_BOUND('',#9277,.T.);
#9986=FACE_BOUND('',#9278,.T.);
#9987=FACE_BOUND('',#9279,.T.);
#9988=FACE_BOUND('',#9280,.T.);
#9989=FACE_BOUND('',#9281,.T.);
#9990=FACE_BOUND('',#9282,.T.);
#9991=FACE_BOUND('',#9283,.T.);
#9992=FACE_BOUND('',#9284,.T.);
#9993=FACE_BOUND('',#9285,.T.);
#9994=FACE_BOUND('',#9286,.T.);
#9995=FACE_BOUND('',#9287,.T.);
#9996=FACE_BOUND('',#9288,.T.);
#9997=FACE_BOUND('',#9289,.T.);
#9998=FACE_BOUND('',#9290,.T.);
#9999=FACE_BOUND('',#9291,.T.);
#10000=FACE_BOUND('',#9292,.T.);
#10001=FACE_BOUND('',#9293,.T.);
#10002=FACE_BOUND('',#9294,.T.);
#10003=FACE_BOUND('',#9295,.T.);
#10004=FACE_BOUND('',#9296,.T.);
#10005=FACE_BOUND('',#9297,.T.);
#10006=FACE_BOUND('',#9298,.T.);
#10007=FACE_BOUND('',#9299,.T.);
#10008=FACE_BOUND('',#9300,.T.);
#10009=FACE_BOUND('',#9301,.T.);
#10010=FACE_BOUND('',#9302,.T.);
#10011=FACE_BOUND('',#9303,.T.);
#10012=FACE_BOUND('',#9304,.T.);
#10013=FACE_BOUND('',#9305,.T.);
#10014=FACE_BOUND('',#9306,.T.);
#10015=FACE_BOUND('',#9307,.T.);
#10016=FACE_BOUND('',#9308,.T.);
#10017=FACE_BOUND('',#9309,.T.);
#10018=FACE_BOUND('',#9310,.T.);
#10019=FACE_BOUND('',#9311,.T.);
#10020=FACE_BOUND('',#9312,.T.);
#10021=FACE_BOUND('',#9313,.T.);
#10022=FACE_BOUND('',#9314,.T.);
#10023=FACE_BOUND('',#9315,.T.);
#10024=FACE_BOUND('',#9316,.T.);
#10025=FACE_BOUND('',#9317,.T.);
#10026=FACE_BOUND('',#9318,.T.);
#10027=FACE_BOUND('',#9319,.T.);
#10028=FACE_BOUND('',#9320,.T.);
#10029=FACE_BOUND('',#9321,.T.);
#10030=FACE_BOUND('',#9322,.T.);
#10031=FACE_BOUND('',#9323,.T.);
#10032=FACE_BOUND('',#9324,.T.);
#10033=FACE_BOUND('',#9325,.T.);
#10034=FACE_BOUND('',#9326,.T.);
#10035=FACE_BOUND('',#9327,.T.);
#10036=FACE_BOUND('',#9328,.T.);
#10037=FACE_BOUND('',#9329,.T.);
#10038=FACE_BOUND('',#9330,.T.);
#10039=FACE_BOUND('',#9331,.T.);
#10040=FACE_BOUND('',#9332,.T.);
#10041=FACE_BOUND('',#9333,.T.);
#10042=FACE_BOUND('',#9334,.T.);
#10043=FACE_BOUND('',#9335,.T.);
#10044=FACE_BOUND('',#9336,.T.);
#10045=FACE_BOUND('',#9337,.T.);
#10046=FACE_BOUND('',#9338,.T.);
#10047=FACE_BOUND('',#9339,.T.);
#10048=FACE_BOUND('',#9340,.T.);
#10049=FACE_BOUND('',#9341,.T.);
#10050=FACE_BOUND('',#9342,.T.);
#10051=FACE_BOUND('',#9343,.T.);
#10052=FACE_BOUND('',#9344,.T.);
#10053=FACE_BOUND('',#9345,.T.);
#10054=FACE_BOUND('',#9346,.T.);
#10055=FACE_BOUND('',#9347,.T.);
#10056=FACE_BOUND('',#9348,.T.);
#10057=FACE_BOUND('',#9349,.T.);
#10058=FACE_BOUND('',#9350,.T.);
#10059=FACE_BOUND('',#9351,.T.);
#10060=FACE_BOUND('',#9352,.T.);
#10061=FACE_BOUND('',#9353,.T.);
#10062=FACE_BOUND('',#9354,.T.);
#10063=FACE_BOUND('',#9355,.T.);
#10064=FACE_BOUND('',#9356,.T.);
#10065=FACE_BOUND('',#9357,.T.);
#10066=FACE_BOUND('',#9358,.T.);
#10067=FACE_BOUND('',#9359,.T.);
#10068=FACE_BOUND('',#9360,.T.);
#10069=FACE_BOUND('',#9361,.T.);
#10070=FACE_BOUND('',#9362,.T.);
#10071=FACE_BOUND('',#9363,.T.);
#10072=FACE_BOUND('',#9364,.T.);
#10073=FACE_BOUND('',#9365,.T.);
#10074=FACE_BOUND('',#9366,.T.);
#10075=FACE_BOUND('',#9367,.T.);
#10076=FACE_BOUND('',#9368,.T.);
#10077=FACE_BOUND('',#9369,.T.);
#10078=FACE_BOUND('',#9370,.T.);
#10079=FACE_BOUND('',#9371,.T.);
#10080=FACE_BOUND('',#9372,.T.);
#10081=FACE_BOUND('',#9373,.T.);
#10082=FACE_BOUND('',#9374,.T.);
#10083=FACE_BOUND('',#9375,.T.);
#10084=FACE_BOUND('',#9376,.T.);
#10085=FACE_BOUND('',#9377,.T.);
#10086=FACE_BOUND('',#9378,.T.);
#10087=FACE_BOUND('',#9379,.T.);
#10088=FACE_BOUND('',#9380,.T.);
#10089=FACE_BOUND('',#9381,.T.);
#10090=FACE_BOUND('',#9382,.T.);
#10091=FACE_BOUND('',#9383,.T.);
#10092=FACE_BOUND('',#9384,.T.);
#10093=FACE_BOUND('',#9385,.T.);
#10094=FACE_BOUND('',#9386,.T.);
#10095=FACE_BOUND('',#9387,.T.);
#10096=FACE_BOUND('',#9388,.T.);
#10097=FACE_BOUND('',#9389,.T.);
#10098=FACE_BOUND('',#9390,.T.);
#10099=FACE_BOUND('',#9391,.T.);
#10100=FACE_BOUND('',#9392,.T.);
#10101=FACE_BOUND('',#9393,.T.);
#10102=FACE_BOUND('',#9394,.T.);
#10103=FACE_BOUND('',#9395,.T.);
#10104=FACE_BOUND('',#9396,.T.);
#10105=FACE_BOUND('',#9397,.T.);
#10106=FACE_BOUND('',#9398,.T.);
#10107=FACE_BOUND('',#9399,.T.);
#10108=FACE_BOUND('',#9400,.T.);
#10109=FACE_BOUND('',#9401,.T.);
#10110=FACE_BOUND('',#9402,.T.);
#10111=FACE_BOUND('',#9403,.T.);
#10112=FACE_BOUND('',#9404,.T.);
#10113=FACE_BOUND('',#9405,.T.);
#10114=FACE_BOUND('',#9406,.T.);
#10115=FACE_BOUND('',#9407,.T.);
#10116=FACE_BOUND('',#9408,.T.);
#10117=FACE_BOUND('',#9409,.T.);
#10118=FACE_BOUND('',#9410,.T.);
#10119=FACE_BOUND('',#9411,.T.);
#10120=FACE_BOUND('',#9412,.T.);
#10121=FACE_BOUND('',#9413,.T.);
#10122=FACE_BOUND('',#9414,.T.);
#10123=FACE_BOUND('',#9415,.T.);
#10124=FACE_BOUND('',#9416,.T.);
#10125=FACE_BOUND('',#9417,.T.);
#10126=FACE_BOUND('',#9418,.T.);
#10127=FACE_BOUND('',#9419,.T.);
#10128=FACE_BOUND('',#9420,.T.);
#10129=FACE_BOUND('',#9421,.T.);
#10130=FACE_BOUND('',#9422,.T.);
#10131=FACE_BOUND('',#9423,.T.);
#10132=FACE_BOUND('',#9424,.T.);
#10133=FACE_BOUND('',#9425,.T.);
#10134=FACE_BOUND('',#9426,.T.);
#10135=FACE_BOUND('',#9427,.T.);
#10136=FACE_BOUND('',#9428,.T.);
#10137=FACE_BOUND('',#9429,.T.);
#10138=FACE_BOUND('',#9430,.T.);
#10139=FACE_BOUND('',#9431,.T.);
#10140=FACE_BOUND('',#9432,.T.);
#10141=FACE_BOUND('',#9433,.T.);
#10142=FACE_BOUND('',#9434,.T.);
#10143=FACE_BOUND('',#9435,.T.);
#10144=FACE_BOUND('',#9436,.T.);
#10145=FACE_BOUND('',#9437,.T.);
#10146=FACE_BOUND('',#9438,.T.);
#10147=FACE_BOUND('',#9439,.T.);
#10148=FACE_BOUND('',#9440,.T.);
#10149=FACE_BOUND('',#9441,.T.);
#10150=FACE_BOUND('',#9442,.T.);
#10151=FACE_BOUND('',#9443,.T.);
#10152=FACE_BOUND('',#9444,.T.);
#10153=FACE_BOUND('',#9445,.T.);
#10154=FACE_BOUND('',#9446,.T.);
#10155=FACE_BOUND('',#9447,.T.);
#10156=FACE_BOUND('',#9448,.T.);
#10157=FACE_BOUND('',#9449,.T.);
#10158=FACE_BOUND('',#9450,.T.);
#10159=FACE_BOUND('',#9451,.T.);
#10160=FACE_BOUND('',#9452,.T.);
#10161=FACE_BOUND('',#9453,.T.);
#10162=FACE_BOUND('',#9454,.T.);
#10163=FACE_BOUND('',#9455,.T.);
#10164=FACE_BOUND('',#9456,.T.);
#10165=FACE_BOUND('',#9457,.T.);
#10166=FACE_BOUND('',#9458,.T.);
#10167=FACE_BOUND('',#9459,.T.);
#10168=FACE_BOUND('',#9460,.T.);
#10169=FACE_BOUND('',#9461,.T.);
#10170=FACE_BOUND('',#9462,.T.);
#10171=FACE_BOUND('',#9463,.T.);
#10172=FACE_BOUND('',#9464,.T.);
#10173=FACE_BOUND('',#9465,.T.);
#10174=FACE_BOUND('',#9466,.T.);
#10175=FACE_BOUND('',#9467,.T.);
#10176=FACE_BOUND('',#9468,.T.);
#10177=FACE_BOUND('',#9469,.T.);
#10178=FACE_BOUND('',#9470,.T.);
#10179=FACE_BOUND('',#9471,.T.);
#10180=FACE_BOUND('',#9472,.T.);
#10181=FACE_BOUND('',#9473,.T.);
#10182=FACE_BOUND('',#9474,.T.);
#10183=FACE_BOUND('',#9475,.T.);
#10184=FACE_BOUND('',#9476,.T.);
#10185=FACE_BOUND('',#9477,.T.);
#10186=FACE_BOUND('',#9478,.T.);
#10187=FACE_BOUND('',#9479,.T.);
#10188=FACE_BOUND('',#9480,.T.);
#10189=FACE_BOUND('',#9481,.T.);
#10190=FACE_BOUND('',#9482,.T.);
#10191=FACE_BOUND('',#9483,.T.);
#10192=FACE_BOUND('',#9484,.T.);
#10193=FACE_BOUND('',#9485,.T.);
#10194=FACE_BOUND('',#9486,.T.);
#10195=FACE_BOUND('',#9487,.T.);
#10196=FACE_BOUND('',#9488,.T.);
#10197=CYLINDRICAL_SURFACE('',#11081,0.00199999850585);
#10198=CYLINDRICAL_SURFACE('',#11084,0.00199999850585);
#10199=CYLINDRICAL_SURFACE('',#11087,0.002000002202773);
#10200=CYLINDRICAL_SURFACE('',#11123,0.00315505572632298);
#10201=CYLINDRICAL_SURFACE('',#11128,0.00399999850585);
#10202=CYLINDRICAL_SURFACE('',#11135,0.00399999850584988);
#10203=CYLINDRICAL_SURFACE('',#11140,0.002);
#10204=CYLINDRICAL_SURFACE('',#11143,0.002);
#10205=CYLINDRICAL_SURFACE('',#11146,0.002);
#10206=CYLINDRICAL_SURFACE('',#11149,0.002);
#10207=CYLINDRICAL_SURFACE('',#11152,0.002);
#10208=CYLINDRICAL_SURFACE('',#11155,0.002);
#10209=CYLINDRICAL_SURFACE('',#11158,0.002);
#10210=CYLINDRICAL_SURFACE('',#11161,0.002);
#10211=CYLINDRICAL_SURFACE('',#11164,0.002);
#10212=CYLINDRICAL_SURFACE('',#11167,0.002);
#10213=CYLINDRICAL_SURFACE('',#11170,0.002);
#10214=CYLINDRICAL_SURFACE('',#11173,0.002);
#10215=CYLINDRICAL_SURFACE('',#11176,0.002);
#10216=CYLINDRICAL_SURFACE('',#11179,0.002);
#10217=CYLINDRICAL_SURFACE('',#11182,0.002);
#10218=CYLINDRICAL_SURFACE('',#11185,0.002);
#10219=CYLINDRICAL_SURFACE('',#11188,0.002);
#10220=CYLINDRICAL_SURFACE('',#11318,0.0011);
#10221=CYLINDRICAL_SURFACE('',#11319,0.0011);
#10222=CYLINDRICAL_SURFACE('',#11320,0.0011);
#10223=CYLINDRICAL_SURFACE('',#11321,0.0011);
#10224=CYLINDRICAL_SURFACE('',#11322,0.0011);
#10225=CYLINDRICAL_SURFACE('',#11323,0.0011);
#10226=CYLINDRICAL_SURFACE('',#11325,0.001155055726323);
#10227=CYLINDRICAL_SURFACE('',#11328,0.00199999850585);
#10228=CYLINDRICAL_SURFACE('',#11331,0.00199999850585);
#10229=CYLINDRICAL_SURFACE('',#11334,0.00199999850585);
#10230=CYLINDRICAL_SURFACE('',#11335,0.00199999850585);
#10231=CYLINDRICAL_SURFACE('',#11337,0.00199999850585);
#10232=CYLINDRICAL_SURFACE('',#11338,0.002000002202773);
#10233=CYLINDRICAL_SURFACE('',#11340,0.00199999850585);
#10234=CYLINDRICAL_SURFACE('',#11342,0.001355255911432);
#10235=CYLINDRICAL_SURFACE('',#11346,0.00399999850584988);
#10236=CYLINDRICAL_SURFACE('',#11350,0.00335525591143199);
#10237=CYLINDRICAL_SURFACE('',#11352,0.00335525591143177);
#10238=CYLINDRICAL_SURFACE('',#11354,0.0033552559114323);
#10239=CYLINDRICAL_SURFACE('',#11357,0.00399999850585001);
#10240=CYLINDRICAL_SURFACE('',#11360,0.00400000220277283);
#10241=CYLINDRICAL_SURFACE('',#11363,0.00399999850584993);
#10242=CYLINDRICAL_SURFACE('',#11365,0.00399999850585007);
#10243=CYLINDRICAL_SURFACE('',#11366,0.002);
#10244=CYLINDRICAL_SURFACE('',#11368,0.002);
#10245=CYLINDRICAL_SURFACE('',#11378,0.0005);
#10246=CYLINDRICAL_SURFACE('',#11381,0.0005);
#10247=CYLINDRICAL_SURFACE('',#11384,0.0005);
#10248=CYLINDRICAL_SURFACE('',#11387,0.0005);
#10249=CYLINDRICAL_SURFACE('',#11389,0.0005);
#10250=CYLINDRICAL_SURFACE('',#11392,0.0005);
#10251=CYLINDRICAL_SURFACE('',#11395,0.0005);
#10252=CYLINDRICAL_SURFACE('',#11398,0.0005);
#10253=CYLINDRICAL_SURFACE('',#11400,0.0005);
#10254=CYLINDRICAL_SURFACE('',#11403,0.0005);
#10255=CYLINDRICAL_SURFACE('',#11406,0.0005);
#10256=CYLINDRICAL_SURFACE('',#11409,0.0005);
#10257=CYLINDRICAL_SURFACE('',#11411,0.00049999999999998);
#10258=CYLINDRICAL_SURFACE('',#11414,0.000500000000000011);
#10259=CYLINDRICAL_SURFACE('',#11417,0.0005);
#10260=CYLINDRICAL_SURFACE('',#11420,0.00049999999999998);
#10261=CYLINDRICAL_SURFACE('',#11422,0.0005);
#10262=CYLINDRICAL_SURFACE('',#11425,0.0005);
#10263=CYLINDRICAL_SURFACE('',#11428,0.0005);
#10264=CYLINDRICAL_SURFACE('',#11431,0.0005);
#10265=CYLINDRICAL_SURFACE('',#11433,0.0005);
#10266=CYLINDRICAL_SURFACE('',#11436,0.0005);
#10267=CYLINDRICAL_SURFACE('',#11439,0.0005);
#10268=CYLINDRICAL_SURFACE('',#11442,0.0005);
#10269=CYLINDRICAL_SURFACE('',#11444,0.0005);
#10270=CYLINDRICAL_SURFACE('',#11447,0.0005);
#10271=CYLINDRICAL_SURFACE('',#11450,0.0005);
#10272=CYLINDRICAL_SURFACE('',#11453,0.0005);
#10273=CYLINDRICAL_SURFACE('',#11455,0.0005);
#10274=CYLINDRICAL_SURFACE('',#11458,0.0005);
#10275=CYLINDRICAL_SURFACE('',#11461,0.0005);
#10276=CYLINDRICAL_SURFACE('',#11464,0.0005);
#10277=CYLINDRICAL_SURFACE('',#11466,0.0005);
#10278=CYLINDRICAL_SURFACE('',#11469,0.0005);
#10279=CYLINDRICAL_SURFACE('',#11472,0.0005);
#10280=CYLINDRICAL_SURFACE('',#11475,0.000500000000000014);
#10281=CYLINDRICAL_SURFACE('',#11477,0.0005);
#10282=CYLINDRICAL_SURFACE('',#11480,0.0005);
#10283=CYLINDRICAL_SURFACE('',#11483,0.0005);
#10284=CYLINDRICAL_SURFACE('',#11486,0.0005);
#10285=CYLINDRICAL_SURFACE('',#11488,0.0005);
#10286=CYLINDRICAL_SURFACE('',#11491,0.0005);
#10287=CYLINDRICAL_SURFACE('',#11494,0.0005);
#10288=CYLINDRICAL_SURFACE('',#11497,0.0005);
#10289=CYLINDRICAL_SURFACE('',#11499,0.0005);
#10290=CYLINDRICAL_SURFACE('',#11502,0.0005);
#10291=CYLINDRICAL_SURFACE('',#11505,0.0005);
#10292=CYLINDRICAL_SURFACE('',#11508,0.0005);
#10293=CYLINDRICAL_SURFACE('',#11510,0.0005);
#10294=CYLINDRICAL_SURFACE('',#11513,0.0005);
#10295=CYLINDRICAL_SURFACE('',#11516,0.0005);
#10296=CYLINDRICAL_SURFACE('',#11519,0.0005);
#10297=CYLINDRICAL_SURFACE('',#11521,0.0005);
#10298=CYLINDRICAL_SURFACE('',#11524,0.0005);
#10299=CYLINDRICAL_SURFACE('',#11527,0.0005);
#10300=CYLINDRICAL_SURFACE('',#11530,0.0005);
#10301=CYLINDRICAL_SURFACE('',#11532,0.0005);
#10302=CYLINDRICAL_SURFACE('',#11535,0.0005);
#10303=CYLINDRICAL_SURFACE('',#11538,0.0005);
#10304=CYLINDRICAL_SURFACE('',#11541,0.0005);
#10305=CYLINDRICAL_SURFACE('',#11543,0.0005);
#10306=CYLINDRICAL_SURFACE('',#11546,0.0005);
#10307=CYLINDRICAL_SURFACE('',#11549,0.0005);
#10308=CYLINDRICAL_SURFACE('',#11552,0.0005);
#10309=CYLINDRICAL_SURFACE('',#11572,0.002);
#10310=CYLINDRICAL_SURFACE('',#11573,0.002);
#10311=CYLINDRICAL_SURFACE('',#11575,0.002);
#10312=CYLINDRICAL_SURFACE('',#11579,0.002);
#10313=CYLINDRICAL_SURFACE('',#11580,0.002);
#10314=CYLINDRICAL_SURFACE('',#11582,0.002);
#10315=CYLINDRICAL_SURFACE('',#11583,0.002);
#10316=CYLINDRICAL_SURFACE('',#11584,0.002);
#10317=CYLINDRICAL_SURFACE('',#11586,0.002);
#10318=CYLINDRICAL_SURFACE('',#11590,0.002);
#10319=CYLINDRICAL_SURFACE('',#11592,0.002);
#10320=CYLINDRICAL_SURFACE('',#11593,0.002);
#10321=CYLINDRICAL_SURFACE('',#11594,0.0015);
#10322=CYLINDRICAL_SURFACE('',#11595,0.0015);
#10323=CYLINDRICAL_SURFACE('',#11596,0.0015);
#10324=CYLINDRICAL_SURFACE('',#11597,0.0015);
#10325=CYLINDRICAL_SURFACE('',#11598,0.0015);
#10326=CYLINDRICAL_SURFACE('',#11601,0.006);
#10327=CYLINDRICAL_SURFACE('',#11606,0.00535501629530903);
#10328=CYLINDRICAL_SURFACE('',#11610,0.00535501983624007);
#10329=CYLINDRICAL_SURFACE('',#11614,0.00535501629530902);
#10330=CYLINDRICAL_SURFACE('',#11618,0.00599999842259399);
#10331=CYLINDRICAL_SURFACE('',#11622,0.00599999850585001);
#10332=CYLINDRICAL_SURFACE('',#11627,0.00599999850585002);
#10333=CYLINDRICAL_SURFACE('',#11631,0.00602566067735898);
#10334=CYLINDRICAL_SURFACE('',#11649,0.0015);
#10335=CYLINDRICAL_SURFACE('',#11650,0.0015);
#10336=CYLINDRICAL_SURFACE('',#11651,0.0015);
#10337=CYLINDRICAL_SURFACE('',#11652,0.0015);
#10338=CYLINDRICAL_SURFACE('',#11653,0.0015);
#10339=CYLINDRICAL_SURFACE('',#11654,0.0015);
#10340=CYLINDRICAL_SURFACE('',#11658,0.00315505273174701);
#10341=CYLINDRICAL_SURFACE('',#11663,0.00399999850585002);
#10342=CYLINDRICAL_SURFACE('',#11670,0.00399999850585001);
#10343=CYLINDRICAL_SURFACE('',#11674,0.002);
#10344=CYLINDRICAL_SURFACE('',#11677,0.002);
#10345=CYLINDRICAL_SURFACE('',#11680,0.002);
#10346=CYLINDRICAL_SURFACE('',#11780,0.0011);
#10347=CYLINDRICAL_SURFACE('',#11782,0.0011);
#10348=CYLINDRICAL_SURFACE('',#11784,0.0011);
#10349=CYLINDRICAL_SURFACE('',#11786,0.0011);
#10350=CYLINDRICAL_SURFACE('',#11788,0.0011);
#10351=CYLINDRICAL_SURFACE('',#11790,0.0011);
#10352=CYLINDRICAL_SURFACE('',#11820,0.006);
#10353=CYLINDRICAL_SURFACE('',#11825,0.00535501629530903);
#10354=CYLINDRICAL_SURFACE('',#11829,0.00535501983624007);
#10355=CYLINDRICAL_SURFACE('',#11833,0.00535501629530902);
#10356=CYLINDRICAL_SURFACE('',#11837,0.00599999842259399);
#10357=CYLINDRICAL_SURFACE('',#11841,0.00599999850585001);
#10358=CYLINDRICAL_SURFACE('',#11846,0.00599999850585002);
#10359=CYLINDRICAL_SURFACE('',#11850,0.00602566067735898);
#10360=CYLINDRICAL_SURFACE('',#11854,0.00199999850585);
#10361=CYLINDRICAL_SURFACE('',#11857,0.002025660677359);
#10362=CYLINDRICAL_SURFACE('',#11860,0.00199999850585);
#10363=CYLINDRICAL_SURFACE('',#11863,0.00199999850585);
#10364=CYLINDRICAL_SURFACE('',#11866,0.00199999850585);
#10365=CYLINDRICAL_SURFACE('',#11869,0.001999998422594);
#10366=CYLINDRICAL_SURFACE('',#11872,0.001355016295309);
#10367=CYLINDRICAL_SURFACE('',#11875,0.00135501983624);
#10368=CYLINDRICAL_SURFACE('',#11878,0.001355016295309);
#10369=CYLINDRICAL_SURFACE('',#11881,0.001155052731747);
#10370=CYLINDRICAL_SURFACE('',#11884,0.002);
#10371=CYLINDRICAL_SURFACE('',#11894,0.0015);
#10372=CYLINDRICAL_SURFACE('',#11895,0.0015);
#10373=CYLINDRICAL_SURFACE('',#11896,0.0015);
#10374=CYLINDRICAL_SURFACE('',#11897,0.0015);
#10375=CYLINDRICAL_SURFACE('',#11898,0.0015);
#10376=CYLINDRICAL_SURFACE('',#11899,0.0015);
#10377=CYLINDRICAL_SURFACE('',#11900,0.002);
#10378=CYLINDRICAL_SURFACE('',#11902,0.002);
#10379=CYLINDRICAL_SURFACE('',#11904,0.002);
#10380=CYLINDRICAL_SURFACE('',#11906,0.002);
#10381=CYLINDRICAL_SURFACE('',#11908,0.002);
#10382=CYLINDRICAL_SURFACE('',#11910,0.002);
#10383=CYLINDRICAL_SURFACE('',#11912,0.002);
#10384=CYLINDRICAL_SURFACE('',#11914,0.002);
#10385=CYLINDRICAL_SURFACE('',#11916,0.002);
#10386=CYLINDRICAL_SURFACE('',#11918,0.002);
#10387=CYLINDRICAL_SURFACE('',#11920,0.002);
#10388=CYLINDRICAL_SURFACE('',#11922,0.002);
#10389=CYLINDRICAL_SURFACE('',#11924,0.002);
#10390=CYLINDRICAL_SURFACE('',#11934,0.0005);
#10391=CYLINDRICAL_SURFACE('',#11937,0.000500000000000028);
#10392=CYLINDRICAL_SURFACE('',#11940,0.000500000000000028);
#10393=CYLINDRICAL_SURFACE('',#11943,0.0005);
#10394=CYLINDRICAL_SURFACE('',#11945,0.00049999999999998);
#10395=CYLINDRICAL_SURFACE('',#11948,0.000516083332522408);
#10396=CYLINDRICAL_SURFACE('',#11951,0.000500000000000032);
#10397=CYLINDRICAL_SURFACE('',#11954,0.00049999999999998);
#10398=CYLINDRICAL_SURFACE('',#11956,0.0005);
#10399=CYLINDRICAL_SURFACE('',#11959,0.000500000000000021);
#10400=CYLINDRICAL_SURFACE('',#11962,0.000500000000000021);
#10401=CYLINDRICAL_SURFACE('',#11965,0.0005);
#10402=CYLINDRICAL_SURFACE('',#11967,0.0005);
#10403=CYLINDRICAL_SURFACE('',#11970,0.0005);
#10404=CYLINDRICAL_SURFACE('',#11973,0.0005);
#10405=CYLINDRICAL_SURFACE('',#11976,0.0005);
#10406=CYLINDRICAL_SURFACE('',#11978,0.000499999999999987);
#10407=CYLINDRICAL_SURFACE('',#11981,0.000499999999999987);
#10408=CYLINDRICAL_SURFACE('',#11984,0.0005);
#10409=CYLINDRICAL_SURFACE('',#11987,0.0005);
#10410=CYLINDRICAL_SURFACE('',#11989,0.000499999999999973);
#10411=CYLINDRICAL_SURFACE('',#11992,0.000499999999999987);
#10412=CYLINDRICAL_SURFACE('',#11995,0.0005);
#10413=CYLINDRICAL_SURFACE('',#11998,0.000499999999999987);
#10414=CYLINDRICAL_SURFACE('',#12000,0.000499999999999966);
#10415=CYLINDRICAL_SURFACE('',#12003,0.000499999999999987);
#10416=CYLINDRICAL_SURFACE('',#12006,0.0005);
#10417=CYLINDRICAL_SURFACE('',#12009,0.00049999999999998);
#10418=CYLINDRICAL_SURFACE('',#12011,0.000499999999999987);
#10419=CYLINDRICAL_SURFACE('',#12014,0.000500000000000007);
#10420=CYLINDRICAL_SURFACE('',#12017,0.000500000000000021);
#10421=CYLINDRICAL_SURFACE('',#12020,0.0005);
#10422=CYLINDRICAL_SURFACE('',#12022,0.000499999999999987);
#10423=CYLINDRICAL_SURFACE('',#12025,0.000499999999999987);
#10424=CYLINDRICAL_SURFACE('',#12028,0.0005);
#10425=CYLINDRICAL_SURFACE('',#12031,0.0005);
#10426=CYLINDRICAL_SURFACE('',#12033,0.0005);
#10427=CYLINDRICAL_SURFACE('',#12036,0.0005);
#10428=CYLINDRICAL_SURFACE('',#12039,0.0005);
#10429=CYLINDRICAL_SURFACE('',#12042,0.0005);
#10430=CYLINDRICAL_SURFACE('',#12044,0.000499999999999987);
#10431=CYLINDRICAL_SURFACE('',#12047,0.0005);
#10432=CYLINDRICAL_SURFACE('',#12050,0.0005);
#10433=CYLINDRICAL_SURFACE('',#12053,0.000499999999999987);
#10434=CYLINDRICAL_SURFACE('',#12055,0.00049999999999998);
#10435=CYLINDRICAL_SURFACE('',#12058,0.0005);
#10436=CYLINDRICAL_SURFACE('',#12061,0.000500000000000014);
#10437=CYLINDRICAL_SURFACE('',#12064,0.000499999999999994);
#10438=CYLINDRICAL_SURFACE('',#12066,0.0005);
#10439=CYLINDRICAL_SURFACE('',#12069,0.000500000000000021);
#10440=CYLINDRICAL_SURFACE('',#12072,0.000500000000000035);
#10441=CYLINDRICAL_SURFACE('',#12075,0.000500000000000014);
#10442=CYLINDRICAL_SURFACE('',#12077,0.0005);
#10443=CYLINDRICAL_SURFACE('',#12080,0.0005);
#10444=CYLINDRICAL_SURFACE('',#12083,0.000500000000000014);
#10445=CYLINDRICAL_SURFACE('',#12086,0.000500000000000014);
#10446=CYLINDRICAL_SURFACE('',#12088,0.0005);
#10447=CYLINDRICAL_SURFACE('',#12091,0.0005);
#10448=CYLINDRICAL_SURFACE('',#12094,0.0005);
#10449=CYLINDRICAL_SURFACE('',#12097,0.0005);
#10450=CYLINDRICAL_SURFACE('',#12099,0.00049999999999999);
#10451=CYLINDRICAL_SURFACE('',#12102,0.0005);
#10452=CYLINDRICAL_SURFACE('',#12105,0.0005);
#10453=CYLINDRICAL_SURFACE('',#12108,0.000499999999999987);
#10454=CYLINDRICAL_SURFACE('',#12128,0.002);
#10455=CYLINDRICAL_SURFACE('',#12129,0.002);
#10456=CYLINDRICAL_SURFACE('',#12132,0.002);
#10457=CYLINDRICAL_SURFACE('',#12134,0.002);
#10458=CYLINDRICAL_SURFACE('',#12135,0.002);
#10459=CYLINDRICAL_SURFACE('',#12140,0.002);
#10460=CYLINDRICAL_SURFACE('',#12142,0.002);
#10461=CYLINDRICAL_SURFACE('',#12146,0.002);
#10462=CYLINDRICAL_SURFACE('',#12147,0.002);
#10463=CYLINDRICAL_SURFACE('',#12153,0.002);
#10464=CYLINDRICAL_SURFACE('',#12155,0.002);
#10465=CYLINDRICAL_SURFACE('',#12159,0.002);
#10466=CYLINDRICAL_SURFACE('',#12163,0.00399999850584988);
#10467=CYLINDRICAL_SURFACE('',#12168,0.00335525591143199);
#10468=CYLINDRICAL_SURFACE('',#12172,0.00335525591143177);
#10469=CYLINDRICAL_SURFACE('',#12176,0.0033552559114323);
#10470=CYLINDRICAL_SURFACE('',#12180,0.00399999850585001);
#10471=CYLINDRICAL_SURFACE('',#12184,0.00400000220277283);
#10472=CYLINDRICAL_SURFACE('',#12189,0.00399999850584993);
#10473=CYLINDRICAL_SURFACE('',#12193,0.00399999850585007);
#10474=CYLINDRICAL_SURFACE('',#12208,0.0015);
#10475=CYLINDRICAL_SURFACE('',#12209,0.0015);
#10476=CYLINDRICAL_SURFACE('',#12210,0.0015);
#10477=CYLINDRICAL_SURFACE('',#12211,0.0015);
#10478=CYLINDRICAL_SURFACE('',#12212,0.0015);
#10479=ADVANCED_FACE('',(#9489),#10197,.F.);
#10480=ADVANCED_FACE('',(#9490),#10198,.F.);
#10481=ADVANCED_FACE('',(#9491),#10199,.F.);
#10482=ADVANCED_FACE('',(#9492),#321,.T.);
#10483=ADVANCED_FACE('',(#9493),#282,.T.);
#10484=ADVANCED_FACE('',(#9494),#322,.T.);
#10485=ADVANCED_FACE('',(#9495),#323,.T.);
#10486=ADVANCED_FACE('',(#9496),#324,.T.);
#10487=ADVANCED_FACE('',(#9497),#24,.F.);
#10488=ADVANCED_FACE('',(#9498),#25,.F.);
#10489=ADVANCED_FACE('',(#9499),#26,.F.);
#10490=ADVANCED_FACE('',(#9500),#27,.F.);
#10491=ADVANCED_FACE('',(#9501),#28,.F.);
#10492=ADVANCED_FACE('',(#9502),#29,.F.);
#10493=ADVANCED_FACE('',(#9503),#30,.F.);
#10494=ADVANCED_FACE('',(#9504),#31,.F.);
#10495=ADVANCED_FACE('',(#9505),#32,.T.);
#10496=ADVANCED_FACE('',(#9506),#33,.T.);
#10497=ADVANCED_FACE('',(#9507),#34,.F.);
#10498=ADVANCED_FACE('',(#9508),#10200,.T.);
#10499=ADVANCED_FACE('',(#9509),#35,.F.);
#10500=ADVANCED_FACE('',(#9510),#36,.F.);
#10501=ADVANCED_FACE('',(#9511),#10201,.T.);
#10502=ADVANCED_FACE('',(#9512),#37,.F.);
#10503=ADVANCED_FACE('',(#9513),#38,.F.);
#10504=ADVANCED_FACE('',(#9514),#39,.F.);
#10505=ADVANCED_FACE('',(#9515),#40,.F.);
#10506=ADVANCED_FACE('',(#9516),#10202,.T.);
#10507=ADVANCED_FACE('',(#9517),#41,.F.);
#10508=ADVANCED_FACE('',(#9518),#42,.F.);
#10509=ADVANCED_FACE('',(#9519),#10203,.F.);
#10510=ADVANCED_FACE('',(#9520),#10204,.F.);
#10511=ADVANCED_FACE('',(#9521),#10205,.F.);
#10512=ADVANCED_FACE('',(#9522),#10206,.F.);
#10513=ADVANCED_FACE('',(#9523),#10207,.F.);
#10514=ADVANCED_FACE('',(#9524),#10208,.F.);
#10515=ADVANCED_FACE('',(#9525),#10209,.F.);
#10516=ADVANCED_FACE('',(#9526),#10210,.T.);
#10517=ADVANCED_FACE('',(#9527),#10211,.T.);
#10518=ADVANCED_FACE('',(#9528),#10212,.T.);
#10519=ADVANCED_FACE('',(#9529),#10213,.T.);
#10520=ADVANCED_FACE('',(#9530),#10214,.F.);
#10521=ADVANCED_FACE('',(#9531),#10215,.F.);
#10522=ADVANCED_FACE('',(#9532),#10216,.F.);
#10523=ADVANCED_FACE('',(#9533),#10217,.F.);
#10524=ADVANCED_FACE('',(#9534),#10218,.F.);
#10525=ADVANCED_FACE('',(#9535),#10219,.F.);
#10526=ADVANCED_FACE('',(#9536,#9537,#9538,#9539,#9540,#9541,#9542,#9543,
#9544,#9545,#9546,#9547,#9548,#9549,#9550,#9551,#9552,#9553,#9554,#9555,
#9556,#9557,#9558,#9559),#43,.T.);
#10527=ADVANCED_FACE('',(#9560),#44,.T.);
#10528=ADVANCED_FACE('',(#9561,#9562,#9563,#9564,#9565,#9566,#9567),#45,
 .F.);
#10529=ADVANCED_FACE('',(#9568),#46,.F.);
#10530=ADVANCED_FACE('',(#9569),#47,.F.);
#10531=ADVANCED_FACE('',(#9570,#9571),#10220,.F.);
#10532=ADVANCED_FACE('',(#9572,#9573),#10221,.F.);
#10533=ADVANCED_FACE('',(#9574,#9575),#10222,.F.);
#10534=ADVANCED_FACE('',(#9576,#9577),#10223,.F.);
#10535=ADVANCED_FACE('',(#9578,#9579),#10224,.F.);
#10536=ADVANCED_FACE('',(#9580,#9581),#10225,.F.);
#10537=ADVANCED_FACE('',(#9582),#48,.F.);
#10538=ADVANCED_FACE('',(#9583),#10226,.T.);
#10539=ADVANCED_FACE('',(#9584),#49,.F.);
#10540=ADVANCED_FACE('',(#9585),#50,.F.);
#10541=ADVANCED_FACE('',(#9586),#10227,.T.);
#10542=ADVANCED_FACE('',(#9587),#51,.F.);
#10543=ADVANCED_FACE('',(#9588),#52,.F.);
#10544=ADVANCED_FACE('',(#9589),#10228,.T.);
#10545=ADVANCED_FACE('',(#9590),#53,.F.);
#10546=ADVANCED_FACE('',(#9591),#54,.F.);
#10547=ADVANCED_FACE('',(#9592),#10229,.F.);
#10548=ADVANCED_FACE('',(#9593),#10230,.F.);
#10549=ADVANCED_FACE('',(#9594),#55,.F.);
#10550=ADVANCED_FACE('',(#9595),#10231,.F.);
#10551=ADVANCED_FACE('',(#9596),#10232,.F.);
#10552=ADVANCED_FACE('',(#9597),#56,.F.);
#10553=ADVANCED_FACE('',(#9598),#10233,.F.);
#10554=ADVANCED_FACE('',(#9599),#57,.F.);
#10555=ADVANCED_FACE('',(#9600),#10234,.F.);
#10556=ADVANCED_FACE('',(#9601),#58,.F.);
#10557=ADVANCED_FACE('',(#9602),#59,.T.);
#10558=ADVANCED_FACE('',(#9603),#60,.T.);
#10559=ADVANCED_FACE('',(#9604),#10235,.T.);
#10560=ADVANCED_FACE('',(#9605),#61,.T.);
#10561=ADVANCED_FACE('',(#9606),#62,.T.);
#10562=ADVANCED_FACE('',(#9607),#10236,.T.);
#10563=ADVANCED_FACE('',(#9608),#63,.T.);
#10564=ADVANCED_FACE('',(#9609),#10237,.T.);
#10565=ADVANCED_FACE('',(#9610),#64,.T.);
#10566=ADVANCED_FACE('',(#9611),#10238,.T.);
#10567=ADVANCED_FACE('',(#9612),#65,.T.);
#10568=ADVANCED_FACE('',(#9613),#10239,.T.);
#10569=ADVANCED_FACE('',(#9614),#66,.T.);
#10570=ADVANCED_FACE('',(#9615),#10240,.T.);
#10571=ADVANCED_FACE('',(#9616),#67,.T.);
#10572=ADVANCED_FACE('',(#9617),#68,.T.);
#10573=ADVANCED_FACE('',(#9618),#10241,.T.);
#10574=ADVANCED_FACE('',(#9619),#69,.T.);
#10575=ADVANCED_FACE('',(#9620),#10242,.T.);
#10576=ADVANCED_FACE('',(#9621),#10243,.T.);
#10577=ADVANCED_FACE('',(#9622),#10244,.T.);
#10578=ADVANCED_FACE('',(#9623),#70,.F.);
#10579=ADVANCED_FACE('',(#9624),#71,.T.);
#10580=ADVANCED_FACE('',(#9625),#72,.F.);
#10581=ADVANCED_FACE('',(#9626),#73,.F.);
#10582=ADVANCED_FACE('',(#9627),#74,.T.);
#10583=ADVANCED_FACE('',(#9628),#75,.T.);
#10584=ADVANCED_FACE('',(#9629),#10245,.F.);
#10585=ADVANCED_FACE('',(#9630),#76,.T.);
#10586=ADVANCED_FACE('',(#9631),#10246,.F.);
#10587=ADVANCED_FACE('',(#9632),#77,.T.);
#10588=ADVANCED_FACE('',(#9633),#10247,.F.);
#10589=ADVANCED_FACE('',(#9634),#78,.F.);
#10590=ADVANCED_FACE('',(#9635),#10248,.F.);
#10591=ADVANCED_FACE('',(#9636),#10249,.F.);
#10592=ADVANCED_FACE('',(#9637),#79,.T.);
#10593=ADVANCED_FACE('',(#9638),#10250,.F.);
#10594=ADVANCED_FACE('',(#9639),#80,.T.);
#10595=ADVANCED_FACE('',(#9640),#10251,.F.);
#10596=ADVANCED_FACE('',(#9641),#81,.F.);
#10597=ADVANCED_FACE('',(#9642),#10252,.F.);
#10598=ADVANCED_FACE('',(#9643),#10253,.F.);
#10599=ADVANCED_FACE('',(#9644),#82,.T.);
#10600=ADVANCED_FACE('',(#9645),#10254,.F.);
#10601=ADVANCED_FACE('',(#9646),#83,.T.);
#10602=ADVANCED_FACE('',(#9647),#10255,.F.);
#10603=ADVANCED_FACE('',(#9648),#84,.F.);
#10604=ADVANCED_FACE('',(#9649),#10256,.F.);
#10605=ADVANCED_FACE('',(#9650),#10257,.F.);
#10606=ADVANCED_FACE('',(#9651),#85,.T.);
#10607=ADVANCED_FACE('',(#9652),#10258,.F.);
#10608=ADVANCED_FACE('',(#9653),#86,.T.);
#10609=ADVANCED_FACE('',(#9654),#10259,.F.);
#10610=ADVANCED_FACE('',(#9655),#87,.F.);
#10611=ADVANCED_FACE('',(#9656),#10260,.F.);
#10612=ADVANCED_FACE('',(#9657),#10261,.F.);
#10613=ADVANCED_FACE('',(#9658),#88,.T.);
#10614=ADVANCED_FACE('',(#9659),#10262,.F.);
#10615=ADVANCED_FACE('',(#9660),#89,.T.);
#10616=ADVANCED_FACE('',(#9661),#10263,.F.);
#10617=ADVANCED_FACE('',(#9662),#90,.F.);
#10618=ADVANCED_FACE('',(#9663),#10264,.F.);
#10619=ADVANCED_FACE('',(#9664),#10265,.F.);
#10620=ADVANCED_FACE('',(#9665),#91,.T.);
#10621=ADVANCED_FACE('',(#9666),#10266,.F.);
#10622=ADVANCED_FACE('',(#9667),#92,.T.);
#10623=ADVANCED_FACE('',(#9668),#10267,.F.);
#10624=ADVANCED_FACE('',(#9669),#93,.F.);
#10625=ADVANCED_FACE('',(#9670),#10268,.F.);
#10626=ADVANCED_FACE('',(#9671),#10269,.F.);
#10627=ADVANCED_FACE('',(#9672),#94,.T.);
#10628=ADVANCED_FACE('',(#9673),#10270,.F.);
#10629=ADVANCED_FACE('',(#9674),#95,.T.);
#10630=ADVANCED_FACE('',(#9675),#10271,.F.);
#10631=ADVANCED_FACE('',(#9676),#96,.F.);
#10632=ADVANCED_FACE('',(#9677),#10272,.F.);
#10633=ADVANCED_FACE('',(#9678),#10273,.F.);
#10634=ADVANCED_FACE('',(#9679),#97,.T.);
#10635=ADVANCED_FACE('',(#9680),#10274,.F.);
#10636=ADVANCED_FACE('',(#9681),#98,.T.);
#10637=ADVANCED_FACE('',(#9682),#10275,.F.);
#10638=ADVANCED_FACE('',(#9683),#99,.F.);
#10639=ADVANCED_FACE('',(#9684),#10276,.F.);
#10640=ADVANCED_FACE('',(#9685),#10277,.F.);
#10641=ADVANCED_FACE('',(#9686),#100,.T.);
#10642=ADVANCED_FACE('',(#9687),#10278,.F.);
#10643=ADVANCED_FACE('',(#9688),#101,.T.);
#10644=ADVANCED_FACE('',(#9689),#10279,.F.);
#10645=ADVANCED_FACE('',(#9690),#102,.F.);
#10646=ADVANCED_FACE('',(#9691),#10280,.F.);
#10647=ADVANCED_FACE('',(#9692),#10281,.F.);
#10648=ADVANCED_FACE('',(#9693),#103,.T.);
#10649=ADVANCED_FACE('',(#9694),#10282,.F.);
#10650=ADVANCED_FACE('',(#9695),#104,.T.);
#10651=ADVANCED_FACE('',(#9696),#10283,.F.);
#10652=ADVANCED_FACE('',(#9697),#105,.F.);
#10653=ADVANCED_FACE('',(#9698),#10284,.F.);
#10654=ADVANCED_FACE('',(#9699),#10285,.F.);
#10655=ADVANCED_FACE('',(#9700),#106,.T.);
#10656=ADVANCED_FACE('',(#9701),#10286,.F.);
#10657=ADVANCED_FACE('',(#9702),#107,.T.);
#10658=ADVANCED_FACE('',(#9703),#10287,.F.);
#10659=ADVANCED_FACE('',(#9704),#108,.F.);
#10660=ADVANCED_FACE('',(#9705),#10288,.F.);
#10661=ADVANCED_FACE('',(#9706),#10289,.F.);
#10662=ADVANCED_FACE('',(#9707),#109,.T.);
#10663=ADVANCED_FACE('',(#9708),#10290,.F.);
#10664=ADVANCED_FACE('',(#9709),#110,.T.);
#10665=ADVANCED_FACE('',(#9710),#10291,.F.);
#10666=ADVANCED_FACE('',(#9711),#111,.F.);
#10667=ADVANCED_FACE('',(#9712),#10292,.F.);
#10668=ADVANCED_FACE('',(#9713),#10293,.F.);
#10669=ADVANCED_FACE('',(#9714),#112,.T.);
#10670=ADVANCED_FACE('',(#9715),#10294,.F.);
#10671=ADVANCED_FACE('',(#9716),#113,.T.);
#10672=ADVANCED_FACE('',(#9717),#10295,.F.);
#10673=ADVANCED_FACE('',(#9718),#114,.F.);
#10674=ADVANCED_FACE('',(#9719),#10296,.F.);
#10675=ADVANCED_FACE('',(#9720),#10297,.F.);
#10676=ADVANCED_FACE('',(#9721),#115,.T.);
#10677=ADVANCED_FACE('',(#9722),#10298,.F.);
#10678=ADVANCED_FACE('',(#9723),#116,.T.);
#10679=ADVANCED_FACE('',(#9724),#10299,.F.);
#10680=ADVANCED_FACE('',(#9725),#117,.F.);
#10681=ADVANCED_FACE('',(#9726),#10300,.F.);
#10682=ADVANCED_FACE('',(#9727),#10301,.F.);
#10683=ADVANCED_FACE('',(#9728),#118,.T.);
#10684=ADVANCED_FACE('',(#9729),#10302,.F.);
#10685=ADVANCED_FACE('',(#9730),#119,.T.);
#10686=ADVANCED_FACE('',(#9731),#10303,.F.);
#10687=ADVANCED_FACE('',(#9732),#120,.F.);
#10688=ADVANCED_FACE('',(#9733),#10304,.F.);
#10689=ADVANCED_FACE('',(#9734),#10305,.F.);
#10690=ADVANCED_FACE('',(#9735),#121,.T.);
#10691=ADVANCED_FACE('',(#9736),#10306,.F.);
#10692=ADVANCED_FACE('',(#9737),#122,.T.);
#10693=ADVANCED_FACE('',(#9738),#10307,.F.);
#10694=ADVANCED_FACE('',(#9739),#123,.F.);
#10695=ADVANCED_FACE('',(#9740),#10308,.F.);
#10696=ADVANCED_FACE('',(#9741),#124,.F.);
#10697=ADVANCED_FACE('',(#9742),#125,.F.);
#10698=ADVANCED_FACE('',(#9743),#126,.F.);
#10699=ADVANCED_FACE('',(#9744),#127,.F.);
#10700=ADVANCED_FACE('',(#9745),#128,.F.);
#10701=ADVANCED_FACE('',(#9746),#129,.F.);
#10702=ADVANCED_FACE('',(#9747),#130,.F.);
#10703=ADVANCED_FACE('',(#9748),#131,.F.);
#10704=ADVANCED_FACE('',(#9749),#132,.F.);
#10705=ADVANCED_FACE('',(#9750),#133,.F.);
#10706=ADVANCED_FACE('',(#9751),#134,.F.);
#10707=ADVANCED_FACE('',(#9752),#135,.F.);
#10708=ADVANCED_FACE('',(#9753),#136,.F.);
#10709=ADVANCED_FACE('',(#9754),#137,.F.);
#10710=ADVANCED_FACE('',(#9755),#138,.F.);
#10711=ADVANCED_FACE('',(#9756),#139,.F.);
#10712=ADVANCED_FACE('',(#9757),#140,.F.);
#10713=ADVANCED_FACE('',(#9758,#9759,#9760,#9761,#9762,#9763,#9764,#9765,
#9766,#9767,#9768,#9769,#9770,#9771,#9772,#9773,#9774,#9775),#141,.F.);
#10714=ADVANCED_FACE('',(#9776),#10309,.T.);
#10715=ADVANCED_FACE('',(#9777),#10310,.T.);
#10716=ADVANCED_FACE('',(#9778),#325,.T.);
#10717=ADVANCED_FACE('',(#9779),#10311,.T.);
#10718=ADVANCED_FACE('',(#9780),#326,.T.);
#10719=ADVANCED_FACE('',(#9781),#10312,.T.);
#10720=ADVANCED_FACE('',(#9782),#10313,.T.);
#10721=ADVANCED_FACE('',(#9783),#10314,.T.);
#10722=ADVANCED_FACE('',(#9784),#10315,.T.);
#10723=ADVANCED_FACE('',(#9785),#10316,.T.);
#10724=ADVANCED_FACE('',(#9786),#10317,.T.);
#10725=ADVANCED_FACE('',(#9787),#327,.T.);
#10726=ADVANCED_FACE('',(#9788),#10318,.T.);
#10727=ADVANCED_FACE('',(#9789),#10319,.T.);
#10728=ADVANCED_FACE('',(#9790),#10320,.T.);
#10729=ADVANCED_FACE('',(#9791,#9792),#10321,.F.);
#10730=ADVANCED_FACE('',(#9793,#9794),#10322,.F.);
#10731=ADVANCED_FACE('',(#9795,#9796),#10323,.F.);
#10732=ADVANCED_FACE('',(#9797,#9798),#10324,.F.);
#10733=ADVANCED_FACE('',(#9799,#9800),#10325,.F.);
#10734=ADVANCED_FACE('',(#9801),#142,.F.);
#10735=ADVANCED_FACE('',(#9802),#10326,.T.);
#10736=ADVANCED_FACE('',(#9803),#143,.F.);
#10737=ADVANCED_FACE('',(#9804),#144,.F.);
#10738=ADVANCED_FACE('',(#9805),#10327,.T.);
#10739=ADVANCED_FACE('',(#9806),#145,.F.);
#10740=ADVANCED_FACE('',(#9807),#10328,.T.);
#10741=ADVANCED_FACE('',(#9808),#146,.F.);
#10742=ADVANCED_FACE('',(#9809),#10329,.T.);
#10743=ADVANCED_FACE('',(#9810),#147,.F.);
#10744=ADVANCED_FACE('',(#9811),#10330,.T.);
#10745=ADVANCED_FACE('',(#9812),#148,.F.);
#10746=ADVANCED_FACE('',(#9813),#10331,.T.);
#10747=ADVANCED_FACE('',(#9814),#149,.F.);
#10748=ADVANCED_FACE('',(#9815),#150,.F.);
#10749=ADVANCED_FACE('',(#9816),#10332,.T.);
#10750=ADVANCED_FACE('',(#9817),#151,.F.);
#10751=ADVANCED_FACE('',(#9818),#10333,.T.);
#10752=ADVANCED_FACE('',(#9819),#152,.F.);
#10753=ADVANCED_FACE('',(#9820,#9821,#9822,#9823,#9824,#9825,#9826),#153,
 .T.);
#10754=ADVANCED_FACE('',(#9827,#9828,#9829,#9830,#9831,#9832,#9833),#154,
 .F.);
#10755=ADVANCED_FACE('',(#9834,#9835),#10334,.F.);
#10756=ADVANCED_FACE('',(#9836,#9837),#10335,.F.);
#10757=ADVANCED_FACE('',(#9838,#9839),#10336,.F.);
#10758=ADVANCED_FACE('',(#9840,#9841),#10337,.F.);
#10759=ADVANCED_FACE('',(#9842,#9843),#10338,.F.);
#10760=ADVANCED_FACE('',(#9844,#9845),#10339,.F.);
#10761=ADVANCED_FACE('',(#9846),#155,.T.);
#10762=ADVANCED_FACE('',(#9847),#156,.T.);
#10763=ADVANCED_FACE('',(#9848),#10340,.T.);
#10764=ADVANCED_FACE('',(#9849),#157,.T.);
#10765=ADVANCED_FACE('',(#9850),#158,.T.);
#10766=ADVANCED_FACE('',(#9851),#10341,.T.);
#10767=ADVANCED_FACE('',(#9852),#159,.T.);
#10768=ADVANCED_FACE('',(#9853),#160,.F.);
#10769=ADVANCED_FACE('',(#9854),#161,.F.);
#10770=ADVANCED_FACE('',(#9855),#162,.F.);
#10771=ADVANCED_FACE('',(#9856),#10342,.T.);
#10772=ADVANCED_FACE('',(#9857),#163,.T.);
#10773=ADVANCED_FACE('',(#9858),#10343,.T.);
#10774=ADVANCED_FACE('',(#9859),#10344,.T.);
#10775=ADVANCED_FACE('',(#9860),#10345,.T.);
#10776=ADVANCED_FACE('',(#9861),#164,.T.);
#10777=ADVANCED_FACE('',(#9862,#9863,#9864,#9865,#9866,#9867,#9868,#9869,
#9870,#9871,#9872,#9873,#9874,#9875,#9876,#9877,#9878,#9879,#9880,#9881,
#9882,#9883,#9884,#9885),#165,.F.);
#10778=ADVANCED_FACE('',(#9886),#166,.T.);
#10779=ADVANCED_FACE('',(#9887),#167,.F.);
#10780=ADVANCED_FACE('',(#9888),#168,.T.);
#10781=ADVANCED_FACE('',(#9889),#169,.T.);
#10782=ADVANCED_FACE('',(#9890),#170,.T.);
#10783=ADVANCED_FACE('',(#9891),#171,.T.);
#10784=ADVANCED_FACE('',(#9892),#172,.T.);
#10785=ADVANCED_FACE('',(#9893,#9894),#10346,.F.);
#10786=ADVANCED_FACE('',(#9895,#9896),#10347,.F.);
#10787=ADVANCED_FACE('',(#9897,#9898),#10348,.F.);
#10788=ADVANCED_FACE('',(#9899,#9900),#10349,.F.);
#10789=ADVANCED_FACE('',(#9901,#9902),#10350,.F.);
#10790=ADVANCED_FACE('',(#9903,#9904),#10351,.F.);
#10791=ADVANCED_FACE('',(#9905,#9906,#9907,#9908,#9909,#9910,#9911),#173,
 .T.);
#10792=ADVANCED_FACE('',(#9912),#174,.T.);
#10793=ADVANCED_FACE('',(#9913),#10352,.T.);
#10794=ADVANCED_FACE('',(#9914),#175,.T.);
#10795=ADVANCED_FACE('',(#9915),#176,.T.);
#10796=ADVANCED_FACE('',(#9916),#10353,.T.);
#10797=ADVANCED_FACE('',(#9917),#177,.T.);
#10798=ADVANCED_FACE('',(#9918),#10354,.T.);
#10799=ADVANCED_FACE('',(#9919),#178,.T.);
#10800=ADVANCED_FACE('',(#9920),#10355,.T.);
#10801=ADVANCED_FACE('',(#9921),#179,.T.);
#10802=ADVANCED_FACE('',(#9922),#10356,.T.);
#10803=ADVANCED_FACE('',(#9923),#180,.T.);
#10804=ADVANCED_FACE('',(#9924),#10357,.T.);
#10805=ADVANCED_FACE('',(#9925),#181,.T.);
#10806=ADVANCED_FACE('',(#9926),#182,.T.);
#10807=ADVANCED_FACE('',(#9927),#10358,.T.);
#10808=ADVANCED_FACE('',(#9928),#183,.T.);
#10809=ADVANCED_FACE('',(#9929),#10359,.T.);
#10810=ADVANCED_FACE('',(#9930),#184,.F.);
#10811=ADVANCED_FACE('',(#9931),#10360,.T.);
#10812=ADVANCED_FACE('',(#9932),#185,.F.);
#10813=ADVANCED_FACE('',(#9933),#10361,.F.);
#10814=ADVANCED_FACE('',(#9934),#186,.F.);
#10815=ADVANCED_FACE('',(#9935),#10362,.F.);
#10816=ADVANCED_FACE('',(#9936),#187,.F.);
#10817=ADVANCED_FACE('',(#9937),#10363,.T.);
#10818=ADVANCED_FACE('',(#9938),#188,.F.);
#10819=ADVANCED_FACE('',(#9939),#10364,.F.);
#10820=ADVANCED_FACE('',(#9940),#189,.F.);
#10821=ADVANCED_FACE('',(#9941),#10365,.F.);
#10822=ADVANCED_FACE('',(#9942),#190,.F.);
#10823=ADVANCED_FACE('',(#9943),#10366,.F.);
#10824=ADVANCED_FACE('',(#9944),#191,.F.);
#10825=ADVANCED_FACE('',(#9945),#10367,.F.);
#10826=ADVANCED_FACE('',(#9946),#192,.F.);
#10827=ADVANCED_FACE('',(#9947),#10368,.F.);
#10828=ADVANCED_FACE('',(#9948),#193,.F.);
#10829=ADVANCED_FACE('',(#9949),#10369,.T.);
#10830=ADVANCED_FACE('',(#9950),#194,.F.);
#10831=ADVANCED_FACE('',(#9951),#10370,.F.);
#10832=ADVANCED_FACE('',(#9952),#195,.T.);
#10833=ADVANCED_FACE('',(#9953,#9954,#9955,#9956,#9957),#196,.T.);
#10834=ADVANCED_FACE('',(#9958,#9959),#10371,.F.);
#10835=ADVANCED_FACE('',(#9960,#9961),#10372,.F.);
#10836=ADVANCED_FACE('',(#9962,#9963),#10373,.F.);
#10837=ADVANCED_FACE('',(#9964,#9965),#10374,.F.);
#10838=ADVANCED_FACE('',(#9966,#9967),#10375,.F.);
#10839=ADVANCED_FACE('',(#9968,#9969),#10376,.F.);
#10840=ADVANCED_FACE('',(#9970),#10377,.F.);
#10841=ADVANCED_FACE('',(#9971),#10378,.F.);
#10842=ADVANCED_FACE('',(#9972),#10379,.F.);
#10843=ADVANCED_FACE('',(#9973),#10380,.F.);
#10844=ADVANCED_FACE('',(#9974),#10381,.F.);
#10845=ADVANCED_FACE('',(#9975),#10382,.F.);
#10846=ADVANCED_FACE('',(#9976),#10383,.F.);
#10847=ADVANCED_FACE('',(#9977),#10384,.F.);
#10848=ADVANCED_FACE('',(#9978),#10385,.F.);
#10849=ADVANCED_FACE('',(#9979),#10386,.F.);
#10850=ADVANCED_FACE('',(#9980),#10387,.F.);
#10851=ADVANCED_FACE('',(#9981),#10388,.T.);
#10852=ADVANCED_FACE('',(#9982),#10389,.T.);
#10853=ADVANCED_FACE('',(#9983),#197,.T.);
#10854=ADVANCED_FACE('',(#9984),#198,.F.);
#10855=ADVANCED_FACE('',(#9985),#199,.F.);
#10856=ADVANCED_FACE('',(#9986),#200,.F.);
#10857=ADVANCED_FACE('',(#9987),#201,.T.);
#10858=ADVANCED_FACE('',(#9988),#202,.T.);
#10859=ADVANCED_FACE('',(#9989),#10390,.F.);
#10860=ADVANCED_FACE('',(#9990),#203,.T.);
#10861=ADVANCED_FACE('',(#9991),#10391,.F.);
#10862=ADVANCED_FACE('',(#9992),#204,.T.);
#10863=ADVANCED_FACE('',(#9993),#10392,.F.);
#10864=ADVANCED_FACE('',(#9994),#205,.F.);
#10865=ADVANCED_FACE('',(#9995),#10393,.F.);
#10866=ADVANCED_FACE('',(#9996),#10394,.F.);
#10867=ADVANCED_FACE('',(#9997),#206,.T.);
#10868=ADVANCED_FACE('',(#9998),#10395,.F.);
#10869=ADVANCED_FACE('',(#9999),#207,.T.);
#10870=ADVANCED_FACE('',(#10000),#10396,.F.);
#10871=ADVANCED_FACE('',(#10001),#208,.F.);
#10872=ADVANCED_FACE('',(#10002),#10397,.F.);
#10873=ADVANCED_FACE('',(#10003),#10398,.F.);
#10874=ADVANCED_FACE('',(#10004),#209,.T.);
#10875=ADVANCED_FACE('',(#10005),#10399,.F.);
#10876=ADVANCED_FACE('',(#10006),#210,.T.);
#10877=ADVANCED_FACE('',(#10007),#10400,.F.);
#10878=ADVANCED_FACE('',(#10008),#211,.F.);
#10879=ADVANCED_FACE('',(#10009),#10401,.F.);
#10880=ADVANCED_FACE('',(#10010),#10402,.F.);
#10881=ADVANCED_FACE('',(#10011),#212,.T.);
#10882=ADVANCED_FACE('',(#10012),#10403,.F.);
#10883=ADVANCED_FACE('',(#10013),#213,.T.);
#10884=ADVANCED_FACE('',(#10014),#10404,.F.);
#10885=ADVANCED_FACE('',(#10015),#214,.F.);
#10886=ADVANCED_FACE('',(#10016),#10405,.F.);
#10887=ADVANCED_FACE('',(#10017),#10406,.F.);
#10888=ADVANCED_FACE('',(#10018),#215,.T.);
#10889=ADVANCED_FACE('',(#10019),#10407,.F.);
#10890=ADVANCED_FACE('',(#10020),#216,.T.);
#10891=ADVANCED_FACE('',(#10021),#10408,.F.);
#10892=ADVANCED_FACE('',(#10022),#217,.F.);
#10893=ADVANCED_FACE('',(#10023),#10409,.F.);
#10894=ADVANCED_FACE('',(#10024),#10410,.F.);
#10895=ADVANCED_FACE('',(#10025),#218,.T.);
#10896=ADVANCED_FACE('',(#10026),#10411,.F.);
#10897=ADVANCED_FACE('',(#10027),#219,.T.);
#10898=ADVANCED_FACE('',(#10028),#10412,.F.);
#10899=ADVANCED_FACE('',(#10029),#220,.F.);
#10900=ADVANCED_FACE('',(#10030),#10413,.F.);
#10901=ADVANCED_FACE('',(#10031),#10414,.F.);
#10902=ADVANCED_FACE('',(#10032),#221,.T.);
#10903=ADVANCED_FACE('',(#10033),#10415,.F.);
#10904=ADVANCED_FACE('',(#10034),#222,.T.);
#10905=ADVANCED_FACE('',(#10035),#10416,.F.);
#10906=ADVANCED_FACE('',(#10036),#223,.F.);
#10907=ADVANCED_FACE('',(#10037),#10417,.F.);
#10908=ADVANCED_FACE('',(#10038),#10418,.F.);
#10909=ADVANCED_FACE('',(#10039),#224,.T.);
#10910=ADVANCED_FACE('',(#10040),#10419,.F.);
#10911=ADVANCED_FACE('',(#10041),#225,.T.);
#10912=ADVANCED_FACE('',(#10042),#10420,.F.);
#10913=ADVANCED_FACE('',(#10043),#226,.F.);
#10914=ADVANCED_FACE('',(#10044),#10421,.F.);
#10915=ADVANCED_FACE('',(#10045),#10422,.F.);
#10916=ADVANCED_FACE('',(#10046),#227,.T.);
#10917=ADVANCED_FACE('',(#10047),#10423,.F.);
#10918=ADVANCED_FACE('',(#10048),#228,.T.);
#10919=ADVANCED_FACE('',(#10049),#10424,.F.);
#10920=ADVANCED_FACE('',(#10050),#229,.F.);
#10921=ADVANCED_FACE('',(#10051),#10425,.F.);
#10922=ADVANCED_FACE('',(#10052),#10426,.F.);
#10923=ADVANCED_FACE('',(#10053),#230,.T.);
#10924=ADVANCED_FACE('',(#10054),#10427,.F.);
#10925=ADVANCED_FACE('',(#10055),#231,.T.);
#10926=ADVANCED_FACE('',(#10056),#10428,.F.);
#10927=ADVANCED_FACE('',(#10057),#232,.F.);
#10928=ADVANCED_FACE('',(#10058),#10429,.F.);
#10929=ADVANCED_FACE('',(#10059),#10430,.F.);
#10930=ADVANCED_FACE('',(#10060),#233,.T.);
#10931=ADVANCED_FACE('',(#10061),#10431,.F.);
#10932=ADVANCED_FACE('',(#10062),#234,.T.);
#10933=ADVANCED_FACE('',(#10063),#10432,.F.);
#10934=ADVANCED_FACE('',(#10064),#235,.F.);
#10935=ADVANCED_FACE('',(#10065),#10433,.F.);
#10936=ADVANCED_FACE('',(#10066),#10434,.F.);
#10937=ADVANCED_FACE('',(#10067),#236,.T.);
#10938=ADVANCED_FACE('',(#10068),#10435,.F.);
#10939=ADVANCED_FACE('',(#10069),#237,.T.);
#10940=ADVANCED_FACE('',(#10070),#10436,.F.);
#10941=ADVANCED_FACE('',(#10071),#238,.F.);
#10942=ADVANCED_FACE('',(#10072),#10437,.F.);
#10943=ADVANCED_FACE('',(#10073),#10438,.F.);
#10944=ADVANCED_FACE('',(#10074),#239,.T.);
#10945=ADVANCED_FACE('',(#10075),#10439,.F.);
#10946=ADVANCED_FACE('',(#10076),#240,.T.);
#10947=ADVANCED_FACE('',(#10077),#10440,.F.);
#10948=ADVANCED_FACE('',(#10078),#241,.F.);
#10949=ADVANCED_FACE('',(#10079),#10441,.F.);
#10950=ADVANCED_FACE('',(#10080),#10442,.F.);
#10951=ADVANCED_FACE('',(#10081),#242,.T.);
#10952=ADVANCED_FACE('',(#10082),#10443,.F.);
#10953=ADVANCED_FACE('',(#10083),#243,.T.);
#10954=ADVANCED_FACE('',(#10084),#10444,.F.);
#10955=ADVANCED_FACE('',(#10085),#244,.F.);
#10956=ADVANCED_FACE('',(#10086),#10445,.F.);
#10957=ADVANCED_FACE('',(#10087),#10446,.F.);
#10958=ADVANCED_FACE('',(#10088),#245,.T.);
#10959=ADVANCED_FACE('',(#10089),#10447,.F.);
#10960=ADVANCED_FACE('',(#10090),#246,.T.);
#10961=ADVANCED_FACE('',(#10091),#10448,.F.);
#10962=ADVANCED_FACE('',(#10092),#247,.F.);
#10963=ADVANCED_FACE('',(#10093),#10449,.F.);
#10964=ADVANCED_FACE('',(#10094),#10450,.F.);
#10965=ADVANCED_FACE('',(#10095),#248,.T.);
#10966=ADVANCED_FACE('',(#10096),#10451,.F.);
#10967=ADVANCED_FACE('',(#10097),#249,.T.);
#10968=ADVANCED_FACE('',(#10098),#10452,.F.);
#10969=ADVANCED_FACE('',(#10099),#250,.F.);
#10970=ADVANCED_FACE('',(#10100),#10453,.F.);
#10971=ADVANCED_FACE('',(#10101),#251,.F.);
#10972=ADVANCED_FACE('',(#10102),#252,.F.);
#10973=ADVANCED_FACE('',(#10103),#253,.F.);
#10974=ADVANCED_FACE('',(#10104),#254,.F.);
#10975=ADVANCED_FACE('',(#10105),#255,.F.);
#10976=ADVANCED_FACE('',(#10106),#256,.F.);
#10977=ADVANCED_FACE('',(#10107),#257,.F.);
#10978=ADVANCED_FACE('',(#10108),#258,.F.);
#10979=ADVANCED_FACE('',(#10109),#259,.F.);
#10980=ADVANCED_FACE('',(#10110),#260,.F.);
#10981=ADVANCED_FACE('',(#10111),#261,.F.);
#10982=ADVANCED_FACE('',(#10112),#262,.F.);
#10983=ADVANCED_FACE('',(#10113),#263,.F.);
#10984=ADVANCED_FACE('',(#10114),#264,.F.);
#10985=ADVANCED_FACE('',(#10115),#265,.F.);
#10986=ADVANCED_FACE('',(#10116),#266,.F.);
#10987=ADVANCED_FACE('',(#10117),#267,.F.);
#10988=ADVANCED_FACE('',(#10118,#10119,#10120,#10121,#10122,#10123,#10124,
#10125,#10126,#10127,#10128,#10129,#10130,#10131,#10132,#10133,#10134,#10135),
#268,.F.);
#10989=ADVANCED_FACE('',(#10136),#10454,.T.);
#10990=ADVANCED_FACE('',(#10137),#10455,.T.);
#10991=ADVANCED_FACE('',(#10138),#283,.T.);
#10992=ADVANCED_FACE('',(#10139),#284,.T.);
#10993=ADVANCED_FACE('',(#10140),#10456,.T.);
#10994=ADVANCED_FACE('',(#10141),#10457,.T.);
#10995=ADVANCED_FACE('',(#10142),#10458,.T.);
#10996=ADVANCED_FACE('',(#10143),#285,.T.);
#10997=ADVANCED_FACE('',(#10144),#286,.T.);
#10998=ADVANCED_FACE('',(#10145),#10459,.T.);
#10999=ADVANCED_FACE('',(#10146),#10460,.T.);
#11000=ADVANCED_FACE('',(#10147),#287,.T.);
#11001=ADVANCED_FACE('',(#10148),#10461,.T.);
#11002=ADVANCED_FACE('',(#10149),#10462,.T.);
#11003=ADVANCED_FACE('',(#10150),#288,.T.);
#11004=ADVANCED_FACE('',(#10151),#289,.T.);
#11005=ADVANCED_FACE('',(#10152),#10463,.T.);
#11006=ADVANCED_FACE('',(#10153),#10464,.T.);
#11007=ADVANCED_FACE('',(#10154),#290,.T.);
#11008=ADVANCED_FACE('',(#10155),#10465,.T.);
#11009=ADVANCED_FACE('',(#10156),#269,.T.);
#11010=ADVANCED_FACE('',(#10157),#270,.T.);
#11011=ADVANCED_FACE('',(#10158),#10466,.T.);
#11012=ADVANCED_FACE('',(#10159),#271,.T.);
#11013=ADVANCED_FACE('',(#10160),#272,.T.);
#11014=ADVANCED_FACE('',(#10161),#10467,.T.);
#11015=ADVANCED_FACE('',(#10162),#273,.T.);
#11016=ADVANCED_FACE('',(#10163),#10468,.T.);
#11017=ADVANCED_FACE('',(#10164),#274,.T.);
#11018=ADVANCED_FACE('',(#10165),#10469,.T.);
#11019=ADVANCED_FACE('',(#10166),#275,.T.);
#11020=ADVANCED_FACE('',(#10167),#10470,.T.);
#11021=ADVANCED_FACE('',(#10168),#276,.T.);
#11022=ADVANCED_FACE('',(#10169),#10471,.T.);
#11023=ADVANCED_FACE('',(#10170),#277,.T.);
#11024=ADVANCED_FACE('',(#10171),#278,.T.);
#11025=ADVANCED_FACE('',(#10172),#10472,.T.);
#11026=ADVANCED_FACE('',(#10173),#279,.T.);
#11027=ADVANCED_FACE('',(#10174),#10473,.T.);
#11028=ADVANCED_FACE('',(#10175,#10176,#10177,#10178,#10179,#10180),#280,
 .T.);
#11029=ADVANCED_FACE('',(#10181,#10182,#10183,#10184,#10185,#10186),#281,
 .F.);
#11030=ADVANCED_FACE('',(#10187,#10188),#10474,.F.);
#11031=ADVANCED_FACE('',(#10189,#10190),#10475,.F.);
#11032=ADVANCED_FACE('',(#10191,#10192),#10476,.F.);
#11033=ADVANCED_FACE('',(#10193,#10194),#10477,.F.);
#11034=ADVANCED_FACE('',(#10195,#10196),#10478,.F.);
#11035=CLOSED_SHELL('',(#10479,#10480,#10481,#10482,#10483,#10484,#10485,
#10486,#10487,#10488,#10489,#10490,#10491,#10492,#10493,#10494,#10495,#10496,
#10497,#10498,#10499,#10500,#10501,#10502,#10503,#10504,#10505,#10506,#10507,
#10508,#10509,#10510,#10511,#10512,#10513,#10514,#10515,#10516,#10517,#10518,
#10519,#10520,#10521,#10522,#10523,#10524,#10525,#10526,#10527,#10528,#10529,
#10530,#10531,#10532,#10533,#10534,#10535,#10536,#10537,#10538,#10539,#10540,
#10541,#10542,#10543,#10544,#10545,#10546,#10547,#10548,#10549,#10550,#10551,
#10552,#10553,#10554,#10555,#10556,#10557,#10558,#10559,#10560,#10561,#10562,
#10563,#10564,#10565,#10566,#10567,#10568,#10569,#10570,#10571,#10572,#10573,
#10574,#10575,#10576,#10577,#10578,#10579,#10580,#10581,#10582,#10583,#10584,
#10585,#10586,#10587,#10588,#10589,#10590,#10591,#10592,#10593,#10594,#10595,
#10596,#10597,#10598,#10599,#10600,#10601,#10602,#10603,#10604,#10605,#10606,
#10607,#10608,#10609,#10610,#10611,#10612,#10613,#10614,#10615,#10616,#10617,
#10618,#10619,#10620,#10621,#10622,#10623,#10624,#10625,#10626,#10627,#10628,
#10629,#10630,#10631,#10632,#10633,#10634,#10635,#10636,#10637,#10638,#10639,
#10640,#10641,#10642,#10643,#10644,#10645,#10646,#10647,#10648,#10649,#10650,
#10651,#10652,#10653,#10654,#10655,#10656,#10657,#10658,#10659,#10660,#10661,
#10662,#10663,#10664,#10665,#10666,#10667,#10668,#10669,#10670,#10671,#10672,
#10673,#10674,#10675,#10676,#10677,#10678,#10679,#10680,#10681,#10682,#10683,
#10684,#10685,#10686,#10687,#10688,#10689,#10690,#10691,#10692,#10693,#10694,
#10695,#10696,#10697,#10698,#10699,#10700,#10701,#10702,#10703,#10704,#10705,
#10706,#10707,#10708,#10709,#10710,#10711,#10712,#10713,#10714,#10715,#10716,
#10717,#10718,#10719,#10720,#10721,#10722,#10723,#10724,#10725,#10726,#10727,
#10728,#10729,#10730,#10731,#10732,#10733));
#11036=CLOSED_SHELL('',(#10734,#10735,#10736,#10737,#10738,#10739,#10740,
#10741,#10742,#10743,#10744,#10745,#10746,#10747,#10748,#10749,#10750,#10751,
#10752,#10753,#10754,#10755,#10756,#10757,#10758,#10759,#10760));
#11037=CLOSED_SHELL('',(#10761,#10762,#10763,#10764,#10765,#10766,#10767,
#10768,#10769,#10770,#10771,#10772,#10773,#10774,#10775,#10776,#10777,#10778,
#10779,#10780,#10781,#10782,#10783,#10784,#10785,#10786,#10787,#10788,#10789,
#10790,#10791,#10792,#10793,#10794,#10795,#10796,#10797,#10798,#10799,#10800,
#10801,#10802,#10803,#10804,#10805,#10806,#10807,#10808,#10809,#10810,#10811,
#10812,#10813,#10814,#10815,#10816,#10817,#10818,#10819,#10820,#10821,#10822,
#10823,#10824,#10825,#10826,#10827,#10828,#10829,#10830,#10831,#10832,#10833,
#10834,#10835,#10836,#10837,#10838,#10839,#10840,#10841,#10842,#10843,#10844,
#10845,#10846,#10847,#10848,#10849,#10850,#10851,#10852,#10853,#10854,#10855,
#10856,#10857,#10858,#10859,#10860,#10861,#10862,#10863,#10864,#10865,#10866,
#10867,#10868,#10869,#10870,#10871,#10872,#10873,#10874,#10875,#10876,#10877,
#10878,#10879,#10880,#10881,#10882,#10883,#10884,#10885,#10886,#10887,#10888,
#10889,#10890,#10891,#10892,#10893,#10894,#10895,#10896,#10897,#10898,#10899,
#10900,#10901,#10902,#10903,#10904,#10905,#10906,#10907,#10908,#10909,#10910,
#10911,#10912,#10913,#10914,#10915,#10916,#10917,#10918,#10919,#10920,#10921,
#10922,#10923,#10924,#10925,#10926,#10927,#10928,#10929,#10930,#10931,#10932,
#10933,#10934,#10935,#10936,#10937,#10938,#10939,#10940,#10941,#10942,#10943,
#10944,#10945,#10946,#10947,#10948,#10949,#10950,#10951,#10952,#10953,#10954,
#10955,#10956,#10957,#10958,#10959,#10960,#10961,#10962,#10963,#10964,#10965,
#10966,#10967,#10968,#10969,#10970,#10971,#10972,#10973,#10974,#10975,#10976,
#10977,#10978,#10979,#10980,#10981,#10982,#10983,#10984,#10985,#10986,#10987,
#10988,#10989,#10990,#10991,#10992,#10993,#10994,#10995,#10996,#10997,#10998,
#10999,#11000,#11001,#11002,#11003,#11004,#11005,#11006,#11007,#11008));
#11038=CLOSED_SHELL('',(#11009,#11010,#11011,#11012,#11013,#11014,#11015,
#11016,#11017,#11018,#11019,#11020,#11021,#11022,#11023,#11024,#11025,#11026,
#11027,#11028,#11029,#11030,#11031,#11032,#11033,#11034));
#11039=STYLED_ITEM('',(#11043),#11068);
#11040=STYLED_ITEM('',(#11044),#11069);
#11041=STYLED_ITEM('',(#11045),#11070);
#11042=STYLED_ITEM('',(#11046),#11071);
#11043=PRESENTATION_STYLE_ASSIGNMENT((#11047));
#11044=PRESENTATION_STYLE_ASSIGNMENT((#11048));
#11045=PRESENTATION_STYLE_ASSIGNMENT((#11049));
#11046=PRESENTATION_STYLE_ASSIGNMENT((#11050));
#11047=SURFACE_STYLE_USAGE(.BOTH.,#11051);
#11048=SURFACE_STYLE_USAGE(.BOTH.,#11052);
#11049=SURFACE_STYLE_USAGE(.BOTH.,#11053);
#11050=SURFACE_STYLE_USAGE(.BOTH.,#11054);
#11051=SURFACE_SIDE_STYLE('',(#11055));
#11052=SURFACE_SIDE_STYLE('',(#11056));
#11053=SURFACE_SIDE_STYLE('',(#11057));
#11054=SURFACE_SIDE_STYLE('',(#11058));
#11055=SURFACE_STYLE_FILL_AREA(#11059);
#11056=SURFACE_STYLE_FILL_AREA(#11060);
#11057=SURFACE_STYLE_FILL_AREA(#11061);
#11058=SURFACE_STYLE_FILL_AREA(#11062);
#11059=FILL_AREA_STYLE('',(#11063));
#11060=FILL_AREA_STYLE('',(#11064));
#11061=FILL_AREA_STYLE('',(#11065));
#11062=FILL_AREA_STYLE('',(#11066));
#11063=FILL_AREA_STYLE_COLOUR('',#11067);
#11064=FILL_AREA_STYLE_COLOUR('',#11067);
#11065=FILL_AREA_STYLE_COLOUR('',#11067);
#11066=FILL_AREA_STYLE_COLOUR('',#11067);
#11067=COLOUR_RGB('',0.647058823529412,0.647058823529412,0.647058823529412);
#11068=MANIFOLD_SOLID_BREP('Right Top Mount',#11035);
#11069=MANIFOLD_SOLID_BREP('Left Bottom Mount',#11036);
#11070=MANIFOLD_SOLID_BREP('Left Top Mount',#11037);
#11071=MANIFOLD_SOLID_BREP('Right Bottom Mount',#11038);
#11072=SHAPE_DEFINITION_REPRESENTATION(#18870,#11076);
#11073=SHAPE_DEFINITION_REPRESENTATION(#18871,#11077);
#11074=SHAPE_DEFINITION_REPRESENTATION(#18872,#11078);
#11075=SHAPE_DEFINITION_REPRESENTATION(#18873,#11079);
#11076=SHAPE_REPRESENTATION('Right Top Mount',(#11080),#18850);
#11077=SHAPE_REPRESENTATION('Left Bottom Mount',(#11599),#18851);
#11078=SHAPE_REPRESENTATION('Left Top Mount',(#11655),#18852);
#11079=SHAPE_REPRESENTATION('Right Bottom Mount',(#12160),#18853);
#11080=AXIS2_PLACEMENT_3D('',#15480,#12213,#12214);
#11081=AXIS2_PLACEMENT_3D('',#15481,#12215,#12216);
#11082=AXIS2_PLACEMENT_3D('',#15482,#12217,#12218);
#11083=AXIS2_PLACEMENT_3D('',#15487,#12220,#12221);
#11084=AXIS2_PLACEMENT_3D('',#15490,#12223,#12224);
#11085=AXIS2_PLACEMENT_3D('',#15491,#12225,#12226);
#11086=AXIS2_PLACEMENT_3D('',#15496,#12228,#12229);
#11087=AXIS2_PLACEMENT_3D('',#15499,#12231,#12232);
#11088=AXIS2_PLACEMENT_3D('',#15500,#12233,#12234);
#11089=AXIS2_PLACEMENT_3D('',#15505,#12236,#12237);
#11090=AXIS2_PLACEMENT_3D('',#15508,#12239,#12240);
#11091=AXIS2_PLACEMENT_3D('',#15521,#12241,#12242);
#11092=AXIS2_PLACEMENT_3D('',#15527,#12243,#12244);
#11093=AXIS2_PLACEMENT_3D('',#15539,#12245,#12246);
#11094=AXIS2_PLACEMENT_3D('',#15541,#12247,#12248);
#11095=AXIS2_PLACEMENT_3D('',#15543,#12249,#12250);
#11096=AXIS2_PLACEMENT_3D('',#15545,#12251,#12252);
#11097=AXIS2_PLACEMENT_3D('',#15547,#12253,#12254);
#11098=AXIS2_PLACEMENT_3D('',#15548,#12255,#12256);
#11099=AXIS2_PLACEMENT_3D('',#15560,#12257,#12258);
#11100=AXIS2_PLACEMENT_3D('',#15562,#12259,#12260);
#11101=AXIS2_PLACEMENT_3D('',#15564,#12261,#12262);
#11102=AXIS2_PLACEMENT_3D('',#15566,#12263,#12264);
#11103=AXIS2_PLACEMENT_3D('',#15568,#12265,#12266);
#11104=AXIS2_PLACEMENT_3D('',#15569,#12267,#12268);
#11105=AXIS2_PLACEMENT_3D('',#15581,#12269,#12270);
#11106=AXIS2_PLACEMENT_3D('',#15583,#12271,#12272);
#11107=AXIS2_PLACEMENT_3D('',#15585,#12273,#12274);
#11108=AXIS2_PLACEMENT_3D('',#15587,#12275,#12276);
#11109=AXIS2_PLACEMENT_3D('',#15589,#12277,#12278);
#11110=AXIS2_PLACEMENT_3D('',#15590,#12279,#12280);
#11111=AXIS2_PLACEMENT_3D('',#15603,#12281,#12282);
#11112=AXIS2_PLACEMENT_3D('',#15609,#12283,#12284);
#11113=AXIS2_PLACEMENT_3D('',#15618,#12289,#12290);
#11114=AXIS2_PLACEMENT_3D('',#15627,#12295,#12296);
#11115=AXIS2_PLACEMENT_3D('',#15636,#12301,#12302);
#11116=AXIS2_PLACEMENT_3D('',#15645,#12307,#12308);
#11117=AXIS2_PLACEMENT_3D('',#15654,#12313,#12314);
#11118=AXIS2_PLACEMENT_3D('',#15663,#12319,#12320);
#11119=AXIS2_PLACEMENT_3D('',#15672,#12325,#12326);
#11120=AXIS2_PLACEMENT_3D('',#15678,#12330,#12331);
#11121=AXIS2_PLACEMENT_3D('',#15687,#12336,#12337);
#11122=AXIS2_PLACEMENT_3D('',#15696,#12342,#12343);
#11123=AXIS2_PLACEMENT_3D('',#15705,#12348,#12349);
#11124=AXIS2_PLACEMENT_3D('',#15706,#12350,#12351);
#11125=AXIS2_PLACEMENT_3D('',#15708,#12352,#12353);
#11126=AXIS2_PLACEMENT_3D('',#15711,#12355,#12356);
#11127=AXIS2_PLACEMENT_3D('',#15717,#12360,#12361);
#11128=AXIS2_PLACEMENT_3D('',#15726,#12366,#12367);
#11129=AXIS2_PLACEMENT_3D('',#15727,#12368,#12369);
#11130=AXIS2_PLACEMENT_3D('',#15729,#12370,#12371);
#11131=AXIS2_PLACEMENT_3D('',#15732,#12373,#12374);
#11132=AXIS2_PLACEMENT_3D('',#15738,#12378,#12379);
#11133=AXIS2_PLACEMENT_3D('',#15747,#12384,#12385);
#11134=AXIS2_PLACEMENT_3D('',#15756,#12390,#12391);
#11135=AXIS2_PLACEMENT_3D('',#15765,#12396,#12397);
#11136=AXIS2_PLACEMENT_3D('',#15766,#12398,#12399);
#11137=AXIS2_PLACEMENT_3D('',#15771,#12401,#12402);
#11138=AXIS2_PLACEMENT_3D('',#15774,#12404,#12405);
#11139=AXIS2_PLACEMENT_3D('',#15777,#12408,#12409);
#11140=AXIS2_PLACEMENT_3D('',#15786,#12414,#12415);
#11141=AXIS2_PLACEMENT_3D('',#15787,#12416,#12417);
#11142=AXIS2_PLACEMENT_3D('',#15788,#12418,#12419);
#11143=AXIS2_PLACEMENT_3D('',#15789,#12420,#12421);
#11144=AXIS2_PLACEMENT_3D('',#15790,#12422,#12423);
#11145=AXIS2_PLACEMENT_3D('',#15791,#12424,#12425);
#11146=AXIS2_PLACEMENT_3D('',#15792,#12426,#12427);
#11147=AXIS2_PLACEMENT_3D('',#15793,#12428,#12429);
#11148=AXIS2_PLACEMENT_3D('',#15797,#12431,#12432);
#11149=AXIS2_PLACEMENT_3D('',#15798,#12433,#12434);
#11150=AXIS2_PLACEMENT_3D('',#15799,#12435,#12436);
#11151=AXIS2_PLACEMENT_3D('',#15801,#12437,#12438);
#11152=AXIS2_PLACEMENT_3D('',#15804,#12440,#12441);
#11153=AXIS2_PLACEMENT_3D('',#15805,#12442,#12443);
#11154=AXIS2_PLACEMENT_3D('',#15806,#12444,#12445);
#11155=AXIS2_PLACEMENT_3D('',#15807,#12446,#12447);
#11156=AXIS2_PLACEMENT_3D('',#15808,#12448,#12449);
#11157=AXIS2_PLACEMENT_3D('',#15809,#12450,#12451);
#11158=AXIS2_PLACEMENT_3D('',#15810,#12452,#12453);
#11159=AXIS2_PLACEMENT_3D('',#15811,#12454,#12455);
#11160=AXIS2_PLACEMENT_3D('',#15812,#12456,#12457);
#11161=AXIS2_PLACEMENT_3D('',#15813,#12458,#12459);
#11162=AXIS2_PLACEMENT_3D('',#15814,#12460,#12461);
#11163=AXIS2_PLACEMENT_3D('',#15815,#12462,#12463);
#11164=AXIS2_PLACEMENT_3D('',#15816,#12464,#12465);
#11165=AXIS2_PLACEMENT_3D('',#15817,#12466,#12467);
#11166=AXIS2_PLACEMENT_3D('',#15821,#12469,#12470);
#11167=AXIS2_PLACEMENT_3D('',#15822,#12471,#12472);
#11168=AXIS2_PLACEMENT_3D('',#15823,#12473,#12474);
#11169=AXIS2_PLACEMENT_3D('',#15824,#12475,#12476);
#11170=AXIS2_PLACEMENT_3D('',#15825,#12477,#12478);
#11171=AXIS2_PLACEMENT_3D('',#15826,#12479,#12480);
#11172=AXIS2_PLACEMENT_3D('',#15827,#12481,#12482);
#11173=AXIS2_PLACEMENT_3D('',#15828,#12483,#12484);
#11174=AXIS2_PLACEMENT_3D('',#15829,#12485,#12486);
#11175=AXIS2_PLACEMENT_3D('',#15830,#12487,#12488);
#11176=AXIS2_PLACEMENT_3D('',#15831,#12489,#12490);
#11177=AXIS2_PLACEMENT_3D('',#15832,#12491,#12492);
#11178=AXIS2_PLACEMENT_3D('',#15833,#12493,#12494);
#11179=AXIS2_PLACEMENT_3D('',#15834,#12495,#12496);
#11180=AXIS2_PLACEMENT_3D('',#15835,#12497,#12498);
#11181=AXIS2_PLACEMENT_3D('',#15836,#12499,#12500);
#11182=AXIS2_PLACEMENT_3D('',#15837,#12501,#12502);
#11183=AXIS2_PLACEMENT_3D('',#15838,#12503,#12504);
#11184=AXIS2_PLACEMENT_3D('',#15839,#12505,#12506);
#11185=AXIS2_PLACEMENT_3D('',#15840,#12507,#12508);
#11186=AXIS2_PLACEMENT_3D('',#15841,#12509,#12510);
#11187=AXIS2_PLACEMENT_3D('',#15845,#12512,#12513);
#11188=AXIS2_PLACEMENT_3D('',#15846,#12514,#12515);
#11189=AXIS2_PLACEMENT_3D('',#15847,#12516,#12517);
#11190=AXIS2_PLACEMENT_3D('',#15849,#12518,#12519);
#11191=AXIS2_PLACEMENT_3D('',#15852,#12521,#12522);
#11192=AXIS2_PLACEMENT_3D('',#15853,#12523,#12524);
#11193=AXIS2_PLACEMENT_3D('',#15858,#12526,#12527);
#11194=AXIS2_PLACEMENT_3D('',#15862,#12529,#12530);
#11195=AXIS2_PLACEMENT_3D('',#15865,#12532,#12533);
#11196=AXIS2_PLACEMENT_3D('',#15869,#12536,#12537);
#11197=AXIS2_PLACEMENT_3D('',#15871,#12539,#12540);
#11198=AXIS2_PLACEMENT_3D('',#15876,#12543,#12544);
#11199=AXIS2_PLACEMENT_3D('',#15882,#12547,#12548);
#11200=AXIS2_PLACEMENT_3D('',#15893,#12554,#12555);
#11201=AXIS2_PLACEMENT_3D('',#15895,#12556,#12557);
#11202=AXIS2_PLACEMENT_3D('',#15897,#12558,#12559);
#11203=AXIS2_PLACEMENT_3D('',#15899,#12560,#12561);
#11204=AXIS2_PLACEMENT_3D('',#15901,#12562,#12563);
#11205=AXIS2_PLACEMENT_3D('',#15903,#12564,#12565);
#11206=AXIS2_PLACEMENT_3D('',#15905,#12566,#12567);
#11207=AXIS2_PLACEMENT_3D('',#15910,#12569,#12570);
#11208=AXIS2_PLACEMENT_3D('',#15914,#12572,#12573);
#11209=AXIS2_PLACEMENT_3D('',#15918,#12575,#12576);
#11210=AXIS2_PLACEMENT_3D('',#15921,#12578,#12579);
#11211=AXIS2_PLACEMENT_3D('',#15926,#12581,#12582);
#11212=AXIS2_PLACEMENT_3D('',#15930,#12584,#12585);
#11213=AXIS2_PLACEMENT_3D('',#15934,#12587,#12588);
#11214=AXIS2_PLACEMENT_3D('',#15937,#12590,#12591);
#11215=AXIS2_PLACEMENT_3D('',#15942,#12593,#12594);
#11216=AXIS2_PLACEMENT_3D('',#15946,#12596,#12597);
#11217=AXIS2_PLACEMENT_3D('',#15950,#12599,#12600);
#11218=AXIS2_PLACEMENT_3D('',#15953,#12602,#12603);
#11219=AXIS2_PLACEMENT_3D('',#15958,#12605,#12606);
#11220=AXIS2_PLACEMENT_3D('',#15962,#12608,#12609);
#11221=AXIS2_PLACEMENT_3D('',#15966,#12611,#12612);
#11222=AXIS2_PLACEMENT_3D('',#15969,#12614,#12615);
#11223=AXIS2_PLACEMENT_3D('',#15974,#12617,#12618);
#11224=AXIS2_PLACEMENT_3D('',#15978,#12620,#12621);
#11225=AXIS2_PLACEMENT_3D('',#15982,#12623,#12624);
#11226=AXIS2_PLACEMENT_3D('',#15985,#12626,#12627);
#11227=AXIS2_PLACEMENT_3D('',#15990,#12629,#12630);
#11228=AXIS2_PLACEMENT_3D('',#15994,#12632,#12633);
#11229=AXIS2_PLACEMENT_3D('',#15998,#12635,#12636);
#11230=AXIS2_PLACEMENT_3D('',#16001,#12638,#12639);
#11231=AXIS2_PLACEMENT_3D('',#16006,#12641,#12642);
#11232=AXIS2_PLACEMENT_3D('',#16010,#12644,#12645);
#11233=AXIS2_PLACEMENT_3D('',#16014,#12647,#12648);
#11234=AXIS2_PLACEMENT_3D('',#16017,#12650,#12651);
#11235=AXIS2_PLACEMENT_3D('',#16022,#12653,#12654);
#11236=AXIS2_PLACEMENT_3D('',#16026,#12656,#12657);
#11237=AXIS2_PLACEMENT_3D('',#16030,#12659,#12660);
#11238=AXIS2_PLACEMENT_3D('',#16033,#12662,#12663);
#11239=AXIS2_PLACEMENT_3D('',#16038,#12665,#12666);
#11240=AXIS2_PLACEMENT_3D('',#16042,#12668,#12669);
#11241=AXIS2_PLACEMENT_3D('',#16046,#12671,#12672);
#11242=AXIS2_PLACEMENT_3D('',#16049,#12674,#12675);
#11243=AXIS2_PLACEMENT_3D('',#16054,#12677,#12678);
#11244=AXIS2_PLACEMENT_3D('',#16058,#12680,#12681);
#11245=AXIS2_PLACEMENT_3D('',#16062,#12683,#12684);
#11246=AXIS2_PLACEMENT_3D('',#16065,#12686,#12687);
#11247=AXIS2_PLACEMENT_3D('',#16070,#12689,#12690);
#11248=AXIS2_PLACEMENT_3D('',#16074,#12692,#12693);
#11249=AXIS2_PLACEMENT_3D('',#16078,#12695,#12696);
#11250=AXIS2_PLACEMENT_3D('',#16081,#12698,#12699);
#11251=AXIS2_PLACEMENT_3D('',#16086,#12701,#12702);
#11252=AXIS2_PLACEMENT_3D('',#16090,#12704,#12705);
#11253=AXIS2_PLACEMENT_3D('',#16094,#12707,#12708);
#11254=AXIS2_PLACEMENT_3D('',#16097,#12710,#12711);
#11255=AXIS2_PLACEMENT_3D('',#16102,#12713,#12714);
#11256=AXIS2_PLACEMENT_3D('',#16106,#12716,#12717);
#11257=AXIS2_PLACEMENT_3D('',#16110,#12719,#12720);
#11258=AXIS2_PLACEMENT_3D('',#16113,#12722,#12723);
#11259=AXIS2_PLACEMENT_3D('',#16118,#12725,#12726);
#11260=AXIS2_PLACEMENT_3D('',#16122,#12728,#12729);
#11261=AXIS2_PLACEMENT_3D('',#16126,#12731,#12732);
#11262=AXIS2_PLACEMENT_3D('',#16129,#12734,#12735);
#11263=AXIS2_PLACEMENT_3D('',#16134,#12737,#12738);
#11264=AXIS2_PLACEMENT_3D('',#16138,#12740,#12741);
#11265=AXIS2_PLACEMENT_3D('',#16142,#12743,#12744);
#11266=AXIS2_PLACEMENT_3D('',#16145,#12746,#12747);
#11267=AXIS2_PLACEMENT_3D('',#16150,#12749,#12750);
#11268=AXIS2_PLACEMENT_3D('',#16154,#12752,#12753);
#11269=AXIS2_PLACEMENT_3D('',#16158,#12755,#12756);
#11270=AXIS2_PLACEMENT_3D('',#16169,#12762,#12763);
#11271=AXIS2_PLACEMENT_3D('',#16177,#12768,#12769);
#11272=AXIS2_PLACEMENT_3D('',#16178,#12770,#12771);
#11273=AXIS2_PLACEMENT_3D('',#16180,#12772,#12773);
#11274=AXIS2_PLACEMENT_3D('',#16182,#12774,#12775);
#11275=AXIS2_PLACEMENT_3D('',#16184,#12776,#12777);
#11276=AXIS2_PLACEMENT_3D('',#16186,#12778,#12779);
#11277=AXIS2_PLACEMENT_3D('',#16188,#12780,#12781);
#11278=AXIS2_PLACEMENT_3D('',#16193,#12783,#12784);
#11279=AXIS2_PLACEMENT_3D('',#16198,#12787,#12788);
#11280=AXIS2_PLACEMENT_3D('',#16199,#12789,#12790);
#11281=AXIS2_PLACEMENT_3D('',#16204,#12793,#12794);
#11282=AXIS2_PLACEMENT_3D('',#16208,#12796,#12797);
#11283=AXIS2_PLACEMENT_3D('',#16212,#12799,#12800);
#11284=AXIS2_PLACEMENT_3D('',#16216,#12802,#12803);
#11285=AXIS2_PLACEMENT_3D('',#16220,#12805,#12806);
#11286=AXIS2_PLACEMENT_3D('',#16222,#12807,#12808);
#11287=AXIS2_PLACEMENT_3D('',#16225,#12810,#12811);
#11288=AXIS2_PLACEMENT_3D('',#16227,#12812,#12813);
#11289=AXIS2_PLACEMENT_3D('',#16230,#12815,#12816);
#11290=AXIS2_PLACEMENT_3D('',#16234,#12818,#12819);
#11291=AXIS2_PLACEMENT_3D('',#16236,#12820,#12821);
#11292=AXIS2_PLACEMENT_3D('',#16239,#12823,#12824);
#11293=AXIS2_PLACEMENT_3D('',#16243,#12826,#12827);
#11294=AXIS2_PLACEMENT_3D('',#16244,#12828,#12829);
#11295=AXIS2_PLACEMENT_3D('',#16250,#12833,#12834);
#11296=AXIS2_PLACEMENT_3D('',#16251,#12835,#12836);
#11297=AXIS2_PLACEMENT_3D('',#16255,#12838,#12839);
#11298=AXIS2_PLACEMENT_3D('',#16259,#12841,#12842);
#11299=AXIS2_PLACEMENT_3D('',#16262,#12844,#12845);
#11300=AXIS2_PLACEMENT_3D('',#16264,#12846,#12847);
#11301=AXIS2_PLACEMENT_3D('',#16268,#12849,#12850);
#11302=AXIS2_PLACEMENT_3D('',#16271,#12852,#12853);
#11303=AXIS2_PLACEMENT_3D('',#16273,#12854,#12855);
#11304=AXIS2_PLACEMENT_3D('',#16276,#12857,#12858);
#11305=AXIS2_PLACEMENT_3D('',#16278,#12859,#12860);
#11306=AXIS2_PLACEMENT_3D('',#16282,#12862,#12863);
#11307=AXIS2_PLACEMENT_3D('',#16286,#12865,#12866);
#11308=AXIS2_PLACEMENT_3D('',#16290,#12868,#12869);
#11309=AXIS2_PLACEMENT_3D('',#16294,#12871,#12872);
#11310=AXIS2_PLACEMENT_3D('',#16299,#12875,#12876);
#11311=AXIS2_PLACEMENT_3D('',#16305,#12879,#12880);
#11312=AXIS2_PLACEMENT_3D('',#16311,#12883,#12884);
#11313=AXIS2_PLACEMENT_3D('',#16315,#12886,#12887);
#11314=AXIS2_PLACEMENT_3D('',#16321,#12890,#12891);
#11315=AXIS2_PLACEMENT_3D('',#16325,#12893,#12894);
#11316=AXIS2_PLACEMENT_3D('',#16329,#12896,#12897);
#11317=AXIS2_PLACEMENT_3D('',#16333,#12899,#12900);
#11318=AXIS2_PLACEMENT_3D('',#16338,#12903,#12904);
#11319=AXIS2_PLACEMENT_3D('',#16339,#12905,#12906);
#11320=AXIS2_PLACEMENT_3D('',#16340,#12907,#12908);
#11321=AXIS2_PLACEMENT_3D('',#16341,#12909,#12910);
#11322=AXIS2_PLACEMENT_3D('',#16342,#12911,#12912);
#11323=AXIS2_PLACEMENT_3D('',#16343,#12913,#12914);
#11324=AXIS2_PLACEMENT_3D('',#16344,#12915,#12916);
#11325=AXIS2_PLACEMENT_3D('',#16347,#12919,#12920);
#11326=AXIS2_PLACEMENT_3D('',#16349,#12922,#12923);
#11327=AXIS2_PLACEMENT_3D('',#16351,#12925,#12926);
#11328=AXIS2_PLACEMENT_3D('',#16354,#12929,#12930);
#11329=AXIS2_PLACEMENT_3D('',#16356,#12932,#12933);
#11330=AXIS2_PLACEMENT_3D('',#16358,#12935,#12936);
#11331=AXIS2_PLACEMENT_3D('',#16360,#12938,#12939);
#11332=AXIS2_PLACEMENT_3D('',#16362,#12941,#12942);
#11333=AXIS2_PLACEMENT_3D('',#16364,#12944,#12945);
#11334=AXIS2_PLACEMENT_3D('',#16367,#12948,#12949);
#11335=AXIS2_PLACEMENT_3D('',#16368,#12950,#12951);
#11336=AXIS2_PLACEMENT_3D('',#16370,#12953,#12954);
#11337=AXIS2_PLACEMENT_3D('',#16372,#12956,#12957);
#11338=AXIS2_PLACEMENT_3D('',#16374,#12959,#12960);
#11339=AXIS2_PLACEMENT_3D('',#16376,#12962,#12963);
#11340=AXIS2_PLACEMENT_3D('',#16378,#12965,#12966);
#11341=AXIS2_PLACEMENT_3D('',#16380,#12968,#12969);
#11342=AXIS2_PLACEMENT_3D('',#16382,#12971,#12972);
#11343=AXIS2_PLACEMENT_3D('',#16384,#12974,#12975);
#11344=AXIS2_PLACEMENT_3D('',#16386,#12977,#12978);
#11345=AXIS2_PLACEMENT_3D('',#16391,#12982,#12983);
#11346=AXIS2_PLACEMENT_3D('',#16395,#12986,#12987);
#11347=AXIS2_PLACEMENT_3D('',#16398,#12989,#12990);
#11348=AXIS2_PLACEMENT_3D('',#16399,#12991,#12992);
#11349=AXIS2_PLACEMENT_3D('',#16403,#12995,#12996);
#11350=AXIS2_PLACEMENT_3D('',#16406,#12999,#13000);
#11351=AXIS2_PLACEMENT_3D('',#16407,#13001,#13002);
#11352=AXIS2_PLACEMENT_3D('',#16412,#13006,#13007);
#11353=AXIS2_PLACEMENT_3D('',#16414,#13009,#13010);
#11354=AXIS2_PLACEMENT_3D('',#16418,#13013,#13014);
#11355=AXIS2_PLACEMENT_3D('',#16421,#13016,#13017);
#11356=AXIS2_PLACEMENT_3D('',#16422,#13018,#13019);
#11357=AXIS2_PLACEMENT_3D('',#16426,#13022,#13023);
#11358=AXIS2_PLACEMENT_3D('',#16429,#13025,#13026);
#11359=AXIS2_PLACEMENT_3D('',#16430,#13027,#13028);
#11360=AXIS2_PLACEMENT_3D('',#16433,#13031,#13032);
#11361=AXIS2_PLACEMENT_3D('',#16435,#13034,#13035);
#11362=AXIS2_PLACEMENT_3D('',#16439,#13038,#13039);
#11363=AXIS2_PLACEMENT_3D('',#16442,#13042,#13043);
#11364=AXIS2_PLACEMENT_3D('',#16444,#13045,#13046);
#11365=AXIS2_PLACEMENT_3D('',#16447,#13049,#13050);
#11366=AXIS2_PLACEMENT_3D('',#16448,#13051,#13052);
#11367=AXIS2_PLACEMENT_3D('',#16449,#13053,#13054);
#11368=AXIS2_PLACEMENT_3D('',#16450,#13055,#13056);
#11369=AXIS2_PLACEMENT_3D('',#16451,#13057,#13058);
#11370=AXIS2_PLACEMENT_3D('',#16452,#13059,#13060);
#11371=AXIS2_PLACEMENT_3D('',#16453,#13061,#13062);
#11372=AXIS2_PLACEMENT_3D('',#16455,#13064,#13065);
#11373=AXIS2_PLACEMENT_3D('',#16456,#13066,#13067);
#11374=AXIS2_PLACEMENT_3D('',#16458,#13069,#13070);
#11375=AXIS2_PLACEMENT_3D('',#16460,#13072,#13073);
#11376=AXIS2_PLACEMENT_3D('',#16466,#13077,#13078);
#11377=AXIS2_PLACEMENT_3D('',#16470,#13081,#13082);
#11378=AXIS2_PLACEMENT_3D('',#16474,#13085,#13086);
#11379=AXIS2_PLACEMENT_3D('',#16477,#13088,#13089);
#11380=AXIS2_PLACEMENT_3D('',#16480,#13091,#13092);
#11381=AXIS2_PLACEMENT_3D('',#16484,#13095,#13096);
#11382=AXIS2_PLACEMENT_3D('',#16485,#13097,#13098);
#11383=AXIS2_PLACEMENT_3D('',#16488,#13100,#13101);
#11384=AXIS2_PLACEMENT_3D('',#16492,#13104,#13105);
#11385=AXIS2_PLACEMENT_3D('',#16493,#13106,#13107);
#11386=AXIS2_PLACEMENT_3D('',#16496,#13109,#13110);
#11387=AXIS2_PLACEMENT_3D('',#16500,#13113,#13114);
#11388=AXIS2_PLACEMENT_3D('',#16501,#13115,#13116);
#11389=AXIS2_PLACEMENT_3D('',#16504,#13118,#13119);
#11390=AXIS2_PLACEMENT_3D('',#16507,#13121,#13122);
#11391=AXIS2_PLACEMENT_3D('',#16510,#13124,#13125);
#11392=AXIS2_PLACEMENT_3D('',#16514,#13128,#13129);
#11393=AXIS2_PLACEMENT_3D('',#16515,#13130,#13131);
#11394=AXIS2_PLACEMENT_3D('',#16518,#13133,#13134);
#11395=AXIS2_PLACEMENT_3D('',#16522,#13137,#13138);
#11396=AXIS2_PLACEMENT_3D('',#16523,#13139,#13140);
#11397=AXIS2_PLACEMENT_3D('',#16526,#13142,#13143);
#11398=AXIS2_PLACEMENT_3D('',#16530,#13146,#13147);
#11399=AXIS2_PLACEMENT_3D('',#16531,#13148,#13149);
#11400=AXIS2_PLACEMENT_3D('',#16534,#13151,#13152);
#11401=AXIS2_PLACEMENT_3D('',#16537,#13154,#13155);
#11402=AXIS2_PLACEMENT_3D('',#16540,#13157,#13158);
#11403=AXIS2_PLACEMENT_3D('',#16544,#13161,#13162);
#11404=AXIS2_PLACEMENT_3D('',#16545,#13163,#13164);
#11405=AXIS2_PLACEMENT_3D('',#16548,#13166,#13167);
#11406=AXIS2_PLACEMENT_3D('',#16552,#13170,#13171);
#11407=AXIS2_PLACEMENT_3D('',#16553,#13172,#13173);
#11408=AXIS2_PLACEMENT_3D('',#16556,#13175,#13176);
#11409=AXIS2_PLACEMENT_3D('',#16560,#13179,#13180);
#11410=AXIS2_PLACEMENT_3D('',#16561,#13181,#13182);
#11411=AXIS2_PLACEMENT_3D('',#16564,#13184,#13185);
#11412=AXIS2_PLACEMENT_3D('',#16567,#13187,#13188);
#11413=AXIS2_PLACEMENT_3D('',#16570,#13190,#13191);
#11414=AXIS2_PLACEMENT_3D('',#16574,#13194,#13195);
#11415=AXIS2_PLACEMENT_3D('',#16575,#13196,#13197);
#11416=AXIS2_PLACEMENT_3D('',#16578,#13199,#13200);
#11417=AXIS2_PLACEMENT_3D('',#16582,#13203,#13204);
#11418=AXIS2_PLACEMENT_3D('',#16583,#13205,#13206);
#11419=AXIS2_PLACEMENT_3D('',#16586,#13208,#13209);
#11420=AXIS2_PLACEMENT_3D('',#16590,#13212,#13213);
#11421=AXIS2_PLACEMENT_3D('',#16591,#13214,#13215);
#11422=AXIS2_PLACEMENT_3D('',#16594,#13217,#13218);
#11423=AXIS2_PLACEMENT_3D('',#16597,#13220,#13221);
#11424=AXIS2_PLACEMENT_3D('',#16600,#13223,#13224);
#11425=AXIS2_PLACEMENT_3D('',#16604,#13227,#13228);
#11426=AXIS2_PLACEMENT_3D('',#16605,#13229,#13230);
#11427=AXIS2_PLACEMENT_3D('',#16608,#13232,#13233);
#11428=AXIS2_PLACEMENT_3D('',#16612,#13236,#13237);
#11429=AXIS2_PLACEMENT_3D('',#16613,#13238,#13239);
#11430=AXIS2_PLACEMENT_3D('',#16616,#13241,#13242);
#11431=AXIS2_PLACEMENT_3D('',#16620,#13245,#13246);
#11432=AXIS2_PLACEMENT_3D('',#16621,#13247,#13248);
#11433=AXIS2_PLACEMENT_3D('',#16624,#13250,#13251);
#11434=AXIS2_PLACEMENT_3D('',#16627,#13253,#13254);
#11435=AXIS2_PLACEMENT_3D('',#16630,#13256,#13257);
#11436=AXIS2_PLACEMENT_3D('',#16634,#13260,#13261);
#11437=AXIS2_PLACEMENT_3D('',#16635,#13262,#13263);
#11438=AXIS2_PLACEMENT_3D('',#16638,#13265,#13266);
#11439=AXIS2_PLACEMENT_3D('',#16642,#13269,#13270);
#11440=AXIS2_PLACEMENT_3D('',#16643,#13271,#13272);
#11441=AXIS2_PLACEMENT_3D('',#16646,#13274,#13275);
#11442=AXIS2_PLACEMENT_3D('',#16650,#13278,#13279);
#11443=AXIS2_PLACEMENT_3D('',#16651,#13280,#13281);
#11444=AXIS2_PLACEMENT_3D('',#16654,#13283,#13284);
#11445=AXIS2_PLACEMENT_3D('',#16657,#13286,#13287);
#11446=AXIS2_PLACEMENT_3D('',#16660,#13289,#13290);
#11447=AXIS2_PLACEMENT_3D('',#16664,#13293,#13294);
#11448=AXIS2_PLACEMENT_3D('',#16665,#13295,#13296);
#11449=AXIS2_PLACEMENT_3D('',#16668,#13298,#13299);
#11450=AXIS2_PLACEMENT_3D('',#16672,#13302,#13303);
#11451=AXIS2_PLACEMENT_3D('',#16673,#13304,#13305);
#11452=AXIS2_PLACEMENT_3D('',#16676,#13307,#13308);
#11453=AXIS2_PLACEMENT_3D('',#16680,#13311,#13312);
#11454=AXIS2_PLACEMENT_3D('',#16681,#13313,#13314);
#11455=AXIS2_PLACEMENT_3D('',#16684,#13316,#13317);
#11456=AXIS2_PLACEMENT_3D('',#16687,#13319,#13320);
#11457=AXIS2_PLACEMENT_3D('',#16690,#13322,#13323);
#11458=AXIS2_PLACEMENT_3D('',#16694,#13326,#13327);
#11459=AXIS2_PLACEMENT_3D('',#16695,#13328,#13329);
#11460=AXIS2_PLACEMENT_3D('',#16698,#13331,#13332);
#11461=AXIS2_PLACEMENT_3D('',#16702,#13335,#13336);
#11462=AXIS2_PLACEMENT_3D('',#16703,#13337,#13338);
#11463=AXIS2_PLACEMENT_3D('',#16706,#13340,#13341);
#11464=AXIS2_PLACEMENT_3D('',#16710,#13344,#13345);
#11465=AXIS2_PLACEMENT_3D('',#16711,#13346,#13347);
#11466=AXIS2_PLACEMENT_3D('',#16714,#13349,#13350);
#11467=AXIS2_PLACEMENT_3D('',#16717,#13352,#13353);
#11468=AXIS2_PLACEMENT_3D('',#16720,#13355,#13356);
#11469=AXIS2_PLACEMENT_3D('',#16724,#13359,#13360);
#11470=AXIS2_PLACEMENT_3D('',#16725,#13361,#13362);
#11471=AXIS2_PLACEMENT_3D('',#16728,#13364,#13365);
#11472=AXIS2_PLACEMENT_3D('',#16732,#13368,#13369);
#11473=AXIS2_PLACEMENT_3D('',#16733,#13370,#13371);
#11474=AXIS2_PLACEMENT_3D('',#16736,#13373,#13374);
#11475=AXIS2_PLACEMENT_3D('',#16740,#13377,#13378);
#11476=AXIS2_PLACEMENT_3D('',#16741,#13379,#13380);
#11477=AXIS2_PLACEMENT_3D('',#16744,#13382,#13383);
#11478=AXIS2_PLACEMENT_3D('',#16747,#13385,#13386);
#11479=AXIS2_PLACEMENT_3D('',#16750,#13388,#13389);
#11480=AXIS2_PLACEMENT_3D('',#16754,#13392,#13393);
#11481=AXIS2_PLACEMENT_3D('',#16755,#13394,#13395);
#11482=AXIS2_PLACEMENT_3D('',#16758,#13397,#13398);
#11483=AXIS2_PLACEMENT_3D('',#16762,#13401,#13402);
#11484=AXIS2_PLACEMENT_3D('',#16763,#13403,#13404);
#11485=AXIS2_PLACEMENT_3D('',#16766,#13406,#13407);
#11486=AXIS2_PLACEMENT_3D('',#16770,#13410,#13411);
#11487=AXIS2_PLACEMENT_3D('',#16771,#13412,#13413);
#11488=AXIS2_PLACEMENT_3D('',#16774,#13415,#13416);
#11489=AXIS2_PLACEMENT_3D('',#16777,#13418,#13419);
#11490=AXIS2_PLACEMENT_3D('',#16780,#13421,#13422);
#11491=AXIS2_PLACEMENT_3D('',#16784,#13425,#13426);
#11492=AXIS2_PLACEMENT_3D('',#16785,#13427,#13428);
#11493=AXIS2_PLACEMENT_3D('',#16788,#13430,#13431);
#11494=AXIS2_PLACEMENT_3D('',#16792,#13434,#13435);
#11495=AXIS2_PLACEMENT_3D('',#16793,#13436,#13437);
#11496=AXIS2_PLACEMENT_3D('',#16796,#13439,#13440);
#11497=AXIS2_PLACEMENT_3D('',#16800,#13443,#13444);
#11498=AXIS2_PLACEMENT_3D('',#16801,#13445,#13446);
#11499=AXIS2_PLACEMENT_3D('',#16804,#13448,#13449);
#11500=AXIS2_PLACEMENT_3D('',#16807,#13451,#13452);
#11501=AXIS2_PLACEMENT_3D('',#16810,#13454,#13455);
#11502=AXIS2_PLACEMENT_3D('',#16814,#13458,#13459);
#11503=AXIS2_PLACEMENT_3D('',#16815,#13460,#13461);
#11504=AXIS2_PLACEMENT_3D('',#16818,#13463,#13464);
#11505=AXIS2_PLACEMENT_3D('',#16822,#13467,#13468);
#11506=AXIS2_PLACEMENT_3D('',#16823,#13469,#13470);
#11507=AXIS2_PLACEMENT_3D('',#16826,#13472,#13473);
#11508=AXIS2_PLACEMENT_3D('',#16830,#13476,#13477);
#11509=AXIS2_PLACEMENT_3D('',#16831,#13478,#13479);
#11510=AXIS2_PLACEMENT_3D('',#16834,#13481,#13482);
#11511=AXIS2_PLACEMENT_3D('',#16837,#13484,#13485);
#11512=AXIS2_PLACEMENT_3D('',#16840,#13487,#13488);
#11513=AXIS2_PLACEMENT_3D('',#16844,#13491,#13492);
#11514=AXIS2_PLACEMENT_3D('',#16845,#13493,#13494);
#11515=AXIS2_PLACEMENT_3D('',#16848,#13496,#13497);
#11516=AXIS2_PLACEMENT_3D('',#16852,#13500,#13501);
#11517=AXIS2_PLACEMENT_3D('',#16853,#13502,#13503);
#11518=AXIS2_PLACEMENT_3D('',#16856,#13505,#13506);
#11519=AXIS2_PLACEMENT_3D('',#16860,#13509,#13510);
#11520=AXIS2_PLACEMENT_3D('',#16861,#13511,#13512);
#11521=AXIS2_PLACEMENT_3D('',#16864,#13514,#13515);
#11522=AXIS2_PLACEMENT_3D('',#16867,#13517,#13518);
#11523=AXIS2_PLACEMENT_3D('',#16870,#13520,#13521);
#11524=AXIS2_PLACEMENT_3D('',#16874,#13524,#13525);
#11525=AXIS2_PLACEMENT_3D('',#16875,#13526,#13527);
#11526=AXIS2_PLACEMENT_3D('',#16878,#13529,#13530);
#11527=AXIS2_PLACEMENT_3D('',#16882,#13533,#13534);
#11528=AXIS2_PLACEMENT_3D('',#16883,#13535,#13536);
#11529=AXIS2_PLACEMENT_3D('',#16886,#13538,#13539);
#11530=AXIS2_PLACEMENT_3D('',#16890,#13542,#13543);
#11531=AXIS2_PLACEMENT_3D('',#16891,#13544,#13545);
#11532=AXIS2_PLACEMENT_3D('',#16894,#13547,#13548);
#11533=AXIS2_PLACEMENT_3D('',#16897,#13550,#13551);
#11534=AXIS2_PLACEMENT_3D('',#16900,#13553,#13554);
#11535=AXIS2_PLACEMENT_3D('',#16904,#13557,#13558);
#11536=AXIS2_PLACEMENT_3D('',#16905,#13559,#13560);
#11537=AXIS2_PLACEMENT_3D('',#16908,#13562,#13563);
#11538=AXIS2_PLACEMENT_3D('',#16912,#13566,#13567);
#11539=AXIS2_PLACEMENT_3D('',#16913,#13568,#13569);
#11540=AXIS2_PLACEMENT_3D('',#16916,#13571,#13572);
#11541=AXIS2_PLACEMENT_3D('',#16920,#13575,#13576);
#11542=AXIS2_PLACEMENT_3D('',#16921,#13577,#13578);
#11543=AXIS2_PLACEMENT_3D('',#16924,#13580,#13581);
#11544=AXIS2_PLACEMENT_3D('',#16927,#13583,#13584);
#11545=AXIS2_PLACEMENT_3D('',#16930,#13586,#13587);
#11546=AXIS2_PLACEMENT_3D('',#16934,#13590,#13591);
#11547=AXIS2_PLACEMENT_3D('',#16935,#13592,#13593);
#11548=AXIS2_PLACEMENT_3D('',#16938,#13595,#13596);
#11549=AXIS2_PLACEMENT_3D('',#16942,#13599,#13600);
#11550=AXIS2_PLACEMENT_3D('',#16943,#13601,#13602);
#11551=AXIS2_PLACEMENT_3D('',#16946,#13604,#13605);
#11552=AXIS2_PLACEMENT_3D('',#16950,#13608,#13609);
#11553=AXIS2_PLACEMENT_3D('',#16951,#13610,#13611);
#11554=AXIS2_PLACEMENT_3D('',#16954,#13613,#13614);
#11555=AXIS2_PLACEMENT_3D('',#16956,#13616,#13617);
#11556=AXIS2_PLACEMENT_3D('',#16958,#13619,#13620);
#11557=AXIS2_PLACEMENT_3D('',#16960,#13622,#13623);
#11558=AXIS2_PLACEMENT_3D('',#16962,#13625,#13626);
#11559=AXIS2_PLACEMENT_3D('',#16964,#13628,#13629);
#11560=AXIS2_PLACEMENT_3D('',#16966,#13631,#13632);
#11561=AXIS2_PLACEMENT_3D('',#16968,#13634,#13635);
#11562=AXIS2_PLACEMENT_3D('',#16970,#13637,#13638);
#11563=AXIS2_PLACEMENT_3D('',#16972,#13640,#13641);
#11564=AXIS2_PLACEMENT_3D('',#16974,#13643,#13644);
#11565=AXIS2_PLACEMENT_3D('',#16976,#13646,#13647);
#11566=AXIS2_PLACEMENT_3D('',#16978,#13649,#13650);
#11567=AXIS2_PLACEMENT_3D('',#16980,#13652,#13653);
#11568=AXIS2_PLACEMENT_3D('',#16982,#13655,#13656);
#11569=AXIS2_PLACEMENT_3D('',#16984,#13658,#13659);
#11570=AXIS2_PLACEMENT_3D('',#16986,#13661,#13662);
#11571=AXIS2_PLACEMENT_3D('',#16988,#13664,#13665);
#11572=AXIS2_PLACEMENT_3D('',#16989,#13666,#13667);
#11573=AXIS2_PLACEMENT_3D('',#16994,#13668,#13669);
#11574=AXIS2_PLACEMENT_3D('',#17004,#13670,#13671);
#11575=AXIS2_PLACEMENT_3D('',#17010,#13672,#13673);
#11576=AXIS2_PLACEMENT_3D('',#17011,#13674,#13675);
#11577=AXIS2_PLACEMENT_3D('',#17012,#13676,#13677);
#11578=AXIS2_PLACEMENT_3D('',#17013,#13678,#13679);
#11579=AXIS2_PLACEMENT_3D('',#17014,#13680,#13681);
#11580=AXIS2_PLACEMENT_3D('',#17015,#13682,#13683);
#11581=AXIS2_PLACEMENT_3D('',#17016,#13684,#13685);
#11582=AXIS2_PLACEMENT_3D('',#17017,#13686,#13687);
#11583=AXIS2_PLACEMENT_3D('',#17018,#13688,#13689);
#11584=AXIS2_PLACEMENT_3D('',#17019,#13690,#13691);
#11585=AXIS2_PLACEMENT_3D('',#17020,#13692,#13693);
#11586=AXIS2_PLACEMENT_3D('',#17021,#13694,#13695);
#11587=AXIS2_PLACEMENT_3D('',#17022,#13696,#13697);
#11588=AXIS2_PLACEMENT_3D('',#17023,#13698,#13699);
#11589=AXIS2_PLACEMENT_3D('',#17024,#13700,#13701);
#11590=AXIS2_PLACEMENT_3D('',#17025,#13702,#13703);
#11591=AXIS2_PLACEMENT_3D('',#17026,#13704,#13705);
#11592=AXIS2_PLACEMENT_3D('',#17027,#13706,#13707);
#11593=AXIS2_PLACEMENT_3D('',#17032,#13708,#13709);
#11594=AXIS2_PLACEMENT_3D('',#17037,#13710,#13711);
#11595=AXIS2_PLACEMENT_3D('',#17038,#13712,#13713);
#11596=AXIS2_PLACEMENT_3D('',#17039,#13714,#13715);
#11597=AXIS2_PLACEMENT_3D('',#17040,#13716,#13717);
#11598=AXIS2_PLACEMENT_3D('',#17041,#13718,#13719);
#11599=AXIS2_PLACEMENT_3D('',#17042,#13720,#13721);
#11600=AXIS2_PLACEMENT_3D('',#17043,#13722,#13723);
#11601=AXIS2_PLACEMENT_3D('',#17052,#13728,#13729);
#11602=AXIS2_PLACEMENT_3D('',#17053,#13730,#13731);
#11603=AXIS2_PLACEMENT_3D('',#17057,#13733,#13734);
#11604=AXIS2_PLACEMENT_3D('',#17058,#13735,#13736);
#11605=AXIS2_PLACEMENT_3D('',#17064,#13740,#13741);
#11606=AXIS2_PLACEMENT_3D('',#17070,#13745,#13746);
#11607=AXIS2_PLACEMENT_3D('',#17071,#13747,#13748);
#11608=AXIS2_PLACEMENT_3D('',#17075,#13750,#13751);
#11609=AXIS2_PLACEMENT_3D('',#17076,#13752,#13753);
#11610=AXIS2_PLACEMENT_3D('',#17082,#13757,#13758);
#11611=AXIS2_PLACEMENT_3D('',#17083,#13759,#13760);
#11612=AXIS2_PLACEMENT_3D('',#17087,#13762,#13763);
#11613=AXIS2_PLACEMENT_3D('',#17088,#13764,#13765);
#11614=AXIS2_PLACEMENT_3D('',#17094,#13769,#13770);
#11615=AXIS2_PLACEMENT_3D('',#17095,#13771,#13772);
#11616=AXIS2_PLACEMENT_3D('',#17099,#13774,#13775);
#11617=AXIS2_PLACEMENT_3D('',#17100,#13776,#13777);
#11618=AXIS2_PLACEMENT_3D('',#17106,#13781,#13782);
#11619=AXIS2_PLACEMENT_3D('',#17107,#13783,#13784);
#11620=AXIS2_PLACEMENT_3D('',#17111,#13786,#13787);
#11621=AXIS2_PLACEMENT_3D('',#17112,#13788,#13789);
#11622=AXIS2_PLACEMENT_3D('',#17118,#13793,#13794);
#11623=AXIS2_PLACEMENT_3D('',#17119,#13795,#13796);
#11624=AXIS2_PLACEMENT_3D('',#17123,#13798,#13799);
#11625=AXIS2_PLACEMENT_3D('',#17124,#13800,#13801);
#11626=AXIS2_PLACEMENT_3D('',#17130,#13805,#13806);
#11627=AXIS2_PLACEMENT_3D('',#17136,#13810,#13811);
#11628=AXIS2_PLACEMENT_3D('',#17137,#13812,#13813);
#11629=AXIS2_PLACEMENT_3D('',#17141,#13815,#13816);
#11630=AXIS2_PLACEMENT_3D('',#17142,#13817,#13818);
#11631=AXIS2_PLACEMENT_3D('',#17148,#13822,#13823);
#11632=AXIS2_PLACEMENT_3D('',#17149,#13824,#13825);
#11633=AXIS2_PLACEMENT_3D('',#17153,#13827,#13828);
#11634=AXIS2_PLACEMENT_3D('',#17154,#13829,#13830);
#11635=AXIS2_PLACEMENT_3D('',#17157,#13833,#13834);
#11636=AXIS2_PLACEMENT_3D('',#17158,#13835,#13836);
#11637=AXIS2_PLACEMENT_3D('',#17160,#13837,#13838);
#11638=AXIS2_PLACEMENT_3D('',#17162,#13839,#13840);
#11639=AXIS2_PLACEMENT_3D('',#17164,#13841,#13842);
#11640=AXIS2_PLACEMENT_3D('',#17166,#13843,#13844);
#11641=AXIS2_PLACEMENT_3D('',#17168,#13845,#13846);
#11642=AXIS2_PLACEMENT_3D('',#17170,#13847,#13848);
#11643=AXIS2_PLACEMENT_3D('',#17171,#13849,#13850);
#11644=AXIS2_PLACEMENT_3D('',#17173,#13851,#13852);
#11645=AXIS2_PLACEMENT_3D('',#17175,#13853,#13854);
#11646=AXIS2_PLACEMENT_3D('',#17177,#13855,#13856);
#11647=AXIS2_PLACEMENT_3D('',#17179,#13857,#13858);
#11648=AXIS2_PLACEMENT_3D('',#17181,#13859,#13860);
#11649=AXIS2_PLACEMENT_3D('',#17183,#13861,#13862);
#11650=AXIS2_PLACEMENT_3D('',#17184,#13863,#13864);
#11651=AXIS2_PLACEMENT_3D('',#17185,#13865,#13866);
#11652=AXIS2_PLACEMENT_3D('',#17186,#13867,#13868);
#11653=AXIS2_PLACEMENT_3D('',#17187,#13869,#13870);
#11654=AXIS2_PLACEMENT_3D('',#17188,#13871,#13872);
#11655=AXIS2_PLACEMENT_3D('',#17189,#13873,#13874);
#11656=AXIS2_PLACEMENT_3D('',#17190,#13875,#13876);
#11657=AXIS2_PLACEMENT_3D('',#17199,#13881,#13882);
#11658=AXIS2_PLACEMENT_3D('',#17208,#13887,#13888);
#11659=AXIS2_PLACEMENT_3D('',#17209,#13889,#13890);
#11660=AXIS2_PLACEMENT_3D('',#17213,#13892,#13893);
#11661=AXIS2_PLACEMENT_3D('',#17214,#13894,#13895);
#11662=AXIS2_PLACEMENT_3D('',#17220,#13899,#13900);
#11663=AXIS2_PLACEMENT_3D('',#17229,#13905,#13906);
#11664=AXIS2_PLACEMENT_3D('',#17230,#13907,#13908);
#11665=AXIS2_PLACEMENT_3D('',#17234,#13910,#13911);
#11666=AXIS2_PLACEMENT_3D('',#17235,#13912,#13913);
#11667=AXIS2_PLACEMENT_3D('',#17241,#13917,#13918);
#11668=AXIS2_PLACEMENT_3D('',#17250,#13923,#13924);
#11669=AXIS2_PLACEMENT_3D('',#17259,#13929,#13930);
#11670=AXIS2_PLACEMENT_3D('',#17268,#13935,#13936);
#11671=AXIS2_PLACEMENT_3D('',#17272,#13938,#13939);
#11672=AXIS2_PLACEMENT_3D('',#17276,#13941,#13942);
#11673=AXIS2_PLACEMENT_3D('',#17277,#13943,#13944);
#11674=AXIS2_PLACEMENT_3D('',#17283,#13948,#13949);
#11675=AXIS2_PLACEMENT_3D('',#17284,#13950,#13951);
#11676=AXIS2_PLACEMENT_3D('',#17285,#13952,#13953);
#11677=AXIS2_PLACEMENT_3D('',#17286,#13954,#13955);
#11678=AXIS2_PLACEMENT_3D('',#17287,#13956,#13957);
#11679=AXIS2_PLACEMENT_3D('',#17288,#13958,#13959);
#11680=AXIS2_PLACEMENT_3D('',#17289,#13960,#13961);
#11681=AXIS2_PLACEMENT_3D('',#17290,#13962,#13963);
#11682=AXIS2_PLACEMENT_3D('',#17294,#13965,#13966);
#11683=AXIS2_PLACEMENT_3D('',#17295,#13967,#13968);
#11684=AXIS2_PLACEMENT_3D('',#17304,#13973,#13974);
#11685=AXIS2_PLACEMENT_3D('',#17305,#13975,#13976);
#11686=AXIS2_PLACEMENT_3D('',#17307,#13977,#13978);
#11687=AXIS2_PLACEMENT_3D('',#17309,#13979,#13980);
#11688=AXIS2_PLACEMENT_3D('',#17311,#13981,#13982);
#11689=AXIS2_PLACEMENT_3D('',#17313,#13983,#13984);
#11690=AXIS2_PLACEMENT_3D('',#17315,#13985,#13986);
#11691=AXIS2_PLACEMENT_3D('',#17320,#13988,#13989);
#11692=AXIS2_PLACEMENT_3D('',#17322,#13990,#13991);
#11693=AXIS2_PLACEMENT_3D('',#17324,#13992,#13993);
#11694=AXIS2_PLACEMENT_3D('',#17330,#13996,#13997);
#11695=AXIS2_PLACEMENT_3D('',#17332,#13998,#13999);
#11696=AXIS2_PLACEMENT_3D('',#17334,#14000,#14001);
#11697=AXIS2_PLACEMENT_3D('',#17338,#14003,#14004);
#11698=AXIS2_PLACEMENT_3D('',#17340,#14005,#14006);
#11699=AXIS2_PLACEMENT_3D('',#17342,#14007,#14008);
#11700=AXIS2_PLACEMENT_3D('',#17346,#14010,#14011);
#11701=AXIS2_PLACEMENT_3D('',#17348,#14012,#14013);
#11702=AXIS2_PLACEMENT_3D('',#17352,#14015,#14016);
#11703=AXIS2_PLACEMENT_3D('',#17364,#14022,#14023);
#11704=AXIS2_PLACEMENT_3D('',#17366,#14024,#14025);
#11705=AXIS2_PLACEMENT_3D('',#17372,#14028,#14029);
#11706=AXIS2_PLACEMENT_3D('',#17378,#14032,#14033);
#11707=AXIS2_PLACEMENT_3D('',#17380,#14034,#14035);
#11708=AXIS2_PLACEMENT_3D('',#17382,#14036,#14037);
#11709=AXIS2_PLACEMENT_3D('',#17383,#14038,#14039);
#11710=AXIS2_PLACEMENT_3D('',#17388,#14041,#14042);
#11711=AXIS2_PLACEMENT_3D('',#17392,#14044,#14045);
#11712=AXIS2_PLACEMENT_3D('',#17396,#14047,#14048);
#11713=AXIS2_PLACEMENT_3D('',#17399,#14050,#14051);
#11714=AXIS2_PLACEMENT_3D('',#17404,#14053,#14054);
#11715=AXIS2_PLACEMENT_3D('',#17408,#14056,#14057);
#11716=AXIS2_PLACEMENT_3D('',#17412,#14059,#14060);
#11717=AXIS2_PLACEMENT_3D('',#17415,#14062,#14063);
#11718=AXIS2_PLACEMENT_3D('',#17420,#14065,#14066);
#11719=AXIS2_PLACEMENT_3D('',#17424,#14068,#14069);
#11720=AXIS2_PLACEMENT_3D('',#17428,#14071,#14072);
#11721=AXIS2_PLACEMENT_3D('',#17431,#14074,#14075);
#11722=AXIS2_PLACEMENT_3D('',#17436,#14077,#14078);
#11723=AXIS2_PLACEMENT_3D('',#17440,#14080,#14081);
#11724=AXIS2_PLACEMENT_3D('',#17444,#14083,#14084);
#11725=AXIS2_PLACEMENT_3D('',#17447,#14086,#14087);
#11726=AXIS2_PLACEMENT_3D('',#17452,#14089,#14090);
#11727=AXIS2_PLACEMENT_3D('',#17456,#14092,#14093);
#11728=AXIS2_PLACEMENT_3D('',#17460,#14095,#14096);
#11729=AXIS2_PLACEMENT_3D('',#17463,#14098,#14099);
#11730=AXIS2_PLACEMENT_3D('',#17468,#14101,#14102);
#11731=AXIS2_PLACEMENT_3D('',#17472,#14104,#14105);
#11732=AXIS2_PLACEMENT_3D('',#17476,#14107,#14108);
#11733=AXIS2_PLACEMENT_3D('',#17479,#14110,#14111);
#11734=AXIS2_PLACEMENT_3D('',#17484,#14113,#14114);
#11735=AXIS2_PLACEMENT_3D('',#17488,#14116,#14117);
#11736=AXIS2_PLACEMENT_3D('',#17492,#14119,#14120);
#11737=AXIS2_PLACEMENT_3D('',#17495,#14122,#14123);
#11738=AXIS2_PLACEMENT_3D('',#17500,#14125,#14126);
#11739=AXIS2_PLACEMENT_3D('',#17504,#14128,#14129);
#11740=AXIS2_PLACEMENT_3D('',#17508,#14131,#14132);
#11741=AXIS2_PLACEMENT_3D('',#17511,#14134,#14135);
#11742=AXIS2_PLACEMENT_3D('',#17516,#14137,#14138);
#11743=AXIS2_PLACEMENT_3D('',#17520,#14140,#14141);
#11744=AXIS2_PLACEMENT_3D('',#17524,#14143,#14144);
#11745=AXIS2_PLACEMENT_3D('',#17527,#14146,#14147);
#11746=AXIS2_PLACEMENT_3D('',#17532,#14149,#14150);
#11747=AXIS2_PLACEMENT_3D('',#17536,#14152,#14153);
#11748=AXIS2_PLACEMENT_3D('',#17540,#14155,#14156);
#11749=AXIS2_PLACEMENT_3D('',#17543,#14158,#14159);
#11750=AXIS2_PLACEMENT_3D('',#17548,#14161,#14162);
#11751=AXIS2_PLACEMENT_3D('',#17552,#14164,#14165);
#11752=AXIS2_PLACEMENT_3D('',#17556,#14167,#14168);
#11753=AXIS2_PLACEMENT_3D('',#17559,#14170,#14171);
#11754=AXIS2_PLACEMENT_3D('',#17564,#14173,#14174);
#11755=AXIS2_PLACEMENT_3D('',#17568,#14176,#14177);
#11756=AXIS2_PLACEMENT_3D('',#17572,#14179,#14180);
#11757=AXIS2_PLACEMENT_3D('',#17575,#14182,#14183);
#11758=AXIS2_PLACEMENT_3D('',#17580,#14185,#14186);
#11759=AXIS2_PLACEMENT_3D('',#17584,#14188,#14189);
#11760=AXIS2_PLACEMENT_3D('',#17588,#14191,#14192);
#11761=AXIS2_PLACEMENT_3D('',#17591,#14194,#14195);
#11762=AXIS2_PLACEMENT_3D('',#17596,#14197,#14198);
#11763=AXIS2_PLACEMENT_3D('',#17600,#14200,#14201);
#11764=AXIS2_PLACEMENT_3D('',#17604,#14203,#14204);
#11765=AXIS2_PLACEMENT_3D('',#17607,#14206,#14207);
#11766=AXIS2_PLACEMENT_3D('',#17612,#14209,#14210);
#11767=AXIS2_PLACEMENT_3D('',#17616,#14212,#14213);
#11768=AXIS2_PLACEMENT_3D('',#17620,#14215,#14216);
#11769=AXIS2_PLACEMENT_3D('',#17623,#14218,#14219);
#11770=AXIS2_PLACEMENT_3D('',#17628,#14221,#14222);
#11771=AXIS2_PLACEMENT_3D('',#17632,#14224,#14225);
#11772=AXIS2_PLACEMENT_3D('',#17636,#14227,#14228);
#11773=AXIS2_PLACEMENT_3D('',#17647,#14234,#14235);
#11774=AXIS2_PLACEMENT_3D('',#17656,#14240,#14241);
#11775=AXIS2_PLACEMENT_3D('',#17665,#14246,#14247);
#11776=AXIS2_PLACEMENT_3D('',#17674,#14252,#14253);
#11777=AXIS2_PLACEMENT_3D('',#17683,#14258,#14259);
#11778=AXIS2_PLACEMENT_3D('',#17692,#14264,#14265);
#11779=AXIS2_PLACEMENT_3D('',#17698,#14269,#14270);
#11780=AXIS2_PLACEMENT_3D('',#17707,#14275,#14276);
#11781=AXIS2_PLACEMENT_3D('',#17708,#14277,#14278);
#11782=AXIS2_PLACEMENT_3D('',#17710,#14279,#14280);
#11783=AXIS2_PLACEMENT_3D('',#17711,#14281,#14282);
#11784=AXIS2_PLACEMENT_3D('',#17713,#14283,#14284);
#11785=AXIS2_PLACEMENT_3D('',#17714,#14285,#14286);
#11786=AXIS2_PLACEMENT_3D('',#17716,#14287,#14288);
#11787=AXIS2_PLACEMENT_3D('',#17717,#14289,#14290);
#11788=AXIS2_PLACEMENT_3D('',#17719,#14291,#14292);
#11789=AXIS2_PLACEMENT_3D('',#17720,#14293,#14294);
#11790=AXIS2_PLACEMENT_3D('',#17722,#14295,#14296);
#11791=AXIS2_PLACEMENT_3D('',#17723,#14297,#14298);
#11792=AXIS2_PLACEMENT_3D('',#17725,#14299,#14300);
#11793=AXIS2_PLACEMENT_3D('',#17730,#14303,#14304);
#11794=AXIS2_PLACEMENT_3D('',#17734,#14306,#14307);
#11795=AXIS2_PLACEMENT_3D('',#17736,#14308,#14309);
#11796=AXIS2_PLACEMENT_3D('',#17740,#14311,#14312);
#11797=AXIS2_PLACEMENT_3D('',#17744,#14314,#14315);
#11798=AXIS2_PLACEMENT_3D('',#17748,#14317,#14318);
#11799=AXIS2_PLACEMENT_3D('',#17752,#14320,#14321);
#11800=AXIS2_PLACEMENT_3D('',#17756,#14323,#14324);
#11801=AXIS2_PLACEMENT_3D('',#17760,#14326,#14327);
#11802=AXIS2_PLACEMENT_3D('',#17764,#14329,#14330);
#11803=AXIS2_PLACEMENT_3D('',#17768,#14332,#14333);
#11804=AXIS2_PLACEMENT_3D('',#17772,#14335,#14336);
#11805=AXIS2_PLACEMENT_3D('',#17774,#14337,#14338);
#11806=AXIS2_PLACEMENT_3D('',#17776,#14340,#14341);
#11807=AXIS2_PLACEMENT_3D('',#17777,#14342,#14343);
#11808=AXIS2_PLACEMENT_3D('',#17779,#14344,#14345);
#11809=AXIS2_PLACEMENT_3D('',#17781,#14346,#14347);
#11810=AXIS2_PLACEMENT_3D('',#17782,#14348,#14349);
#11811=AXIS2_PLACEMENT_3D('',#17783,#14350,#14351);
#11812=AXIS2_PLACEMENT_3D('',#17784,#14352,#14353);
#11813=AXIS2_PLACEMENT_3D('',#17785,#14354,#14355);
#11814=AXIS2_PLACEMENT_3D('',#17786,#14356,#14357);
#11815=AXIS2_PLACEMENT_3D('',#17788,#14358,#14359);
#11816=AXIS2_PLACEMENT_3D('',#17790,#14360,#14361);
#11817=AXIS2_PLACEMENT_3D('',#17791,#14362,#14363);
#11818=AXIS2_PLACEMENT_3D('',#17792,#14364,#14365);
#11819=AXIS2_PLACEMENT_3D('',#17793,#14366,#14367);
#11820=AXIS2_PLACEMENT_3D('',#17802,#14372,#14373);
#11821=AXIS2_PLACEMENT_3D('',#17803,#14374,#14375);
#11822=AXIS2_PLACEMENT_3D('',#17807,#14377,#14378);
#11823=AXIS2_PLACEMENT_3D('',#17808,#14379,#14380);
#11824=AXIS2_PLACEMENT_3D('',#17814,#14384,#14385);
#11825=AXIS2_PLACEMENT_3D('',#17820,#14389,#14390);
#11826=AXIS2_PLACEMENT_3D('',#17821,#14391,#14392);
#11827=AXIS2_PLACEMENT_3D('',#17825,#14394,#14395);
#11828=AXIS2_PLACEMENT_3D('',#17826,#14396,#14397);
#11829=AXIS2_PLACEMENT_3D('',#17832,#14401,#14402);
#11830=AXIS2_PLACEMENT_3D('',#17833,#14403,#14404);
#11831=AXIS2_PLACEMENT_3D('',#17837,#14406,#14407);
#11832=AXIS2_PLACEMENT_3D('',#17838,#14408,#14409);
#11833=AXIS2_PLACEMENT_3D('',#17844,#14413,#14414);
#11834=AXIS2_PLACEMENT_3D('',#17845,#14415,#14416);
#11835=AXIS2_PLACEMENT_3D('',#17849,#14418,#14419);
#11836=AXIS2_PLACEMENT_3D('',#17850,#14420,#14421);
#11837=AXIS2_PLACEMENT_3D('',#17856,#14425,#14426);
#11838=AXIS2_PLACEMENT_3D('',#17857,#14427,#14428);
#11839=AXIS2_PLACEMENT_3D('',#17861,#14430,#14431);
#11840=AXIS2_PLACEMENT_3D('',#17862,#14432,#14433);
#11841=AXIS2_PLACEMENT_3D('',#17868,#14437,#14438);
#11842=AXIS2_PLACEMENT_3D('',#17869,#14439,#14440);
#11843=AXIS2_PLACEMENT_3D('',#17873,#14442,#14443);
#11844=AXIS2_PLACEMENT_3D('',#17874,#14444,#14445);
#11845=AXIS2_PLACEMENT_3D('',#17880,#14449,#14450);
#11846=AXIS2_PLACEMENT_3D('',#17886,#14454,#14455);
#11847=AXIS2_PLACEMENT_3D('',#17887,#14456,#14457);
#11848=AXIS2_PLACEMENT_3D('',#17891,#14459,#14460);
#11849=AXIS2_PLACEMENT_3D('',#17892,#14461,#14462);
#11850=AXIS2_PLACEMENT_3D('',#17898,#14466,#14467);
#11851=AXIS2_PLACEMENT_3D('',#17899,#14468,#14469);
#11852=AXIS2_PLACEMENT_3D('',#17903,#14471,#14472);
#11853=AXIS2_PLACEMENT_3D('',#17904,#14473,#14474);
#11854=AXIS2_PLACEMENT_3D('',#17910,#14478,#14479);
#11855=AXIS2_PLACEMENT_3D('',#17913,#14481,#14482);
#11856=AXIS2_PLACEMENT_3D('',#17914,#14483,#14484);
#11857=AXIS2_PLACEMENT_3D('',#17918,#14487,#14488);
#11858=AXIS2_PLACEMENT_3D('',#17921,#14490,#14491);
#11859=AXIS2_PLACEMENT_3D('',#17922,#14492,#14493);
#11860=AXIS2_PLACEMENT_3D('',#17926,#14496,#14497);
#11861=AXIS2_PLACEMENT_3D('',#17929,#14499,#14500);
#11862=AXIS2_PLACEMENT_3D('',#17930,#14501,#14502);
#11863=AXIS2_PLACEMENT_3D('',#17934,#14505,#14506);
#11864=AXIS2_PLACEMENT_3D('',#17937,#14508,#14509);
#11865=AXIS2_PLACEMENT_3D('',#17938,#14510,#14511);
#11866=AXIS2_PLACEMENT_3D('',#17942,#14514,#14515);
#11867=AXIS2_PLACEMENT_3D('',#17945,#14517,#14518);
#11868=AXIS2_PLACEMENT_3D('',#17946,#14519,#14520);
#11869=AXIS2_PLACEMENT_3D('',#17950,#14523,#14524);
#11870=AXIS2_PLACEMENT_3D('',#17953,#14526,#14527);
#11871=AXIS2_PLACEMENT_3D('',#17954,#14528,#14529);
#11872=AXIS2_PLACEMENT_3D('',#17958,#14532,#14533);
#11873=AXIS2_PLACEMENT_3D('',#17961,#14535,#14536);
#11874=AXIS2_PLACEMENT_3D('',#17962,#14537,#14538);
#11875=AXIS2_PLACEMENT_3D('',#17968,#14542,#14543);
#11876=AXIS2_PLACEMENT_3D('',#17971,#14545,#14546);
#11877=AXIS2_PLACEMENT_3D('',#17972,#14547,#14548);
#11878=AXIS2_PLACEMENT_3D('',#17976,#14551,#14552);
#11879=AXIS2_PLACEMENT_3D('',#17977,#14553,#14554);
#11880=AXIS2_PLACEMENT_3D('',#17982,#14557,#14558);
#11881=AXIS2_PLACEMENT_3D('',#17986,#14561,#14562);
#11882=AXIS2_PLACEMENT_3D('',#17989,#14564,#14565);
#11883=AXIS2_PLACEMENT_3D('',#17990,#14566,#14567);
#11884=AXIS2_PLACEMENT_3D('',#17994,#14570,#14571);
#11885=AXIS2_PLACEMENT_3D('',#17995,#14572,#14573);
#11886=AXIS2_PLACEMENT_3D('',#17996,#14574,#14575);
#11887=AXIS2_PLACEMENT_3D('',#17999,#14578,#14579);
#11888=AXIS2_PLACEMENT_3D('',#18002,#14582,#14583);
#11889=AXIS2_PLACEMENT_3D('',#18003,#14584,#14585);
#11890=AXIS2_PLACEMENT_3D('',#18004,#14586,#14587);
#11891=AXIS2_PLACEMENT_3D('',#18006,#14588,#14589);
#11892=AXIS2_PLACEMENT_3D('',#18008,#14590,#14591);
#11893=AXIS2_PLACEMENT_3D('',#18010,#14592,#14593);
#11894=AXIS2_PLACEMENT_3D('',#18012,#14594,#14595);
#11895=AXIS2_PLACEMENT_3D('',#18020,#14596,#14597);
#11896=AXIS2_PLACEMENT_3D('',#18028,#14598,#14599);
#11897=AXIS2_PLACEMENT_3D('',#18036,#14600,#14601);
#11898=AXIS2_PLACEMENT_3D('',#18044,#14602,#14603);
#11899=AXIS2_PLACEMENT_3D('',#18055,#14604,#14605);
#11900=AXIS2_PLACEMENT_3D('',#18066,#14606,#14607);
#11901=AXIS2_PLACEMENT_3D('',#18069,#14609,#14610);
#11902=AXIS2_PLACEMENT_3D('',#18070,#14611,#14612);
#11903=AXIS2_PLACEMENT_3D('',#18071,#14613,#14614);
#11904=AXIS2_PLACEMENT_3D('',#18072,#14615,#14616);
#11905=AXIS2_PLACEMENT_3D('',#18073,#14617,#14618);
#11906=AXIS2_PLACEMENT_3D('',#18074,#14619,#14620);
#11907=AXIS2_PLACEMENT_3D('',#18075,#14621,#14622);
#11908=AXIS2_PLACEMENT_3D('',#18076,#14623,#14624);
#11909=AXIS2_PLACEMENT_3D('',#18077,#14625,#14626);
#11910=AXIS2_PLACEMENT_3D('',#18080,#14628,#14629);
#11911=AXIS2_PLACEMENT_3D('',#18083,#14631,#14632);
#11912=AXIS2_PLACEMENT_3D('',#18084,#14633,#14634);
#11913=AXIS2_PLACEMENT_3D('',#18085,#14635,#14636);
#11914=AXIS2_PLACEMENT_3D('',#18086,#14637,#14638);
#11915=AXIS2_PLACEMENT_3D('',#18087,#14639,#14640);
#11916=AXIS2_PLACEMENT_3D('',#18090,#14642,#14643);
#11917=AXIS2_PLACEMENT_3D('',#18091,#14644,#14645);
#11918=AXIS2_PLACEMENT_3D('',#18092,#14646,#14647);
#11919=AXIS2_PLACEMENT_3D('',#18093,#14648,#14649);
#11920=AXIS2_PLACEMENT_3D('',#18094,#14650,#14651);
#11921=AXIS2_PLACEMENT_3D('',#18095,#14652,#14653);
#11922=AXIS2_PLACEMENT_3D('',#18096,#14654,#14655);
#11923=AXIS2_PLACEMENT_3D('',#18097,#14656,#14657);
#11924=AXIS2_PLACEMENT_3D('',#18098,#14658,#14659);
#11925=AXIS2_PLACEMENT_3D('',#18099,#14660,#14661);
#11926=AXIS2_PLACEMENT_3D('',#18100,#14662,#14663);
#11927=AXIS2_PLACEMENT_3D('',#18101,#14664,#14665);
#11928=AXIS2_PLACEMENT_3D('',#18103,#14667,#14668);
#11929=AXIS2_PLACEMENT_3D('',#18104,#14669,#14670);
#11930=AXIS2_PLACEMENT_3D('',#18106,#14672,#14673);
#11931=AXIS2_PLACEMENT_3D('',#18108,#14675,#14676);
#11932=AXIS2_PLACEMENT_3D('',#18114,#14680,#14681);
#11933=AXIS2_PLACEMENT_3D('',#18118,#14684,#14685);
#11934=AXIS2_PLACEMENT_3D('',#18122,#14688,#14689);
#11935=AXIS2_PLACEMENT_3D('',#18125,#14691,#14692);
#11936=AXIS2_PLACEMENT_3D('',#18128,#14694,#14695);
#11937=AXIS2_PLACEMENT_3D('',#18132,#14698,#14699);
#11938=AXIS2_PLACEMENT_3D('',#18133,#14700,#14701);
#11939=AXIS2_PLACEMENT_3D('',#18136,#14703,#14704);
#11940=AXIS2_PLACEMENT_3D('',#18140,#14707,#14708);
#11941=AXIS2_PLACEMENT_3D('',#18141,#14709,#14710);
#11942=AXIS2_PLACEMENT_3D('',#18144,#14712,#14713);
#11943=AXIS2_PLACEMENT_3D('',#18148,#14716,#14717);
#11944=AXIS2_PLACEMENT_3D('',#18149,#14718,#14719);
#11945=AXIS2_PLACEMENT_3D('',#18152,#14721,#14722);
#11946=AXIS2_PLACEMENT_3D('',#18155,#14724,#14725);
#11947=AXIS2_PLACEMENT_3D('',#18158,#14727,#14728);
#11948=AXIS2_PLACEMENT_3D('',#18162,#14731,#14732);
#11949=AXIS2_PLACEMENT_3D('',#18163,#14733,#14734);
#11950=AXIS2_PLACEMENT_3D('',#18166,#14736,#14737);
#11951=AXIS2_PLACEMENT_3D('',#18170,#14740,#14741);
#11952=AXIS2_PLACEMENT_3D('',#18171,#14742,#14743);
#11953=AXIS2_PLACEMENT_3D('',#18174,#14745,#14746);
#11954=AXIS2_PLACEMENT_3D('',#18178,#14749,#14750);
#11955=AXIS2_PLACEMENT_3D('',#18179,#14751,#14752);
#11956=AXIS2_PLACEMENT_3D('',#18182,#14754,#14755);
#11957=AXIS2_PLACEMENT_3D('',#18185,#14757,#14758);
#11958=AXIS2_PLACEMENT_3D('',#18188,#14760,#14761);
#11959=AXIS2_PLACEMENT_3D('',#18192,#14764,#14765);
#11960=AXIS2_PLACEMENT_3D('',#18193,#14766,#14767);
#11961=AXIS2_PLACEMENT_3D('',#18196,#14769,#14770);
#11962=AXIS2_PLACEMENT_3D('',#18200,#14773,#14774);
#11963=AXIS2_PLACEMENT_3D('',#18201,#14775,#14776);
#11964=AXIS2_PLACEMENT_3D('',#18204,#14778,#14779);
#11965=AXIS2_PLACEMENT_3D('',#18208,#14782,#14783);
#11966=AXIS2_PLACEMENT_3D('',#18209,#14784,#14785);
#11967=AXIS2_PLACEMENT_3D('',#18212,#14787,#14788);
#11968=AXIS2_PLACEMENT_3D('',#18215,#14790,#14791);
#11969=AXIS2_PLACEMENT_3D('',#18218,#14793,#14794);
#11970=AXIS2_PLACEMENT_3D('',#18222,#14797,#14798);
#11971=AXIS2_PLACEMENT_3D('',#18223,#14799,#14800);
#11972=AXIS2_PLACEMENT_3D('',#18226,#14802,#14803);
#11973=AXIS2_PLACEMENT_3D('',#18230,#14806,#14807);
#11974=AXIS2_PLACEMENT_3D('',#18231,#14808,#14809);
#11975=AXIS2_PLACEMENT_3D('',#18234,#14811,#14812);
#11976=AXIS2_PLACEMENT_3D('',#18238,#14815,#14816);
#11977=AXIS2_PLACEMENT_3D('',#18239,#14817,#14818);
#11978=AXIS2_PLACEMENT_3D('',#18242,#14820,#14821);
#11979=AXIS2_PLACEMENT_3D('',#18245,#14823,#14824);
#11980=AXIS2_PLACEMENT_3D('',#18248,#14826,#14827);
#11981=AXIS2_PLACEMENT_3D('',#18252,#14830,#14831);
#11982=AXIS2_PLACEMENT_3D('',#18253,#14832,#14833);
#11983=AXIS2_PLACEMENT_3D('',#18256,#14835,#14836);
#11984=AXIS2_PLACEMENT_3D('',#18260,#14839,#14840);
#11985=AXIS2_PLACEMENT_3D('',#18261,#14841,#14842);
#11986=AXIS2_PLACEMENT_3D('',#18264,#14844,#14845);
#11987=AXIS2_PLACEMENT_3D('',#18268,#14848,#14849);
#11988=AXIS2_PLACEMENT_3D('',#18269,#14850,#14851);
#11989=AXIS2_PLACEMENT_3D('',#18272,#14853,#14854);
#11990=AXIS2_PLACEMENT_3D('',#18275,#14856,#14857);
#11991=AXIS2_PLACEMENT_3D('',#18278,#14859,#14860);
#11992=AXIS2_PLACEMENT_3D('',#18282,#14863,#14864);
#11993=AXIS2_PLACEMENT_3D('',#18283,#14865,#14866);
#11994=AXIS2_PLACEMENT_3D('',#18286,#14868,#14869);
#11995=AXIS2_PLACEMENT_3D('',#18290,#14872,#14873);
#11996=AXIS2_PLACEMENT_3D('',#18291,#14874,#14875);
#11997=AXIS2_PLACEMENT_3D('',#18294,#14877,#14878);
#11998=AXIS2_PLACEMENT_3D('',#18298,#14881,#14882);
#11999=AXIS2_PLACEMENT_3D('',#18299,#14883,#14884);
#12000=AXIS2_PLACEMENT_3D('',#18302,#14886,#14887);
#12001=AXIS2_PLACEMENT_3D('',#18305,#14889,#14890);
#12002=AXIS2_PLACEMENT_3D('',#18308,#14892,#14893);
#12003=AXIS2_PLACEMENT_3D('',#18312,#14896,#14897);
#12004=AXIS2_PLACEMENT_3D('',#18313,#14898,#14899);
#12005=AXIS2_PLACEMENT_3D('',#18316,#14901,#14902);
#12006=AXIS2_PLACEMENT_3D('',#18320,#14905,#14906);
#12007=AXIS2_PLACEMENT_3D('',#18321,#14907,#14908);
#12008=AXIS2_PLACEMENT_3D('',#18324,#14910,#14911);
#12009=AXIS2_PLACEMENT_3D('',#18328,#14914,#14915);
#12010=AXIS2_PLACEMENT_3D('',#18329,#14916,#14917);
#12011=AXIS2_PLACEMENT_3D('',#18332,#14919,#14920);
#12012=AXIS2_PLACEMENT_3D('',#18335,#14922,#14923);
#12013=AXIS2_PLACEMENT_3D('',#18338,#14925,#14926);
#12014=AXIS2_PLACEMENT_3D('',#18342,#14929,#14930);
#12015=AXIS2_PLACEMENT_3D('',#18343,#14931,#14932);
#12016=AXIS2_PLACEMENT_3D('',#18346,#14934,#14935);
#12017=AXIS2_PLACEMENT_3D('',#18350,#14938,#14939);
#12018=AXIS2_PLACEMENT_3D('',#18351,#14940,#14941);
#12019=AXIS2_PLACEMENT_3D('',#18354,#14943,#14944);
#12020=AXIS2_PLACEMENT_3D('',#18358,#14947,#14948);
#12021=AXIS2_PLACEMENT_3D('',#18359,#14949,#14950);
#12022=AXIS2_PLACEMENT_3D('',#18362,#14952,#14953);
#12023=AXIS2_PLACEMENT_3D('',#18365,#14955,#14956);
#12024=AXIS2_PLACEMENT_3D('',#18368,#14958,#14959);
#12025=AXIS2_PLACEMENT_3D('',#18372,#14962,#14963);
#12026=AXIS2_PLACEMENT_3D('',#18373,#14964,#14965);
#12027=AXIS2_PLACEMENT_3D('',#18376,#14967,#14968);
#12028=AXIS2_PLACEMENT_3D('',#18380,#14971,#14972);
#12029=AXIS2_PLACEMENT_3D('',#18381,#14973,#14974);
#12030=AXIS2_PLACEMENT_3D('',#18384,#14976,#14977);
#12031=AXIS2_PLACEMENT_3D('',#18388,#14980,#14981);
#12032=AXIS2_PLACEMENT_3D('',#18389,#14982,#14983);
#12033=AXIS2_PLACEMENT_3D('',#18392,#14985,#14986);
#12034=AXIS2_PLACEMENT_3D('',#18395,#14988,#14989);
#12035=AXIS2_PLACEMENT_3D('',#18398,#14991,#14992);
#12036=AXIS2_PLACEMENT_3D('',#18402,#14995,#14996);
#12037=AXIS2_PLACEMENT_3D('',#18403,#14997,#14998);
#12038=AXIS2_PLACEMENT_3D('',#18406,#15000,#15001);
#12039=AXIS2_PLACEMENT_3D('',#18410,#15004,#15005);
#12040=AXIS2_PLACEMENT_3D('',#18411,#15006,#15007);
#12041=AXIS2_PLACEMENT_3D('',#18414,#15009,#15010);
#12042=AXIS2_PLACEMENT_3D('',#18418,#15013,#15014);
#12043=AXIS2_PLACEMENT_3D('',#18419,#15015,#15016);
#12044=AXIS2_PLACEMENT_3D('',#18422,#15018,#15019);
#12045=AXIS2_PLACEMENT_3D('',#18425,#15021,#15022);
#12046=AXIS2_PLACEMENT_3D('',#18428,#15024,#15025);
#12047=AXIS2_PLACEMENT_3D('',#18432,#15028,#15029);
#12048=AXIS2_PLACEMENT_3D('',#18433,#15030,#15031);
#12049=AXIS2_PLACEMENT_3D('',#18436,#15033,#15034);
#12050=AXIS2_PLACEMENT_3D('',#18440,#15037,#15038);
#12051=AXIS2_PLACEMENT_3D('',#18441,#15039,#15040);
#12052=AXIS2_PLACEMENT_3D('',#18444,#15042,#15043);
#12053=AXIS2_PLACEMENT_3D('',#18448,#15046,#15047);
#12054=AXIS2_PLACEMENT_3D('',#18449,#15048,#15049);
#12055=AXIS2_PLACEMENT_3D('',#18452,#15051,#15052);
#12056=AXIS2_PLACEMENT_3D('',#18455,#15054,#15055);
#12057=AXIS2_PLACEMENT_3D('',#18458,#15057,#15058);
#12058=AXIS2_PLACEMENT_3D('',#18462,#15061,#15062);
#12059=AXIS2_PLACEMENT_3D('',#18463,#15063,#15064);
#12060=AXIS2_PLACEMENT_3D('',#18466,#15066,#15067);
#12061=AXIS2_PLACEMENT_3D('',#18470,#15070,#15071);
#12062=AXIS2_PLACEMENT_3D('',#18471,#15072,#15073);
#12063=AXIS2_PLACEMENT_3D('',#18474,#15075,#15076);
#12064=AXIS2_PLACEMENT_3D('',#18478,#15079,#15080);
#12065=AXIS2_PLACEMENT_3D('',#18479,#15081,#15082);
#12066=AXIS2_PLACEMENT_3D('',#18482,#15084,#15085);
#12067=AXIS2_PLACEMENT_3D('',#18485,#15087,#15088);
#12068=AXIS2_PLACEMENT_3D('',#18488,#15090,#15091);
#12069=AXIS2_PLACEMENT_3D('',#18492,#15094,#15095);
#12070=AXIS2_PLACEMENT_3D('',#18493,#15096,#15097);
#12071=AXIS2_PLACEMENT_3D('',#18496,#15099,#15100);
#12072=AXIS2_PLACEMENT_3D('',#18500,#15103,#15104);
#12073=AXIS2_PLACEMENT_3D('',#18501,#15105,#15106);
#12074=AXIS2_PLACEMENT_3D('',#18504,#15108,#15109);
#12075=AXIS2_PLACEMENT_3D('',#18508,#15112,#15113);
#12076=AXIS2_PLACEMENT_3D('',#18509,#15114,#15115);
#12077=AXIS2_PLACEMENT_3D('',#18512,#15117,#15118);
#12078=AXIS2_PLACEMENT_3D('',#18515,#15120,#15121);
#12079=AXIS2_PLACEMENT_3D('',#18518,#15123,#15124);
#12080=AXIS2_PLACEMENT_3D('',#18522,#15127,#15128);
#12081=AXIS2_PLACEMENT_3D('',#18523,#15129,#15130);
#12082=AXIS2_PLACEMENT_3D('',#18526,#15132,#15133);
#12083=AXIS2_PLACEMENT_3D('',#18530,#15136,#15137);
#12084=AXIS2_PLACEMENT_3D('',#18531,#15138,#15139);
#12085=AXIS2_PLACEMENT_3D('',#18534,#15141,#15142);
#12086=AXIS2_PLACEMENT_3D('',#18538,#15145,#15146);
#12087=AXIS2_PLACEMENT_3D('',#18539,#15147,#15148);
#12088=AXIS2_PLACEMENT_3D('',#18542,#15150,#15151);
#12089=AXIS2_PLACEMENT_3D('',#18545,#15153,#15154);
#12090=AXIS2_PLACEMENT_3D('',#18548,#15156,#15157);
#12091=AXIS2_PLACEMENT_3D('',#18552,#15160,#15161);
#12092=AXIS2_PLACEMENT_3D('',#18553,#15162,#15163);
#12093=AXIS2_PLACEMENT_3D('',#18556,#15165,#15166);
#12094=AXIS2_PLACEMENT_3D('',#18560,#15169,#15170);
#12095=AXIS2_PLACEMENT_3D('',#18561,#15171,#15172);
#12096=AXIS2_PLACEMENT_3D('',#18564,#15174,#15175);
#12097=AXIS2_PLACEMENT_3D('',#18568,#15178,#15179);
#12098=AXIS2_PLACEMENT_3D('',#18569,#15180,#15181);
#12099=AXIS2_PLACEMENT_3D('',#18572,#15183,#15184);
#12100=AXIS2_PLACEMENT_3D('',#18575,#15186,#15187);
#12101=AXIS2_PLACEMENT_3D('',#18578,#15189,#15190);
#12102=AXIS2_PLACEMENT_3D('',#18582,#15193,#15194);
#12103=AXIS2_PLACEMENT_3D('',#18583,#15195,#15196);
#12104=AXIS2_PLACEMENT_3D('',#18586,#15198,#15199);
#12105=AXIS2_PLACEMENT_3D('',#18590,#15202,#15203);
#12106=AXIS2_PLACEMENT_3D('',#18591,#15204,#15205);
#12107=AXIS2_PLACEMENT_3D('',#18594,#15207,#15208);
#12108=AXIS2_PLACEMENT_3D('',#18598,#15211,#15212);
#12109=AXIS2_PLACEMENT_3D('',#18599,#15213,#15214);
#12110=AXIS2_PLACEMENT_3D('',#18602,#15216,#15217);
#12111=AXIS2_PLACEMENT_3D('',#18604,#15219,#15220);
#12112=AXIS2_PLACEMENT_3D('',#18606,#15222,#15223);
#12113=AXIS2_PLACEMENT_3D('',#18608,#15225,#15226);
#12114=AXIS2_PLACEMENT_3D('',#18610,#15228,#15229);
#12115=AXIS2_PLACEMENT_3D('',#18612,#15231,#15232);
#12116=AXIS2_PLACEMENT_3D('',#18614,#15234,#15235);
#12117=AXIS2_PLACEMENT_3D('',#18616,#15237,#15238);
#12118=AXIS2_PLACEMENT_3D('',#18618,#15240,#15241);
#12119=AXIS2_PLACEMENT_3D('',#18620,#15243,#15244);
#12120=AXIS2_PLACEMENT_3D('',#18622,#15246,#15247);
#12121=AXIS2_PLACEMENT_3D('',#18624,#15249,#15250);
#12122=AXIS2_PLACEMENT_3D('',#18626,#15252,#15253);
#12123=AXIS2_PLACEMENT_3D('',#18628,#15255,#15256);
#12124=AXIS2_PLACEMENT_3D('',#18630,#15258,#15259);
#12125=AXIS2_PLACEMENT_3D('',#18632,#15261,#15262);
#12126=AXIS2_PLACEMENT_3D('',#18634,#15264,#15265);
#12127=AXIS2_PLACEMENT_3D('',#18636,#15267,#15268);
#12128=AXIS2_PLACEMENT_3D('',#18637,#15269,#15270);
#12129=AXIS2_PLACEMENT_3D('',#18643,#15271,#15272);
#12130=AXIS2_PLACEMENT_3D('',#18649,#15273,#15274);
#12131=AXIS2_PLACEMENT_3D('',#18655,#15275,#15276);
#12132=AXIS2_PLACEMENT_3D('',#18661,#15277,#15278);
#12133=AXIS2_PLACEMENT_3D('',#18662,#15279,#15280);
#12134=AXIS2_PLACEMENT_3D('',#18663,#15281,#15282);
#12135=AXIS2_PLACEMENT_3D('',#18669,#15283,#15284);
#12136=AXIS2_PLACEMENT_3D('',#18670,#15285,#15286);
#12137=AXIS2_PLACEMENT_3D('',#18671,#15287,#15288);
#12138=AXIS2_PLACEMENT_3D('',#18677,#15289,#15290);
#12139=AXIS2_PLACEMENT_3D('',#18678,#15291,#15292);
#12140=AXIS2_PLACEMENT_3D('',#18679,#15293,#15294);
#12141=AXIS2_PLACEMENT_3D('',#18680,#15295,#15296);
#12142=AXIS2_PLACEMENT_3D('',#18681,#15297,#15298);
#12143=AXIS2_PLACEMENT_3D('',#18682,#15299,#15300);
#12144=AXIS2_PLACEMENT_3D('',#18683,#15301,#15302);
#12145=AXIS2_PLACEMENT_3D('',#18684,#15303,#15304);
#12146=AXIS2_PLACEMENT_3D('',#18685,#15305,#15306);
#12147=AXIS2_PLACEMENT_3D('',#18691,#15307,#15308);
#12148=AXIS2_PLACEMENT_3D('',#18692,#15309,#15310);
#12149=AXIS2_PLACEMENT_3D('',#18693,#15311,#15312);
#12150=AXIS2_PLACEMENT_3D('',#18694,#15313,#15314);
#12151=AXIS2_PLACEMENT_3D('',#18695,#15315,#15316);
#12152=AXIS2_PLACEMENT_3D('',#18696,#15317,#15318);
#12153=AXIS2_PLACEMENT_3D('',#18697,#15319,#15320);
#12154=AXIS2_PLACEMENT_3D('',#18698,#15321,#15322);
#12155=AXIS2_PLACEMENT_3D('',#18699,#15323,#15324);
#12156=AXIS2_PLACEMENT_3D('',#18700,#15325,#15326);
#12157=AXIS2_PLACEMENT_3D('',#18701,#15327,#15328);
#12158=AXIS2_PLACEMENT_3D('',#18702,#15329,#15330);
#12159=AXIS2_PLACEMENT_3D('',#18703,#15331,#15332);
#12160=AXIS2_PLACEMENT_3D('',#18704,#15333,#15334);
#12161=AXIS2_PLACEMENT_3D('',#18705,#15335,#15336);
#12162=AXIS2_PLACEMENT_3D('',#18714,#15341,#15342);
#12163=AXIS2_PLACEMENT_3D('',#18720,#15346,#15347);
#12164=AXIS2_PLACEMENT_3D('',#18721,#15348,#15349);
#12165=AXIS2_PLACEMENT_3D('',#18725,#15351,#15352);
#12166=AXIS2_PLACEMENT_3D('',#18726,#15353,#15354);
#12167=AXIS2_PLACEMENT_3D('',#18732,#15358,#15359);
#12168=AXIS2_PLACEMENT_3D('',#18738,#15363,#15364);
#12169=AXIS2_PLACEMENT_3D('',#18739,#15365,#15366);
#12170=AXIS2_PLACEMENT_3D('',#18743,#15368,#15369);
#12171=AXIS2_PLACEMENT_3D('',#18744,#15370,#15371);
#12172=AXIS2_PLACEMENT_3D('',#18750,#15375,#15376);
#12173=AXIS2_PLACEMENT_3D('',#18751,#15377,#15378);
#12174=AXIS2_PLACEMENT_3D('',#18755,#15380,#15381);
#12175=AXIS2_PLACEMENT_3D('',#18756,#15382,#15383);
#12176=AXIS2_PLACEMENT_3D('',#18762,#15387,#15388);
#12177=AXIS2_PLACEMENT_3D('',#18763,#15389,#15390);
#12178=AXIS2_PLACEMENT_3D('',#18767,#15392,#15393);
#12179=AXIS2_PLACEMENT_3D('',#18768,#15394,#15395);
#12180=AXIS2_PLACEMENT_3D('',#18774,#15399,#15400);
#12181=AXIS2_PLACEMENT_3D('',#18775,#15401,#15402);
#12182=AXIS2_PLACEMENT_3D('',#18779,#15404,#15405);
#12183=AXIS2_PLACEMENT_3D('',#18780,#15406,#15407);
#12184=AXIS2_PLACEMENT_3D('',#18786,#15411,#15412);
#12185=AXIS2_PLACEMENT_3D('',#18787,#15413,#15414);
#12186=AXIS2_PLACEMENT_3D('',#18791,#15416,#15417);
#12187=AXIS2_PLACEMENT_3D('',#18792,#15418,#15419);
#12188=AXIS2_PLACEMENT_3D('',#18798,#15423,#15424);
#12189=AXIS2_PLACEMENT_3D('',#18804,#15428,#15429);
#12190=AXIS2_PLACEMENT_3D('',#18805,#15430,#15431);
#12191=AXIS2_PLACEMENT_3D('',#18809,#15433,#15434);
#12192=AXIS2_PLACEMENT_3D('',#18810,#15435,#15436);
#12193=AXIS2_PLACEMENT_3D('',#18816,#15440,#15441);
#12194=AXIS2_PLACEMENT_3D('',#18817,#15442,#15443);
#12195=AXIS2_PLACEMENT_3D('',#18818,#15444,#15445);
#12196=AXIS2_PLACEMENT_3D('',#18819,#15446,#15447);
#12197=AXIS2_PLACEMENT_3D('',#18820,#15448,#15449);
#12198=AXIS2_PLACEMENT_3D('',#18822,#15450,#15451);
#12199=AXIS2_PLACEMENT_3D('',#18824,#15452,#15453);
#12200=AXIS2_PLACEMENT_3D('',#18826,#15454,#15455);
#12201=AXIS2_PLACEMENT_3D('',#18828,#15456,#15457);
#12202=AXIS2_PLACEMENT_3D('',#18830,#15458,#15459);
#12203=AXIS2_PLACEMENT_3D('',#18831,#15460,#15461);
#12204=AXIS2_PLACEMENT_3D('',#18833,#15462,#15463);
#12205=AXIS2_PLACEMENT_3D('',#18835,#15464,#15465);
#12206=AXIS2_PLACEMENT_3D('',#18837,#15466,#15467);
#12207=AXIS2_PLACEMENT_3D('',#18839,#15468,#15469);
#12208=AXIS2_PLACEMENT_3D('',#18841,#15470,#15471);
#12209=AXIS2_PLACEMENT_3D('',#18842,#15472,#15473);
#12210=AXIS2_PLACEMENT_3D('',#18843,#15474,#15475);
#12211=AXIS2_PLACEMENT_3D('',#18844,#15476,#15477);
#12212=AXIS2_PLACEMENT_3D('',#18845,#15478,#15479);
#12213=DIRECTION('',(0.,0.,1.));
#12214=DIRECTION('',(1.,0.,0.));
#12215=DIRECTION('',(0.,-1.,0.));
#12216=DIRECTION('',(-1.,0.,0.));
#12217=DIRECTION('',(0.,-1.,0.));
#12218=DIRECTION('',(-7.47075720742792E-7,0.,-0.999999999999721));
#12219=DIRECTION('',(0.,1.,0.));
#12220=DIRECTION('',(0.,-1.,0.));
#12221=DIRECTION('',(-7.47075720742792E-7,0.,-0.999999999999721));
#12222=DIRECTION('',(0.,-1.,0.));
#12223=DIRECTION('',(0.,-1.,0.));
#12224=DIRECTION('',(-1.,0.,0.));
#12225=DIRECTION('',(0.,-1.,0.));
#12226=DIRECTION('',(0.999999999999721,0.,-7.47075734953692E-7));
#12227=DIRECTION('',(0.,1.,0.));
#12228=DIRECTION('',(0.,-1.,0.));
#12229=DIRECTION('',(0.999999999999721,0.,-7.47075734953692E-7));
#12230=DIRECTION('',(0.,-1.,0.));
#12231=DIRECTION('',(0.,-1.,0.));
#12232=DIRECTION('',(-1.,0.,0.));
#12233=DIRECTION('',(0.,-1.,0.));
#12234=DIRECTION('',(1.,0.,1.858199368365E-8));
#12235=DIRECTION('',(0.,1.,0.));
#12236=DIRECTION('',(0.,-1.,0.));
#12237=DIRECTION('',(1.,0.,1.858199368365E-8));
#12238=DIRECTION('',(0.,-1.,0.));
#12239=DIRECTION('',(0.,1.,0.));
#12240=DIRECTION('',(1.,0.,0.));
#12241=DIRECTION('',(0.,1.,0.));
#12242=DIRECTION('',(1.,0.,0.));
#12243=DIRECTION('',(0.,1.,0.));
#12244=DIRECTION('',(1.,0.,0.));
#12245=DIRECTION('',(0.,1.,0.));
#12246=DIRECTION('',(1.,0.,0.));
#12247=DIRECTION('',(0.999999993615932,0.,0.000112996175638536));
#12248=DIRECTION('',(0.000112996175638536,0.,-0.999999993615932));
#12249=DIRECTION('',(0.,1.,0.));
#12250=DIRECTION('',(1.,0.,0.));
#12251=DIRECTION('',(-3.94744897880276E-6,0.,-0.999999999992209));
#12252=DIRECTION('',(-0.999999999992209,0.,3.94744897880276E-6));
#12253=DIRECTION('',(0.,1.,0.));
#12254=DIRECTION('',(1.,0.,0.));
#12255=DIRECTION('',(0.,1.,0.));
#12256=DIRECTION('',(1.,0.,0.));
#12257=DIRECTION('',(0.,1.,0.));
#12258=DIRECTION('',(1.,0.,0.));
#12259=DIRECTION('',(0.999999980716387,0.,0.000196385399053867));
#12260=DIRECTION('',(0.000196385399053867,0.,-0.999999980716387));
#12261=DIRECTION('',(0.,1.,0.));
#12262=DIRECTION('',(1.,0.,0.));
#12263=DIRECTION('',(0.,0.,-1.));
#12264=DIRECTION('',(0.,1.,0.));
#12265=DIRECTION('',(0.,1.,0.));
#12266=DIRECTION('',(1.,0.,0.));
#12267=DIRECTION('',(0.,1.,0.));
#12268=DIRECTION('',(1.,0.,0.));
#12269=DIRECTION('',(0.,1.,0.));
#12270=DIRECTION('',(1.,0.,0.));
#12271=DIRECTION('',(-2.77555756156289E-14,0.,-1.));
#12272=DIRECTION('',(-1.,0.,2.77555756156289E-14));
#12273=DIRECTION('',(0.,1.,0.));
#12274=DIRECTION('',(1.,0.,0.));
#12275=DIRECTION('',(-1.,0.,0.));
#12276=DIRECTION('',(0.,1.,0.));
#12277=DIRECTION('',(0.,1.,0.));
#12278=DIRECTION('',(1.,0.,0.));
#12279=DIRECTION('',(0.,1.,0.));
#12280=DIRECTION('',(1.,0.,0.));
#12281=DIRECTION('',(0.,1.,0.));
#12282=DIRECTION('',(1.,0.,0.));
#12283=DIRECTION('',(0.,0.,-1.));
#12284=DIRECTION('',(0.,1.,0.));
#12285=DIRECTION('',(1.,0.,0.));
#12286=DIRECTION('',(0.,1.,0.));
#12287=DIRECTION('',(1.,0.,0.));
#12288=DIRECTION('',(0.,-1.,0.));
#12289=DIRECTION('',(0.709668096380874,0.,-0.70453615448687));
#12290=DIRECTION('',(-0.70453615448687,0.,-0.709668096380874));
#12291=DIRECTION('',(0.70453615448687,0.,0.709668096380874));
#12292=DIRECTION('',(0.,-1.,0.));
#12293=DIRECTION('',(0.70453615448687,0.,0.709668096380874));
#12294=DIRECTION('',(0.,-1.,0.));
#12295=DIRECTION('',(1.,0.,0.));
#12296=DIRECTION('',(0.,-1.,0.));
#12297=DIRECTION('',(0.,0.,1.));
#12298=DIRECTION('',(0.,-1.,0.));
#12299=DIRECTION('',(0.,0.,1.));
#12300=DIRECTION('',(0.,-1.,0.));
#12301=DIRECTION('',(-0.000196385399049214,0.,0.999999980716387));
#12302=DIRECTION('',(0.999999980716387,0.,0.000196385399049214));
#12303=DIRECTION('',(-0.999999980716387,0.,-0.000196385399049214));
#12304=DIRECTION('',(0.,-1.,0.));
#12305=DIRECTION('',(-0.999999980716387,0.,-0.000196385399049214));
#12306=DIRECTION('',(0.,-1.,0.));
#12307=DIRECTION('',(-0.000112996175631754,0.,0.999999993615932));
#12308=DIRECTION('',(0.999999993615932,0.,0.000112996175631754));
#12309=DIRECTION('',(-0.999999993615932,0.,-0.000112996175631754));
#12310=DIRECTION('',(0.,-1.,0.));
#12311=DIRECTION('',(-0.999999993615932,0.,-0.000112996175631754));
#12312=DIRECTION('',(0.,-1.,0.));
#12313=DIRECTION('',(-1.,0.,0.));
#12314=DIRECTION('',(0.,1.,0.));
#12315=DIRECTION('',(0.,0.,-1.));
#12316=DIRECTION('',(0.,-1.,0.));
#12317=DIRECTION('',(0.,0.,-1.));
#12318=DIRECTION('',(0.,-1.,0.));
#12319=DIRECTION('',(-0.707315798020804,0.,-0.706897702549805));
#12320=DIRECTION('',(-0.706897702549805,0.,0.707315798020804));
#12321=DIRECTION('',(0.706897702549805,0.,-0.707315798020804));
#12322=DIRECTION('',(0.,-1.,0.));
#12323=DIRECTION('',(0.706897702549805,0.,-0.707315798020804));
#12324=DIRECTION('',(0.,-1.,0.));
#12325=DIRECTION('',(0.,0.,-1.));
#12326=DIRECTION('',(0.,1.,0.));
#12327=DIRECTION('',(1.,0.,0.));
#12328=DIRECTION('',(1.,0.,0.));
#12329=DIRECTION('',(0.,1.,0.));
#12330=DIRECTION('',(-1.,0.,0.));
#12331=DIRECTION('',(0.,1.,0.));
#12332=DIRECTION('',(0.,-1.,0.));
#12333=DIRECTION('',(0.,0.,-1.));
#12334=DIRECTION('',(0.,-1.,0.));
#12335=DIRECTION('',(0.,0.,-1.));
#12336=DIRECTION('',(0.,0.,1.));
#12337=DIRECTION('',(0.,-1.,0.));
#12338=DIRECTION('',(0.,-1.,0.));
#12339=DIRECTION('',(-1.,0.,0.));
#12340=DIRECTION('',(0.,-1.,0.));
#12341=DIRECTION('',(-1.,0.,0.));
#12342=DIRECTION('',(0.709668096380866,0.,-0.704536154486878));
#12343=DIRECTION('',(-0.704536154486878,0.,-0.709668096380866));
#12344=DIRECTION('',(0.704536154486878,0.,0.709668096380866));
#12345=DIRECTION('',(0.,-1.,0.));
#12346=DIRECTION('',(0.704536154486878,0.,0.709668096380866));
#12347=DIRECTION('',(0.,-1.,0.));
#12348=DIRECTION('',(0.,-1.,0.));
#12349=DIRECTION('',(-1.,0.,0.));
#12350=DIRECTION('',(0.,1.,0.));
#12351=DIRECTION('',(1.,0.,0.));
#12352=DIRECTION('',(0.,1.,0.));
#12353=DIRECTION('',(1.,0.,0.));
#12354=DIRECTION('',(0.,-1.,0.));
#12355=DIRECTION('',(9.54063214575906E-5,0.,-0.999999995448817));
#12356=DIRECTION('',(-0.999999995448817,0.,-9.54063214575907E-5));
#12357=DIRECTION('',(0.999999995448817,0.,9.54063214575906E-5));
#12358=DIRECTION('',(0.999999995448817,0.,9.54063214575906E-5));
#12359=DIRECTION('',(0.,-1.,0.));
#12360=DIRECTION('',(0.999999711647895,0.,-0.000759410380724377));
#12361=DIRECTION('',(-0.000759410380724377,0.,-0.999999711647895));
#12362=DIRECTION('',(0.000759410380724377,0.,0.999999711647895));
#12363=DIRECTION('',(0.,-1.,0.));
#12364=DIRECTION('',(0.000759410380724377,0.,0.999999711647895));
#12365=DIRECTION('',(0.,-1.,0.));
#12366=DIRECTION('',(0.,-1.,0.));
#12367=DIRECTION('',(-1.,0.,0.));
#12368=DIRECTION('',(0.,1.,0.));
#12369=DIRECTION('',(1.,0.,0.));
#12370=DIRECTION('',(0.,1.,0.));
#12371=DIRECTION('',(1.,0.,0.));
#12372=DIRECTION('',(0.,-1.,0.));
#12373=DIRECTION('',(0.,0.,-1.));
#12374=DIRECTION('',(0.,1.,0.));
#12375=DIRECTION('',(1.,0.,0.));
#12376=DIRECTION('',(1.,0.,0.));
#12377=DIRECTION('',(0.,-1.,0.));
#12378=DIRECTION('',(-0.999999980716387,0.,-0.000196385399052473));
#12379=DIRECTION('',(-0.000196385399052473,0.,0.999999980716387));
#12380=DIRECTION('',(0.000196385399052473,0.,-0.999999980716387));
#12381=DIRECTION('',(0.,-1.,0.));
#12382=DIRECTION('',(0.000196385399052473,0.,-0.999999980716387));
#12383=DIRECTION('',(0.,-1.,0.));
#12384=DIRECTION('',(3.94744898308262E-6,0.,0.999999999992209));
#12385=DIRECTION('',(0.999999999992209,0.,-3.94744898308263E-6));
#12386=DIRECTION('',(-0.999999999992209,0.,3.94744898308263E-6));
#12387=DIRECTION('',(0.,-1.,0.));
#12388=DIRECTION('',(-0.999999999992209,0.,3.94744898308263E-6));
#12389=DIRECTION('',(0.,-1.,0.));
#12390=DIRECTION('',(1.,0.,0.));
#12391=DIRECTION('',(0.,-1.,0.));
#12392=DIRECTION('',(0.,0.,1.));
#12393=DIRECTION('',(0.,-1.,0.));
#12394=DIRECTION('',(0.,0.,1.));
#12395=DIRECTION('',(0.,1.,0.));
#12396=DIRECTION('',(0.,-1.,0.));
#12397=DIRECTION('',(-1.,0.,0.));
#12398=DIRECTION('',(0.,1.,0.));
#12399=DIRECTION('',(1.,0.,0.));
#12400=DIRECTION('',(0.,-1.,0.));
#12401=DIRECTION('',(0.,1.,0.));
#12402=DIRECTION('',(1.,0.,0.));
#12403=DIRECTION('',(0.,-1.,0.));
#12404=DIRECTION('',(0.999999999992209,0.,-3.94744898186517E-6));
#12405=DIRECTION('',(-3.94744898186517E-6,0.,-0.999999999992209));
#12406=DIRECTION('',(3.94744898186517E-6,0.,0.999999999992209));
#12407=DIRECTION('',(3.94744898186517E-6,0.,0.999999999992209));
#12408=DIRECTION('',(-1.,0.,0.));
#12409=DIRECTION('',(0.,1.,0.));
#12410=DIRECTION('',(0.,0.,-1.));
#12411=DIRECTION('',(0.,-1.,0.));
#12412=DIRECTION('',(0.,0.,-1.));
#12413=DIRECTION('',(0.,-1.,0.));
#12414=DIRECTION('',(0.,1.,0.));
#12415=DIRECTION('',(1.,0.,0.));
#12416=DIRECTION('',(0.,1.,0.));
#12417=DIRECTION('',(1.,0.,0.));
#12418=DIRECTION('',(0.,1.,0.));
#12419=DIRECTION('',(1.,0.,0.));
#12420=DIRECTION('',(0.,1.,0.));
#12421=DIRECTION('',(1.,0.,0.));
#12422=DIRECTION('',(0.,1.,0.));
#12423=DIRECTION('',(1.,0.,0.));
#12424=DIRECTION('',(0.,1.,0.));
#12425=DIRECTION('',(1.,0.,0.));
#12426=DIRECTION('',(0.,-1.,0.));
#12427=DIRECTION('',(-1.,0.,0.));
#12428=DIRECTION('',(0.,1.,0.));
#12429=DIRECTION('',(1.,0.,0.));
#12430=DIRECTION('',(0.,-1.,0.));
#12431=DIRECTION('',(0.,1.,0.));
#12432=DIRECTION('',(1.,0.,0.));
#12433=DIRECTION('',(0.,-1.,0.));
#12434=DIRECTION('',(-1.,0.,0.));
#12435=DIRECTION('',(0.,1.,0.));
#12436=DIRECTION('',(1.,0.,0.));
#12437=DIRECTION('',(0.,1.,0.));
#12438=DIRECTION('',(1.,0.,0.));
#12439=DIRECTION('',(0.,-1.,0.));
#12440=DIRECTION('',(0.,1.,0.));
#12441=DIRECTION('',(1.,0.,0.));
#12442=DIRECTION('',(0.,1.,0.));
#12443=DIRECTION('',(1.,0.,0.));
#12444=DIRECTION('',(0.,1.,0.));
#12445=DIRECTION('',(1.,0.,0.));
#12446=DIRECTION('',(0.,-1.,0.));
#12447=DIRECTION('',(-1.,0.,0.));
#12448=DIRECTION('',(0.,1.,0.));
#12449=DIRECTION('',(1.,0.,0.));
#12450=DIRECTION('',(0.,1.,0.));
#12451=DIRECTION('',(1.,0.,0.));
#12452=DIRECTION('',(0.,-1.,0.));
#12453=DIRECTION('',(-1.,0.,0.));
#12454=DIRECTION('',(0.,1.,0.));
#12455=DIRECTION('',(1.,0.,0.));
#12456=DIRECTION('',(0.,1.,0.));
#12457=DIRECTION('',(1.,0.,0.));
#12458=DIRECTION('',(0.,-1.,0.));
#12459=DIRECTION('',(-1.,0.,0.));
#12460=DIRECTION('',(0.,1.,0.));
#12461=DIRECTION('',(1.,0.,0.));
#12462=DIRECTION('',(0.,1.,0.));
#12463=DIRECTION('',(1.,0.,0.));
#12464=DIRECTION('',(0.,-1.,0.));
#12465=DIRECTION('',(-1.,0.,0.));
#12466=DIRECTION('',(0.,1.,0.));
#12467=DIRECTION('',(1.,0.,0.));
#12468=DIRECTION('',(0.,-1.,0.));
#12469=DIRECTION('',(0.,1.,0.));
#12470=DIRECTION('',(1.,0.,0.));
#12471=DIRECTION('',(0.,-1.,0.));
#12472=DIRECTION('',(-1.,0.,0.));
#12473=DIRECTION('',(0.,1.,0.));
#12474=DIRECTION('',(1.,0.,0.));
#12475=DIRECTION('',(0.,1.,0.));
#12476=DIRECTION('',(1.,0.,0.));
#12477=DIRECTION('',(0.,-1.,0.));
#12478=DIRECTION('',(-1.,0.,0.));
#12479=DIRECTION('',(0.,1.,0.));
#12480=DIRECTION('',(1.,0.,0.));
#12481=DIRECTION('',(0.,1.,0.));
#12482=DIRECTION('',(1.,0.,0.));
#12483=DIRECTION('',(0.,-1.,0.));
#12484=DIRECTION('',(-1.,0.,0.));
#12485=DIRECTION('',(0.,1.,0.));
#12486=DIRECTION('',(1.,0.,0.));
#12487=DIRECTION('',(0.,1.,0.));
#12488=DIRECTION('',(1.,0.,0.));
#12489=DIRECTION('',(0.,1.,0.));
#12490=DIRECTION('',(1.,0.,0.));
#12491=DIRECTION('',(0.,1.,0.));
#12492=DIRECTION('',(1.,0.,0.));
#12493=DIRECTION('',(0.,1.,0.));
#12494=DIRECTION('',(1.,0.,0.));
#12495=DIRECTION('',(0.,-1.,0.));
#12496=DIRECTION('',(-1.,0.,0.));
#12497=DIRECTION('',(0.,1.,0.));
#12498=DIRECTION('',(1.,0.,0.));
#12499=DIRECTION('',(0.,1.,0.));
#12500=DIRECTION('',(1.,0.,0.));
#12501=DIRECTION('',(0.,1.,0.));
#12502=DIRECTION('',(1.,0.,0.));
#12503=DIRECTION('',(0.,1.,0.));
#12504=DIRECTION('',(1.,0.,0.));
#12505=DIRECTION('',(0.,1.,0.));
#12506=DIRECTION('',(1.,0.,0.));
#12507=DIRECTION('',(0.,-1.,0.));
#12508=DIRECTION('',(-1.,0.,0.));
#12509=DIRECTION('',(0.,1.,0.));
#12510=DIRECTION('',(1.,0.,0.));
#12511=DIRECTION('',(0.,-1.,0.));
#12512=DIRECTION('',(0.,1.,0.));
#12513=DIRECTION('',(1.,0.,0.));
#12514=DIRECTION('',(0.,-1.,0.));
#12515=DIRECTION('',(-1.,0.,0.));
#12516=DIRECTION('',(0.,1.,0.));
#12517=DIRECTION('',(1.,0.,0.));
#12518=DIRECTION('',(0.,1.,0.));
#12519=DIRECTION('',(1.,0.,0.));
#12520=DIRECTION('',(0.,-1.,0.));
#12521=DIRECTION('',(0.,1.,0.));
#12522=DIRECTION('',(1.,0.,0.));
#12523=DIRECTION('',(0.,1.,0.));
#12524=DIRECTION('',(1.,0.,0.));
#12525=DIRECTION('',(0.706897702549805,0.,-0.707315798020805));
#12526=DIRECTION('',(0.,1.,0.));
#12527=DIRECTION('',(1.,0.,0.));
#12528=DIRECTION('',(0.,0.,-1.));
#12529=DIRECTION('',(0.,1.,0.));
#12530=DIRECTION('',(1.,0.,0.));
#12531=DIRECTION('',(-0.999999993615932,0.,-0.00011299617563159));
#12532=DIRECTION('',(0.,1.,0.));
#12533=DIRECTION('',(1.,0.,0.));
#12534=DIRECTION('',(3.94744898232664E-6,0.,0.999999999992209));
#12535=DIRECTION('',(-0.999999980716388,0.,-0.000196385399048988));
#12536=DIRECTION('',(0.,1.,0.));
#12537=DIRECTION('',(1.,0.,0.));
#12538=DIRECTION('',(0.,0.,1.));
#12539=DIRECTION('',(0.,1.,0.));
#12540=DIRECTION('',(1.,0.,0.));
#12541=DIRECTION('',(1.,0.,0.));
#12542=DIRECTION('',(0.00075941038073322,0.,0.999999711647895));
#12543=DIRECTION('',(0.,1.,0.));
#12544=DIRECTION('',(1.,0.,0.));
#12545=DIRECTION('',(0.999999995448817,0.,9.54063214579522E-5));
#12546=DIRECTION('',(0.704536154486872,0.,0.709668096380872));
#12547=DIRECTION('',(0.,1.,0.));
#12548=DIRECTION('',(1.,0.,0.));
#12549=DIRECTION('',(1.,0.,0.));
#12550=DIRECTION('',(0.,0.,-1.));
#12551=DIRECTION('',(1.,0.,0.));
#12552=DIRECTION('',(0.,0.,-1.));
#12553=DIRECTION('',(1.,0.,0.));
#12554=DIRECTION('',(0.,-1.,0.));
#12555=DIRECTION('',(0.,0.,1.));
#12556=DIRECTION('',(0.,-1.,0.));
#12557=DIRECTION('',(0.,0.,1.));
#12558=DIRECTION('',(0.,-1.,0.));
#12559=DIRECTION('',(0.,0.,1.));
#12560=DIRECTION('',(0.,-1.,0.));
#12561=DIRECTION('',(0.,0.,1.));
#12562=DIRECTION('',(0.,-1.,0.));
#12563=DIRECTION('',(0.,0.,1.));
#12564=DIRECTION('',(0.,-1.,0.));
#12565=DIRECTION('',(0.,0.,1.));
#12566=DIRECTION('',(0.,1.,0.));
#12567=DIRECTION('',(1.,0.,0.));
#12568=DIRECTION('',(1.,0.,0.));
#12569=DIRECTION('',(0.,1.,0.));
#12570=DIRECTION('',(1.,0.,0.));
#12571=DIRECTION('',(0.,0.,1.));
#12572=DIRECTION('',(0.,1.,0.));
#12573=DIRECTION('',(1.,0.,0.));
#12574=DIRECTION('',(1.,0.,0.));
#12575=DIRECTION('',(0.,1.,0.));
#12576=DIRECTION('',(1.,0.,0.));
#12577=DIRECTION('',(0.,0.,1.));
#12578=DIRECTION('',(0.,1.,0.));
#12579=DIRECTION('',(1.,0.,0.));
#12580=DIRECTION('',(1.,0.,0.));
#12581=DIRECTION('',(0.,1.,0.));
#12582=DIRECTION('',(1.,0.,0.));
#12583=DIRECTION('',(0.,0.,1.));
#12584=DIRECTION('',(0.,1.,0.));
#12585=DIRECTION('',(1.,0.,0.));
#12586=DIRECTION('',(1.,0.,0.));
#12587=DIRECTION('',(0.,1.,0.));
#12588=DIRECTION('',(1.,0.,0.));
#12589=DIRECTION('',(0.,0.,1.));
#12590=DIRECTION('',(0.,1.,0.));
#12591=DIRECTION('',(1.,0.,0.));
#12592=DIRECTION('',(1.,0.,0.));
#12593=DIRECTION('',(0.,1.,0.));
#12594=DIRECTION('',(1.,0.,0.));
#12595=DIRECTION('',(0.,0.,1.));
#12596=DIRECTION('',(0.,1.,0.));
#12597=DIRECTION('',(1.,0.,0.));
#12598=DIRECTION('',(1.,0.,0.));
#12599=DIRECTION('',(0.,1.,0.));
#12600=DIRECTION('',(1.,0.,0.));
#12601=DIRECTION('',(0.,0.,1.));
#12602=DIRECTION('',(0.,1.,0.));
#12603=DIRECTION('',(1.,0.,0.));
#12604=DIRECTION('',(1.,0.,0.));
#12605=DIRECTION('',(0.,1.,0.));
#12606=DIRECTION('',(1.,0.,0.));
#12607=DIRECTION('',(0.,0.,1.));
#12608=DIRECTION('',(0.,1.,0.));
#12609=DIRECTION('',(1.,0.,0.));
#12610=DIRECTION('',(1.,0.,0.));
#12611=DIRECTION('',(0.,1.,0.));
#12612=DIRECTION('',(1.,0.,0.));
#12613=DIRECTION('',(0.,0.,1.));
#12614=DIRECTION('',(0.,1.,0.));
#12615=DIRECTION('',(1.,0.,0.));
#12616=DIRECTION('',(1.,0.,0.));
#12617=DIRECTION('',(0.,1.,0.));
#12618=DIRECTION('',(1.,0.,0.));
#12619=DIRECTION('',(0.,0.,1.));
#12620=DIRECTION('',(0.,1.,0.));
#12621=DIRECTION('',(1.,0.,0.));
#12622=DIRECTION('',(1.,0.,0.));
#12623=DIRECTION('',(0.,1.,0.));
#12624=DIRECTION('',(1.,0.,0.));
#12625=DIRECTION('',(0.,0.,1.));
#12626=DIRECTION('',(0.,1.,0.));
#12627=DIRECTION('',(1.,0.,0.));
#12628=DIRECTION('',(1.,0.,0.));
#12629=DIRECTION('',(0.,1.,0.));
#12630=DIRECTION('',(1.,0.,0.));
#12631=DIRECTION('',(0.,0.,1.));
#12632=DIRECTION('',(0.,1.,0.));
#12633=DIRECTION('',(1.,0.,0.));
#12634=DIRECTION('',(1.,0.,0.));
#12635=DIRECTION('',(0.,1.,0.));
#12636=DIRECTION('',(1.,0.,0.));
#12637=DIRECTION('',(0.,0.,1.));
#12638=DIRECTION('',(0.,1.,0.));
#12639=DIRECTION('',(1.,0.,0.));
#12640=DIRECTION('',(1.,0.,0.));
#12641=DIRECTION('',(0.,1.,0.));
#12642=DIRECTION('',(1.,0.,0.));
#12643=DIRECTION('',(0.,0.,1.));
#12644=DIRECTION('',(0.,1.,0.));
#12645=DIRECTION('',(1.,0.,0.));
#12646=DIRECTION('',(1.,0.,0.));
#12647=DIRECTION('',(0.,1.,0.));
#12648=DIRECTION('',(1.,0.,0.));
#12649=DIRECTION('',(0.,0.,1.));
#12650=DIRECTION('',(0.,1.,0.));
#12651=DIRECTION('',(1.,0.,0.));
#12652=DIRECTION('',(1.,0.,0.));
#12653=DIRECTION('',(0.,1.,0.));
#12654=DIRECTION('',(1.,0.,0.));
#12655=DIRECTION('',(0.,0.,1.));
#12656=DIRECTION('',(0.,1.,0.));
#12657=DIRECTION('',(1.,0.,0.));
#12658=DIRECTION('',(1.,0.,0.));
#12659=DIRECTION('',(0.,1.,0.));
#12660=DIRECTION('',(1.,0.,0.));
#12661=DIRECTION('',(0.,0.,1.));
#12662=DIRECTION('',(0.,1.,0.));
#12663=DIRECTION('',(1.,0.,0.));
#12664=DIRECTION('',(1.,0.,0.));
#12665=DIRECTION('',(0.,1.,0.));
#12666=DIRECTION('',(1.,0.,0.));
#12667=DIRECTION('',(0.,0.,1.));
#12668=DIRECTION('',(0.,1.,0.));
#12669=DIRECTION('',(1.,0.,0.));
#12670=DIRECTION('',(1.,0.,0.));
#12671=DIRECTION('',(0.,1.,0.));
#12672=DIRECTION('',(1.,0.,0.));
#12673=DIRECTION('',(0.,0.,1.));
#12674=DIRECTION('',(0.,1.,0.));
#12675=DIRECTION('',(1.,0.,0.));
#12676=DIRECTION('',(1.,0.,0.));
#12677=DIRECTION('',(0.,1.,0.));
#12678=DIRECTION('',(1.,0.,0.));
#12679=DIRECTION('',(0.,0.,1.));
#12680=DIRECTION('',(0.,1.,0.));
#12681=DIRECTION('',(1.,0.,0.));
#12682=DIRECTION('',(1.,0.,0.));
#12683=DIRECTION('',(0.,1.,0.));
#12684=DIRECTION('',(1.,0.,0.));
#12685=DIRECTION('',(0.,0.,1.));
#12686=DIRECTION('',(0.,1.,0.));
#12687=DIRECTION('',(1.,0.,0.));
#12688=DIRECTION('',(1.,0.,0.));
#12689=DIRECTION('',(0.,1.,0.));
#12690=DIRECTION('',(1.,0.,0.));
#12691=DIRECTION('',(0.,0.,1.));
#12692=DIRECTION('',(0.,1.,0.));
#12693=DIRECTION('',(1.,0.,0.));
#12694=DIRECTION('',(1.,0.,0.));
#12695=DIRECTION('',(0.,1.,0.));
#12696=DIRECTION('',(1.,0.,0.));
#12697=DIRECTION('',(0.,0.,1.));
#12698=DIRECTION('',(0.,1.,0.));
#12699=DIRECTION('',(1.,0.,0.));
#12700=DIRECTION('',(1.,0.,0.));
#12701=DIRECTION('',(0.,1.,0.));
#12702=DIRECTION('',(1.,0.,0.));
#12703=DIRECTION('',(0.,0.,1.));
#12704=DIRECTION('',(0.,1.,0.));
#12705=DIRECTION('',(1.,0.,0.));
#12706=DIRECTION('',(1.,0.,0.));
#12707=DIRECTION('',(0.,1.,0.));
#12708=DIRECTION('',(1.,0.,0.));
#12709=DIRECTION('',(0.,0.,1.));
#12710=DIRECTION('',(0.,1.,0.));
#12711=DIRECTION('',(1.,0.,0.));
#12712=DIRECTION('',(1.,0.,0.));
#12713=DIRECTION('',(0.,1.,0.));
#12714=DIRECTION('',(1.,0.,0.));
#12715=DIRECTION('',(0.,0.,1.));
#12716=DIRECTION('',(0.,1.,0.));
#12717=DIRECTION('',(1.,0.,0.));
#12718=DIRECTION('',(1.,0.,0.));
#12719=DIRECTION('',(0.,1.,0.));
#12720=DIRECTION('',(1.,0.,0.));
#12721=DIRECTION('',(0.,0.,1.));
#12722=DIRECTION('',(0.,1.,0.));
#12723=DIRECTION('',(1.,0.,0.));
#12724=DIRECTION('',(1.,0.,0.));
#12725=DIRECTION('',(0.,1.,0.));
#12726=DIRECTION('',(1.,0.,0.));
#12727=DIRECTION('',(0.,0.,1.));
#12728=DIRECTION('',(0.,1.,0.));
#12729=DIRECTION('',(1.,0.,0.));
#12730=DIRECTION('',(1.,0.,0.));
#12731=DIRECTION('',(0.,1.,0.));
#12732=DIRECTION('',(1.,0.,0.));
#12733=DIRECTION('',(0.,0.,1.));
#12734=DIRECTION('',(0.,1.,0.));
#12735=DIRECTION('',(1.,0.,0.));
#12736=DIRECTION('',(1.,0.,0.));
#12737=DIRECTION('',(0.,1.,0.));
#12738=DIRECTION('',(1.,0.,0.));
#12739=DIRECTION('',(0.,0.,1.));
#12740=DIRECTION('',(0.,1.,0.));
#12741=DIRECTION('',(1.,0.,0.));
#12742=DIRECTION('',(1.,0.,0.));
#12743=DIRECTION('',(0.,1.,0.));
#12744=DIRECTION('',(1.,0.,0.));
#12745=DIRECTION('',(0.,0.,1.));
#12746=DIRECTION('',(0.,1.,0.));
#12747=DIRECTION('',(1.,0.,0.));
#12748=DIRECTION('',(1.,0.,0.));
#12749=DIRECTION('',(0.,1.,0.));
#12750=DIRECTION('',(1.,0.,0.));
#12751=DIRECTION('',(0.,0.,1.));
#12752=DIRECTION('',(0.,1.,0.));
#12753=DIRECTION('',(1.,0.,0.));
#12754=DIRECTION('',(1.,0.,0.));
#12755=DIRECTION('',(0.,1.,0.));
#12756=DIRECTION('',(1.,0.,0.));
#12757=DIRECTION('',(0.,0.,1.));
#12758=DIRECTION('',(-1.,0.,0.));
#12759=DIRECTION('',(0.,0.,1.));
#12760=DIRECTION('',(-1.,0.,0.));
#12761=DIRECTION('',(0.,0.,1.));
#12762=DIRECTION('',(0.,0.,-1.));
#12763=DIRECTION('',(0.,1.,0.));
#12764=DIRECTION('',(0.,1.,0.));
#12765=DIRECTION('',(1.,0.,0.));
#12766=DIRECTION('',(0.,-1.,0.));
#12767=DIRECTION('',(1.,0.,0.));
#12768=DIRECTION('',(0.,1.,0.));
#12769=DIRECTION('',(1.,0.,0.));
#12770=DIRECTION('',(0.,-1.,0.));
#12771=DIRECTION('',(0.,0.,1.));
#12772=DIRECTION('',(0.,-1.,0.));
#12773=DIRECTION('',(0.,0.,1.));
#12774=DIRECTION('',(0.,-1.,0.));
#12775=DIRECTION('',(0.,0.,1.));
#12776=DIRECTION('',(0.,-1.,0.));
#12777=DIRECTION('',(0.,0.,1.));
#12778=DIRECTION('',(0.,-1.,0.));
#12779=DIRECTION('',(0.,0.,1.));
#12780=DIRECTION('',(0.,-1.,0.));
#12781=DIRECTION('',(0.,0.,1.));
#12782=DIRECTION('',(0.706897702549805,0.,-0.707315798020805));
#12783=DIRECTION('',(0.,1.,0.));
#12784=DIRECTION('',(1.,0.,0.));
#12785=DIRECTION('',(1.,0.,0.));
#12786=DIRECTION('',(0.,0.,-1.));
#12787=DIRECTION('',(0.,1.,0.));
#12788=DIRECTION('',(1.,0.,0.));
#12789=DIRECTION('',(0.,1.,0.));
#12790=DIRECTION('',(1.,0.,0.));
#12791=DIRECTION('',(0.,0.,-1.));
#12792=DIRECTION('',(1.,0.,0.));
#12793=DIRECTION('',(0.,1.,0.));
#12794=DIRECTION('',(1.,0.,0.));
#12795=DIRECTION('',(0.704536154486872,0.,0.709668096380872));
#12796=DIRECTION('',(0.,1.,0.));
#12797=DIRECTION('',(-0.734146229540681,0.,0.678991394386705));
#12798=DIRECTION('',(0.999999995448817,0.,9.54063214578413E-5));
#12799=DIRECTION('',(0.,-1.,0.));
#12800=DIRECTION('',(-7.47075720742792E-7,0.,-0.999999999999721));
#12801=DIRECTION('',(0.000759410380731621,0.,0.999999711647895));
#12802=DIRECTION('',(0.,1.,0.));
#12803=DIRECTION('',(-0.999999999999721,0.,-7.47075759822692E-7));
#12804=DIRECTION('',(1.,0.,0.));
#12805=DIRECTION('',(0.,-1.,0.));
#12806=DIRECTION('',(-7.47075720742792E-7,0.,-0.999999999999721));
#12807=DIRECTION('',(0.,1.,0.));
#12808=DIRECTION('',(1.,0.,0.));
#12809=DIRECTION('',(0.,0.,1.));
#12810=DIRECTION('',(0.,-1.,0.));
#12811=DIRECTION('',(0.999999999999721,0.,-7.47075734953692E-7));
#12812=DIRECTION('',(0.,1.,0.));
#12813=DIRECTION('',(1.,0.,0.));
#12814=DIRECTION('',(-0.999999980716387,0.,-0.000196385399048676));
#12815=DIRECTION('',(0.,1.,0.));
#12816=DIRECTION('',(7.47075720742792E-7,0.,-0.999999999999721));
#12817=DIRECTION('',(3.94744898268783E-6,0.,0.999999999992209));
#12818=DIRECTION('',(0.,-1.,0.));
#12819=DIRECTION('',(1.,0.,1.858199368365E-8));
#12820=DIRECTION('',(0.,1.,0.));
#12821=DIRECTION('',(1.,0.,0.));
#12822=DIRECTION('',(-0.999999993615932,0.,-0.000112996175631692));
#12823=DIRECTION('',(0.,-1.,0.));
#12824=DIRECTION('',(7.47075756269992E-7,0.,0.999999999999721));
#12825=DIRECTION('',(0.,0.,-1.));
#12826=DIRECTION('',(0.,-1.,0.));
#12827=DIRECTION('',(-0.999078645340685,0.,-0.0429169013818764));
#12828=DIRECTION('',(0.,0.,-1.));
#12829=DIRECTION('',(0.,1.,0.));
#12830=DIRECTION('',(0.,1.,0.));
#12831=DIRECTION('',(1.,0.,0.));
#12832=DIRECTION('',(0.,-1.,0.));
#12833=DIRECTION('',(0.,1.,0.));
#12834=DIRECTION('',(1.,0.,0.));
#12835=DIRECTION('',(0.,1.,0.));
#12836=DIRECTION('',(1.,0.,0.));
#12837=DIRECTION('',(0.706897702549805,0.,-0.707315798020805));
#12838=DIRECTION('',(0.,-1.,0.));
#12839=DIRECTION('',(-0.999078645340685,0.,-0.0429169013818764));
#12840=DIRECTION('',(0.,0.,-1.));
#12841=DIRECTION('',(0.,-1.,0.));
#12842=DIRECTION('',(7.47075756269992E-7,0.,0.999999999999721));
#12843=DIRECTION('',(-0.999999993615932,0.,-0.000112996175631692));
#12844=DIRECTION('',(0.,1.,0.));
#12845=DIRECTION('',(1.,0.,0.));
#12846=DIRECTION('',(0.,-1.,0.));
#12847=DIRECTION('',(1.,0.,1.858199368365E-8));
#12848=DIRECTION('',(3.94744898268783E-6,0.,0.999999999992209));
#12849=DIRECTION('',(0.,1.,0.));
#12850=DIRECTION('',(7.47075720742792E-7,0.,-0.999999999999721));
#12851=DIRECTION('',(-0.999999980716387,0.,-0.000196385399048676));
#12852=DIRECTION('',(0.,1.,0.));
#12853=DIRECTION('',(1.,0.,0.));
#12854=DIRECTION('',(0.,-1.,0.));
#12855=DIRECTION('',(0.999999999999721,0.,-7.47075734953692E-7));
#12856=DIRECTION('',(0.,0.,1.));
#12857=DIRECTION('',(0.,1.,0.));
#12858=DIRECTION('',(1.,0.,0.));
#12859=DIRECTION('',(0.,-1.,0.));
#12860=DIRECTION('',(-7.47075720742792E-7,0.,-0.999999999999721));
#12861=DIRECTION('',(1.,0.,0.));
#12862=DIRECTION('',(0.,1.,0.));
#12863=DIRECTION('',(-0.999999999999721,0.,-7.47075759822692E-7));
#12864=DIRECTION('',(0.000759410380731621,0.,0.999999711647895));
#12865=DIRECTION('',(0.,-1.,0.));
#12866=DIRECTION('',(-7.47075720742792E-7,0.,-0.999999999999721));
#12867=DIRECTION('',(0.999999995448817,0.,9.54063214578413E-5));
#12868=DIRECTION('',(0.,1.,0.));
#12869=DIRECTION('',(-0.734146229540681,0.,0.678991394386705));
#12870=DIRECTION('',(0.704536154486872,0.,0.709668096380872));
#12871=DIRECTION('',(0.,1.,0.));
#12872=DIRECTION('',(1.,0.,0.));
#12873=DIRECTION('',(1.,0.,0.));
#12874=DIRECTION('',(0.,0.,-1.));
#12875=DIRECTION('',(0.,-1.,0.));
#12876=DIRECTION('',(1.,0.,0.));
#12877=DIRECTION('',(0.704536154486872,0.,0.709668096380872));
#12878=DIRECTION('',(0.999999995448817,0.,9.54063214579522E-5));
#12879=DIRECTION('',(0.,-1.,0.));
#12880=DIRECTION('',(1.,0.,0.));
#12881=DIRECTION('',(0.00075941038073322,0.,0.999999711647895));
#12882=DIRECTION('',(1.,0.,0.));
#12883=DIRECTION('',(0.,-1.,0.));
#12884=DIRECTION('',(1.,0.,0.));
#12885=DIRECTION('',(0.,0.,1.));
#12886=DIRECTION('',(0.,-1.,0.));
#12887=DIRECTION('',(1.,0.,0.));
#12888=DIRECTION('',(-0.999999980716387,0.,-0.000196385399048988));
#12889=DIRECTION('',(3.94744898232664E-6,0.,0.999999999992209));
#12890=DIRECTION('',(0.,-1.,0.));
#12891=DIRECTION('',(1.,0.,0.));
#12892=DIRECTION('',(-0.999999993615932,0.,-0.00011299617563159));
#12893=DIRECTION('',(0.,-1.,0.));
#12894=DIRECTION('',(1.,0.,0.));
#12895=DIRECTION('',(0.,0.,-1.));
#12896=DIRECTION('',(0.,-1.,0.));
#12897=DIRECTION('',(1.,0.,0.));
#12898=DIRECTION('',(0.706897702549805,0.,-0.707315798020805));
#12899=DIRECTION('',(0.,-1.,0.));
#12900=DIRECTION('',(1.,0.,0.));
#12901=DIRECTION('',(1.,0.,0.));
#12902=DIRECTION('',(0.,0.,-1.));
#12903=DIRECTION('',(0.,-1.,0.));
#12904=DIRECTION('',(-1.,0.,0.));
#12905=DIRECTION('',(0.,-1.,0.));
#12906=DIRECTION('',(-1.,0.,0.));
#12907=DIRECTION('',(0.,-1.,0.));
#12908=DIRECTION('',(-1.,0.,0.));
#12909=DIRECTION('',(0.,-1.,0.));
#12910=DIRECTION('',(-1.,0.,0.));
#12911=DIRECTION('',(0.,-1.,0.));
#12912=DIRECTION('',(-1.,0.,0.));
#12913=DIRECTION('',(0.,-1.,0.));
#12914=DIRECTION('',(-1.,0.,0.));
#12915=DIRECTION('',(0.709668096380872,0.,-0.704536154486872));
#12916=DIRECTION('',(-0.704536154486872,0.,-0.709668096380872));
#12917=DIRECTION('',(0.,1.,0.));
#12918=DIRECTION('',(0.,-1.,0.));
#12919=DIRECTION('',(0.,-1.,0.));
#12920=DIRECTION('',(-1.,0.,0.));
#12921=DIRECTION('',(0.,-1.,0.));
#12922=DIRECTION('',(9.54063214578413E-5,0.,-0.999999995448817));
#12923=DIRECTION('',(-0.999999995448817,0.,-9.54063214578413E-5));
#12924=DIRECTION('',(0.,-1.,0.));
#12925=DIRECTION('',(0.999999711647895,0.,-0.000759410380731621));
#12926=DIRECTION('',(-0.000759410380731621,0.,-0.999999711647895));
#12927=DIRECTION('',(0.,-1.,0.));
#12928=DIRECTION('',(0.,-1.,0.));
#12929=DIRECTION('',(0.,-1.,0.));
#12930=DIRECTION('',(-1.,0.,0.));
#12931=DIRECTION('',(0.,-1.,0.));
#12932=DIRECTION('',(0.,0.,-1.));
#12933=DIRECTION('',(0.,1.,0.));
#12934=DIRECTION('',(0.,-1.,0.));
#12935=DIRECTION('',(-0.000196385399048676,0.,0.999999980716387));
#12936=DIRECTION('',(0.999999980716387,0.,0.000196385399048676));
#12937=DIRECTION('',(0.,-1.,0.));
#12938=DIRECTION('',(0.,-1.,0.));
#12939=DIRECTION('',(-1.,0.,0.));
#12940=DIRECTION('',(0.,-1.,0.));
#12941=DIRECTION('',(0.999999999992209,0.,-3.94744898268783E-6));
#12942=DIRECTION('',(-3.94744898268783E-6,0.,-0.999999999992209));
#12943=DIRECTION('',(0.,-1.,0.));
#12944=DIRECTION('',(0.,0.,-1.));
#12945=DIRECTION('',(0.,1.,0.));
#12946=DIRECTION('',(0.,1.,0.));
#12947=DIRECTION('',(0.,-1.,0.));
#12948=DIRECTION('',(0.,-1.,0.));
#12949=DIRECTION('',(-1.,0.,0.));
#12950=DIRECTION('',(0.,-1.,0.));
#12951=DIRECTION('',(-1.,0.,0.));
#12952=DIRECTION('',(0.,1.,0.));
#12953=DIRECTION('',(1.,0.,0.));
#12954=DIRECTION('',(0.,-1.,0.));
#12955=DIRECTION('',(0.,-1.,0.));
#12956=DIRECTION('',(0.,-1.,0.));
#12957=DIRECTION('',(-1.,0.,0.));
#12958=DIRECTION('',(0.,1.,0.));
#12959=DIRECTION('',(0.,-1.,0.));
#12960=DIRECTION('',(-1.,0.,0.));
#12961=DIRECTION('',(0.,1.,0.));
#12962=DIRECTION('',(-0.000112996175631692,0.,0.999999993615932));
#12963=DIRECTION('',(0.999999993615932,0.,0.000112996175631692));
#12964=DIRECTION('',(0.,-1.,0.));
#12965=DIRECTION('',(0.,-1.,0.));
#12966=DIRECTION('',(-1.,0.,0.));
#12967=DIRECTION('',(0.,-1.,0.));
#12968=DIRECTION('',(-1.,0.,0.));
#12969=DIRECTION('',(0.,1.,0.));
#12970=DIRECTION('',(0.,-1.,0.));
#12971=DIRECTION('',(0.,-1.,0.));
#12972=DIRECTION('',(-1.,0.,0.));
#12973=DIRECTION('',(0.,-1.,0.));
#12974=DIRECTION('',(-0.707315798020805,0.,-0.706897702549805));
#12975=DIRECTION('',(-0.706897702549805,0.,0.707315798020805));
#12976=DIRECTION('',(0.,1.,0.));
#12977=DIRECTION('',(0.,0.,-1.));
#12978=DIRECTION('',(0.,1.,0.));
#12979=DIRECTION('',(0.,-1.,0.));
#12980=DIRECTION('',(1.,0.,0.));
#12981=DIRECTION('',(0.,-1.,0.));
#12982=DIRECTION('',(0.999999711647895,0.,-0.00075941038073322));
#12983=DIRECTION('',(-0.00075941038073322,0.,-0.999999711647895));
#12984=DIRECTION('',(0.,-1.,0.));
#12985=DIRECTION('',(0.00075941038073322,0.,0.999999711647895));
#12986=DIRECTION('',(0.,-1.,0.));
#12987=DIRECTION('',(-1.,0.,0.));
#12988=DIRECTION('',(0.,-1.,0.));
#12989=DIRECTION('',(0.,1.,0.));
#12990=DIRECTION('',(1.,0.,0.));
#12991=DIRECTION('',(9.54063214579521E-5,0.,-0.999999995448817));
#12992=DIRECTION('',(-0.999999995448817,0.,-9.54063214579522E-5));
#12993=DIRECTION('',(0.,-1.,0.));
#12994=DIRECTION('',(0.999999995448817,0.,9.54063214579522E-5));
#12995=DIRECTION('',(0.709668096380872,0.,-0.704536154486872));
#12996=DIRECTION('',(-0.704536154486872,0.,-0.709668096380872));
#12997=DIRECTION('',(0.,-1.,0.));
#12998=DIRECTION('',(0.704536154486872,0.,0.709668096380872));
#12999=DIRECTION('',(0.,-1.,0.));
#13000=DIRECTION('',(-1.,0.,0.));
#13001=DIRECTION('',(0.,0.,-1.));
#13002=DIRECTION('',(0.,1.,0.));
#13003=DIRECTION('',(0.,-1.,0.));
#13004=DIRECTION('',(1.,0.,0.));
#13005=DIRECTION('',(0.,1.,0.));
#13006=DIRECTION('',(0.,-1.,0.));
#13007=DIRECTION('',(-1.,0.,0.));
#13008=DIRECTION('',(0.,-1.,0.));
#13009=DIRECTION('',(-0.707315798020805,0.,-0.706897702549805));
#13010=DIRECTION('',(-0.706897702549805,0.,0.707315798020805));
#13011=DIRECTION('',(0.,-1.,0.));
#13012=DIRECTION('',(0.706897702549805,0.,-0.707315798020805));
#13013=DIRECTION('',(0.,-1.,0.));
#13014=DIRECTION('',(-1.,0.,0.));
#13015=DIRECTION('',(0.,-1.,0.));
#13016=DIRECTION('',(0.,1.,0.));
#13017=DIRECTION('',(1.,0.,0.));
#13018=DIRECTION('',(-1.,0.,0.));
#13019=DIRECTION('',(0.,1.,0.));
#13020=DIRECTION('',(0.,-1.,0.));
#13021=DIRECTION('',(0.,0.,-1.));
#13022=DIRECTION('',(0.,-1.,0.));
#13023=DIRECTION('',(-1.,0.,0.));
#13024=DIRECTION('',(0.,-1.,0.));
#13025=DIRECTION('',(0.,1.,0.));
#13026=DIRECTION('',(1.,0.,0.));
#13027=DIRECTION('',(-0.00011299617563159,0.,0.999999993615932));
#13028=DIRECTION('',(0.999999993615932,0.,0.00011299617563159));
#13029=DIRECTION('',(0.,-1.,0.));
#13030=DIRECTION('',(-0.999999993615932,0.,-0.00011299617563159));
#13031=DIRECTION('',(0.,-1.,0.));
#13032=DIRECTION('',(-1.,0.,0.));
#13033=DIRECTION('',(0.,-1.,0.));
#13034=DIRECTION('',(0.999999999992209,0.,-3.94744898232664E-6));
#13035=DIRECTION('',(-3.94744898232664E-6,0.,-0.999999999992209));
#13036=DIRECTION('',(0.,-1.,0.));
#13037=DIRECTION('',(3.94744898232664E-6,0.,0.999999999992209));
#13038=DIRECTION('',(-0.000196385399048988,0.,0.999999980716387));
#13039=DIRECTION('',(0.999999980716388,0.,0.000196385399048988));
#13040=DIRECTION('',(0.,-1.,0.));
#13041=DIRECTION('',(-0.999999980716388,0.,-0.000196385399048988));
#13042=DIRECTION('',(0.,-1.,0.));
#13043=DIRECTION('',(-1.,0.,0.));
#13044=DIRECTION('',(0.,-1.,0.));
#13045=DIRECTION('',(1.,0.,0.));
#13046=DIRECTION('',(0.,-1.,0.));
#13047=DIRECTION('',(0.,-1.,0.));
#13048=DIRECTION('',(0.,0.,1.));
#13049=DIRECTION('',(0.,-1.,0.));
#13050=DIRECTION('',(-1.,0.,0.));
#13051=DIRECTION('',(0.,-1.,0.));
#13052=DIRECTION('',(-1.,0.,0.));
#13053=DIRECTION('',(0.,1.,0.));
#13054=DIRECTION('',(1.,0.,0.));
#13055=DIRECTION('',(0.,-1.,0.));
#13056=DIRECTION('',(-1.,0.,0.));
#13057=DIRECTION('',(0.,1.,0.));
#13058=DIRECTION('',(1.,0.,0.));
#13059=DIRECTION('',(1.,0.,0.));
#13060=DIRECTION('',(0.,-1.,0.));
#13061=DIRECTION('',(1.,0.,0.));
#13062=DIRECTION('',(0.,-1.,0.));
#13063=DIRECTION('',(0.,1.,0.));
#13064=DIRECTION('',(1.,0.,0.));
#13065=DIRECTION('',(0.,-1.,0.));
#13066=DIRECTION('',(1.,0.,0.));
#13067=DIRECTION('',(0.,-1.,0.));
#13068=DIRECTION('',(0.,1.,0.));
#13069=DIRECTION('',(0.,0.,1.));
#13070=DIRECTION('',(0.,-1.,0.));
#13071=DIRECTION('',(1.,0.,0.));
#13072=DIRECTION('',(0.,0.,-1.));
#13073=DIRECTION('',(0.,1.,0.));
#13074=DIRECTION('',(0.,1.,0.));
#13075=DIRECTION('',(-1.,0.,0.));
#13076=DIRECTION('',(0.,1.,0.));
#13077=DIRECTION('',(-1.,0.,0.));
#13078=DIRECTION('',(0.,1.,0.));
#13079=DIRECTION('',(0.,0.,1.));
#13080=DIRECTION('',(0.,1.,0.));
#13081=DIRECTION('',(0.,0.,-1.));
#13082=DIRECTION('',(0.,1.,0.));
#13083=DIRECTION('',(-1.,0.,0.));
#13084=DIRECTION('',(0.,1.,0.));
#13085=DIRECTION('',(0.,1.,0.));
#13086=DIRECTION('',(1.,0.,0.));
#13087=DIRECTION('',(0.,1.,0.));
#13088=DIRECTION('',(0.,1.,0.));
#13089=DIRECTION('',(1.,0.,0.));
#13090=DIRECTION('',(0.,1.,0.));
#13091=DIRECTION('',(0.,0.,1.));
#13092=DIRECTION('',(0.,-1.,0.));
#13093=DIRECTION('',(1.,0.,0.));
#13094=DIRECTION('',(0.,1.,0.));
#13095=DIRECTION('',(0.,1.,0.));
#13096=DIRECTION('',(1.,0.,0.));
#13097=DIRECTION('',(0.,1.,0.));
#13098=DIRECTION('',(1.,0.,0.));
#13099=DIRECTION('',(0.,1.,0.));
#13100=DIRECTION('',(-1.,0.,0.));
#13101=DIRECTION('',(0.,1.,0.));
#13102=DIRECTION('',(0.,0.,1.));
#13103=DIRECTION('',(0.,1.,0.));
#13104=DIRECTION('',(0.,1.,0.));
#13105=DIRECTION('',(1.,0.,0.));
#13106=DIRECTION('',(0.,1.,0.));
#13107=DIRECTION('',(1.,0.,0.));
#13108=DIRECTION('',(0.,1.,0.));
#13109=DIRECTION('',(0.,0.,1.));
#13110=DIRECTION('',(0.,-1.,0.));
#13111=DIRECTION('',(1.,0.,0.));
#13112=DIRECTION('',(0.,1.,0.));
#13113=DIRECTION('',(0.,1.,0.));
#13114=DIRECTION('',(1.,0.,0.));
#13115=DIRECTION('',(0.,1.,0.));
#13116=DIRECTION('',(1.,0.,0.));
#13117=DIRECTION('',(0.,1.,0.));
#13118=DIRECTION('',(0.,1.,0.));
#13119=DIRECTION('',(1.,0.,0.));
#13120=DIRECTION('',(0.,1.,0.));
#13121=DIRECTION('',(0.,1.,0.));
#13122=DIRECTION('',(1.,0.,0.));
#13123=DIRECTION('',(0.,1.,0.));
#13124=DIRECTION('',(0.,0.,1.));
#13125=DIRECTION('',(0.,-1.,0.));
#13126=DIRECTION('',(1.,0.,0.));
#13127=DIRECTION('',(0.,1.,0.));
#13128=DIRECTION('',(0.,1.,0.));
#13129=DIRECTION('',(1.,0.,0.));
#13130=DIRECTION('',(0.,1.,0.));
#13131=DIRECTION('',(1.,0.,0.));
#13132=DIRECTION('',(0.,1.,0.));
#13133=DIRECTION('',(-1.,0.,0.));
#13134=DIRECTION('',(0.,1.,0.));
#13135=DIRECTION('',(0.,0.,1.));
#13136=DIRECTION('',(0.,1.,0.));
#13137=DIRECTION('',(0.,1.,0.));
#13138=DIRECTION('',(1.,0.,0.));
#13139=DIRECTION('',(0.,1.,0.));
#13140=DIRECTION('',(1.,0.,0.));
#13141=DIRECTION('',(0.,1.,0.));
#13142=DIRECTION('',(0.,0.,1.));
#13143=DIRECTION('',(0.,-1.,0.));
#13144=DIRECTION('',(1.,0.,0.));
#13145=DIRECTION('',(0.,1.,0.));
#13146=DIRECTION('',(0.,1.,0.));
#13147=DIRECTION('',(1.,0.,0.));
#13148=DIRECTION('',(0.,1.,0.));
#13149=DIRECTION('',(1.,0.,0.));
#13150=DIRECTION('',(0.,1.,0.));
#13151=DIRECTION('',(0.,1.,0.));
#13152=DIRECTION('',(1.,0.,0.));
#13153=DIRECTION('',(0.,1.,0.));
#13154=DIRECTION('',(0.,1.,0.));
#13155=DIRECTION('',(1.,0.,0.));
#13156=DIRECTION('',(0.,1.,0.));
#13157=DIRECTION('',(0.,0.,1.));
#13158=DIRECTION('',(0.,-1.,0.));
#13159=DIRECTION('',(1.,0.,0.));
#13160=DIRECTION('',(0.,1.,0.));
#13161=DIRECTION('',(0.,1.,0.));
#13162=DIRECTION('',(1.,0.,0.));
#13163=DIRECTION('',(0.,1.,0.));
#13164=DIRECTION('',(1.,0.,0.));
#13165=DIRECTION('',(0.,1.,0.));
#13166=DIRECTION('',(-1.,0.,0.));
#13167=DIRECTION('',(0.,1.,0.));
#13168=DIRECTION('',(0.,0.,1.));
#13169=DIRECTION('',(0.,1.,0.));
#13170=DIRECTION('',(0.,1.,0.));
#13171=DIRECTION('',(1.,0.,0.));
#13172=DIRECTION('',(0.,1.,0.));
#13173=DIRECTION('',(1.,0.,0.));
#13174=DIRECTION('',(0.,1.,0.));
#13175=DIRECTION('',(0.,0.,1.));
#13176=DIRECTION('',(0.,-1.,0.));
#13177=DIRECTION('',(1.,0.,0.));
#13178=DIRECTION('',(0.,1.,0.));
#13179=DIRECTION('',(0.,1.,0.));
#13180=DIRECTION('',(1.,0.,0.));
#13181=DIRECTION('',(0.,1.,0.));
#13182=DIRECTION('',(1.,0.,0.));
#13183=DIRECTION('',(0.,1.,0.));
#13184=DIRECTION('',(0.,1.,0.));
#13185=DIRECTION('',(1.,0.,0.));
#13186=DIRECTION('',(0.,1.,0.));
#13187=DIRECTION('',(0.,1.,0.));
#13188=DIRECTION('',(1.,0.,0.));
#13189=DIRECTION('',(0.,1.,0.));
#13190=DIRECTION('',(0.,0.,1.));
#13191=DIRECTION('',(0.,-1.,0.));
#13192=DIRECTION('',(1.,0.,0.));
#13193=DIRECTION('',(0.,1.,0.));
#13194=DIRECTION('',(0.,1.,0.));
#13195=DIRECTION('',(1.,0.,0.));
#13196=DIRECTION('',(0.,1.,0.));
#13197=DIRECTION('',(1.,0.,0.));
#13198=DIRECTION('',(0.,1.,0.));
#13199=DIRECTION('',(-1.,0.,0.));
#13200=DIRECTION('',(0.,1.,0.));
#13201=DIRECTION('',(0.,0.,1.));
#13202=DIRECTION('',(0.,1.,0.));
#13203=DIRECTION('',(0.,1.,0.));
#13204=DIRECTION('',(1.,0.,0.));
#13205=DIRECTION('',(0.,1.,0.));
#13206=DIRECTION('',(1.,0.,0.));
#13207=DIRECTION('',(0.,1.,0.));
#13208=DIRECTION('',(0.,0.,1.));
#13209=DIRECTION('',(0.,-1.,0.));
#13210=DIRECTION('',(1.,0.,0.));
#13211=DIRECTION('',(0.,1.,0.));
#13212=DIRECTION('',(0.,1.,0.));
#13213=DIRECTION('',(1.,0.,0.));
#13214=DIRECTION('',(0.,1.,0.));
#13215=DIRECTION('',(1.,0.,0.));
#13216=DIRECTION('',(0.,1.,0.));
#13217=DIRECTION('',(0.,1.,0.));
#13218=DIRECTION('',(1.,0.,0.));
#13219=DIRECTION('',(0.,1.,0.));
#13220=DIRECTION('',(0.,1.,0.));
#13221=DIRECTION('',(1.,0.,0.));
#13222=DIRECTION('',(0.,1.,0.));
#13223=DIRECTION('',(0.,0.,1.));
#13224=DIRECTION('',(0.,-1.,0.));
#13225=DIRECTION('',(1.,0.,0.));
#13226=DIRECTION('',(0.,1.,0.));
#13227=DIRECTION('',(0.,1.,0.));
#13228=DIRECTION('',(1.,0.,0.));
#13229=DIRECTION('',(0.,1.,0.));
#13230=DIRECTION('',(1.,0.,0.));
#13231=DIRECTION('',(0.,1.,0.));
#13232=DIRECTION('',(-1.,0.,0.));
#13233=DIRECTION('',(0.,1.,0.));
#13234=DIRECTION('',(0.,0.,1.));
#13235=DIRECTION('',(0.,1.,0.));
#13236=DIRECTION('',(0.,1.,0.));
#13237=DIRECTION('',(1.,0.,0.));
#13238=DIRECTION('',(0.,1.,0.));
#13239=DIRECTION('',(1.,0.,0.));
#13240=DIRECTION('',(0.,1.,0.));
#13241=DIRECTION('',(0.,0.,1.));
#13242=DIRECTION('',(0.,-1.,0.));
#13243=DIRECTION('',(1.,0.,0.));
#13244=DIRECTION('',(0.,1.,0.));
#13245=DIRECTION('',(0.,1.,0.));
#13246=DIRECTION('',(1.,0.,0.));
#13247=DIRECTION('',(0.,1.,0.));
#13248=DIRECTION('',(1.,0.,0.));
#13249=DIRECTION('',(0.,1.,0.));
#13250=DIRECTION('',(0.,1.,0.));
#13251=DIRECTION('',(1.,0.,0.));
#13252=DIRECTION('',(0.,1.,0.));
#13253=DIRECTION('',(0.,1.,0.));
#13254=DIRECTION('',(1.,0.,0.));
#13255=DIRECTION('',(0.,1.,0.));
#13256=DIRECTION('',(0.,0.,1.));
#13257=DIRECTION('',(0.,-1.,0.));
#13258=DIRECTION('',(1.,0.,0.));
#13259=DIRECTION('',(0.,1.,0.));
#13260=DIRECTION('',(0.,1.,0.));
#13261=DIRECTION('',(1.,0.,0.));
#13262=DIRECTION('',(0.,1.,0.));
#13263=DIRECTION('',(1.,0.,0.));
#13264=DIRECTION('',(0.,1.,0.));
#13265=DIRECTION('',(-1.,0.,0.));
#13266=DIRECTION('',(0.,1.,0.));
#13267=DIRECTION('',(0.,0.,1.));
#13268=DIRECTION('',(0.,1.,0.));
#13269=DIRECTION('',(0.,1.,0.));
#13270=DIRECTION('',(1.,0.,0.));
#13271=DIRECTION('',(0.,1.,0.));
#13272=DIRECTION('',(1.,0.,0.));
#13273=DIRECTION('',(0.,1.,0.));
#13274=DIRECTION('',(0.,0.,1.));
#13275=DIRECTION('',(0.,-1.,0.));
#13276=DIRECTION('',(1.,0.,0.));
#13277=DIRECTION('',(0.,1.,0.));
#13278=DIRECTION('',(0.,1.,0.));
#13279=DIRECTION('',(1.,0.,0.));
#13280=DIRECTION('',(0.,1.,0.));
#13281=DIRECTION('',(1.,0.,0.));
#13282=DIRECTION('',(0.,1.,0.));
#13283=DIRECTION('',(0.,1.,0.));
#13284=DIRECTION('',(1.,0.,0.));
#13285=DIRECTION('',(0.,1.,0.));
#13286=DIRECTION('',(0.,1.,0.));
#13287=DIRECTION('',(1.,0.,0.));
#13288=DIRECTION('',(0.,1.,0.));
#13289=DIRECTION('',(0.,0.,1.));
#13290=DIRECTION('',(0.,-1.,0.));
#13291=DIRECTION('',(1.,0.,0.));
#13292=DIRECTION('',(0.,1.,0.));
#13293=DIRECTION('',(0.,1.,0.));
#13294=DIRECTION('',(1.,0.,0.));
#13295=DIRECTION('',(0.,1.,0.));
#13296=DIRECTION('',(1.,0.,0.));
#13297=DIRECTION('',(0.,1.,0.));
#13298=DIRECTION('',(-1.,0.,0.));
#13299=DIRECTION('',(0.,1.,0.));
#13300=DIRECTION('',(0.,0.,1.));
#13301=DIRECTION('',(0.,1.,0.));
#13302=DIRECTION('',(0.,1.,0.));
#13303=DIRECTION('',(1.,0.,0.));
#13304=DIRECTION('',(0.,1.,0.));
#13305=DIRECTION('',(1.,0.,0.));
#13306=DIRECTION('',(0.,1.,0.));
#13307=DIRECTION('',(0.,0.,1.));
#13308=DIRECTION('',(0.,-1.,0.));
#13309=DIRECTION('',(1.,0.,0.));
#13310=DIRECTION('',(0.,1.,0.));
#13311=DIRECTION('',(0.,1.,0.));
#13312=DIRECTION('',(1.,0.,0.));
#13313=DIRECTION('',(0.,1.,0.));
#13314=DIRECTION('',(1.,0.,0.));
#13315=DIRECTION('',(0.,1.,0.));
#13316=DIRECTION('',(0.,1.,0.));
#13317=DIRECTION('',(1.,0.,0.));
#13318=DIRECTION('',(0.,1.,0.));
#13319=DIRECTION('',(0.,1.,0.));
#13320=DIRECTION('',(1.,0.,0.));
#13321=DIRECTION('',(0.,1.,0.));
#13322=DIRECTION('',(0.,0.,1.));
#13323=DIRECTION('',(0.,-1.,0.));
#13324=DIRECTION('',(1.,0.,0.));
#13325=DIRECTION('',(0.,1.,0.));
#13326=DIRECTION('',(0.,1.,0.));
#13327=DIRECTION('',(1.,0.,0.));
#13328=DIRECTION('',(0.,1.,0.));
#13329=DIRECTION('',(1.,0.,0.));
#13330=DIRECTION('',(0.,1.,0.));
#13331=DIRECTION('',(-1.,0.,0.));
#13332=DIRECTION('',(0.,1.,0.));
#13333=DIRECTION('',(0.,0.,1.));
#13334=DIRECTION('',(0.,1.,0.));
#13335=DIRECTION('',(0.,1.,0.));
#13336=DIRECTION('',(1.,0.,0.));
#13337=DIRECTION('',(0.,1.,0.));
#13338=DIRECTION('',(1.,0.,0.));
#13339=DIRECTION('',(0.,1.,0.));
#13340=DIRECTION('',(0.,0.,1.));
#13341=DIRECTION('',(0.,-1.,0.));
#13342=DIRECTION('',(1.,0.,0.));
#13343=DIRECTION('',(0.,1.,0.));
#13344=DIRECTION('',(0.,1.,0.));
#13345=DIRECTION('',(1.,0.,0.));
#13346=DIRECTION('',(0.,1.,0.));
#13347=DIRECTION('',(1.,0.,0.));
#13348=DIRECTION('',(0.,1.,0.));
#13349=DIRECTION('',(0.,1.,0.));
#13350=DIRECTION('',(1.,0.,0.));
#13351=DIRECTION('',(0.,1.,0.));
#13352=DIRECTION('',(0.,1.,0.));
#13353=DIRECTION('',(1.,0.,0.));
#13354=DIRECTION('',(0.,1.,0.));
#13355=DIRECTION('',(0.,0.,1.));
#13356=DIRECTION('',(0.,-1.,0.));
#13357=DIRECTION('',(1.,0.,0.));
#13358=DIRECTION('',(0.,1.,0.));
#13359=DIRECTION('',(0.,1.,0.));
#13360=DIRECTION('',(1.,0.,0.));
#13361=DIRECTION('',(0.,1.,0.));
#13362=DIRECTION('',(1.,0.,0.));
#13363=DIRECTION('',(0.,1.,0.));
#13364=DIRECTION('',(-1.,0.,0.));
#13365=DIRECTION('',(0.,1.,0.));
#13366=DIRECTION('',(0.,0.,1.));
#13367=DIRECTION('',(0.,1.,0.));
#13368=DIRECTION('',(0.,1.,0.));
#13369=DIRECTION('',(1.,0.,0.));
#13370=DIRECTION('',(0.,1.,0.));
#13371=DIRECTION('',(1.,0.,0.));
#13372=DIRECTION('',(0.,1.,0.));
#13373=DIRECTION('',(0.,0.,1.));
#13374=DIRECTION('',(0.,-1.,0.));
#13375=DIRECTION('',(1.,0.,0.));
#13376=DIRECTION('',(0.,1.,0.));
#13377=DIRECTION('',(0.,1.,0.));
#13378=DIRECTION('',(1.,0.,0.));
#13379=DIRECTION('',(0.,1.,0.));
#13380=DIRECTION('',(1.,0.,0.));
#13381=DIRECTION('',(0.,1.,0.));
#13382=DIRECTION('',(0.,1.,0.));
#13383=DIRECTION('',(1.,0.,0.));
#13384=DIRECTION('',(0.,1.,0.));
#13385=DIRECTION('',(0.,1.,0.));
#13386=DIRECTION('',(1.,0.,0.));
#13387=DIRECTION('',(0.,1.,0.));
#13388=DIRECTION('',(0.,0.,1.));
#13389=DIRECTION('',(0.,-1.,0.));
#13390=DIRECTION('',(1.,0.,0.));
#13391=DIRECTION('',(0.,1.,0.));
#13392=DIRECTION('',(0.,1.,0.));
#13393=DIRECTION('',(1.,0.,0.));
#13394=DIRECTION('',(0.,1.,0.));
#13395=DIRECTION('',(1.,0.,0.));
#13396=DIRECTION('',(0.,1.,0.));
#13397=DIRECTION('',(-1.,0.,0.));
#13398=DIRECTION('',(0.,1.,0.));
#13399=DIRECTION('',(0.,0.,1.));
#13400=DIRECTION('',(0.,1.,0.));
#13401=DIRECTION('',(0.,1.,0.));
#13402=DIRECTION('',(1.,0.,0.));
#13403=DIRECTION('',(0.,1.,0.));
#13404=DIRECTION('',(1.,0.,0.));
#13405=DIRECTION('',(0.,1.,0.));
#13406=DIRECTION('',(0.,0.,1.));
#13407=DIRECTION('',(0.,-1.,0.));
#13408=DIRECTION('',(1.,0.,0.));
#13409=DIRECTION('',(0.,1.,0.));
#13410=DIRECTION('',(0.,1.,0.));
#13411=DIRECTION('',(1.,0.,0.));
#13412=DIRECTION('',(0.,1.,0.));
#13413=DIRECTION('',(1.,0.,0.));
#13414=DIRECTION('',(0.,1.,0.));
#13415=DIRECTION('',(0.,1.,0.));
#13416=DIRECTION('',(1.,0.,0.));
#13417=DIRECTION('',(0.,1.,0.));
#13418=DIRECTION('',(0.,1.,0.));
#13419=DIRECTION('',(1.,0.,0.));
#13420=DIRECTION('',(0.,1.,0.));
#13421=DIRECTION('',(0.,0.,1.));
#13422=DIRECTION('',(0.,-1.,0.));
#13423=DIRECTION('',(1.,0.,0.));
#13424=DIRECTION('',(0.,1.,0.));
#13425=DIRECTION('',(0.,1.,0.));
#13426=DIRECTION('',(1.,0.,0.));
#13427=DIRECTION('',(0.,1.,0.));
#13428=DIRECTION('',(1.,0.,0.));
#13429=DIRECTION('',(0.,1.,0.));
#13430=DIRECTION('',(-1.,0.,0.));
#13431=DIRECTION('',(0.,1.,0.));
#13432=DIRECTION('',(0.,0.,1.));
#13433=DIRECTION('',(0.,1.,0.));
#13434=DIRECTION('',(0.,1.,0.));
#13435=DIRECTION('',(1.,0.,0.));
#13436=DIRECTION('',(0.,1.,0.));
#13437=DIRECTION('',(1.,0.,0.));
#13438=DIRECTION('',(0.,1.,0.));
#13439=DIRECTION('',(0.,0.,1.));
#13440=DIRECTION('',(0.,-1.,0.));
#13441=DIRECTION('',(1.,0.,0.));
#13442=DIRECTION('',(0.,1.,0.));
#13443=DIRECTION('',(0.,1.,0.));
#13444=DIRECTION('',(1.,0.,0.));
#13445=DIRECTION('',(0.,1.,0.));
#13446=DIRECTION('',(1.,0.,0.));
#13447=DIRECTION('',(0.,1.,0.));
#13448=DIRECTION('',(0.,1.,0.));
#13449=DIRECTION('',(1.,0.,0.));
#13450=DIRECTION('',(0.,1.,0.));
#13451=DIRECTION('',(0.,1.,0.));
#13452=DIRECTION('',(1.,0.,0.));
#13453=DIRECTION('',(0.,1.,0.));
#13454=DIRECTION('',(0.,0.,1.));
#13455=DIRECTION('',(0.,-1.,0.));
#13456=DIRECTION('',(1.,0.,0.));
#13457=DIRECTION('',(0.,1.,0.));
#13458=DIRECTION('',(0.,1.,0.));
#13459=DIRECTION('',(1.,0.,0.));
#13460=DIRECTION('',(0.,1.,0.));
#13461=DIRECTION('',(1.,0.,0.));
#13462=DIRECTION('',(0.,1.,0.));
#13463=DIRECTION('',(-1.,0.,0.));
#13464=DIRECTION('',(0.,1.,0.));
#13465=DIRECTION('',(0.,0.,1.));
#13466=DIRECTION('',(0.,1.,0.));
#13467=DIRECTION('',(0.,1.,0.));
#13468=DIRECTION('',(1.,0.,0.));
#13469=DIRECTION('',(0.,1.,0.));
#13470=DIRECTION('',(1.,0.,0.));
#13471=DIRECTION('',(0.,1.,0.));
#13472=DIRECTION('',(0.,0.,1.));
#13473=DIRECTION('',(0.,-1.,0.));
#13474=DIRECTION('',(1.,0.,0.));
#13475=DIRECTION('',(0.,1.,0.));
#13476=DIRECTION('',(0.,1.,0.));
#13477=DIRECTION('',(1.,0.,0.));
#13478=DIRECTION('',(0.,1.,0.));
#13479=DIRECTION('',(1.,0.,0.));
#13480=DIRECTION('',(0.,1.,0.));
#13481=DIRECTION('',(0.,1.,0.));
#13482=DIRECTION('',(1.,0.,0.));
#13483=DIRECTION('',(0.,1.,0.));
#13484=DIRECTION('',(0.,1.,0.));
#13485=DIRECTION('',(1.,0.,0.));
#13486=DIRECTION('',(0.,1.,0.));
#13487=DIRECTION('',(0.,0.,1.));
#13488=DIRECTION('',(0.,-1.,0.));
#13489=DIRECTION('',(1.,0.,0.));
#13490=DIRECTION('',(0.,1.,0.));
#13491=DIRECTION('',(0.,1.,0.));
#13492=DIRECTION('',(1.,0.,0.));
#13493=DIRECTION('',(0.,1.,0.));
#13494=DIRECTION('',(1.,0.,0.));
#13495=DIRECTION('',(0.,1.,0.));
#13496=DIRECTION('',(-1.,0.,0.));
#13497=DIRECTION('',(0.,1.,0.));
#13498=DIRECTION('',(0.,0.,1.));
#13499=DIRECTION('',(0.,1.,0.));
#13500=DIRECTION('',(0.,1.,0.));
#13501=DIRECTION('',(1.,0.,0.));
#13502=DIRECTION('',(0.,1.,0.));
#13503=DIRECTION('',(1.,0.,0.));
#13504=DIRECTION('',(0.,1.,0.));
#13505=DIRECTION('',(0.,0.,1.));
#13506=DIRECTION('',(0.,-1.,0.));
#13507=DIRECTION('',(1.,0.,0.));
#13508=DIRECTION('',(0.,1.,0.));
#13509=DIRECTION('',(0.,1.,0.));
#13510=DIRECTION('',(1.,0.,0.));
#13511=DIRECTION('',(0.,1.,0.));
#13512=DIRECTION('',(1.,0.,0.));
#13513=DIRECTION('',(0.,1.,0.));
#13514=DIRECTION('',(0.,1.,0.));
#13515=DIRECTION('',(1.,0.,0.));
#13516=DIRECTION('',(0.,1.,0.));
#13517=DIRECTION('',(0.,1.,0.));
#13518=DIRECTION('',(1.,0.,0.));
#13519=DIRECTION('',(0.,1.,0.));
#13520=DIRECTION('',(0.,0.,1.));
#13521=DIRECTION('',(0.,-1.,0.));
#13522=DIRECTION('',(1.,0.,0.));
#13523=DIRECTION('',(0.,1.,0.));
#13524=DIRECTION('',(0.,1.,0.));
#13525=DIRECTION('',(1.,0.,0.));
#13526=DIRECTION('',(0.,1.,0.));
#13527=DIRECTION('',(1.,0.,0.));
#13528=DIRECTION('',(0.,1.,0.));
#13529=DIRECTION('',(-1.,0.,0.));
#13530=DIRECTION('',(0.,1.,0.));
#13531=DIRECTION('',(0.,0.,1.));
#13532=DIRECTION('',(0.,1.,0.));
#13533=DIRECTION('',(0.,1.,0.));
#13534=DIRECTION('',(1.,0.,0.));
#13535=DIRECTION('',(0.,1.,0.));
#13536=DIRECTION('',(1.,0.,0.));
#13537=DIRECTION('',(0.,1.,0.));
#13538=DIRECTION('',(0.,0.,1.));
#13539=DIRECTION('',(0.,-1.,0.));
#13540=DIRECTION('',(1.,0.,0.));
#13541=DIRECTION('',(0.,1.,0.));
#13542=DIRECTION('',(0.,1.,0.));
#13543=DIRECTION('',(1.,0.,0.));
#13544=DIRECTION('',(0.,1.,0.));
#13545=DIRECTION('',(1.,0.,0.));
#13546=DIRECTION('',(0.,1.,0.));
#13547=DIRECTION('',(0.,1.,0.));
#13548=DIRECTION('',(1.,0.,0.));
#13549=DIRECTION('',(0.,1.,0.));
#13550=DIRECTION('',(0.,1.,0.));
#13551=DIRECTION('',(1.,0.,0.));
#13552=DIRECTION('',(0.,1.,0.));
#13553=DIRECTION('',(0.,0.,1.));
#13554=DIRECTION('',(0.,-1.,0.));
#13555=DIRECTION('',(1.,0.,0.));
#13556=DIRECTION('',(0.,1.,0.));
#13557=DIRECTION('',(0.,1.,0.));
#13558=DIRECTION('',(1.,0.,0.));
#13559=DIRECTION('',(0.,1.,0.));
#13560=DIRECTION('',(1.,0.,0.));
#13561=DIRECTION('',(0.,1.,0.));
#13562=DIRECTION('',(-1.,0.,0.));
#13563=DIRECTION('',(0.,1.,0.));
#13564=DIRECTION('',(0.,0.,1.));
#13565=DIRECTION('',(0.,1.,0.));
#13566=DIRECTION('',(0.,1.,0.));
#13567=DIRECTION('',(1.,0.,0.));
#13568=DIRECTION('',(0.,1.,0.));
#13569=DIRECTION('',(1.,0.,0.));
#13570=DIRECTION('',(0.,1.,0.));
#13571=DIRECTION('',(0.,0.,1.));
#13572=DIRECTION('',(0.,-1.,0.));
#13573=DIRECTION('',(1.,0.,0.));
#13574=DIRECTION('',(0.,1.,0.));
#13575=DIRECTION('',(0.,1.,0.));
#13576=DIRECTION('',(1.,0.,0.));
#13577=DIRECTION('',(0.,1.,0.));
#13578=DIRECTION('',(1.,0.,0.));
#13579=DIRECTION('',(0.,1.,0.));
#13580=DIRECTION('',(0.,1.,0.));
#13581=DIRECTION('',(1.,0.,0.));
#13582=DIRECTION('',(0.,1.,0.));
#13583=DIRECTION('',(0.,1.,0.));
#13584=DIRECTION('',(1.,0.,0.));
#13585=DIRECTION('',(0.,1.,0.));
#13586=DIRECTION('',(0.,0.,1.));
#13587=DIRECTION('',(0.,-1.,0.));
#13588=DIRECTION('',(1.,0.,0.));
#13589=DIRECTION('',(0.,1.,0.));
#13590=DIRECTION('',(0.,1.,0.));
#13591=DIRECTION('',(1.,0.,0.));
#13592=DIRECTION('',(0.,1.,0.));
#13593=DIRECTION('',(1.,0.,0.));
#13594=DIRECTION('',(0.,1.,0.));
#13595=DIRECTION('',(-1.,0.,0.));
#13596=DIRECTION('',(0.,1.,0.));
#13597=DIRECTION('',(0.,0.,1.));
#13598=DIRECTION('',(0.,1.,0.));
#13599=DIRECTION('',(0.,1.,0.));
#13600=DIRECTION('',(1.,0.,0.));
#13601=DIRECTION('',(0.,1.,0.));
#13602=DIRECTION('',(1.,0.,0.));
#13603=DIRECTION('',(0.,1.,0.));
#13604=DIRECTION('',(0.,0.,1.));
#13605=DIRECTION('',(0.,-1.,0.));
#13606=DIRECTION('',(1.,0.,0.));
#13607=DIRECTION('',(0.,1.,0.));
#13608=DIRECTION('',(0.,1.,0.));
#13609=DIRECTION('',(1.,0.,0.));
#13610=DIRECTION('',(0.,1.,0.));
#13611=DIRECTION('',(1.,0.,0.));
#13612=DIRECTION('',(0.,1.,0.));
#13613=DIRECTION('',(-1.,0.,0.));
#13614=DIRECTION('',(0.,1.,0.));
#13615=DIRECTION('',(0.,0.,1.));
#13616=DIRECTION('',(-1.,0.,0.));
#13617=DIRECTION('',(0.,1.,0.));
#13618=DIRECTION('',(0.,0.,1.));
#13619=DIRECTION('',(-1.,0.,0.));
#13620=DIRECTION('',(0.,1.,0.));
#13621=DIRECTION('',(0.,0.,1.));
#13622=DIRECTION('',(-1.,0.,0.));
#13623=DIRECTION('',(0.,1.,0.));
#13624=DIRECTION('',(0.,0.,1.));
#13625=DIRECTION('',(-1.,0.,0.));
#13626=DIRECTION('',(0.,1.,0.));
#13627=DIRECTION('',(0.,0.,1.));
#13628=DIRECTION('',(-1.,0.,0.));
#13629=DIRECTION('',(0.,1.,0.));
#13630=DIRECTION('',(0.,0.,1.));
#13631=DIRECTION('',(-1.,0.,0.));
#13632=DIRECTION('',(0.,1.,0.));
#13633=DIRECTION('',(0.,0.,1.));
#13634=DIRECTION('',(-1.,0.,0.));
#13635=DIRECTION('',(0.,1.,0.));
#13636=DIRECTION('',(0.,0.,1.));
#13637=DIRECTION('',(-1.,0.,0.));
#13638=DIRECTION('',(0.,1.,0.));
#13639=DIRECTION('',(0.,0.,1.));
#13640=DIRECTION('',(-1.,0.,0.));
#13641=DIRECTION('',(0.,1.,0.));
#13642=DIRECTION('',(0.,0.,1.));
#13643=DIRECTION('',(-1.,0.,0.));
#13644=DIRECTION('',(0.,1.,0.));
#13645=DIRECTION('',(0.,0.,1.));
#13646=DIRECTION('',(-1.,0.,0.));
#13647=DIRECTION('',(0.,1.,0.));
#13648=DIRECTION('',(0.,0.,1.));
#13649=DIRECTION('',(-1.,0.,0.));
#13650=DIRECTION('',(0.,1.,0.));
#13651=DIRECTION('',(0.,0.,1.));
#13652=DIRECTION('',(-1.,0.,0.));
#13653=DIRECTION('',(0.,1.,0.));
#13654=DIRECTION('',(0.,0.,1.));
#13655=DIRECTION('',(-1.,0.,0.));
#13656=DIRECTION('',(0.,1.,0.));
#13657=DIRECTION('',(0.,0.,1.));
#13658=DIRECTION('',(-1.,0.,0.));
#13659=DIRECTION('',(0.,1.,0.));
#13660=DIRECTION('',(0.,0.,1.));
#13661=DIRECTION('',(-1.,0.,0.));
#13662=DIRECTION('',(0.,1.,0.));
#13663=DIRECTION('',(0.,0.,1.));
#13664=DIRECTION('',(0.,1.,0.));
#13665=DIRECTION('',(1.,0.,0.));
#13666=DIRECTION('',(1.,0.,0.));
#13667=DIRECTION('',(0.,-1.,0.));
#13668=DIRECTION('',(0.706897702549805,0.,-0.707315798020805));
#13669=DIRECTION('',(-0.707315798020805,0.,-0.706897702549805));
#13670=DIRECTION('',(0.,1.,0.));
#13671=DIRECTION('',(1.,0.,0.));
#13672=DIRECTION('',(0.,0.,-1.));
#13673=DIRECTION('',(0.,1.,0.));
#13674=DIRECTION('',(0.,0.,1.));
#13675=DIRECTION('',(0.,-1.,0.));
#13676=DIRECTION('',(0.,1.,0.));
#13677=DIRECTION('',(1.,0.,0.));
#13678=DIRECTION('',(0.999999993615932,0.,0.000112996175624657));
#13679=DIRECTION('',(0.000112996175624657,0.,-0.999999993615932));
#13680=DIRECTION('',(-0.999999993615932,0.,-0.00011299617563159));
#13681=DIRECTION('',(-0.00011299617563159,0.,0.999999993615932));
#13682=DIRECTION('',(3.94744898232664E-6,0.,0.999999999992209));
#13683=DIRECTION('',(0.999999999992209,0.,-3.94744898232664E-6));
#13684=DIRECTION('',(-0.707174815003384,0.,0.707038740823252));
#13685=DIRECTION('',(-0.707038740823252,0.,-0.707174815003384));
#13686=DIRECTION('',(-0.999999980716388,0.,-0.000196385399048988));
#13687=DIRECTION('',(-0.000196385399048988,0.,0.999999980716388));
#13688=DIRECTION('',(0.,0.,1.));
#13689=DIRECTION('',(0.,-1.,0.));
#13690=DIRECTION('',(1.,0.,0.));
#13691=DIRECTION('',(0.,-1.,0.));
#13692=DIRECTION('',(0.707375222346928,0.,0.706838238078299));
#13693=DIRECTION('',(-0.706838238078299,0.,0.707375222346929));
#13694=DIRECTION('',(0.00075941038073322,0.,0.999999711647895));
#13695=DIRECTION('',(0.999999711647895,0.,-0.00075941038073322));
#13696=DIRECTION('',(-0.00075941038073234,0.,-0.999999711647895));
#13697=DIRECTION('',(-0.999999711647895,0.,0.00075941038073234));
#13698=DIRECTION('',(0.,1.,0.));
#13699=DIRECTION('',(1.,0.,0.));
#13700=DIRECTION('',(-0.999999995448817,0.,-9.54063214542165E-5));
#13701=DIRECTION('',(-9.54063214542165E-5,0.,0.999999995448817));
#13702=DIRECTION('',(0.999999995448817,0.,9.54063214579522E-5));
#13703=DIRECTION('',(9.54063214579522E-5,0.,-0.999999995448817));
#13704=DIRECTION('',(0.92316532767914,0.,0.384403144850645));
#13705=DIRECTION('',(-0.384403144850645,0.,0.92316532767914));
#13706=DIRECTION('',(1.,0.,0.));
#13707=DIRECTION('',(0.,-1.,0.));
#13708=DIRECTION('',(0.704536154486872,0.,0.709668096380872));
#13709=DIRECTION('',(0.709668096380872,0.,-0.704536154486872));
#13710=DIRECTION('',(0.,1.,0.));
#13711=DIRECTION('',(1.,0.,0.));
#13712=DIRECTION('',(0.,1.,0.));
#13713=DIRECTION('',(1.,0.,0.));
#13714=DIRECTION('',(0.,1.,0.));
#13715=DIRECTION('',(1.,0.,0.));
#13716=DIRECTION('',(0.,1.,0.));
#13717=DIRECTION('',(1.,0.,0.));
#13718=DIRECTION('',(0.,1.,0.));
#13719=DIRECTION('',(1.,0.,0.));
#13720=DIRECTION('',(0.,0.,1.));
#13721=DIRECTION('',(1.,0.,0.));
#13722=DIRECTION('',(1.,0.,0.));
#13723=DIRECTION('',(0.,-1.,0.));
#13724=DIRECTION('',(0.,0.,-1.));
#13725=DIRECTION('',(0.,1.,0.));
#13726=DIRECTION('',(0.,0.,-1.));
#13727=DIRECTION('',(0.,1.,0.));
#13728=DIRECTION('',(0.,1.,0.));
#13729=DIRECTION('',(1.,0.,0.));
#13730=DIRECTION('',(0.,-1.,0.));
#13731=DIRECTION('',(-1.,0.,0.));
#13732=DIRECTION('',(0.,1.,0.));
#13733=DIRECTION('',(0.,-1.,0.));
#13734=DIRECTION('',(-1.,0.,0.));
#13735=DIRECTION('',(-3.96366544426576E-5,0.,0.999999999214468));
#13736=DIRECTION('',(0.999999999214468,0.,3.96366544426576E-5));
#13737=DIRECTION('',(0.999999999214468,0.,3.96366544426576E-5));
#13738=DIRECTION('',(0.,1.,0.));
#13739=DIRECTION('',(0.999999999214468,0.,3.96366544426576E-5));
#13740=DIRECTION('',(0.707065216348996,0.,0.707148343580996));
#13741=DIRECTION('',(0.707148343580996,0.,-0.707065216348996));
#13742=DIRECTION('',(0.707148343580996,0.,-0.707065216348996));
#13743=DIRECTION('',(0.,1.,0.));
#13744=DIRECTION('',(0.707148343580996,0.,-0.707065216348996));
#13745=DIRECTION('',(0.,1.,0.));
#13746=DIRECTION('',(1.,0.,0.));
#13747=DIRECTION('',(0.,-1.,0.));
#13748=DIRECTION('',(-1.,0.,0.));
#13749=DIRECTION('',(0.,1.,0.));
#13750=DIRECTION('',(0.,-1.,0.));
#13751=DIRECTION('',(-1.,0.,0.));
#13752=DIRECTION('',(0.,0.,1.));
#13753=DIRECTION('',(0.,-1.,0.));
#13754=DIRECTION('',(1.,0.,0.));
#13755=DIRECTION('',(0.,1.,0.));
#13756=DIRECTION('',(1.,0.,0.));
#13757=DIRECTION('',(0.,1.,0.));
#13758=DIRECTION('',(1.,0.,0.));
#13759=DIRECTION('',(0.,-1.,0.));
#13760=DIRECTION('',(-1.,0.,0.));
#13761=DIRECTION('',(0.,1.,0.));
#13762=DIRECTION('',(0.,-1.,0.));
#13763=DIRECTION('',(-1.,0.,0.));
#13764=DIRECTION('',(-0.707292993200721,0.,0.706920520121721));
#13765=DIRECTION('',(0.706920520121721,0.,0.707292993200721));
#13766=DIRECTION('',(0.706920520121721,0.,0.707292993200721));
#13767=DIRECTION('',(0.,1.,0.));
#13768=DIRECTION('',(0.706920520121721,0.,0.707292993200721));
#13769=DIRECTION('',(0.,1.,0.));
#13770=DIRECTION('',(1.,0.,0.));
#13771=DIRECTION('',(0.,-1.,0.));
#13772=DIRECTION('',(-1.,0.,0.));
#13773=DIRECTION('',(0.,1.,0.));
#13774=DIRECTION('',(0.,-1.,0.));
#13775=DIRECTION('',(-1.,0.,0.));
#13776=DIRECTION('',(-1.,0.,0.));
#13777=DIRECTION('',(0.,1.,0.));
#13778=DIRECTION('',(0.,0.,1.));
#13779=DIRECTION('',(0.,1.,0.));
#13780=DIRECTION('',(0.,0.,1.));
#13781=DIRECTION('',(0.,1.,0.));
#13782=DIRECTION('',(1.,0.,0.));
#13783=DIRECTION('',(0.,-1.,0.));
#13784=DIRECTION('',(-1.,0.,0.));
#13785=DIRECTION('',(0.,1.,0.));
#13786=DIRECTION('',(0.,-1.,0.));
#13787=DIRECTION('',(-1.,0.,0.));
#13788=DIRECTION('',(0.,0.,-1.));
#13789=DIRECTION('',(0.,1.,0.));
#13790=DIRECTION('',(-1.,0.,0.));
#13791=DIRECTION('',(0.,1.,0.));
#13792=DIRECTION('',(-1.,0.,0.));
#13793=DIRECTION('',(0.,1.,0.));
#13794=DIRECTION('',(1.,0.,0.));
#13795=DIRECTION('',(0.,-1.,0.));
#13796=DIRECTION('',(-1.,0.,0.));
#13797=DIRECTION('',(0.,1.,0.));
#13798=DIRECTION('',(0.,-1.,0.));
#13799=DIRECTION('',(-1.,0.,0.));
#13800=DIRECTION('',(1.,0.,0.));
#13801=DIRECTION('',(0.,-1.,0.));
#13802=DIRECTION('',(0.,0.,-1.));
#13803=DIRECTION('',(0.,1.,0.));
#13804=DIRECTION('',(0.,0.,-1.));
#13805=DIRECTION('',(-0.00027940090006473,0.,-0.999999960967568));
#13806=DIRECTION('',(-0.999999960967568,0.,0.00027940090006473));
#13807=DIRECTION('',(-0.999999960967568,0.,0.00027940090006473));
#13808=DIRECTION('',(0.,1.,0.));
#13809=DIRECTION('',(-0.999999960967568,0.,0.00027940090006473));
#13810=DIRECTION('',(0.,1.,0.));
#13811=DIRECTION('',(1.,0.,0.));
#13812=DIRECTION('',(0.,-1.,0.));
#13813=DIRECTION('',(-1.,0.,0.));
#13814=DIRECTION('',(0.,1.,0.));
#13815=DIRECTION('',(0.,-1.,0.));
#13816=DIRECTION('',(-1.,0.,0.));
#13817=DIRECTION('',(1.,0.,0.));
#13818=DIRECTION('',(0.,-1.,0.));
#13819=DIRECTION('',(0.,0.,-1.));
#13820=DIRECTION('',(0.,1.,0.));
#13821=DIRECTION('',(0.,0.,-1.));
#13822=DIRECTION('',(0.,1.,0.));
#13823=DIRECTION('',(1.,0.,0.));
#13824=DIRECTION('',(0.,-1.,0.));
#13825=DIRECTION('',(-1.,0.,0.));
#13826=DIRECTION('',(0.,1.,0.));
#13827=DIRECTION('',(0.,-1.,0.));
#13828=DIRECTION('',(-1.,0.,0.));
#13829=DIRECTION('',(0.,0.,1.));
#13830=DIRECTION('',(0.,-1.,0.));
#13831=DIRECTION('',(1.,0.,0.));
#13832=DIRECTION('',(1.,0.,0.));
#13833=DIRECTION('',(0.,-1.,0.));
#13834=DIRECTION('',(1.,0.,0.));
#13835=DIRECTION('',(0.,-1.,0.));
#13836=DIRECTION('',(-1.,0.,0.));
#13837=DIRECTION('',(0.,-1.,0.));
#13838=DIRECTION('',(-1.,0.,0.));
#13839=DIRECTION('',(0.,-1.,0.));
#13840=DIRECTION('',(-1.,0.,0.));
#13841=DIRECTION('',(0.,-1.,0.));
#13842=DIRECTION('',(-1.,0.,0.));
#13843=DIRECTION('',(0.,-1.,0.));
#13844=DIRECTION('',(-1.,0.,0.));
#13845=DIRECTION('',(0.,-1.,0.));
#13846=DIRECTION('',(-1.,0.,0.));
#13847=DIRECTION('',(0.,-1.,0.));
#13848=DIRECTION('',(1.,0.,0.));
#13849=DIRECTION('',(0.,-1.,0.));
#13850=DIRECTION('',(-1.,0.,0.));
#13851=DIRECTION('',(0.,-1.,0.));
#13852=DIRECTION('',(-1.,0.,0.));
#13853=DIRECTION('',(0.,-1.,0.));
#13854=DIRECTION('',(-1.,0.,0.));
#13855=DIRECTION('',(0.,-1.,0.));
#13856=DIRECTION('',(-1.,0.,0.));
#13857=DIRECTION('',(0.,-1.,0.));
#13858=DIRECTION('',(-1.,0.,0.));
#13859=DIRECTION('',(0.,-1.,0.));
#13860=DIRECTION('',(-1.,0.,0.));
#13861=DIRECTION('',(0.,1.,0.));
#13862=DIRECTION('',(1.,0.,0.));
#13863=DIRECTION('',(0.,1.,0.));
#13864=DIRECTION('',(1.,0.,0.));
#13865=DIRECTION('',(0.,1.,0.));
#13866=DIRECTION('',(1.,0.,0.));
#13867=DIRECTION('',(0.,1.,0.));
#13868=DIRECTION('',(1.,0.,0.));
#13869=DIRECTION('',(0.,1.,0.));
#13870=DIRECTION('',(1.,0.,0.));
#13871=DIRECTION('',(0.,1.,0.));
#13872=DIRECTION('',(1.,0.,0.));
#13873=DIRECTION('',(0.,0.,1.));
#13874=DIRECTION('',(1.,0.,0.));
#13875=DIRECTION('',(-0.707292993200721,0.,0.706920520121721));
#13876=DIRECTION('',(0.706920520121721,0.,0.707292993200721));
#13877=DIRECTION('',(0.,1.,0.));
#13878=DIRECTION('',(0.706920520121721,0.,0.707292993200722));
#13879=DIRECTION('',(0.,1.,0.));
#13880=DIRECTION('',(0.706920520121721,0.,0.707292993200721));
#13881=DIRECTION('',(0.707065216348997,0.,0.707148343580996));
#13882=DIRECTION('',(0.707148343580996,0.,-0.707065216348997));
#13883=DIRECTION('',(0.,1.,0.));
#13884=DIRECTION('',(0.707148343580996,0.,-0.707065216348997));
#13885=DIRECTION('',(0.,1.,0.));
#13886=DIRECTION('',(0.707148343580996,0.,-0.707065216348997));
#13887=DIRECTION('',(0.,1.,0.));
#13888=DIRECTION('',(1.,0.,0.));
#13889=DIRECTION('',(0.,1.,0.));
#13890=DIRECTION('',(1.,0.,0.));
#13891=DIRECTION('',(0.,1.,0.));
#13892=DIRECTION('',(0.,1.,0.));
#13893=DIRECTION('',(-1.,0.,0.));
#13894=DIRECTION('',(-3.96366544422361E-5,0.,0.999999999214468));
#13895=DIRECTION('',(0.999999999214468,0.,3.96366544422361E-5));
#13896=DIRECTION('',(0.999999999214468,0.,3.96366544420054E-5));
#13897=DIRECTION('',(0.,1.,0.));
#13898=DIRECTION('',(0.999999999214468,0.,3.96366544422361E-5));
#13899=DIRECTION('',(1.,0.,0.));
#13900=DIRECTION('',(0.,-1.,0.));
#13901=DIRECTION('',(0.,1.,0.));
#13902=DIRECTION('',(0.,0.,-1.));
#13903=DIRECTION('',(0.,1.,0.));
#13904=DIRECTION('',(0.,0.,-1.));
#13905=DIRECTION('',(0.,1.,0.));
#13906=DIRECTION('',(1.,0.,0.));
#13907=DIRECTION('',(0.,1.,0.));
#13908=DIRECTION('',(1.,0.,0.));
#13909=DIRECTION('',(0.,1.,0.));
#13910=DIRECTION('',(0.,1.,0.));
#13911=DIRECTION('',(-1.,0.,0.));
#13912=DIRECTION('',(0.,0.,1.));
#13913=DIRECTION('',(0.,-1.,0.));
#13914=DIRECTION('',(1.,0.,0.));
#13915=DIRECTION('',(0.,1.,0.));
#13916=DIRECTION('',(1.,0.,0.));
#13917=DIRECTION('',(0.999999960967568,0.,-0.000279400900066427));
#13918=DIRECTION('',(-0.000279400900066427,0.,-0.999999960967568));
#13919=DIRECTION('',(0.00027940090011387,0.,0.999999960967568));
#13920=DIRECTION('',(0.,1.,0.));
#13921=DIRECTION('',(-0.000279400900066427,0.,-0.999999960967568));
#13922=DIRECTION('',(0.,1.,0.));
#13923=DIRECTION('',(0.00027940090006448,0.,0.999999960967568));
#13924=DIRECTION('',(0.999999960967568,0.,-0.00027940090006448));
#13925=DIRECTION('',(-0.999999960967568,0.,0.000279400900064352));
#13926=DIRECTION('',(0.,1.,0.));
#13927=DIRECTION('',(0.999999960967568,0.,-0.00027940090006448));
#13928=DIRECTION('',(0.,1.,0.));
#13929=DIRECTION('',(-0.999999960967568,0.,0.000279400900061728));
#13930=DIRECTION('',(0.000279400900061728,0.,0.999999960967568));
#13931=DIRECTION('',(-0.000279400900059989,0.,-0.999999960967568));
#13932=DIRECTION('',(0.,1.,0.));
#13933=DIRECTION('',(0.000279400900061728,0.,0.999999960967568));
#13934=DIRECTION('',(0.,1.,0.));
#13935=DIRECTION('',(0.,1.,0.));
#13936=DIRECTION('',(1.,0.,0.));
#13937=DIRECTION('',(0.,1.,0.));
#13938=DIRECTION('',(0.,1.,0.));
#13939=DIRECTION('',(1.,0.,0.));
#13940=DIRECTION('',(0.,1.,0.));
#13941=DIRECTION('',(0.,1.,0.));
#13942=DIRECTION('',(-1.,0.,0.));
#13943=DIRECTION('',(1.,0.,0.));
#13944=DIRECTION('',(0.,-1.,0.));
#13945=DIRECTION('',(0.,0.,-1.));
#13946=DIRECTION('',(0.,1.,0.));
#13947=DIRECTION('',(0.,0.,-1.));
#13948=DIRECTION('',(0.,1.,0.));
#13949=DIRECTION('',(1.,0.,0.));
#13950=DIRECTION('',(0.,1.,0.));
#13951=DIRECTION('',(1.,0.,0.));
#13952=DIRECTION('',(0.,-1.,0.));
#13953=DIRECTION('',(-1.,0.,0.));
#13954=DIRECTION('',(0.,1.,0.));
#13955=DIRECTION('',(1.,0.,0.));
#13956=DIRECTION('',(0.,1.,0.));
#13957=DIRECTION('',(1.,0.,0.));
#13958=DIRECTION('',(0.,-1.,0.));
#13959=DIRECTION('',(-1.,0.,0.));
#13960=DIRECTION('',(0.,-1.,0.));
#13961=DIRECTION('',(-1.,0.,0.));
#13962=DIRECTION('',(0.,1.,0.));
#13963=DIRECTION('',(1.,0.,0.));
#13964=DIRECTION('',(0.,-1.,0.));
#13965=DIRECTION('',(0.,-1.,0.));
#13966=DIRECTION('',(-1.,0.,0.));
#13967=DIRECTION('',(0.,0.,1.));
#13968=DIRECTION('',(0.,-1.,0.));
#13969=DIRECTION('',(1.,0.,0.));
#13970=DIRECTION('',(0.,1.,0.));
#13971=DIRECTION('',(1.,0.,0.));
#13972=DIRECTION('',(0.,1.,0.));
#13973=DIRECTION('',(0.,-1.,0.));
#13974=DIRECTION('',(1.,0.,0.));
#13975=DIRECTION('',(0.,-1.,0.));
#13976=DIRECTION('',(0.,0.,1.));
#13977=DIRECTION('',(0.,-1.,0.));
#13978=DIRECTION('',(0.,0.,1.));
#13979=DIRECTION('',(0.,-1.,0.));
#13980=DIRECTION('',(0.,0.,1.));
#13981=DIRECTION('',(0.,-1.,0.));
#13982=DIRECTION('',(0.,0.,1.));
#13983=DIRECTION('',(0.,-1.,0.));
#13984=DIRECTION('',(0.,0.,1.));
#13985=DIRECTION('',(0.,-1.,0.));
#13986=DIRECTION('',(0.,0.,1.));
#13987=DIRECTION('',(0.,0.,-1.));
#13988=DIRECTION('',(0.,-1.,0.));
#13989=DIRECTION('',(-1.,0.,0.));
#13990=DIRECTION('',(0.,1.,0.));
#13991=DIRECTION('',(1.,0.,0.));
#13992=DIRECTION('',(0.,-1.,0.));
#13993=DIRECTION('',(-1.,0.,0.));
#13994=DIRECTION('',(-0.999999960967568,0.,0.00027940090006473));
#13995=DIRECTION('',(0.,0.,-1.));
#13996=DIRECTION('',(0.,-1.,0.));
#13997=DIRECTION('',(-1.,0.,0.));
#13998=DIRECTION('',(0.,1.,0.));
#13999=DIRECTION('',(1.,0.,0.));
#14000=DIRECTION('',(0.,-1.,0.));
#14001=DIRECTION('',(-1.,0.,0.));
#14002=DIRECTION('',(-1.,0.,0.));
#14003=DIRECTION('',(0.,-1.,0.));
#14004=DIRECTION('',(-1.,0.,0.));
#14005=DIRECTION('',(0.,1.,0.));
#14006=DIRECTION('',(1.,0.,0.));
#14007=DIRECTION('',(0.,-1.,0.));
#14008=DIRECTION('',(-1.,0.,0.));
#14009=DIRECTION('',(0.,0.,1.));
#14010=DIRECTION('',(0.,-1.,0.));
#14011=DIRECTION('',(-1.,0.,0.));
#14012=DIRECTION('',(0.,1.,0.));
#14013=DIRECTION('',(1.,0.,0.));
#14014=DIRECTION('',(0.706920520121721,0.,0.707292993200721));
#14015=DIRECTION('',(0.,-1.,0.));
#14016=DIRECTION('',(-1.,0.,0.));
#14017=DIRECTION('',(1.,0.,0.));
#14018=DIRECTION('',(0.,0.,-1.));
#14019=DIRECTION('',(1.,0.,0.));
#14020=DIRECTION('',(0.,0.,-1.));
#14021=DIRECTION('',(1.,0.,0.));
#14022=DIRECTION('',(0.,1.,0.));
#14023=DIRECTION('',(1.,0.,0.));
#14024=DIRECTION('',(0.,-1.,0.));
#14025=DIRECTION('',(-1.,0.,0.));
#14026=DIRECTION('',(0.707148343580997,0.,-0.707065216348996));
#14027=DIRECTION('',(0.999999999214468,0.,3.96366544426576E-5));
#14028=DIRECTION('',(0.,-1.,0.));
#14029=DIRECTION('',(-1.,0.,0.));
#14030=DIRECTION('',(0.,0.,-1.));
#14031=DIRECTION('',(1.,0.,0.));
#14032=DIRECTION('',(0.,-1.,0.));
#14033=DIRECTION('',(-1.,0.,0.));
#14034=DIRECTION('',(0.,1.,0.));
#14035=DIRECTION('',(1.,0.,0.));
#14036=DIRECTION('',(0.,-1.,0.));
#14037=DIRECTION('',(-1.,0.,0.));
#14038=DIRECTION('',(0.,1.,0.));
#14039=DIRECTION('',(1.,0.,0.));
#14040=DIRECTION('',(1.,0.,0.));
#14041=DIRECTION('',(0.,1.,0.));
#14042=DIRECTION('',(1.,0.,0.));
#14043=DIRECTION('',(0.,0.,1.));
#14044=DIRECTION('',(0.,1.,0.));
#14045=DIRECTION('',(1.,0.,0.));
#14046=DIRECTION('',(1.,0.,0.));
#14047=DIRECTION('',(0.,1.,0.));
#14048=DIRECTION('',(1.,0.,0.));
#14049=DIRECTION('',(0.,0.,1.));
#14050=DIRECTION('',(0.,1.,0.));
#14051=DIRECTION('',(1.,0.,0.));
#14052=DIRECTION('',(1.,0.,0.));
#14053=DIRECTION('',(0.,1.,0.));
#14054=DIRECTION('',(1.,0.,0.));
#14055=DIRECTION('',(0.,0.,1.));
#14056=DIRECTION('',(0.,1.,0.));
#14057=DIRECTION('',(1.,0.,0.));
#14058=DIRECTION('',(1.,0.,0.));
#14059=DIRECTION('',(0.,1.,0.));
#14060=DIRECTION('',(1.,0.,0.));
#14061=DIRECTION('',(0.,0.,1.));
#14062=DIRECTION('',(0.,1.,0.));
#14063=DIRECTION('',(1.,0.,0.));
#14064=DIRECTION('',(1.,0.,0.));
#14065=DIRECTION('',(0.,1.,0.));
#14066=DIRECTION('',(1.,0.,0.));
#14067=DIRECTION('',(0.,0.,1.));
#14068=DIRECTION('',(0.,1.,0.));
#14069=DIRECTION('',(1.,0.,0.));
#14070=DIRECTION('',(1.,0.,0.));
#14071=DIRECTION('',(0.,1.,0.));
#14072=DIRECTION('',(1.,0.,0.));
#14073=DIRECTION('',(0.,0.,1.));
#14074=DIRECTION('',(0.,1.,0.));
#14075=DIRECTION('',(1.,0.,0.));
#14076=DIRECTION('',(1.,0.,0.));
#14077=DIRECTION('',(0.,1.,0.));
#14078=DIRECTION('',(1.,0.,0.));
#14079=DIRECTION('',(0.,0.,1.));
#14080=DIRECTION('',(0.,1.,0.));
#14081=DIRECTION('',(1.,0.,0.));
#14082=DIRECTION('',(1.,0.,0.));
#14083=DIRECTION('',(0.,1.,0.));
#14084=DIRECTION('',(1.,0.,0.));
#14085=DIRECTION('',(0.,0.,1.));
#14086=DIRECTION('',(0.,1.,0.));
#14087=DIRECTION('',(1.,0.,0.));
#14088=DIRECTION('',(1.,0.,0.));
#14089=DIRECTION('',(0.,1.,0.));
#14090=DIRECTION('',(1.,0.,0.));
#14091=DIRECTION('',(0.,0.,1.));
#14092=DIRECTION('',(0.,1.,0.));
#14093=DIRECTION('',(1.,0.,0.));
#14094=DIRECTION('',(1.,0.,0.));
#14095=DIRECTION('',(0.,1.,0.));
#14096=DIRECTION('',(1.,0.,0.));
#14097=DIRECTION('',(0.,0.,1.));
#14098=DIRECTION('',(0.,1.,0.));
#14099=DIRECTION('',(1.,0.,0.));
#14100=DIRECTION('',(1.,0.,0.));
#14101=DIRECTION('',(0.,1.,0.));
#14102=DIRECTION('',(1.,0.,0.));
#14103=DIRECTION('',(0.,0.,1.));
#14104=DIRECTION('',(0.,1.,0.));
#14105=DIRECTION('',(1.,0.,0.));
#14106=DIRECTION('',(1.,0.,0.));
#14107=DIRECTION('',(0.,1.,0.));
#14108=DIRECTION('',(1.,0.,0.));
#14109=DIRECTION('',(0.,0.,1.));
#14110=DIRECTION('',(0.,1.,0.));
#14111=DIRECTION('',(1.,0.,0.));
#14112=DIRECTION('',(1.,0.,0.));
#14113=DIRECTION('',(0.,1.,0.));
#14114=DIRECTION('',(1.,0.,0.));
#14115=DIRECTION('',(0.,0.,1.));
#14116=DIRECTION('',(0.,1.,0.));
#14117=DIRECTION('',(1.,0.,0.));
#14118=DIRECTION('',(1.,0.,0.));
#14119=DIRECTION('',(0.,1.,0.));
#14120=DIRECTION('',(1.,0.,0.));
#14121=DIRECTION('',(0.,0.,1.));
#14122=DIRECTION('',(0.,1.,0.));
#14123=DIRECTION('',(1.,0.,0.));
#14124=DIRECTION('',(1.,0.,0.));
#14125=DIRECTION('',(0.,1.,0.));
#14126=DIRECTION('',(1.,0.,0.));
#14127=DIRECTION('',(0.,0.,1.));
#14128=DIRECTION('',(0.,1.,0.));
#14129=DIRECTION('',(1.,0.,0.));
#14130=DIRECTION('',(1.,0.,0.));
#14131=DIRECTION('',(0.,1.,0.));
#14132=DIRECTION('',(1.,0.,0.));
#14133=DIRECTION('',(0.,0.,1.));
#14134=DIRECTION('',(0.,1.,0.));
#14135=DIRECTION('',(1.,0.,0.));
#14136=DIRECTION('',(1.,0.,0.));
#14137=DIRECTION('',(0.,1.,0.));
#14138=DIRECTION('',(1.,0.,0.));
#14139=DIRECTION('',(0.,0.,1.));
#14140=DIRECTION('',(0.,1.,0.));
#14141=DIRECTION('',(1.,0.,0.));
#14142=DIRECTION('',(1.,0.,0.));
#14143=DIRECTION('',(0.,1.,0.));
#14144=DIRECTION('',(1.,0.,0.));
#14145=DIRECTION('',(0.,0.,1.));
#14146=DIRECTION('',(0.,1.,0.));
#14147=DIRECTION('',(1.,0.,0.));
#14148=DIRECTION('',(1.,0.,0.));
#14149=DIRECTION('',(0.,1.,0.));
#14150=DIRECTION('',(1.,0.,0.));
#14151=DIRECTION('',(0.,0.,1.));
#14152=DIRECTION('',(0.,1.,0.));
#14153=DIRECTION('',(1.,0.,0.));
#14154=DIRECTION('',(1.,0.,0.));
#14155=DIRECTION('',(0.,1.,0.));
#14156=DIRECTION('',(1.,0.,0.));
#14157=DIRECTION('',(0.,0.,1.));
#14158=DIRECTION('',(0.,1.,0.));
#14159=DIRECTION('',(1.,0.,0.));
#14160=DIRECTION('',(1.,0.,0.));
#14161=DIRECTION('',(0.,1.,0.));
#14162=DIRECTION('',(1.,0.,0.));
#14163=DIRECTION('',(0.,0.,1.));
#14164=DIRECTION('',(0.,1.,0.));
#14165=DIRECTION('',(1.,0.,0.));
#14166=DIRECTION('',(1.,0.,0.));
#14167=DIRECTION('',(0.,1.,0.));
#14168=DIRECTION('',(1.,0.,0.));
#14169=DIRECTION('',(0.,0.,1.));
#14170=DIRECTION('',(0.,1.,0.));
#14171=DIRECTION('',(1.,0.,0.));
#14172=DIRECTION('',(1.,0.,0.));
#14173=DIRECTION('',(0.,1.,0.));
#14174=DIRECTION('',(1.,0.,0.));
#14175=DIRECTION('',(0.,0.,1.));
#14176=DIRECTION('',(0.,1.,0.));
#14177=DIRECTION('',(1.,0.,0.));
#14178=DIRECTION('',(1.,0.,0.));
#14179=DIRECTION('',(0.,1.,0.));
#14180=DIRECTION('',(1.,0.,0.));
#14181=DIRECTION('',(0.,0.,1.));
#14182=DIRECTION('',(0.,1.,0.));
#14183=DIRECTION('',(1.,0.,0.));
#14184=DIRECTION('',(1.,0.,0.));
#14185=DIRECTION('',(0.,1.,0.));
#14186=DIRECTION('',(1.,0.,0.));
#14187=DIRECTION('',(0.,0.,1.));
#14188=DIRECTION('',(0.,1.,0.));
#14189=DIRECTION('',(1.,0.,0.));
#14190=DIRECTION('',(1.,0.,0.));
#14191=DIRECTION('',(0.,1.,0.));
#14192=DIRECTION('',(1.,0.,0.));
#14193=DIRECTION('',(0.,0.,1.));
#14194=DIRECTION('',(0.,1.,0.));
#14195=DIRECTION('',(1.,0.,0.));
#14196=DIRECTION('',(1.,0.,0.));
#14197=DIRECTION('',(0.,1.,0.));
#14198=DIRECTION('',(1.,0.,0.));
#14199=DIRECTION('',(0.,0.,1.));
#14200=DIRECTION('',(0.,1.,0.));
#14201=DIRECTION('',(1.,0.,0.));
#14202=DIRECTION('',(1.,0.,0.));
#14203=DIRECTION('',(0.,1.,0.));
#14204=DIRECTION('',(1.,0.,0.));
#14205=DIRECTION('',(0.,0.,1.));
#14206=DIRECTION('',(0.,1.,0.));
#14207=DIRECTION('',(1.,0.,0.));
#14208=DIRECTION('',(0.999999247821105,0.,0.00122652241115455));
#14209=DIRECTION('',(0.,1.,0.));
#14210=DIRECTION('',(1.,0.,0.));
#14211=DIRECTION('',(0.,0.,1.));
#14212=DIRECTION('',(0.,1.,0.));
#14213=DIRECTION('',(1.,0.,0.));
#14214=DIRECTION('',(1.,0.,0.));
#14215=DIRECTION('',(0.,1.,0.));
#14216=DIRECTION('',(1.,0.,0.));
#14217=DIRECTION('',(0.,0.,1.));
#14218=DIRECTION('',(0.,1.,0.));
#14219=DIRECTION('',(1.,0.,0.));
#14220=DIRECTION('',(1.,0.,0.));
#14221=DIRECTION('',(0.,1.,0.));
#14222=DIRECTION('',(1.,0.,0.));
#14223=DIRECTION('',(0.,0.,1.));
#14224=DIRECTION('',(0.,1.,0.));
#14225=DIRECTION('',(1.,0.,0.));
#14226=DIRECTION('',(1.,0.,0.));
#14227=DIRECTION('',(0.,1.,0.));
#14228=DIRECTION('',(1.,0.,0.));
#14229=DIRECTION('',(0.,0.,1.));
#14230=DIRECTION('',(0.,0.,1.));
#14231=DIRECTION('',(1.,0.,0.));
#14232=DIRECTION('',(0.,0.,1.));
#14233=DIRECTION('',(1.,0.,0.));
#14234=DIRECTION('',(0.,0.,-1.));
#14235=DIRECTION('',(0.,1.,0.));
#14236=DIRECTION('',(0.,1.,0.));
#14237=DIRECTION('',(1.,0.,0.));
#14238=DIRECTION('',(0.,-1.,0.));
#14239=DIRECTION('',(1.,0.,0.));
#14240=DIRECTION('',(0.,0.,-1.));
#14241=DIRECTION('',(0.,1.,0.));
#14242=DIRECTION('',(0.,-1.,0.));
#14243=DIRECTION('',(1.,0.,0.));
#14244=DIRECTION('',(0.,1.,0.));
#14245=DIRECTION('',(1.,0.,0.));
#14246=DIRECTION('',(-1.,0.,0.));
#14247=DIRECTION('',(0.,1.,0.));
#14248=DIRECTION('',(0.,0.,1.));
#14249=DIRECTION('',(0.,1.,0.));
#14250=DIRECTION('',(0.,0.,1.));
#14251=DIRECTION('',(0.,1.,0.));
#14252=DIRECTION('',(0.,0.,1.));
#14253=DIRECTION('',(0.,-1.,0.));
#14254=DIRECTION('',(1.,0.,0.));
#14255=DIRECTION('',(0.,1.,0.));
#14256=DIRECTION('',(1.,0.,0.));
#14257=DIRECTION('',(0.,1.,0.));
#14258=DIRECTION('',(1.,0.,0.));
#14259=DIRECTION('',(0.,-1.,0.));
#14260=DIRECTION('',(0.,0.,-1.));
#14261=DIRECTION('',(0.,1.,0.));
#14262=DIRECTION('',(0.,0.,-1.));
#14263=DIRECTION('',(0.,1.,0.));
#14264=DIRECTION('',(-0.00027940090006412,0.,-0.999999960967568));
#14265=DIRECTION('',(-0.999999960967568,0.,0.00027940090006412));
#14266=DIRECTION('',(-0.999999960967568,0.,0.000279400900064399));
#14267=DIRECTION('',(0.,1.,0.));
#14268=DIRECTION('',(-0.999999960967568,0.,0.00027940090006412));
#14269=DIRECTION('',(0.,0.,-1.));
#14270=DIRECTION('',(0.,1.,0.));
#14271=DIRECTION('',(-1.,0.,0.));
#14272=DIRECTION('',(0.,1.,0.));
#14273=DIRECTION('',(-1.,0.,0.));
#14274=DIRECTION('',(0.,1.,0.));
#14275=DIRECTION('',(0.,1.,0.));
#14276=DIRECTION('',(1.,0.,0.));
#14277=DIRECTION('',(0.,-1.,0.));
#14278=DIRECTION('',(0.,0.,1.));
#14279=DIRECTION('',(0.,1.,0.));
#14280=DIRECTION('',(1.,0.,0.));
#14281=DIRECTION('',(0.,-1.,0.));
#14282=DIRECTION('',(0.,0.,1.));
#14283=DIRECTION('',(0.,1.,0.));
#14284=DIRECTION('',(1.,0.,0.));
#14285=DIRECTION('',(0.,-1.,0.));
#14286=DIRECTION('',(0.,0.,1.));
#14287=DIRECTION('',(0.,1.,0.));
#14288=DIRECTION('',(1.,0.,0.));
#14289=DIRECTION('',(0.,-1.,0.));
#14290=DIRECTION('',(0.,0.,1.));
#14291=DIRECTION('',(0.,1.,0.));
#14292=DIRECTION('',(1.,0.,0.));
#14293=DIRECTION('',(0.,-1.,0.));
#14294=DIRECTION('',(0.,0.,1.));
#14295=DIRECTION('',(0.,1.,0.));
#14296=DIRECTION('',(1.,0.,0.));
#14297=DIRECTION('',(0.,-1.,0.));
#14298=DIRECTION('',(0.,0.,1.));
#14299=DIRECTION('',(0.,-1.,0.));
#14300=DIRECTION('',(1.,0.,0.));
#14301=DIRECTION('',(0.,0.,1.));
#14302=DIRECTION('',(1.,0.,0.));
#14303=DIRECTION('',(0.,-1.,0.));
#14304=DIRECTION('',(0.0431399658871518,0.,-0.999069038326809));
#14305=DIRECTION('',(0.706920520121721,0.,0.707292993200721));
#14306=DIRECTION('',(0.,-1.,0.));
#14307=DIRECTION('',(-1.,0.,0.));
#14308=DIRECTION('',(0.,1.,0.));
#14309=DIRECTION('',(1.,0.,0.));
#14310=DIRECTION('',(6.96133253188997E-23,0.,1.));
#14311=DIRECTION('',(0.,-1.,0.));
#14312=DIRECTION('',(0.999996024381661,0.,-0.00281979092708305));
#14313=DIRECTION('',(-1.,0.,0.));
#14314=DIRECTION('',(0.,-1.,0.));
#14315=DIRECTION('',(7.47075763375392E-7,0.,0.999999999999721));
#14316=DIRECTION('',(0.,0.,-1.));
#14317=DIRECTION('',(0.,1.,0.));
#14318=DIRECTION('',(0.999999999999721,0.,7.47075727848292E-7));
#14319=DIRECTION('',(-0.999999960967568,0.,0.00027940090006478));
#14320=DIRECTION('',(0.,-1.,0.));
#14321=DIRECTION('',(7.47075742059092E-7,0.,0.999999999999721));
#14322=DIRECTION('',(0.,0.,-1.));
#14323=DIRECTION('',(0.,-1.,0.));
#14324=DIRECTION('',(-0.999999947120777,0.,0.000325205231752628));
#14325=DIRECTION('',(1.,0.,0.));
#14326=DIRECTION('',(0.,1.,0.));
#14327=DIRECTION('',(-7.47075749164592E-7,0.,0.999999999999721));
#14328=DIRECTION('',(0.,0.,-1.));
#14329=DIRECTION('',(0.,1.,0.));
#14330=DIRECTION('',(1.,0.,0.));
#14331=DIRECTION('',(0.999999999214468,0.,3.96366544425685E-5));
#14332=DIRECTION('',(0.,1.,0.));
#14333=DIRECTION('',(1.,0.,0.));
#14334=DIRECTION('',(0.707148343580996,0.,-0.707065216348996));
#14335=DIRECTION('',(0.,-1.,0.));
#14336=DIRECTION('',(-0.780515041402364,0.,-0.625137001100292));
#14337=DIRECTION('',(0.,-1.,0.));
#14338=DIRECTION('',(-1.,0.,0.));
#14339=DIRECTION('',(0.,0.,1.));
#14340=DIRECTION('',(0.,-1.,0.));
#14341=DIRECTION('',(-1.,0.,0.));
#14342=DIRECTION('',(0.,-1.,0.));
#14343=DIRECTION('',(-1.,0.,0.));
#14344=DIRECTION('',(0.,-1.,0.));
#14345=DIRECTION('',(-1.,0.,0.));
#14346=DIRECTION('',(0.,-1.,0.));
#14347=DIRECTION('',(-1.,0.,0.));
#14348=DIRECTION('',(0.,-1.,0.));
#14349=DIRECTION('',(-1.,0.,0.));
#14350=DIRECTION('',(0.,-1.,0.));
#14351=DIRECTION('',(-1.,0.,0.));
#14352=DIRECTION('',(0.,-1.,0.));
#14353=DIRECTION('',(-1.,0.,0.));
#14354=DIRECTION('',(0.,-1.,0.));
#14355=DIRECTION('',(-1.,0.,0.));
#14356=DIRECTION('',(0.,-1.,0.));
#14357=DIRECTION('',(-1.,0.,0.));
#14358=DIRECTION('',(0.,-1.,0.));
#14359=DIRECTION('',(-1.,0.,0.));
#14360=DIRECTION('',(0.,-1.,0.));
#14361=DIRECTION('',(-1.,0.,0.));
#14362=DIRECTION('',(0.,-1.,0.));
#14363=DIRECTION('',(-1.,0.,0.));
#14364=DIRECTION('',(0.,-1.,0.));
#14365=DIRECTION('',(-1.,0.,0.));
#14366=DIRECTION('',(-1.,0.,0.));
#14367=DIRECTION('',(0.,1.,0.));
#14368=DIRECTION('',(0.,-1.,0.));
#14369=DIRECTION('',(0.,0.,-1.));
#14370=DIRECTION('',(0.,-1.,0.));
#14371=DIRECTION('',(0.,0.,-1.));
#14372=DIRECTION('',(0.,-1.,0.));
#14373=DIRECTION('',(-1.,0.,0.));
#14374=DIRECTION('',(0.,-1.,0.));
#14375=DIRECTION('',(-1.,0.,0.));
#14376=DIRECTION('',(0.,-1.,0.));
#14377=DIRECTION('',(0.,-1.,0.));
#14378=DIRECTION('',(-1.,0.,0.));
#14379=DIRECTION('',(3.96366544426576E-5,0.,-0.999999999214468));
#14380=DIRECTION('',(-0.999999999214468,0.,-3.96366544426576E-5));
#14381=DIRECTION('',(0.999999999214468,0.,3.96366544426576E-5));
#14382=DIRECTION('',(0.,-1.,0.));
#14383=DIRECTION('',(0.999999999214468,0.,3.96366544426576E-5));
#14384=DIRECTION('',(-0.707065216348996,0.,-0.707148343580997));
#14385=DIRECTION('',(-0.707148343580997,0.,0.707065216348996));
#14386=DIRECTION('',(0.707148343580997,0.,-0.707065216348996));
#14387=DIRECTION('',(0.,-1.,0.));
#14388=DIRECTION('',(0.707148343580996,0.,-0.707065216348996));
#14389=DIRECTION('',(0.,-1.,0.));
#14390=DIRECTION('',(-1.,0.,0.));
#14391=DIRECTION('',(0.,-1.,0.));
#14392=DIRECTION('',(-1.,0.,0.));
#14393=DIRECTION('',(0.,-1.,0.));
#14394=DIRECTION('',(0.,-1.,0.));
#14395=DIRECTION('',(-1.,0.,0.));
#14396=DIRECTION('',(0.,0.,-1.));
#14397=DIRECTION('',(0.,1.,0.));
#14398=DIRECTION('',(1.,0.,0.));
#14399=DIRECTION('',(0.,1.,0.));
#14400=DIRECTION('',(1.,0.,0.));
#14401=DIRECTION('',(0.,-1.,0.));
#14402=DIRECTION('',(-1.,0.,0.));
#14403=DIRECTION('',(0.,-1.,0.));
#14404=DIRECTION('',(-1.,0.,0.));
#14405=DIRECTION('',(0.,-1.,0.));
#14406=DIRECTION('',(0.,-1.,0.));
#14407=DIRECTION('',(-1.,0.,0.));
#14408=DIRECTION('',(0.707292993200721,0.,-0.706920520121721));
#14409=DIRECTION('',(-0.706920520121721,0.,-0.707292993200721));
#14410=DIRECTION('',(0.706920520121721,0.,0.707292993200721));
#14411=DIRECTION('',(0.,-1.,0.));
#14412=DIRECTION('',(0.706920520121721,0.,0.707292993200721));
#14413=DIRECTION('',(0.,-1.,0.));
#14414=DIRECTION('',(-1.,0.,0.));
#14415=DIRECTION('',(0.,-1.,0.));
#14416=DIRECTION('',(-1.,0.,0.));
#14417=DIRECTION('',(0.,-1.,0.));
#14418=DIRECTION('',(0.,-1.,0.));
#14419=DIRECTION('',(-1.,0.,0.));
#14420=DIRECTION('',(1.,0.,0.));
#14421=DIRECTION('',(0.,-1.,0.));
#14422=DIRECTION('',(0.,0.,1.));
#14423=DIRECTION('',(0.,-1.,0.));
#14424=DIRECTION('',(0.,0.,1.));
#14425=DIRECTION('',(0.,-1.,0.));
#14426=DIRECTION('',(-1.,0.,0.));
#14427=DIRECTION('',(0.,-1.,0.));
#14428=DIRECTION('',(-1.,0.,0.));
#14429=DIRECTION('',(0.,-1.,0.));
#14430=DIRECTION('',(0.,-1.,0.));
#14431=DIRECTION('',(-1.,0.,0.));
#14432=DIRECTION('',(0.,0.,1.));
#14433=DIRECTION('',(0.,-1.,0.));
#14434=DIRECTION('',(-1.,0.,0.));
#14435=DIRECTION('',(0.,-1.,0.));
#14436=DIRECTION('',(-1.,0.,0.));
#14437=DIRECTION('',(0.,-1.,0.));
#14438=DIRECTION('',(-1.,0.,0.));
#14439=DIRECTION('',(0.,-1.,0.));
#14440=DIRECTION('',(-1.,0.,0.));
#14441=DIRECTION('',(0.,-1.,0.));
#14442=DIRECTION('',(0.,-1.,0.));
#14443=DIRECTION('',(-1.,0.,0.));
#14444=DIRECTION('',(-1.,0.,0.));
#14445=DIRECTION('',(0.,1.,0.));
#14446=DIRECTION('',(0.,0.,-1.));
#14447=DIRECTION('',(0.,-1.,0.));
#14448=DIRECTION('',(0.,0.,-1.));
#14449=DIRECTION('',(0.00027940090006473,0.,0.999999960967568));
#14450=DIRECTION('',(0.999999960967568,0.,-0.00027940090006473));
#14451=DIRECTION('',(-0.999999960967568,0.,0.00027940090006473));
#14452=DIRECTION('',(0.,-1.,0.));
#14453=DIRECTION('',(-0.999999960967568,0.,0.00027940090006473));
#14454=DIRECTION('',(0.,-1.,0.));
#14455=DIRECTION('',(-1.,0.,0.));
#14456=DIRECTION('',(0.,-1.,0.));
#14457=DIRECTION('',(-1.,0.,0.));
#14458=DIRECTION('',(0.,-1.,0.));
#14459=DIRECTION('',(0.,-1.,0.));
#14460=DIRECTION('',(-1.,0.,0.));
#14461=DIRECTION('',(-1.,0.,0.));
#14462=DIRECTION('',(0.,1.,0.));
#14463=DIRECTION('',(0.,0.,-1.));
#14464=DIRECTION('',(0.,-1.,0.));
#14465=DIRECTION('',(0.,0.,-1.));
#14466=DIRECTION('',(0.,-1.,0.));
#14467=DIRECTION('',(-1.,0.,0.));
#14468=DIRECTION('',(0.,-1.,0.));
#14469=DIRECTION('',(-1.,0.,0.));
#14470=DIRECTION('',(0.,-1.,0.));
#14471=DIRECTION('',(0.,-1.,0.));
#14472=DIRECTION('',(-1.,0.,0.));
#14473=DIRECTION('',(-1.,0.,0.));
#14474=DIRECTION('',(0.,1.,0.));
#14475=DIRECTION('',(0.,-1.,0.));
#14476=DIRECTION('',(0.,0.,-1.));
#14477=DIRECTION('',(0.,-1.,0.));
#14478=DIRECTION('',(0.,-1.,0.));
#14479=DIRECTION('',(-1.,0.,0.));
#14480=DIRECTION('',(0.,-1.,0.));
#14481=DIRECTION('',(0.,1.,0.));
#14482=DIRECTION('',(-7.47075749164592E-7,0.,0.999999999999721));
#14483=DIRECTION('',(0.,0.,-1.));
#14484=DIRECTION('',(0.,1.,0.));
#14485=DIRECTION('',(0.,-1.,0.));
#14486=DIRECTION('',(1.,0.,0.));
#14487=DIRECTION('',(0.,-1.,0.));
#14488=DIRECTION('',(-1.,0.,0.));
#14489=DIRECTION('',(0.,-1.,0.));
#14490=DIRECTION('',(0.,-1.,0.));
#14491=DIRECTION('',(-0.999999947120777,0.,0.000325205231752628));
#14492=DIRECTION('',(-1.,0.,0.));
#14493=DIRECTION('',(0.,1.,0.));
#14494=DIRECTION('',(0.,-1.,0.));
#14495=DIRECTION('',(0.,0.,-1.));
#14496=DIRECTION('',(0.,-1.,0.));
#14497=DIRECTION('',(-1.,0.,0.));
#14498=DIRECTION('',(0.,-1.,0.));
#14499=DIRECTION('',(0.,-1.,0.));
#14500=DIRECTION('',(7.47075742059092E-7,0.,0.999999999999721));
#14501=DIRECTION('',(0.00027940090006478,0.,0.999999960967568));
#14502=DIRECTION('',(0.999999960967568,0.,-0.00027940090006478));
#14503=DIRECTION('',(0.,-1.,0.));
#14504=DIRECTION('',(-0.999999960967568,0.,0.00027940090006478));
#14505=DIRECTION('',(0.,-1.,0.));
#14506=DIRECTION('',(-1.,0.,0.));
#14507=DIRECTION('',(0.,-1.,0.));
#14508=DIRECTION('',(0.,1.,0.));
#14509=DIRECTION('',(0.999999999999721,0.,7.47075727848292E-7));
#14510=DIRECTION('',(-1.,0.,0.));
#14511=DIRECTION('',(0.,1.,0.));
#14512=DIRECTION('',(0.,-1.,0.));
#14513=DIRECTION('',(0.,0.,-1.));
#14514=DIRECTION('',(0.,-1.,0.));
#14515=DIRECTION('',(-1.,0.,0.));
#14516=DIRECTION('',(0.,-1.,0.));
#14517=DIRECTION('',(0.,-1.,0.));
#14518=DIRECTION('',(7.47075763375392E-7,0.,0.999999999999721));
#14519=DIRECTION('',(0.,0.,1.));
#14520=DIRECTION('',(0.,-1.,0.));
#14521=DIRECTION('',(0.,-1.,0.));
#14522=DIRECTION('',(-1.,0.,0.));
#14523=DIRECTION('',(0.,-1.,0.));
#14524=DIRECTION('',(-1.,0.,0.));
#14525=DIRECTION('',(0.,-1.,0.));
#14526=DIRECTION('',(0.,-1.,0.));
#14527=DIRECTION('',(0.999996024381661,0.,-0.00281979092708305));
#14528=DIRECTION('',(1.,0.,-6.96133253188997E-23));
#14529=DIRECTION('',(-6.96133253188997E-23,0.,-1.));
#14530=DIRECTION('',(0.,-1.,0.));
#14531=DIRECTION('',(6.96133253188997E-23,0.,1.));
#14532=DIRECTION('',(0.,-1.,0.));
#14533=DIRECTION('',(-1.,0.,0.));
#14534=DIRECTION('',(0.,1.,0.));
#14535=DIRECTION('',(0.,1.,0.));
#14536=DIRECTION('',(1.,0.,0.));
#14537=DIRECTION('',(0.707292993200721,0.,-0.706920520121721));
#14538=DIRECTION('',(-0.706920520121721,0.,-0.707292993200721));
#14539=DIRECTION('',(0.706920520121721,0.,0.707292993200721));
#14540=DIRECTION('',(0.,1.,0.));
#14541=DIRECTION('',(0.,-1.,0.));
#14542=DIRECTION('',(0.,-1.,0.));
#14543=DIRECTION('',(-1.,0.,0.));
#14544=DIRECTION('',(0.,-1.,0.));
#14545=DIRECTION('',(0.,-1.,0.));
#14546=DIRECTION('',(0.0431399658871518,0.,-0.999069038326809));
#14547=DIRECTION('',(0.,0.,-1.));
#14548=DIRECTION('',(0.,1.,0.));
#14549=DIRECTION('',(0.,-1.,0.));
#14550=DIRECTION('',(1.,0.,0.));
#14551=DIRECTION('',(0.,-1.,0.));
#14552=DIRECTION('',(-1.,0.,0.));
#14553=DIRECTION('',(0.,-1.,0.));
#14554=DIRECTION('',(-0.780515041402364,0.,-0.625137001100292));
#14555=DIRECTION('',(0.,1.,0.));
#14556=DIRECTION('',(0.,-1.,0.));
#14557=DIRECTION('',(-0.707065216348996,0.,-0.707148343580996));
#14558=DIRECTION('',(-0.707148343580996,0.,0.707065216348997));
#14559=DIRECTION('',(0.,-1.,0.));
#14560=DIRECTION('',(0.707148343580996,0.,-0.707065216348996));
#14561=DIRECTION('',(0.,-1.,0.));
#14562=DIRECTION('',(-1.,0.,0.));
#14563=DIRECTION('',(0.,-1.,0.));
#14564=DIRECTION('',(0.,1.,0.));
#14565=DIRECTION('',(1.,0.,0.));
#14566=DIRECTION('',(3.96366544425685E-5,0.,-0.999999999214468));
#14567=DIRECTION('',(-0.999999999214468,0.,-3.96366544425685E-5));
#14568=DIRECTION('',(0.,-1.,0.));
#14569=DIRECTION('',(0.999999999214468,0.,3.96366544425685E-5));
#14570=DIRECTION('',(0.,-1.,0.));
#14571=DIRECTION('',(-1.,0.,0.));
#14572=DIRECTION('',(0.,1.,0.));
#14573=DIRECTION('',(1.,0.,0.));
#14574=DIRECTION('',(0.,0.,-1.));
#14575=DIRECTION('',(0.,1.,0.));
#14576=DIRECTION('',(1.,0.,0.));
#14577=DIRECTION('',(1.,0.,0.));
#14578=DIRECTION('',(0.,-1.,0.));
#14579=DIRECTION('',(1.,0.,0.));
#14580=DIRECTION('',(0.,0.,1.));
#14581=DIRECTION('',(0.,0.,1.));
#14582=DIRECTION('',(0.,-1.,0.));
#14583=DIRECTION('',(-1.,0.,0.));
#14584=DIRECTION('',(0.,-1.,0.));
#14585=DIRECTION('',(-1.,0.,0.));
#14586=DIRECTION('',(0.,-1.,0.));
#14587=DIRECTION('',(-1.,0.,0.));
#14588=DIRECTION('',(0.,-1.,0.));
#14589=DIRECTION('',(-1.,0.,0.));
#14590=DIRECTION('',(0.,-1.,0.));
#14591=DIRECTION('',(-1.,0.,0.));
#14592=DIRECTION('',(0.,-1.,0.));
#14593=DIRECTION('',(-1.,0.,0.));
#14594=DIRECTION('',(0.,1.,0.));
#14595=DIRECTION('',(1.,0.,0.));
#14596=DIRECTION('',(0.,1.,0.));
#14597=DIRECTION('',(1.,0.,0.));
#14598=DIRECTION('',(0.,1.,0.));
#14599=DIRECTION('',(1.,0.,0.));
#14600=DIRECTION('',(0.,1.,0.));
#14601=DIRECTION('',(1.,0.,0.));
#14602=DIRECTION('',(0.,1.,0.));
#14603=DIRECTION('',(1.,0.,0.));
#14604=DIRECTION('',(0.,1.,0.));
#14605=DIRECTION('',(1.,0.,0.));
#14606=DIRECTION('',(0.,1.,0.));
#14607=DIRECTION('',(1.,0.,0.));
#14608=DIRECTION('',(0.,1.,0.));
#14609=DIRECTION('',(0.,1.,0.));
#14610=DIRECTION('',(1.,0.,0.));
#14611=DIRECTION('',(0.,-1.,0.));
#14612=DIRECTION('',(-1.,0.,0.));
#14613=DIRECTION('',(0.,1.,0.));
#14614=DIRECTION('',(1.,0.,0.));
#14615=DIRECTION('',(0.,-1.,0.));
#14616=DIRECTION('',(-1.,0.,0.));
#14617=DIRECTION('',(0.,1.,0.));
#14618=DIRECTION('',(1.,0.,0.));
#14619=DIRECTION('',(0.,-1.,0.));
#14620=DIRECTION('',(-1.,0.,0.));
#14621=DIRECTION('',(0.,1.,0.));
#14622=DIRECTION('',(1.,0.,0.));
#14623=DIRECTION('',(0.,-1.,0.));
#14624=DIRECTION('',(-1.,0.,0.));
#14625=DIRECTION('',(0.,1.,0.));
#14626=DIRECTION('',(1.,0.,0.));
#14627=DIRECTION('',(0.,-1.,0.));
#14628=DIRECTION('',(0.,-1.,0.));
#14629=DIRECTION('',(-1.,0.,0.));
#14630=DIRECTION('',(0.,-1.,0.));
#14631=DIRECTION('',(0.,1.,0.));
#14632=DIRECTION('',(1.,0.,0.));
#14633=DIRECTION('',(0.,-1.,0.));
#14634=DIRECTION('',(-1.,0.,0.));
#14635=DIRECTION('',(0.,1.,0.));
#14636=DIRECTION('',(1.,0.,0.));
#14637=DIRECTION('',(0.,1.,0.));
#14638=DIRECTION('',(1.,0.,0.));
#14639=DIRECTION('',(0.,1.,0.));
#14640=DIRECTION('',(1.,0.,0.));
#14641=DIRECTION('',(0.,1.,0.));
#14642=DIRECTION('',(0.,-1.,0.));
#14643=DIRECTION('',(-1.,0.,0.));
#14644=DIRECTION('',(0.,1.,0.));
#14645=DIRECTION('',(1.,0.,0.));
#14646=DIRECTION('',(0.,1.,0.));
#14647=DIRECTION('',(1.,0.,0.));
#14648=DIRECTION('',(0.,1.,0.));
#14649=DIRECTION('',(1.,0.,0.));
#14650=DIRECTION('',(0.,1.,0.));
#14651=DIRECTION('',(1.,0.,0.));
#14652=DIRECTION('',(0.,1.,0.));
#14653=DIRECTION('',(1.,0.,0.));
#14654=DIRECTION('',(0.,1.,0.));
#14655=DIRECTION('',(1.,0.,0.));
#14656=DIRECTION('',(0.,1.,0.));
#14657=DIRECTION('',(1.,0.,0.));
#14658=DIRECTION('',(0.,1.,0.));
#14659=DIRECTION('',(1.,0.,0.));
#14660=DIRECTION('',(0.,1.,0.));
#14661=DIRECTION('',(1.,0.,0.));
#14662=DIRECTION('',(1.,0.,0.));
#14663=DIRECTION('',(0.,-1.,0.));
#14664=DIRECTION('',(1.,0.,0.));
#14665=DIRECTION('',(0.,-1.,0.));
#14666=DIRECTION('',(0.,1.,0.));
#14667=DIRECTION('',(1.,0.,0.));
#14668=DIRECTION('',(0.,-1.,0.));
#14669=DIRECTION('',(1.,0.,0.));
#14670=DIRECTION('',(0.,-1.,0.));
#14671=DIRECTION('',(0.,1.,0.));
#14672=DIRECTION('',(0.,0.,1.));
#14673=DIRECTION('',(0.,-1.,0.));
#14674=DIRECTION('',(1.,0.,0.));
#14675=DIRECTION('',(-1.,0.,0.));
#14676=DIRECTION('',(0.,1.,0.));
#14677=DIRECTION('',(0.,1.,0.));
#14678=DIRECTION('',(0.,0.,1.));
#14679=DIRECTION('',(0.,1.,0.));
#14680=DIRECTION('',(0.,0.,1.));
#14681=DIRECTION('',(0.,-1.,0.));
#14682=DIRECTION('',(1.,0.,0.));
#14683=DIRECTION('',(0.,1.,0.));
#14684=DIRECTION('',(-1.,0.,0.));
#14685=DIRECTION('',(0.,1.,0.));
#14686=DIRECTION('',(0.,0.,1.));
#14687=DIRECTION('',(0.,1.,0.));
#14688=DIRECTION('',(0.,1.,0.));
#14689=DIRECTION('',(1.,0.,0.));
#14690=DIRECTION('',(0.,1.,0.));
#14691=DIRECTION('',(0.,1.,0.));
#14692=DIRECTION('',(1.,0.,0.));
#14693=DIRECTION('',(0.,1.,0.));
#14694=DIRECTION('',(0.,0.,1.));
#14695=DIRECTION('',(0.,-1.,0.));
#14696=DIRECTION('',(1.,0.,0.));
#14697=DIRECTION('',(0.,1.,0.));
#14698=DIRECTION('',(0.,1.,0.));
#14699=DIRECTION('',(1.,0.,0.));
#14700=DIRECTION('',(0.,1.,0.));
#14701=DIRECTION('',(1.,0.,0.));
#14702=DIRECTION('',(0.,1.,0.));
#14703=DIRECTION('',(-1.,0.,0.));
#14704=DIRECTION('',(0.,1.,0.));
#14705=DIRECTION('',(0.,0.,1.));
#14706=DIRECTION('',(0.,1.,0.));
#14707=DIRECTION('',(0.,1.,0.));
#14708=DIRECTION('',(1.,0.,0.));
#14709=DIRECTION('',(0.,1.,0.));
#14710=DIRECTION('',(1.,0.,0.));
#14711=DIRECTION('',(0.,1.,0.));
#14712=DIRECTION('',(0.,0.,1.));
#14713=DIRECTION('',(0.,-1.,0.));
#14714=DIRECTION('',(1.,0.,0.));
#14715=DIRECTION('',(0.,1.,0.));
#14716=DIRECTION('',(0.,1.,0.));
#14717=DIRECTION('',(1.,0.,0.));
#14718=DIRECTION('',(0.,1.,0.));
#14719=DIRECTION('',(1.,0.,0.));
#14720=DIRECTION('',(0.,1.,0.));
#14721=DIRECTION('',(0.,1.,0.));
#14722=DIRECTION('',(1.,0.,0.));
#14723=DIRECTION('',(0.,1.,0.));
#14724=DIRECTION('',(0.,1.,0.));
#14725=DIRECTION('',(1.,0.,0.));
#14726=DIRECTION('',(0.,1.,0.));
#14727=DIRECTION('',(-0.00122652241115455,0.,0.999999247821105));
#14728=DIRECTION('',(0.999999247821105,0.,0.00122652241115455));
#14729=DIRECTION('',(0.999999247821105,0.,0.00122652241115455));
#14730=DIRECTION('',(0.,1.,0.));
#14731=DIRECTION('',(0.,1.,0.));
#14732=DIRECTION('',(1.,0.,0.));
#14733=DIRECTION('',(0.,1.,0.));
#14734=DIRECTION('',(1.,0.,0.));
#14735=DIRECTION('',(0.,1.,0.));
#14736=DIRECTION('',(-1.,0.,0.));
#14737=DIRECTION('',(0.,1.,0.));
#14738=DIRECTION('',(0.,0.,1.));
#14739=DIRECTION('',(0.,1.,0.));
#14740=DIRECTION('',(0.,1.,0.));
#14741=DIRECTION('',(1.,0.,0.));
#14742=DIRECTION('',(0.,1.,0.));
#14743=DIRECTION('',(1.,0.,0.));
#14744=DIRECTION('',(0.,1.,0.));
#14745=DIRECTION('',(0.,0.,1.));
#14746=DIRECTION('',(0.,-1.,0.));
#14747=DIRECTION('',(1.,0.,0.));
#14748=DIRECTION('',(0.,1.,0.));
#14749=DIRECTION('',(0.,1.,0.));
#14750=DIRECTION('',(1.,0.,0.));
#14751=DIRECTION('',(0.,1.,0.));
#14752=DIRECTION('',(1.,0.,0.));
#14753=DIRECTION('',(0.,1.,0.));
#14754=DIRECTION('',(0.,1.,0.));
#14755=DIRECTION('',(1.,0.,0.));
#14756=DIRECTION('',(0.,1.,0.));
#14757=DIRECTION('',(0.,1.,0.));
#14758=DIRECTION('',(1.,0.,0.));
#14759=DIRECTION('',(0.,1.,0.));
#14760=DIRECTION('',(0.,0.,1.));
#14761=DIRECTION('',(0.,-1.,0.));
#14762=DIRECTION('',(1.,0.,0.));
#14763=DIRECTION('',(0.,1.,0.));
#14764=DIRECTION('',(0.,1.,0.));
#14765=DIRECTION('',(1.,0.,0.));
#14766=DIRECTION('',(0.,1.,0.));
#14767=DIRECTION('',(1.,0.,0.));
#14768=DIRECTION('',(0.,1.,0.));
#14769=DIRECTION('',(-1.,0.,0.));
#14770=DIRECTION('',(0.,1.,0.));
#14771=DIRECTION('',(0.,0.,1.));
#14772=DIRECTION('',(0.,1.,0.));
#14773=DIRECTION('',(0.,1.,0.));
#14774=DIRECTION('',(1.,0.,0.));
#14775=DIRECTION('',(0.,1.,0.));
#14776=DIRECTION('',(1.,0.,0.));
#14777=DIRECTION('',(0.,1.,0.));
#14778=DIRECTION('',(0.,0.,1.));
#14779=DIRECTION('',(0.,-1.,0.));
#14780=DIRECTION('',(1.,0.,0.));
#14781=DIRECTION('',(0.,1.,0.));
#14782=DIRECTION('',(0.,1.,0.));
#14783=DIRECTION('',(1.,0.,0.));
#14784=DIRECTION('',(0.,1.,0.));
#14785=DIRECTION('',(1.,0.,0.));
#14786=DIRECTION('',(0.,1.,0.));
#14787=DIRECTION('',(0.,1.,0.));
#14788=DIRECTION('',(1.,0.,0.));
#14789=DIRECTION('',(0.,1.,0.));
#14790=DIRECTION('',(0.,1.,0.));
#14791=DIRECTION('',(1.,0.,0.));
#14792=DIRECTION('',(0.,1.,0.));
#14793=DIRECTION('',(0.,0.,1.));
#14794=DIRECTION('',(0.,-1.,0.));
#14795=DIRECTION('',(1.,0.,0.));
#14796=DIRECTION('',(0.,1.,0.));
#14797=DIRECTION('',(0.,1.,0.));
#14798=DIRECTION('',(1.,0.,0.));
#14799=DIRECTION('',(0.,1.,0.));
#14800=DIRECTION('',(1.,0.,0.));
#14801=DIRECTION('',(0.,1.,0.));
#14802=DIRECTION('',(-1.,0.,0.));
#14803=DIRECTION('',(0.,1.,0.));
#14804=DIRECTION('',(0.,0.,1.));
#14805=DIRECTION('',(0.,1.,0.));
#14806=DIRECTION('',(0.,1.,0.));
#14807=DIRECTION('',(1.,0.,0.));
#14808=DIRECTION('',(0.,1.,0.));
#14809=DIRECTION('',(1.,0.,0.));
#14810=DIRECTION('',(0.,1.,0.));
#14811=DIRECTION('',(0.,0.,1.));
#14812=DIRECTION('',(0.,-1.,0.));
#14813=DIRECTION('',(1.,0.,0.));
#14814=DIRECTION('',(0.,1.,0.));
#14815=DIRECTION('',(0.,1.,0.));
#14816=DIRECTION('',(1.,0.,0.));
#14817=DIRECTION('',(0.,1.,0.));
#14818=DIRECTION('',(1.,0.,0.));
#14819=DIRECTION('',(0.,1.,0.));
#14820=DIRECTION('',(0.,1.,0.));
#14821=DIRECTION('',(1.,0.,0.));
#14822=DIRECTION('',(0.,1.,0.));
#14823=DIRECTION('',(0.,1.,0.));
#14824=DIRECTION('',(1.,0.,0.));
#14825=DIRECTION('',(0.,1.,0.));
#14826=DIRECTION('',(0.,0.,1.));
#14827=DIRECTION('',(0.,-1.,0.));
#14828=DIRECTION('',(1.,0.,0.));
#14829=DIRECTION('',(0.,1.,0.));
#14830=DIRECTION('',(0.,1.,0.));
#14831=DIRECTION('',(1.,0.,0.));
#14832=DIRECTION('',(0.,1.,0.));
#14833=DIRECTION('',(1.,0.,0.));
#14834=DIRECTION('',(0.,1.,0.));
#14835=DIRECTION('',(-1.,0.,0.));
#14836=DIRECTION('',(0.,1.,0.));
#14837=DIRECTION('',(0.,0.,1.));
#14838=DIRECTION('',(0.,1.,0.));
#14839=DIRECTION('',(0.,1.,0.));
#14840=DIRECTION('',(1.,0.,0.));
#14841=DIRECTION('',(0.,1.,0.));
#14842=DIRECTION('',(1.,0.,0.));
#14843=DIRECTION('',(0.,1.,0.));
#14844=DIRECTION('',(0.,0.,1.));
#14845=DIRECTION('',(0.,-1.,0.));
#14846=DIRECTION('',(1.,0.,0.));
#14847=DIRECTION('',(0.,1.,0.));
#14848=DIRECTION('',(0.,1.,0.));
#14849=DIRECTION('',(1.,0.,0.));
#14850=DIRECTION('',(0.,1.,0.));
#14851=DIRECTION('',(1.,0.,0.));
#14852=DIRECTION('',(0.,1.,0.));
#14853=DIRECTION('',(0.,1.,0.));
#14854=DIRECTION('',(1.,0.,0.));
#14855=DIRECTION('',(0.,1.,0.));
#14856=DIRECTION('',(0.,1.,0.));
#14857=DIRECTION('',(1.,0.,0.));
#14858=DIRECTION('',(0.,1.,0.));
#14859=DIRECTION('',(0.,0.,1.));
#14860=DIRECTION('',(0.,-1.,0.));
#14861=DIRECTION('',(1.,0.,0.));
#14862=DIRECTION('',(0.,1.,0.));
#14863=DIRECTION('',(0.,1.,0.));
#14864=DIRECTION('',(1.,0.,0.));
#14865=DIRECTION('',(0.,1.,0.));
#14866=DIRECTION('',(1.,0.,0.));
#14867=DIRECTION('',(0.,1.,0.));
#14868=DIRECTION('',(-1.,0.,0.));
#14869=DIRECTION('',(0.,1.,0.));
#14870=DIRECTION('',(0.,0.,1.));
#14871=DIRECTION('',(0.,1.,0.));
#14872=DIRECTION('',(0.,1.,0.));
#14873=DIRECTION('',(1.,0.,0.));
#14874=DIRECTION('',(0.,1.,0.));
#14875=DIRECTION('',(1.,0.,0.));
#14876=DIRECTION('',(0.,1.,0.));
#14877=DIRECTION('',(0.,0.,1.));
#14878=DIRECTION('',(0.,-1.,0.));
#14879=DIRECTION('',(1.,0.,0.));
#14880=DIRECTION('',(0.,1.,0.));
#14881=DIRECTION('',(0.,1.,0.));
#14882=DIRECTION('',(1.,0.,0.));
#14883=DIRECTION('',(0.,1.,0.));
#14884=DIRECTION('',(1.,0.,0.));
#14885=DIRECTION('',(0.,1.,0.));
#14886=DIRECTION('',(0.,1.,0.));
#14887=DIRECTION('',(1.,0.,0.));
#14888=DIRECTION('',(0.,1.,0.));
#14889=DIRECTION('',(0.,1.,0.));
#14890=DIRECTION('',(1.,0.,0.));
#14891=DIRECTION('',(0.,1.,0.));
#14892=DIRECTION('',(0.,0.,1.));
#14893=DIRECTION('',(0.,-1.,0.));
#14894=DIRECTION('',(1.,0.,0.));
#14895=DIRECTION('',(0.,1.,0.));
#14896=DIRECTION('',(0.,1.,0.));
#14897=DIRECTION('',(1.,0.,0.));
#14898=DIRECTION('',(0.,1.,0.));
#14899=DIRECTION('',(1.,0.,0.));
#14900=DIRECTION('',(0.,1.,0.));
#14901=DIRECTION('',(-1.,0.,0.));
#14902=DIRECTION('',(0.,1.,0.));
#14903=DIRECTION('',(0.,0.,1.));
#14904=DIRECTION('',(0.,1.,0.));
#14905=DIRECTION('',(0.,1.,0.));
#14906=DIRECTION('',(1.,0.,0.));
#14907=DIRECTION('',(0.,1.,0.));
#14908=DIRECTION('',(1.,0.,0.));
#14909=DIRECTION('',(0.,1.,0.));
#14910=DIRECTION('',(0.,0.,1.));
#14911=DIRECTION('',(0.,-1.,0.));
#14912=DIRECTION('',(1.,0.,0.));
#14913=DIRECTION('',(0.,1.,0.));
#14914=DIRECTION('',(0.,1.,0.));
#14915=DIRECTION('',(1.,0.,0.));
#14916=DIRECTION('',(0.,1.,0.));
#14917=DIRECTION('',(1.,0.,0.));
#14918=DIRECTION('',(0.,1.,0.));
#14919=DIRECTION('',(0.,1.,0.));
#14920=DIRECTION('',(1.,0.,0.));
#14921=DIRECTION('',(0.,1.,0.));
#14922=DIRECTION('',(0.,1.,0.));
#14923=DIRECTION('',(1.,0.,0.));
#14924=DIRECTION('',(0.,1.,0.));
#14925=DIRECTION('',(0.,0.,1.));
#14926=DIRECTION('',(0.,-1.,0.));
#14927=DIRECTION('',(1.,0.,0.));
#14928=DIRECTION('',(0.,1.,0.));
#14929=DIRECTION('',(0.,1.,0.));
#14930=DIRECTION('',(1.,0.,0.));
#14931=DIRECTION('',(0.,1.,0.));
#14932=DIRECTION('',(1.,0.,0.));
#14933=DIRECTION('',(0.,1.,0.));
#14934=DIRECTION('',(-1.,0.,0.));
#14935=DIRECTION('',(0.,1.,0.));
#14936=DIRECTION('',(0.,0.,1.));
#14937=DIRECTION('',(0.,1.,0.));
#14938=DIRECTION('',(0.,1.,0.));
#14939=DIRECTION('',(1.,0.,0.));
#14940=DIRECTION('',(0.,1.,0.));
#14941=DIRECTION('',(1.,0.,0.));
#14942=DIRECTION('',(0.,1.,0.));
#14943=DIRECTION('',(0.,0.,1.));
#14944=DIRECTION('',(0.,-1.,0.));
#14945=DIRECTION('',(1.,0.,0.));
#14946=DIRECTION('',(0.,1.,0.));
#14947=DIRECTION('',(0.,1.,0.));
#14948=DIRECTION('',(1.,0.,0.));
#14949=DIRECTION('',(0.,1.,0.));
#14950=DIRECTION('',(1.,0.,0.));
#14951=DIRECTION('',(0.,1.,0.));
#14952=DIRECTION('',(0.,1.,0.));
#14953=DIRECTION('',(1.,0.,0.));
#14954=DIRECTION('',(0.,1.,0.));
#14955=DIRECTION('',(0.,1.,0.));
#14956=DIRECTION('',(1.,0.,0.));
#14957=DIRECTION('',(0.,1.,0.));
#14958=DIRECTION('',(0.,0.,1.));
#14959=DIRECTION('',(0.,-1.,0.));
#14960=DIRECTION('',(1.,0.,0.));
#14961=DIRECTION('',(0.,1.,0.));
#14962=DIRECTION('',(0.,1.,0.));
#14963=DIRECTION('',(1.,0.,0.));
#14964=DIRECTION('',(0.,1.,0.));
#14965=DIRECTION('',(1.,0.,0.));
#14966=DIRECTION('',(0.,1.,0.));
#14967=DIRECTION('',(-1.,0.,0.));
#14968=DIRECTION('',(0.,1.,0.));
#14969=DIRECTION('',(0.,0.,1.));
#14970=DIRECTION('',(0.,1.,0.));
#14971=DIRECTION('',(0.,1.,0.));
#14972=DIRECTION('',(1.,0.,0.));
#14973=DIRECTION('',(0.,1.,0.));
#14974=DIRECTION('',(1.,0.,0.));
#14975=DIRECTION('',(0.,1.,0.));
#14976=DIRECTION('',(0.,0.,1.));
#14977=DIRECTION('',(0.,-1.,0.));
#14978=DIRECTION('',(1.,0.,0.));
#14979=DIRECTION('',(0.,1.,0.));
#14980=DIRECTION('',(0.,1.,0.));
#14981=DIRECTION('',(1.,0.,0.));
#14982=DIRECTION('',(0.,1.,0.));
#14983=DIRECTION('',(1.,0.,0.));
#14984=DIRECTION('',(0.,1.,0.));
#14985=DIRECTION('',(0.,1.,0.));
#14986=DIRECTION('',(1.,0.,0.));
#14987=DIRECTION('',(0.,1.,0.));
#14988=DIRECTION('',(0.,1.,0.));
#14989=DIRECTION('',(1.,0.,0.));
#14990=DIRECTION('',(0.,1.,0.));
#14991=DIRECTION('',(0.,0.,1.));
#14992=DIRECTION('',(0.,-1.,0.));
#14993=DIRECTION('',(1.,0.,0.));
#14994=DIRECTION('',(0.,1.,0.));
#14995=DIRECTION('',(0.,1.,0.));
#14996=DIRECTION('',(1.,0.,0.));
#14997=DIRECTION('',(0.,1.,0.));
#14998=DIRECTION('',(1.,0.,0.));
#14999=DIRECTION('',(0.,1.,0.));
#15000=DIRECTION('',(-1.,0.,0.));
#15001=DIRECTION('',(0.,1.,0.));
#15002=DIRECTION('',(0.,0.,1.));
#15003=DIRECTION('',(0.,1.,0.));
#15004=DIRECTION('',(0.,1.,0.));
#15005=DIRECTION('',(1.,0.,0.));
#15006=DIRECTION('',(0.,1.,0.));
#15007=DIRECTION('',(1.,0.,0.));
#15008=DIRECTION('',(0.,1.,0.));
#15009=DIRECTION('',(0.,0.,1.));
#15010=DIRECTION('',(0.,-1.,0.));
#15011=DIRECTION('',(1.,0.,0.));
#15012=DIRECTION('',(0.,1.,0.));
#15013=DIRECTION('',(0.,1.,0.));
#15014=DIRECTION('',(1.,0.,0.));
#15015=DIRECTION('',(0.,1.,0.));
#15016=DIRECTION('',(1.,0.,0.));
#15017=DIRECTION('',(0.,1.,0.));
#15018=DIRECTION('',(0.,1.,0.));
#15019=DIRECTION('',(1.,0.,0.));
#15020=DIRECTION('',(0.,1.,0.));
#15021=DIRECTION('',(0.,1.,0.));
#15022=DIRECTION('',(1.,0.,0.));
#15023=DIRECTION('',(0.,1.,0.));
#15024=DIRECTION('',(0.,0.,1.));
#15025=DIRECTION('',(0.,-1.,0.));
#15026=DIRECTION('',(1.,0.,0.));
#15027=DIRECTION('',(0.,1.,0.));
#15028=DIRECTION('',(0.,1.,0.));
#15029=DIRECTION('',(1.,0.,0.));
#15030=DIRECTION('',(0.,1.,0.));
#15031=DIRECTION('',(1.,0.,0.));
#15032=DIRECTION('',(0.,1.,0.));
#15033=DIRECTION('',(-1.,0.,0.));
#15034=DIRECTION('',(0.,1.,0.));
#15035=DIRECTION('',(0.,0.,1.));
#15036=DIRECTION('',(0.,1.,0.));
#15037=DIRECTION('',(0.,1.,0.));
#15038=DIRECTION('',(1.,0.,0.));
#15039=DIRECTION('',(0.,1.,0.));
#15040=DIRECTION('',(1.,0.,0.));
#15041=DIRECTION('',(0.,1.,0.));
#15042=DIRECTION('',(0.,0.,1.));
#15043=DIRECTION('',(0.,-1.,0.));
#15044=DIRECTION('',(1.,0.,0.));
#15045=DIRECTION('',(0.,1.,0.));
#15046=DIRECTION('',(0.,1.,0.));
#15047=DIRECTION('',(1.,0.,0.));
#15048=DIRECTION('',(0.,1.,0.));
#15049=DIRECTION('',(1.,0.,0.));
#15050=DIRECTION('',(0.,1.,0.));
#15051=DIRECTION('',(0.,1.,0.));
#15052=DIRECTION('',(1.,0.,0.));
#15053=DIRECTION('',(0.,1.,0.));
#15054=DIRECTION('',(0.,1.,0.));
#15055=DIRECTION('',(1.,0.,0.));
#15056=DIRECTION('',(0.,1.,0.));
#15057=DIRECTION('',(0.,0.,1.));
#15058=DIRECTION('',(0.,-1.,0.));
#15059=DIRECTION('',(1.,0.,0.));
#15060=DIRECTION('',(0.,1.,0.));
#15061=DIRECTION('',(0.,1.,0.));
#15062=DIRECTION('',(1.,0.,0.));
#15063=DIRECTION('',(0.,1.,0.));
#15064=DIRECTION('',(1.,0.,0.));
#15065=DIRECTION('',(0.,1.,0.));
#15066=DIRECTION('',(-1.,0.,0.));
#15067=DIRECTION('',(0.,1.,0.));
#15068=DIRECTION('',(0.,0.,1.));
#15069=DIRECTION('',(0.,1.,0.));
#15070=DIRECTION('',(0.,1.,0.));
#15071=DIRECTION('',(1.,0.,0.));
#15072=DIRECTION('',(0.,1.,0.));
#15073=DIRECTION('',(1.,0.,0.));
#15074=DIRECTION('',(0.,1.,0.));
#15075=DIRECTION('',(0.,0.,1.));
#15076=DIRECTION('',(0.,-1.,0.));
#15077=DIRECTION('',(1.,0.,0.));
#15078=DIRECTION('',(0.,1.,0.));
#15079=DIRECTION('',(0.,1.,0.));
#15080=DIRECTION('',(1.,0.,0.));
#15081=DIRECTION('',(0.,1.,0.));
#15082=DIRECTION('',(1.,0.,0.));
#15083=DIRECTION('',(0.,1.,0.));
#15084=DIRECTION('',(0.,1.,0.));
#15085=DIRECTION('',(1.,0.,0.));
#15086=DIRECTION('',(0.,1.,0.));
#15087=DIRECTION('',(0.,1.,0.));
#15088=DIRECTION('',(1.,0.,0.));
#15089=DIRECTION('',(0.,1.,0.));
#15090=DIRECTION('',(0.,0.,1.));
#15091=DIRECTION('',(0.,-1.,0.));
#15092=DIRECTION('',(1.,0.,0.));
#15093=DIRECTION('',(0.,1.,0.));
#15094=DIRECTION('',(0.,1.,0.));
#15095=DIRECTION('',(1.,0.,0.));
#15096=DIRECTION('',(0.,1.,0.));
#15097=DIRECTION('',(1.,0.,0.));
#15098=DIRECTION('',(0.,1.,0.));
#15099=DIRECTION('',(-1.,0.,0.));
#15100=DIRECTION('',(0.,1.,0.));
#15101=DIRECTION('',(0.,0.,1.));
#15102=DIRECTION('',(0.,1.,0.));
#15103=DIRECTION('',(0.,1.,0.));
#15104=DIRECTION('',(1.,0.,0.));
#15105=DIRECTION('',(0.,1.,0.));
#15106=DIRECTION('',(1.,0.,0.));
#15107=DIRECTION('',(0.,1.,0.));
#15108=DIRECTION('',(0.,0.,1.));
#15109=DIRECTION('',(0.,-1.,0.));
#15110=DIRECTION('',(1.,0.,0.));
#15111=DIRECTION('',(0.,1.,0.));
#15112=DIRECTION('',(0.,1.,0.));
#15113=DIRECTION('',(1.,0.,0.));
#15114=DIRECTION('',(0.,1.,0.));
#15115=DIRECTION('',(1.,0.,0.));
#15116=DIRECTION('',(0.,1.,0.));
#15117=DIRECTION('',(0.,1.,0.));
#15118=DIRECTION('',(1.,0.,0.));
#15119=DIRECTION('',(0.,1.,0.));
#15120=DIRECTION('',(0.,1.,0.));
#15121=DIRECTION('',(1.,0.,0.));
#15122=DIRECTION('',(0.,1.,0.));
#15123=DIRECTION('',(0.,0.,1.));
#15124=DIRECTION('',(0.,-1.,0.));
#15125=DIRECTION('',(1.,0.,0.));
#15126=DIRECTION('',(0.,1.,0.));
#15127=DIRECTION('',(0.,1.,0.));
#15128=DIRECTION('',(1.,0.,0.));
#15129=DIRECTION('',(0.,1.,0.));
#15130=DIRECTION('',(1.,0.,0.));
#15131=DIRECTION('',(0.,1.,0.));
#15132=DIRECTION('',(-1.,0.,0.));
#15133=DIRECTION('',(0.,1.,0.));
#15134=DIRECTION('',(0.,0.,1.));
#15135=DIRECTION('',(0.,1.,0.));
#15136=DIRECTION('',(0.,1.,0.));
#15137=DIRECTION('',(1.,0.,0.));
#15138=DIRECTION('',(0.,1.,0.));
#15139=DIRECTION('',(1.,0.,0.));
#15140=DIRECTION('',(0.,1.,0.));
#15141=DIRECTION('',(0.,0.,1.));
#15142=DIRECTION('',(0.,-1.,0.));
#15143=DIRECTION('',(1.,0.,0.));
#15144=DIRECTION('',(0.,1.,0.));
#15145=DIRECTION('',(0.,1.,0.));
#15146=DIRECTION('',(1.,0.,0.));
#15147=DIRECTION('',(0.,1.,0.));
#15148=DIRECTION('',(1.,0.,0.));
#15149=DIRECTION('',(0.,1.,0.));
#15150=DIRECTION('',(0.,1.,0.));
#15151=DIRECTION('',(1.,0.,0.));
#15152=DIRECTION('',(0.,1.,0.));
#15153=DIRECTION('',(0.,1.,0.));
#15154=DIRECTION('',(1.,0.,0.));
#15155=DIRECTION('',(0.,1.,0.));
#15156=DIRECTION('',(0.,0.,1.));
#15157=DIRECTION('',(0.,-1.,0.));
#15158=DIRECTION('',(1.,0.,0.));
#15159=DIRECTION('',(0.,1.,0.));
#15160=DIRECTION('',(0.,1.,0.));
#15161=DIRECTION('',(1.,0.,0.));
#15162=DIRECTION('',(0.,1.,0.));
#15163=DIRECTION('',(1.,0.,0.));
#15164=DIRECTION('',(0.,1.,0.));
#15165=DIRECTION('',(-1.,0.,0.));
#15166=DIRECTION('',(0.,1.,0.));
#15167=DIRECTION('',(0.,0.,1.));
#15168=DIRECTION('',(0.,1.,0.));
#15169=DIRECTION('',(0.,1.,0.));
#15170=DIRECTION('',(1.,0.,0.));
#15171=DIRECTION('',(0.,1.,0.));
#15172=DIRECTION('',(1.,0.,0.));
#15173=DIRECTION('',(0.,1.,0.));
#15174=DIRECTION('',(0.,0.,1.));
#15175=DIRECTION('',(0.,-1.,0.));
#15176=DIRECTION('',(1.,0.,0.));
#15177=DIRECTION('',(0.,1.,0.));
#15178=DIRECTION('',(0.,1.,0.));
#15179=DIRECTION('',(1.,0.,0.));
#15180=DIRECTION('',(0.,1.,0.));
#15181=DIRECTION('',(1.,0.,0.));
#15182=DIRECTION('',(0.,1.,0.));
#15183=DIRECTION('',(0.,1.,0.));
#15184=DIRECTION('',(1.,0.,0.));
#15185=DIRECTION('',(0.,1.,0.));
#15186=DIRECTION('',(0.,1.,0.));
#15187=DIRECTION('',(1.,0.,0.));
#15188=DIRECTION('',(0.,1.,0.));
#15189=DIRECTION('',(0.,0.,1.));
#15190=DIRECTION('',(0.,-1.,0.));
#15191=DIRECTION('',(1.,0.,0.));
#15192=DIRECTION('',(0.,1.,0.));
#15193=DIRECTION('',(0.,1.,0.));
#15194=DIRECTION('',(1.,0.,0.));
#15195=DIRECTION('',(0.,1.,0.));
#15196=DIRECTION('',(1.,0.,0.));
#15197=DIRECTION('',(0.,1.,0.));
#15198=DIRECTION('',(-1.,0.,0.));
#15199=DIRECTION('',(0.,1.,0.));
#15200=DIRECTION('',(0.,0.,1.));
#15201=DIRECTION('',(0.,1.,0.));
#15202=DIRECTION('',(0.,1.,0.));
#15203=DIRECTION('',(1.,0.,0.));
#15204=DIRECTION('',(0.,1.,0.));
#15205=DIRECTION('',(1.,0.,0.));
#15206=DIRECTION('',(0.,1.,0.));
#15207=DIRECTION('',(0.,0.,1.));
#15208=DIRECTION('',(0.,-1.,0.));
#15209=DIRECTION('',(1.,0.,0.));
#15210=DIRECTION('',(0.,1.,0.));
#15211=DIRECTION('',(0.,1.,0.));
#15212=DIRECTION('',(1.,0.,0.));
#15213=DIRECTION('',(0.,1.,0.));
#15214=DIRECTION('',(1.,0.,0.));
#15215=DIRECTION('',(0.,1.,0.));
#15216=DIRECTION('',(-1.,0.,0.));
#15217=DIRECTION('',(0.,1.,0.));
#15218=DIRECTION('',(0.,0.,1.));
#15219=DIRECTION('',(-1.,0.,0.));
#15220=DIRECTION('',(0.,1.,0.));
#15221=DIRECTION('',(0.,0.,1.));
#15222=DIRECTION('',(-1.,0.,0.));
#15223=DIRECTION('',(0.,1.,0.));
#15224=DIRECTION('',(0.,0.,1.));
#15225=DIRECTION('',(-1.,0.,0.));
#15226=DIRECTION('',(0.,1.,0.));
#15227=DIRECTION('',(0.,0.,1.));
#15228=DIRECTION('',(-1.,0.,0.));
#15229=DIRECTION('',(0.,1.,0.));
#15230=DIRECTION('',(0.,0.,1.));
#15231=DIRECTION('',(-1.,0.,0.));
#15232=DIRECTION('',(0.,1.,0.));
#15233=DIRECTION('',(0.,0.,1.));
#15234=DIRECTION('',(-1.,0.,0.));
#15235=DIRECTION('',(0.,1.,0.));
#15236=DIRECTION('',(0.,0.,1.));
#15237=DIRECTION('',(-1.,0.,0.));
#15238=DIRECTION('',(0.,1.,0.));
#15239=DIRECTION('',(0.,0.,1.));
#15240=DIRECTION('',(-1.,0.,0.));
#15241=DIRECTION('',(0.,1.,0.));
#15242=DIRECTION('',(0.,0.,1.));
#15243=DIRECTION('',(-1.,0.,0.));
#15244=DIRECTION('',(0.,1.,0.));
#15245=DIRECTION('',(0.,0.,1.));
#15246=DIRECTION('',(-1.,0.,0.));
#15247=DIRECTION('',(0.,1.,0.));
#15248=DIRECTION('',(0.,0.,1.));
#15249=DIRECTION('',(-1.,0.,0.));
#15250=DIRECTION('',(0.,1.,0.));
#15251=DIRECTION('',(0.,0.,1.));
#15252=DIRECTION('',(-1.,0.,0.));
#15253=DIRECTION('',(0.,1.,0.));
#15254=DIRECTION('',(0.,0.,1.));
#15255=DIRECTION('',(-1.,0.,0.));
#15256=DIRECTION('',(0.,1.,0.));
#15257=DIRECTION('',(0.,0.,1.));
#15258=DIRECTION('',(-1.,0.,0.));
#15259=DIRECTION('',(0.,1.,0.));
#15260=DIRECTION('',(0.,0.,1.));
#15261=DIRECTION('',(-1.,0.,0.));
#15262=DIRECTION('',(0.,1.,0.));
#15263=DIRECTION('',(0.,0.,1.));
#15264=DIRECTION('',(0.,0.,1.));
#15265=DIRECTION('',(0.,-1.,0.));
#15266=DIRECTION('',(1.,0.,0.));
#15267=DIRECTION('',(0.,1.,0.));
#15268=DIRECTION('',(1.,0.,0.));
#15269=DIRECTION('',(-1.,0.,0.));
#15270=DIRECTION('',(0.,1.,0.));
#15271=DIRECTION('',(-1.,0.,0.));
#15272=DIRECTION('',(0.,1.,0.));
#15273=DIRECTION('',(0.,-1.,0.));
#15274=DIRECTION('',(-1.,0.,0.));
#15275=DIRECTION('',(0.,-1.,0.));
#15276=DIRECTION('',(-1.,0.,0.));
#15277=DIRECTION('',(-0.707148343580997,0.,0.707065216348996));
#15278=DIRECTION('',(0.707065216348996,0.,0.707148343580997));
#15279=DIRECTION('',(-0.923898362571652,0.,0.382637969414199));
#15280=DIRECTION('',(-0.382637969414199,0.,-0.923898362571651));
#15281=DIRECTION('',(-0.706920520121721,0.,-0.707292993200721));
#15282=DIRECTION('',(-0.707292993200721,0.,0.706920520121721));
#15283=DIRECTION('',(-0.999999999214468,0.,-3.96366544426576E-5));
#15284=DIRECTION('',(-3.96366544426576E-5,0.,0.999999999214468));
#15285=DIRECTION('',(-0.999999999214468,0.,-3.96366544447301E-5));
#15286=DIRECTION('',(-3.96366544447301E-5,0.,0.999999999214468));
#15287=DIRECTION('',(0.,-1.,0.));
#15288=DIRECTION('',(-1.,0.,0.));
#15289=DIRECTION('',(0.,-1.,0.));
#15290=DIRECTION('',(-1.,0.,0.));
#15291=DIRECTION('',(0.,0.,1.));
#15292=DIRECTION('',(0.,-1.,0.));
#15293=DIRECTION('',(0.,0.,-1.));
#15294=DIRECTION('',(0.,1.,0.));
#15295=DIRECTION('',(0.,0.,1.));
#15296=DIRECTION('',(0.,-1.,0.));
#15297=DIRECTION('',(0.,0.,1.));
#15298=DIRECTION('',(0.,-1.,0.));
#15299=DIRECTION('',(-0.707106781186548,0.,0.707106781186548));
#15300=DIRECTION('',(-0.707106781186548,0.,-0.707106781186548));
#15301=DIRECTION('',(0.,-1.,0.));
#15302=DIRECTION('',(-1.,0.,0.));
#15303=DIRECTION('',(-1.,0.,0.));
#15304=DIRECTION('',(0.,1.,0.));
#15305=DIRECTION('',(-1.,0.,0.));
#15306=DIRECTION('',(0.,1.,0.));
#15307=DIRECTION('',(1.,0.,0.));
#15308=DIRECTION('',(0.,-1.,0.));
#15309=DIRECTION('',(-1.,0.,0.));
#15310=DIRECTION('',(0.,1.,0.));
#15311=DIRECTION('',(0.,-1.,0.));
#15312=DIRECTION('',(-1.,0.,0.));
#15313=DIRECTION('',(0.,0.,1.));
#15314=DIRECTION('',(0.,-1.,0.));
#15315=DIRECTION('',(0.,-1.,0.));
#15316=DIRECTION('',(-1.,0.,0.));
#15317=DIRECTION('',(0.,0.,-1.));
#15318=DIRECTION('',(0.,1.,0.));
#15319=DIRECTION('',(0.,0.,1.));
#15320=DIRECTION('',(0.,-1.,0.));
#15321=DIRECTION('',(0.,0.,1.));
#15322=DIRECTION('',(0.,-1.,0.));
#15323=DIRECTION('',(0.,0.,1.));
#15324=DIRECTION('',(0.,-1.,0.));
#15325=DIRECTION('',(0.70720555742304,0.,0.707007991150006));
#15326=DIRECTION('',(0.707007991150007,0.,-0.70720555742304));
#15327=DIRECTION('',(0.,-1.,0.));
#15328=DIRECTION('',(-1.,0.,0.));
#15329=DIRECTION('',(0.999999960967568,0.,-0.000279400900062009));
#15330=DIRECTION('',(-0.000279400900062009,0.,-0.999999960967568));
#15331=DIRECTION('',(0.999999960967568,0.,-0.00027940090006473));
#15332=DIRECTION('',(-0.00027940090006473,0.,-0.999999960967568));
#15333=DIRECTION('',(0.,0.,1.));
#15334=DIRECTION('',(1.,0.,0.));
#15335=DIRECTION('',(0.,0.,-1.));
#15336=DIRECTION('',(0.,1.,0.));
#15337=DIRECTION('',(1.,0.,0.));
#15338=DIRECTION('',(0.,-1.,0.));
#15339=DIRECTION('',(1.,0.,0.));
#15340=DIRECTION('',(0.,-1.,0.));
#15341=DIRECTION('',(0.999999711647895,0.,-0.00075941038073322));
#15342=DIRECTION('',(-0.00075941038073322,0.,-0.999999711647895));
#15343=DIRECTION('',(0.00075941038073322,0.,0.999999711647895));
#15344=DIRECTION('',(0.,-1.,0.));
#15345=DIRECTION('',(0.00075941038073322,0.,0.999999711647895));
#15346=DIRECTION('',(0.,-1.,0.));
#15347=DIRECTION('',(-1.,0.,0.));
#15348=DIRECTION('',(0.,-1.,0.));
#15349=DIRECTION('',(1.,0.,0.));
#15350=DIRECTION('',(0.,-1.,0.));
#15351=DIRECTION('',(0.,-1.,0.));
#15352=DIRECTION('',(1.,0.,0.));
#15353=DIRECTION('',(9.54063214579521E-5,0.,-0.999999995448817));
#15354=DIRECTION('',(-0.999999995448817,0.,-9.54063214579522E-5));
#15355=DIRECTION('',(0.999999995448817,0.,9.54063214579522E-5));
#15356=DIRECTION('',(0.,-1.,0.));
#15357=DIRECTION('',(0.999999995448817,0.,9.54063214579522E-5));
#15358=DIRECTION('',(0.709668096380872,0.,-0.704536154486872));
#15359=DIRECTION('',(-0.704536154486872,0.,-0.709668096380872));
#15360=DIRECTION('',(0.704536154486872,0.,0.709668096380872));
#15361=DIRECTION('',(0.,-1.,0.));
#15362=DIRECTION('',(0.704536154486872,0.,0.709668096380872));
#15363=DIRECTION('',(0.,-1.,0.));
#15364=DIRECTION('',(-1.,0.,0.));
#15365=DIRECTION('',(0.,-1.,0.));
#15366=DIRECTION('',(1.,0.,0.));
#15367=DIRECTION('',(0.,-1.,0.));
#15368=DIRECTION('',(0.,-1.,0.));
#15369=DIRECTION('',(1.,0.,0.));
#15370=DIRECTION('',(0.,0.,-1.));
#15371=DIRECTION('',(0.,1.,0.));
#15372=DIRECTION('',(1.,0.,0.));
#15373=DIRECTION('',(0.,-1.,0.));
#15374=DIRECTION('',(1.,0.,0.));
#15375=DIRECTION('',(0.,-1.,0.));
#15376=DIRECTION('',(-1.,0.,0.));
#15377=DIRECTION('',(0.,-1.,0.));
#15378=DIRECTION('',(1.,0.,0.));
#15379=DIRECTION('',(0.,-1.,0.));
#15380=DIRECTION('',(0.,-1.,0.));
#15381=DIRECTION('',(1.,0.,0.));
#15382=DIRECTION('',(-0.707315798020805,0.,-0.706897702549805));
#15383=DIRECTION('',(-0.706897702549805,0.,0.707315798020805));
#15384=DIRECTION('',(0.706897702549805,0.,-0.707315798020805));
#15385=DIRECTION('',(0.,-1.,0.));
#15386=DIRECTION('',(0.706897702549805,0.,-0.707315798020805));
#15387=DIRECTION('',(0.,-1.,0.));
#15388=DIRECTION('',(-1.,0.,0.));
#15389=DIRECTION('',(0.,-1.,0.));
#15390=DIRECTION('',(1.,0.,0.));
#15391=DIRECTION('',(0.,-1.,0.));
#15392=DIRECTION('',(0.,-1.,0.));
#15393=DIRECTION('',(1.,0.,0.));
#15394=DIRECTION('',(-1.,0.,0.));
#15395=DIRECTION('',(0.,1.,0.));
#15396=DIRECTION('',(0.,0.,-1.));
#15397=DIRECTION('',(0.,-1.,0.));
#15398=DIRECTION('',(0.,0.,-1.));
#15399=DIRECTION('',(0.,-1.,0.));
#15400=DIRECTION('',(-1.,0.,0.));
#15401=DIRECTION('',(0.,-1.,0.));
#15402=DIRECTION('',(1.,0.,0.));
#15403=DIRECTION('',(0.,-1.,0.));
#15404=DIRECTION('',(0.,-1.,0.));
#15405=DIRECTION('',(1.,0.,0.));
#15406=DIRECTION('',(-0.00011299617563159,0.,0.999999993615932));
#15407=DIRECTION('',(0.999999993615932,0.,0.00011299617563159));
#15408=DIRECTION('',(-0.999999993615932,0.,-0.00011299617563159));
#15409=DIRECTION('',(0.,-1.,0.));
#15410=DIRECTION('',(-0.999999993615932,0.,-0.00011299617563159));
#15411=DIRECTION('',(0.,-1.,0.));
#15412=DIRECTION('',(-1.,0.,0.));
#15413=DIRECTION('',(0.,-1.,0.));
#15414=DIRECTION('',(1.,0.,0.));
#15415=DIRECTION('',(0.,-1.,0.));
#15416=DIRECTION('',(0.,-1.,0.));
#15417=DIRECTION('',(1.,0.,0.));
#15418=DIRECTION('',(0.999999999992209,0.,-3.94744898232664E-6));
#15419=DIRECTION('',(-3.94744898232664E-6,0.,-0.999999999992209));
#15420=DIRECTION('',(3.94744898232664E-6,0.,0.999999999992209));
#15421=DIRECTION('',(0.,-1.,0.));
#15422=DIRECTION('',(3.94744898232664E-6,0.,0.999999999992209));
#15423=DIRECTION('',(-0.000196385399048988,0.,0.999999980716387));
#15424=DIRECTION('',(0.999999980716387,0.,0.000196385399048988));
#15425=DIRECTION('',(-0.999999980716387,0.,-0.000196385399048988));
#15426=DIRECTION('',(0.,-1.,0.));
#15427=DIRECTION('',(-0.999999980716387,0.,-0.000196385399048988));
#15428=DIRECTION('',(0.,-1.,0.));
#15429=DIRECTION('',(-1.,0.,0.));
#15430=DIRECTION('',(0.,-1.,0.));
#15431=DIRECTION('',(1.,0.,0.));
#15432=DIRECTION('',(0.,-1.,0.));
#15433=DIRECTION('',(0.,-1.,0.));
#15434=DIRECTION('',(1.,0.,0.));
#15435=DIRECTION('',(1.,0.,0.));
#15436=DIRECTION('',(0.,-1.,0.));
#15437=DIRECTION('',(0.,0.,1.));
#15438=DIRECTION('',(0.,-1.,0.));
#15439=DIRECTION('',(0.,0.,1.));
#15440=DIRECTION('',(0.,-1.,0.));
#15441=DIRECTION('',(-1.,0.,0.));
#15442=DIRECTION('',(0.,-1.,0.));
#15443=DIRECTION('',(1.,0.,0.));
#15444=DIRECTION('',(0.,-1.,0.));
#15445=DIRECTION('',(1.,0.,0.));
#15446=DIRECTION('',(0.,1.,0.));
#15447=DIRECTION('',(1.,0.,0.));
#15448=DIRECTION('',(0.,1.,0.));
#15449=DIRECTION('',(1.,0.,0.));
#15450=DIRECTION('',(0.,1.,0.));
#15451=DIRECTION('',(1.,0.,0.));
#15452=DIRECTION('',(0.,1.,0.));
#15453=DIRECTION('',(1.,0.,0.));
#15454=DIRECTION('',(0.,1.,0.));
#15455=DIRECTION('',(1.,0.,0.));
#15456=DIRECTION('',(0.,1.,0.));
#15457=DIRECTION('',(1.,0.,0.));
#15458=DIRECTION('',(0.,1.,0.));
#15459=DIRECTION('',(1.,0.,0.));
#15460=DIRECTION('',(0.,1.,0.));
#15461=DIRECTION('',(1.,0.,0.));
#15462=DIRECTION('',(0.,1.,0.));
#15463=DIRECTION('',(1.,0.,0.));
#15464=DIRECTION('',(0.,1.,0.));
#15465=DIRECTION('',(1.,0.,0.));
#15466=DIRECTION('',(0.,1.,0.));
#15467=DIRECTION('',(1.,0.,0.));
#15468=DIRECTION('',(0.,1.,0.));
#15469=DIRECTION('',(1.,0.,0.));
#15470=DIRECTION('',(0.,1.,0.));
#15471=DIRECTION('',(1.,0.,0.));
#15472=DIRECTION('',(0.,1.,0.));
#15473=DIRECTION('',(1.,0.,0.));
#15474=DIRECTION('',(0.,1.,0.));
#15475=DIRECTION('',(1.,0.,0.));
#15476=DIRECTION('',(0.,1.,0.));
#15477=DIRECTION('',(1.,0.,0.));
#15478=DIRECTION('',(0.,1.,0.));
#15479=DIRECTION('',(1.,0.,0.));
#15480=CARTESIAN_POINT('',(0.,0.,0.));
#15481=CARTESIAN_POINT('',(0.332372653653213,0.00451,0.0692207625236524));
#15482=CARTESIAN_POINT('',(0.332372653653213,0.00151,0.0692207625236524));
#15483=CARTESIAN_POINT('',(0.334372376472455,0.00151,0.0691875560543253));
#15484=CARTESIAN_POINT('',(0.334372652159063,0.00151,0.0692207625236524));
#15485=CARTESIAN_POINT('',(0.334372376472455,-0.00799,0.0691875560543253));
#15486=CARTESIAN_POINT('',(0.334372376472455,-0.00299,0.0691875560543253));
#15487=CARTESIAN_POINT('',(0.332372653653213,-0.00299,0.0692207625236524));
#15488=CARTESIAN_POINT('',(0.334372652159063,-0.00299,0.0692207625236524));
#15489=CARTESIAN_POINT('',(0.334372652159063,0.00451,0.0692207625236524));
#15490=CARTESIAN_POINT('',(0.332372653653213,0.00451,0.125970765511902));
#15491=CARTESIAN_POINT('',(0.332372653653213,0.00151,0.125970765511902));
#15492=CARTESIAN_POINT('',(0.332405663764197,0.00151,0.127970491582137));
#15493=CARTESIAN_POINT('',(0.332372652159063,0.00151,0.127970764017777));
#15494=CARTESIAN_POINT('',(0.332405663764197,-0.00799,0.127970491582137));
#15495=CARTESIAN_POINT('',(0.332405663764197,-0.00299,0.127970491582137));
#15496=CARTESIAN_POINT('',(0.332372653653213,-0.00299,0.125970765511902));
#15497=CARTESIAN_POINT('',(0.332372652159063,-0.00299,0.127970764017777));
#15498=CARTESIAN_POINT('',(0.332372652159063,0.00451,0.127970764017777));
#15499=CARTESIAN_POINT('',(0.275919716956283,0.00451,0.142373542980602));
#15500=CARTESIAN_POINT('',(0.275919716956283,0.00151,0.142373542980602));
#15501=CARTESIAN_POINT('',(0.275952817443677,0.00151,0.144373271254351));
#15502=CARTESIAN_POINT('',(0.275922660159063,0.00151,0.144373543017784));
#15503=CARTESIAN_POINT('',(0.275952817443677,-0.00799,0.144373271254351));
#15504=CARTESIAN_POINT('',(0.275952817443677,-0.00299,0.144373271254351));
#15505=CARTESIAN_POINT('',(0.275919716956283,-0.00299,0.142373542980602));
#15506=CARTESIAN_POINT('',(0.275922660159063,-0.00299,0.144373543017784));
#15507=CARTESIAN_POINT('',(0.275922660159063,0.00451,0.144373543017784));
#15508=CARTESIAN_POINT('',(0.248932841235037,0.00251,0.0480405469290019));
#15509=CARTESIAN_POINT('',(0.249013878652579,0.00408240746233138,0.0454506237410426));
#15510=CARTESIAN_POINT('',(0.248639968308979,0.00395264202759732,0.045273750509188));
#15511=CARTESIAN_POINT('',(0.247703912750275,0.0037210146044177,0.0452440818634499));
#15512=CARTESIAN_POINT('',(0.247071845451773,0.00393748795628143,0.0459523770515596));
#15513=CARTESIAN_POINT('',(0.24694484581425,0.00406578879689129,0.0463462452173436));
#15514=CARTESIAN_POINT('',(0.249013878652579,0.00408240746233148,0.0454506237410426));
#15515=CARTESIAN_POINT('',(0.246944845814249,0.00406578879689119,0.0463462452173436));
#15516=CARTESIAN_POINT('',(0.249025058200607,0.00251,0.0446865585178024));
#15517=CARTESIAN_POINT('',(0.249025058200607,0.00311906627359289,0.0446865585178024));
#15518=CARTESIAN_POINT('',(0.249021275351658,0.00371069600113137,0.044977717009704));
#15519=CARTESIAN_POINT('',(0.249013878652577,0.00408240746233146,0.0454506237410426));
#15520=CARTESIAN_POINT('',(0.249025058200607,0.00251,0.0446865585178024));
#15521=CARTESIAN_POINT('',(0.248932841235037,0.00251,0.0480405469290019));
#15522=CARTESIAN_POINT('',(0.246399625917383,0.00251,0.0458404191178061));
#15523=CARTESIAN_POINT('',(0.246399625917383,0.00251,0.0458404191178061));
#15524=CARTESIAN_POINT('',(0.246399625917383,0.00311014400568271,0.0458404191178061));
#15525=CARTESIAN_POINT('',(0.246606179668037,0.0036937521751019,0.0460336077534648));
#15526=CARTESIAN_POINT('',(0.246944845814248,0.00406578879689113,0.0463462452173449));
#15527=CARTESIAN_POINT('',(0.275919716956283,0.00251,0.142373542980602));
#15528=CARTESIAN_POINT('',(0.275952817443677,0.00451000000000051,0.144373271254351));
#15529=CARTESIAN_POINT('',(0.276149488090434,0.00451000000000051,0.144837215256498));
#15530=CARTESIAN_POINT('',(0.276798819900318,0.00426808879557432,0.14533036334606));
#15531=CARTESIAN_POINT('',(0.277767400872306,0.00392359605829302,0.145285582761689));
#15532=CARTESIAN_POINT('',(0.278439331532697,0.00378789171213239,0.144897658931124));
#15533=CARTESIAN_POINT('',(0.278831355380324,0.00392209919500606,0.144225743217827));
#15534=CARTESIAN_POINT('',(0.278875483393613,0.00426913684971817,0.143249608006613));
#15535=CARTESIAN_POINT('',(0.27838835032994,0.00450999999999995,0.142605697103498));
#15536=CARTESIAN_POINT('',(0.277919441608576,0.00451,0.142406861535621));
#15537=CARTESIAN_POINT('',(0.275952817443677,0.00451,0.144373271254351));
#15538=CARTESIAN_POINT('',(0.277919441608576,0.00451,0.142406861535621));
#15539=CARTESIAN_POINT('',(0.275919716956283,0.00451,0.142373542980602));
#15540=CARTESIAN_POINT('',(0.275919490963967,0.00451,0.144373542659695));
#15541=CARTESIAN_POINT('',(0.275919490963967,0.00251,0.144373542659695));
#15542=CARTESIAN_POINT('',(0.275919264971616,0.00251,0.146373542646927));
#15543=CARTESIAN_POINT('',(0.275919716956283,0.00251,0.142373542980602));
#15544=CARTESIAN_POINT('',(0.279919719159025,0.00251,0.142373527190798));
#15545=CARTESIAN_POINT('',(0.27791971915904,0.00251,0.142373535085696));
#15546=CARTESIAN_POINT('',(0.27791971915904,0.00451,0.142373535085696));
#15547=CARTESIAN_POINT('',(0.275919716956283,0.00451,0.142373542980602));
#15548=CARTESIAN_POINT('',(0.332372653653213,0.00251,0.125970765511902));
#15549=CARTESIAN_POINT('',(0.332405663764197,0.00451000000000052,0.127970491582137));
#15550=CARTESIAN_POINT('',(0.332602300210952,0.00451000000000056,0.128434412248899));
#15551=CARTESIAN_POINT('',(0.333251625639745,0.00426808977726068,0.128927626601191));
#15552=CARTESIAN_POINT('',(0.334220202627617,0.00392359691466729,0.128882884420723));
#15553=CARTESIAN_POINT('',(0.334892160949842,0.00378789135960792,0.128494985315197));
#15554=CARTESIAN_POINT('',(0.335284205045749,0.0039220997279942,0.127823089951697));
#15555=CARTESIAN_POINT('',(0.335328388410692,0.00426913039260294,0.126846975051616));
#15556=CARTESIAN_POINT('',(0.334841254438938,0.00451000000000001,0.126203015996276));
#15557=CARTESIAN_POINT('',(0.334372373202181,0.00451,0.126004168339252));
#15558=CARTESIAN_POINT('',(0.332405663764197,0.00451,0.127970491582137));
#15559=CARTESIAN_POINT('',(0.334372373202181,0.00451,0.126004168339252));
#15560=CARTESIAN_POINT('',(0.332372653653213,0.00451,0.125970765511902));
#15561=CARTESIAN_POINT('',(0.332372260882716,0.00451,0.127970763940961));
#15562=CARTESIAN_POINT('',(0.332372260882716,0.00251,0.127970763940961));
#15563=CARTESIAN_POINT('',(0.332371868111917,0.00251,0.129970763902394));
#15564=CARTESIAN_POINT('',(0.332372653653213,0.00251,0.125970765511902));
#15565=CARTESIAN_POINT('',(0.336372652159063,0.00251,0.125970765511902));
#15566=CARTESIAN_POINT('',(0.334372652159063,0.00251,0.125970765511902));
#15567=CARTESIAN_POINT('',(0.334372652159063,0.00451,0.125970765511902));
#15568=CARTESIAN_POINT('',(0.332372653653213,0.00451,0.125970765511902));
#15569=CARTESIAN_POINT('',(0.332372653653213,0.00251,0.0692207625236525));
#15570=CARTESIAN_POINT('',(0.334372376472455,0.00451000000000049,0.0691875560543252));
#15571=CARTESIAN_POINT('',(0.334836356075365,0.00451000000000049,0.06899084088037));
#15572=CARTESIAN_POINT('',(0.335329416177436,0.00426808742188385,0.0683415039566735));
#15573=CARTESIAN_POINT('',(0.335284588736011,0.0039235947426558,0.0673729153969193));
#15574=CARTESIAN_POINT('',(0.334896634940389,0.00378789222440644,0.0667010209765642));
#15575=CARTESIAN_POINT('',(0.334224692078079,0.00392209849162341,0.0663090202583531));
#15576=CARTESIAN_POINT('',(0.333248527827116,0.00426914590496245,0.0662649645341488));
#15577=CARTESIAN_POINT('',(0.332604681732552,0.00451000000000003,0.0667520917843877));
#15578=CARTESIAN_POINT('',(0.33240586012254,0.00451,0.0672210397044106));
#15579=CARTESIAN_POINT('',(0.334372376472455,0.00451,0.0691875560543252));
#15580=CARTESIAN_POINT('',(0.33240586012254,0.00451,0.0672210397044105));
#15581=CARTESIAN_POINT('',(0.332372653653213,0.00451,0.0692207625236525));
#15582=CARTESIAN_POINT('',(0.334372652159063,0.00451,0.0692207625236525));
#15583=CARTESIAN_POINT('',(0.334372652159063,0.00251,0.0692207625236525));
#15584=CARTESIAN_POINT('',(0.336372652159063,0.00251,0.0692207625236524));
#15585=CARTESIAN_POINT('',(0.332372653653213,0.00251,0.0692207625236525));
#15586=CARTESIAN_POINT('',(0.332372653653213,0.00251,0.0652207640178024));
#15587=CARTESIAN_POINT('',(0.332372653653213,0.00251,0.0672207640178024));
#15588=CARTESIAN_POINT('',(0.332372653653213,0.00451,0.0672207640178024));
#15589=CARTESIAN_POINT('',(0.332372653653213,0.00451,0.0692207625236525));
#15590=CARTESIAN_POINT('',(0.287412134559787,0.00251,0.0480404512879667));
#15591=CARTESIAN_POINT('',(0.28944033093035,0.00402894031477357,0.0463250613239278));
#15592=CARTESIAN_POINT('',(0.289308415566398,0.00391284425088223,0.0459592095744069));
#15593=CARTESIAN_POINT('',(0.288724588765624,0.00373709817121681,0.0453131572719273));
#15594=CARTESIAN_POINT('',(0.287857307947634,0.00394749943428262,0.0452945589190496));
#15595=CARTESIAN_POINT('',(0.287496480061646,0.00406731389818,0.0454316587518707));
#15596=CARTESIAN_POINT('',(0.28944033093035,0.00402894031477363,0.0463250613239278));
#15597=CARTESIAN_POINT('',(0.287496480061646,0.00406731389817992,0.0454316587518706));
#15598=CARTESIAN_POINT('',(0.289954823553342,0.00251,0.0458512790897938));
#15599=CARTESIAN_POINT('',(0.289954823553342,0.00309066654994362,0.0458512790897938));
#15600=CARTESIAN_POINT('',(0.289760986459998,0.00365665000465701,0.0460311540384763));
#15601=CARTESIAN_POINT('',(0.28944033093035,0.00402894031477358,0.0463250613239279));
#15602=CARTESIAN_POINT('',(0.289954823553342,0.00251,0.0458512790897938));
#15603=CARTESIAN_POINT('',(0.287412134559787,0.00251,0.0480404512879667));
#15604=CARTESIAN_POINT('',(0.287507766758544,0.00251,0.0446865585178024));
#15605=CARTESIAN_POINT('',(0.287507766758544,0.00251,0.0446865585178024));
#15606=CARTESIAN_POINT('',(0.287507766758544,0.00311088360643689,0.0446865585178024));
#15607=CARTESIAN_POINT('',(0.287503942811269,0.00369521977497647,0.0449698949001055));
#15608=CARTESIAN_POINT('',(0.287496480061645,0.00406731389817991,0.0454316587518706));
#15609=CARTESIAN_POINT('',(0.268171756775912,0.00451,0.0486865585178024));
#15610=CARTESIAN_POINT('',(0.268171756775912,0.00251,0.0486865585178024));
#15611=CARTESIAN_POINT('',(0.269874777223982,0.00251,0.0486865585178024));
#15612=CARTESIAN_POINT('',(0.286300480291828,0.00251,0.0486865585178024));
#15613=CARTESIAN_POINT('',(0.269874777223982,-0.02049,0.0486865585178024));
#15614=CARTESIAN_POINT('',(0.269874777223982,0.00151,0.0486865585178024));
#15615=CARTESIAN_POINT('',(0.268171756775912,0.00151,0.0486865585178024));
#15616=CARTESIAN_POINT('',(0.286300480291828,0.00151,0.0486865585178024));
#15617=CARTESIAN_POINT('',(0.286300480291828,0.00451,0.0486865585178024));
#15618=CARTESIAN_POINT('',(0.287751440613559,0.00451,0.0493093406924666));
#15619=CARTESIAN_POINT('',(0.287751440613559,0.00251,0.0493093406924666));
#15620=CARTESIAN_POINT('',(0.287719816484589,0.00251,0.0492774862088287));
#15621=CARTESIAN_POINT('',(0.287789055351825,0.00251,0.0493472294218537));
#15622=CARTESIAN_POINT('',(0.287719816484589,0.00151,0.0492774862088287));
#15623=CARTESIAN_POINT('',(0.287719816484589,0.00151,0.0492774862088287));
#15624=CARTESIAN_POINT('',(0.287751440613559,0.00151,0.0493093406924666));
#15625=CARTESIAN_POINT('',(0.287789055351825,0.00151,0.0493472294218537));
#15626=CARTESIAN_POINT('',(0.287789055351825,0.00451,0.0493472294218537));
#15627=CARTESIAN_POINT('',(0.332372652159063,0.00451,0.0975957639985188));
#15628=CARTESIAN_POINT('',(0.332372652159063,0.00251,0.0975957639985188));
#15629=CARTESIAN_POINT('',(0.332372652159063,0.00251,0.0712207640178024));
#15630=CARTESIAN_POINT('',(0.332372652159063,0.00251,0.123970371169862));
#15631=CARTESIAN_POINT('',(0.332372652159063,0.00151,0.0712207640178024));
#15632=CARTESIAN_POINT('',(0.332372652159063,0.00151,0.0712207640178024));
#15633=CARTESIAN_POINT('',(0.332372652159063,0.00151,0.0975957639985188));
#15634=CARTESIAN_POINT('',(0.332372652159063,0.00151,0.123970371169862));
#15635=CARTESIAN_POINT('',(0.332372652159063,0.00451,0.123970371169862));
#15636=CARTESIAN_POINT('',(0.323871079097474,0.00451,0.125969094394385));
#15637=CARTESIAN_POINT('',(0.323871079097474,0.00251,0.125969094394385));
#15638=CARTESIAN_POINT('',(0.330372259388265,0.00251,0.125970371131295));
#15639=CARTESIAN_POINT('',(0.31736950599732,0.00251,0.125967817580332));
#15640=CARTESIAN_POINT('',(0.330372259388265,0.00151,0.125970371131295));
#15641=CARTESIAN_POINT('',(0.330372259388265,0.00151,0.125970371131295));
#15642=CARTESIAN_POINT('',(0.323871079097474,0.00151,0.125969094394385));
#15643=CARTESIAN_POINT('',(0.31736950599732,0.00151,0.125967817580332));
#15644=CARTESIAN_POINT('',(0.31736950599732,0.00451,0.125967817580332));
#15645=CARTESIAN_POINT('',(0.258144719159055,0.00451,0.142371534165678));
#15646=CARTESIAN_POINT('',(0.258144719159055,0.00251,0.142371534165678));
#15647=CARTESIAN_POINT('',(0.275919719159046,0.00251,0.142373542672713));
#15648=CARTESIAN_POINT('',(0.242296211351289,0.00251,0.142369743344895));
#15649=CARTESIAN_POINT('',(0.275919719159046,0.00451,0.142373542672713));
#15650=CARTESIAN_POINT('',(0.275919719159046,0.00151,0.142373542672713));
#15651=CARTESIAN_POINT('',(0.258144719159055,0.00151,0.142371534165678));
#15652=CARTESIAN_POINT('',(0.242296211351289,0.00151,0.142369743344895));
#15653=CARTESIAN_POINT('',(0.242296211351289,0.00451,0.142369743344895));
#15654=CARTESIAN_POINT('',(0.237124887159063,0.00451,0.101131901017802));
#15655=CARTESIAN_POINT('',(0.237124887159063,0.00251,0.101131901017802));
#15656=CARTESIAN_POINT('',(0.237124887159063,0.00251,0.13720383262586));
#15657=CARTESIAN_POINT('',(0.237124887159063,0.00251,0.0650599694097447));
#15658=CARTESIAN_POINT('',(0.237124887159063,0.00451,0.13720383262586));
#15659=CARTESIAN_POINT('',(0.237124887159063,0.00151,0.13720383262586));
#15660=CARTESIAN_POINT('',(0.237124887159063,0.00151,0.101131901017802));
#15661=CARTESIAN_POINT('',(0.237124887159063,0.00151,0.0650599694097447));
#15662=CARTESIAN_POINT('',(0.237124887159063,0.00451,0.0650599694097447));
#15663=CARTESIAN_POINT('',(0.244790035321416,0.00451,0.0531094890813074));
#15664=CARTESIAN_POINT('',(0.244790035321416,0.00251,0.0531094890813074));
#15665=CARTESIAN_POINT('',(0.240955087563022,0.00251,0.0569467050240284));
#15666=CARTESIAN_POINT('',(0.249210351483769,0.00251,0.0486865585178024));
#15667=CARTESIAN_POINT('',(0.240955087563022,0.00151,0.0569467050240284));
#15668=CARTESIAN_POINT('',(0.240955087563022,0.00151,0.0569467050240284));
#15669=CARTESIAN_POINT('',(0.244790035321416,0.00151,0.0531094890813074));
#15670=CARTESIAN_POINT('',(0.249210351483769,0.00151,0.0486865585178024));
#15671=CARTESIAN_POINT('',(0.249210351483769,0.00451,0.0486865585178024));
#15672=CARTESIAN_POINT('',(0.268171756775912,0.00451,0.0486865585178024));
#15673=CARTESIAN_POINT('',(0.268171756775912,0.00251,0.0486865585178024));
#15674=CARTESIAN_POINT('',(0.255874777223981,0.00251,0.0486865585178024));
#15675=CARTESIAN_POINT('',(0.268171756775912,0.00151,0.0486865585178024));
#15676=CARTESIAN_POINT('',(0.255874777223981,0.00151,0.0486865585178024));
#15677=CARTESIAN_POINT('',(0.255874777223981,-0.02049,0.0486865585178024));
#15678=CARTESIAN_POINT('',(0.288369719159063,0.00451,0.0527820119424666));
#15679=CARTESIAN_POINT('',(0.288369719159063,0.00451,0.0536319010178024));
#15680=CARTESIAN_POINT('',(0.288369719159063,0.00151,0.0536319010178024));
#15681=CARTESIAN_POINT('',(0.288369719159063,0.00251,0.0536319010178024));
#15682=CARTESIAN_POINT('',(0.288369719159063,0.00251,0.0527820119424666));
#15683=CARTESIAN_POINT('',(0.288369719159063,0.00251,0.0507563017308274));
#15684=CARTESIAN_POINT('',(0.288369719159063,0.00451,0.0507563017308274));
#15685=CARTESIAN_POINT('',(0.288369719159063,0.00151,0.0507563017308274));
#15686=CARTESIAN_POINT('',(0.288369719159063,0.00151,0.0527820119424666));
#15687=CARTESIAN_POINT('',(0.291198999353693,0.00451,0.0556319010178024));
#15688=CARTESIAN_POINT('',(0.293195597772096,0.00451,0.0556319010178024));
#15689=CARTESIAN_POINT('',(0.293195597772096,0.00151,0.0556319010178024));
#15690=CARTESIAN_POINT('',(0.293195597772096,0.00251,0.0556319010178024));
#15691=CARTESIAN_POINT('',(0.291198999353693,0.00251,0.0556319010178024));
#15692=CARTESIAN_POINT('',(0.290369719159063,0.00251,0.0556319010178024));
#15693=CARTESIAN_POINT('',(0.290369719159063,0.00451,0.0556319010178024));
#15694=CARTESIAN_POINT('',(0.290369719159063,0.00151,0.0556319010178024));
#15695=CARTESIAN_POINT('',(0.291198999353693,0.00151,0.0556319010178024));
#15696=CARTESIAN_POINT('',(0.294339771561245,0.00451,0.0559456619830001));
#15697=CARTESIAN_POINT('',(0.294339771561245,0.00251,0.0559456619830001));
#15698=CARTESIAN_POINT('',(0.294614933964858,0.00251,0.0562228287088287));
#15699=CARTESIAN_POINT('',(0.294651263574167,0.00251,0.0562594229481978));
#15700=CARTESIAN_POINT('',(0.294614933964858,0.00451,0.0562228287088287));
#15701=CARTESIAN_POINT('',(0.294614933964858,0.00151,0.0562228287088287));
#15702=CARTESIAN_POINT('',(0.294339771561245,0.00151,0.0559456619830001));
#15703=CARTESIAN_POINT('',(0.294651263574167,0.00151,0.0562594229481978));
#15704=CARTESIAN_POINT('',(0.294651263574167,0.00451,0.0562594229481978));
#15705=CARTESIAN_POINT('',(0.296890305965443,0.00451,0.0540365721195824));
#15706=CARTESIAN_POINT('',(0.296890305965443,0.00251,0.0540365721195824));
#15707=CARTESIAN_POINT('',(0.296890004953182,0.00251,0.0571916278315462));
#15708=CARTESIAN_POINT('',(0.296890305965443,0.00151,0.0540365721195824));
#15709=CARTESIAN_POINT('',(0.296890004953182,0.00151,0.0571916278315462));
#15710=CARTESIAN_POINT('',(0.296890004953182,0.00451,0.0571916278315462));
#15711=CARTESIAN_POINT('',(0.305004410402643,0.00451,0.0571924019971245));
#15712=CARTESIAN_POINT('',(0.305004410402643,0.00251,0.0571924019971245));
#15713=CARTESIAN_POINT('',(0.311120524764453,0.00251,0.0571929855131));
#15714=CARTESIAN_POINT('',(0.305004410402643,0.00151,0.0571924019971245));
#15715=CARTESIAN_POINT('',(0.311120524764453,0.00151,0.0571929855131));
#15716=CARTESIAN_POINT('',(0.311120524764453,0.00451,0.0571929855131));
#15717=CARTESIAN_POINT('',(0.316370815439667,0.00451,0.0628029116829506));
#15718=CARTESIAN_POINT('',(0.316370815439667,0.00251,0.0628029116829506));
#15719=CARTESIAN_POINT('',(0.316370494512027,0.00251,0.0623803107345329));
#15720=CARTESIAN_POINT('',(0.316372653312471,0.00251,0.0652238031523407));
#15721=CARTESIAN_POINT('',(0.316370494512027,0.00451,0.0623803107345329));
#15722=CARTESIAN_POINT('',(0.316370494512027,0.00151,0.0623803107345329));
#15723=CARTESIAN_POINT('',(0.316370815439667,0.00151,0.0628029116829506));
#15724=CARTESIAN_POINT('',(0.316372653312471,0.00151,0.0652238031523407));
#15725=CARTESIAN_POINT('',(0.316372653312471,0.00451,0.0652238031523407));
#15726=CARTESIAN_POINT('',(0.320372650664913,0.00451,0.0652207655119524));
#15727=CARTESIAN_POINT('',(0.320372650664913,0.00251,0.0652207655119524));
#15728=CARTESIAN_POINT('',(0.320372650664913,0.00251,0.0692207640178024));
#15729=CARTESIAN_POINT('',(0.320372650664913,0.00151,0.0652207655119524));
#15730=CARTESIAN_POINT('',(0.320372650664913,0.00151,0.0692207640178024));
#15731=CARTESIAN_POINT('',(0.320372650664913,0.00451,0.0692207640178024));
#15732=CARTESIAN_POINT('',(0.326372651411988,0.00451,0.0692207640178024));
#15733=CARTESIAN_POINT('',(0.326372651411988,0.00251,0.0692207640178024));
#15734=CARTESIAN_POINT('',(0.330372652159063,0.00251,0.0692207640178024));
#15735=CARTESIAN_POINT('',(0.326372651411988,0.00151,0.0692207640178024));
#15736=CARTESIAN_POINT('',(0.330372652159063,0.00151,0.0692207640178024));
#15737=CARTESIAN_POINT('',(0.330372652159063,0.00451,0.0692207640178024));
#15738=CARTESIAN_POINT('',(0.315369907218265,0.00451,0.123924592845274));
#15739=CARTESIAN_POINT('',(0.315369907218265,0.00251,0.123924592845274));
#15740=CARTESIAN_POINT('',(0.315369898806684,0.00251,0.123967424848101));
#15741=CARTESIAN_POINT('',(0.315369915551153,0.00251,0.123882161548276));
#15742=CARTESIAN_POINT('',(0.315369898806684,0.00151,0.123967424848101));
#15743=CARTESIAN_POINT('',(0.315369898806684,0.00151,0.123967424848101));
#15744=CARTESIAN_POINT('',(0.315369907218265,0.00151,0.123924592845274));
#15745=CARTESIAN_POINT('',(0.315369915551153,0.00151,0.123882161548276));
#15746=CARTESIAN_POINT('',(0.315369915551153,0.00451,0.123882161548276));
#15747=CARTESIAN_POINT('',(0.296120013779853,0.00451,0.12188183687057));
#15748=CARTESIAN_POINT('',(0.296120013779853,0.00251,0.12188183687057));
#15749=CARTESIAN_POINT('',(0.313369907694821,0.00251,0.121881768777494));
#15750=CARTESIAN_POINT('',(0.278869711264165,0.00251,0.121881904965259));
#15751=CARTESIAN_POINT('',(0.313369907694821,0.00451,0.121881768777494));
#15752=CARTESIAN_POINT('',(0.313369907694821,0.00151,0.121881768777494));
#15753=CARTESIAN_POINT('',(0.296120013779853,0.00151,0.12188183687057));
#15754=CARTESIAN_POINT('',(0.278869711264165,0.00151,0.121881904965259));
#15755=CARTESIAN_POINT('',(0.278869711264165,0.00451,0.121881904965259));
#15756=CARTESIAN_POINT('',(0.276869719159063,0.00451,0.124627182163032));
#15757=CARTESIAN_POINT('',(0.276869719159063,0.00251,0.124627182163032));
#15758=CARTESIAN_POINT('',(0.276869719159063,0.00251,0.123881904965244));
#15759=CARTESIAN_POINT('',(0.276869719159063,0.00251,0.126720401021302));
#15760=CARTESIAN_POINT('',(0.276869719159063,0.00451,0.123881904965244));
#15761=CARTESIAN_POINT('',(0.276869719159063,0.00151,0.123881904965244));
#15762=CARTESIAN_POINT('',(0.276869719159063,0.00151,0.124627182163032));
#15763=CARTESIAN_POINT('',(0.276869719159063,0.00151,0.126720401021302));
#15764=CARTESIAN_POINT('',(0.276869719159063,0.00451,0.126720401021302));
#15765=CARTESIAN_POINT('',(0.279919668664913,0.00451,0.129960461523602));
#15766=CARTESIAN_POINT('',(0.279919668664913,0.00251,0.129960461523602));
#15767=CARTESIAN_POINT('',(0.276553036080201,0.00251,0.127800421457687));
#15768=CARTESIAN_POINT('',(0.275919670159104,0.00251,0.129960477313392));
#15769=CARTESIAN_POINT('',(0.276553036080201,0.00451,0.127800421457687));
#15770=CARTESIAN_POINT('',(0.276553036080201,0.00151,0.127800421457687));
#15771=CARTESIAN_POINT('',(0.279919668664913,0.00151,0.129960461523602));
#15772=CARTESIAN_POINT('',(0.275919670159104,0.00151,0.129960477313392));
#15773=CARTESIAN_POINT('',(0.275919670159104,0.00451,0.129960477313392));
#15774=CARTESIAN_POINT('',(0.275919694659075,0.00451,0.136167009993052));
#15775=CARTESIAN_POINT('',(0.275919694659075,0.00251,0.136167009993052));
#15776=CARTESIAN_POINT('',(0.275919694659075,0.00151,0.136167009993052));
#15777=CARTESIAN_POINT('',(0.240369719159063,0.00451,0.0603321603313074));
#15778=CARTESIAN_POINT('',(0.240369719159063,0.00251,0.0603321603313074));
#15779=CARTESIAN_POINT('',(0.240369719159063,0.00251,0.0611319010178024));
#15780=CARTESIAN_POINT('',(0.240369719159063,0.00251,0.058360500429128));
#15781=CARTESIAN_POINT('',(0.240369719159063,0.00451,0.0611319010178024));
#15782=CARTESIAN_POINT('',(0.240369719159063,0.00151,0.0611319010178024));
#15783=CARTESIAN_POINT('',(0.240369719159063,0.00151,0.0603321603313074));
#15784=CARTESIAN_POINT('',(0.240369719159063,0.00151,0.058360500429128));
#15785=CARTESIAN_POINT('',(0.240369719159063,0.00451,0.058360500429128));
#15786=CARTESIAN_POINT('',(0.330372652159063,0.00451,0.123970371169862));
#15787=CARTESIAN_POINT('',(0.330372652159063,0.00251,0.123970371169862));
#15788=CARTESIAN_POINT('',(0.330372652159063,0.00151,0.123970371169862));
#15789=CARTESIAN_POINT('',(0.330372652159063,0.00451,0.0712207640178024));
#15790=CARTESIAN_POINT('',(0.330372652159063,0.00251,0.0712207640178024));
#15791=CARTESIAN_POINT('',(0.330372652159063,0.00151,0.0712207640178024));
#15792=CARTESIAN_POINT('',(0.314370495088732,0.00451,0.0623818295552943));
#15793=CARTESIAN_POINT('',(0.314370495088732,0.00251,0.0623818295552943));
#15794=CARTESIAN_POINT('',(0.314709634892245,0.00251,0.0604107932304963));
#15795=CARTESIAN_POINT('',(0.314709634892245,0.00451,0.0604107932304963));
#15796=CARTESIAN_POINT('',(0.314709634892245,0.00151,0.0604107932304963));
#15797=CARTESIAN_POINT('',(0.314370495088732,0.00151,0.0623818295552943));
#15798=CARTESIAN_POINT('',(0.31112033395181,0.00451,0.0591929855039977));
#15799=CARTESIAN_POINT('',(0.31112033395181,0.00251,0.0591929855039977));
#15800=CARTESIAN_POINT('',(0.313084554323784,0.00251,0.058816371204848));
#15801=CARTESIAN_POINT('',(0.31112033395181,0.00151,0.0591929855039977));
#15802=CARTESIAN_POINT('',(0.313084554323784,0.00151,0.058816371204848));
#15803=CARTESIAN_POINT('',(0.313084554323784,0.00451,0.058816371204848));
#15804=CARTESIAN_POINT('',(0.286300480291828,0.00451,0.0506865585178024));
#15805=CARTESIAN_POINT('',(0.286300480291828,0.00251,0.0506865585178024));
#15806=CARTESIAN_POINT('',(0.286300480291828,0.00151,0.0506865585178024));
#15807=CARTESIAN_POINT('',(0.286369719159063,0.00451,0.0507563017308274));
#15808=CARTESIAN_POINT('',(0.286369719159063,0.00251,0.0507563017308274));
#15809=CARTESIAN_POINT('',(0.286369719159063,0.00151,0.0507563017308274));
#15810=CARTESIAN_POINT('',(0.293195597772096,0.00451,0.0576319010178024));
#15811=CARTESIAN_POINT('',(0.293195597772096,0.00251,0.0576319010178024));
#15812=CARTESIAN_POINT('',(0.293195597772096,0.00151,0.0576319010178024));
#15813=CARTESIAN_POINT('',(0.290369719159063,0.00451,0.0536319010178024));
#15814=CARTESIAN_POINT('',(0.290369719159063,0.00251,0.0536319010178024));
#15815=CARTESIAN_POINT('',(0.290369719159063,0.00151,0.0536319010178024));
#15816=CARTESIAN_POINT('',(0.238369719159063,0.00451,0.0611319010178024));
#15817=CARTESIAN_POINT('',(0.238369719159063,0.00251,0.0611319010178024));
#15818=CARTESIAN_POINT('',(0.238747303159063,0.00251,0.0630959352137736));
#15819=CARTESIAN_POINT('',(0.238747303159063,0.00451,0.0630959352137736));
#15820=CARTESIAN_POINT('',(0.238747303159063,0.00151,0.0630959352137736));
#15821=CARTESIAN_POINT('',(0.238369719159063,0.00151,0.0611319010178024));
#15822=CARTESIAN_POINT('',(0.313369915589719,0.00451,0.123881768777478));
#15823=CARTESIAN_POINT('',(0.313369915589719,0.00251,0.123881768777478));
#15824=CARTESIAN_POINT('',(0.313369915589719,0.00151,0.123881768777478));
#15825=CARTESIAN_POINT('',(0.278869719159063,0.00451,0.123881904965244));
#15826=CARTESIAN_POINT('',(0.278869719159063,0.00251,0.123881904965244));
#15827=CARTESIAN_POINT('',(0.278869719159063,0.00151,0.123881904965244));
#15828=CARTESIAN_POINT('',(0.274869719159063,0.00451,0.126720401021302));
#15829=CARTESIAN_POINT('',(0.274869719159063,0.00251,0.126720401021302));
#15830=CARTESIAN_POINT('',(0.274869719159063,0.00151,0.126720401021302));
#15831=CARTESIAN_POINT('',(0.242369719159063,0.00451,0.058360500429128));
#15832=CARTESIAN_POINT('',(0.242369719159063,0.00251,0.058360500429128));
#15833=CARTESIAN_POINT('',(0.242369719159063,0.00151,0.058360500429128));
#15834=CARTESIAN_POINT('',(0.239124887159063,0.00451,0.0650599694097447));
#15835=CARTESIAN_POINT('',(0.239124887159063,0.00251,0.0650599694097447));
#15836=CARTESIAN_POINT('',(0.239124887159063,0.00151,0.0650599694097447));
#15837=CARTESIAN_POINT('',(0.317369898768117,0.00451,0.1239678176189));
#15838=CARTESIAN_POINT('',(0.317369898768117,0.00251,0.1239678176189));
#15839=CARTESIAN_POINT('',(0.317369898768117,0.00151,0.1239678176189));
#15840=CARTESIAN_POINT('',(0.239124887159063,0.00451,0.13720383262586));
#15841=CARTESIAN_POINT('',(0.239124887159063,0.00251,0.13720383262586));
#15842=CARTESIAN_POINT('',(0.238747303159063,0.00251,0.139167866821831));
#15843=CARTESIAN_POINT('',(0.238747303159063,0.00451,0.139167866821831));
#15844=CARTESIAN_POINT('',(0.238747303159063,0.00151,0.139167866821831));
#15845=CARTESIAN_POINT('',(0.239124887159063,0.00151,0.13720383262586));
#15846=CARTESIAN_POINT('',(0.242296437343641,0.00451,0.140369743357663));
#15847=CARTESIAN_POINT('',(0.242296437343641,0.00251,0.140369743357663));
#15848=CARTESIAN_POINT('',(0.240333078251352,0.00251,0.140750822187733));
#15849=CARTESIAN_POINT('',(0.242296437343641,0.00151,0.140369743357663));
#15850=CARTESIAN_POINT('',(0.240333078251352,0.00151,0.140750822187733));
#15851=CARTESIAN_POINT('',(0.240333078251352,0.00451,0.140750822187733));
#15852=CARTESIAN_POINT('',(0.284750007159063,0.00451,0.0955300540178024));
#15853=CARTESIAN_POINT('',(0.248372466562737,0.00451,0.0468065701009717));
#15854=CARTESIAN_POINT('',(0.247258121625295,0.00451,0.0478106793382546));
#15855=CARTESIAN_POINT('',(0.249867657928385,0.00451,0.0466865585178024));
#15856=CARTESIAN_POINT('',(0.242133297192247,0.00451,0.0529385348546932));
#15857=CARTESIAN_POINT('',(0.235420240521073,0.00451,0.0596555619710699));
#15858=CARTESIAN_POINT('',(0.236478894399143,0.00451,0.0605017124020926));
#15859=CARTESIAN_POINT('',(0.235124887159063,0.00451,0.0605598757864762));
#15860=CARTESIAN_POINT('',(0.235124887159063,0.00451,0.0955300540178024));
#15861=CARTESIAN_POINT('',(0.235124887159063,0.00451,0.142369160511902));
#15862=CARTESIAN_POINT('',(0.237124885664913,0.00451,0.142369160511902));
#15863=CARTESIAN_POINT('',(0.237124659672732,0.00451,0.144369158992097));
#15864=CARTESIAN_POINT('',(0.284744487918927,0.00451,0.144374539850608));
#15865=CARTESIAN_POINT('',(0.27733385496497,0.00451,0.143787835207648));
#15866=CARTESIAN_POINT('',(0.277919534246887,0.00451,0.0955300809807458));
#15867=CARTESIAN_POINT('',(0.277919662262614,0.00451,0.127960070245446));
#15868=CARTESIAN_POINT('',(0.28474363811408,0.00451,0.127961410374692));
#15869=CARTESIAN_POINT('',(0.333786727286901,0.00451,0.127385116876278));
#15870=CARTESIAN_POINT('',(0.334372652159063,0.00451,0.0955300540178024));
#15871=CARTESIAN_POINT('',(0.333786866159063,0.00451,0.0678065500178029));
#15872=CARTESIAN_POINT('',(0.284750007159063,0.00451,0.0672207640178024));
#15873=CARTESIAN_POINT('',(0.318374170980262,0.00451,0.0672207640178024));
#15874=CARTESIAN_POINT('',(0.318395649951566,0.00451,0.0955045031600317));
#15875=CARTESIAN_POINT('',(0.318366555004521,0.00451,0.0571919657044644));
#15876=CARTESIAN_POINT('',(0.316366557653213,0.00451,0.0571934845236524));
#15877=CARTESIAN_POINT('',(0.316366748465713,0.00451,0.0551934860269049));
#15878=CARTESIAN_POINT('',(0.284753855810404,0.00451,0.0551904699570922));
#15879=CARTESIAN_POINT('',(0.296409363490607,0.00451,0.0551915819662098));
#15880=CARTESIAN_POINT('',(0.310790699711053,0.00451,0.0696776738920538));
#15881=CARTESIAN_POINT('',(0.289126958199434,0.00451,0.0478561305956201));
#15882=CARTESIAN_POINT('',(0.288029256568508,0.00451,0.0468338531726755));
#15883=CARTESIAN_POINT('',(0.286536505991672,0.00451,0.0466865585178024));
#15884=CARTESIAN_POINT('',(0.284750007159063,0.00451,0.0466865585178024));
#15885=CARTESIAN_POINT('',(0.269874777223982,0.00451,0.0466865585178024));
#15886=CARTESIAN_POINT('',(0.269874777223982,0.00451,0.0466865585178024));
#15887=CARTESIAN_POINT('',(0.269874777223982,0.00451,0.0486865585178024));
#15888=CARTESIAN_POINT('',(0.268171756775912,0.00451,0.0486865585178024));
#15889=CARTESIAN_POINT('',(0.255874777223981,0.00451,0.0486865585178024));
#15890=CARTESIAN_POINT('',(0.255874777223981,0.00451,0.0466865585178024));
#15891=CARTESIAN_POINT('',(0.255874777223981,0.00451,0.0466865585178024));
#15892=CARTESIAN_POINT('',(0.284750007159063,0.00451,0.0466865585178024));
#15893=CARTESIAN_POINT('',(0.312369719159063,0.00451,0.124881901017802));
#15894=CARTESIAN_POINT('',(0.312369719159063,0.00451,0.125981901017802));
#15895=CARTESIAN_POINT('',(0.279869719159063,0.00451,0.124881901017802));
#15896=CARTESIAN_POINT('',(0.279869719159063,0.00451,0.125981901017802));
#15897=CARTESIAN_POINT('',(0.238369719159063,0.00451,0.0611319010178024));
#15898=CARTESIAN_POINT('',(0.238369719159063,0.00451,0.0622319010178024));
#15899=CARTESIAN_POINT('',(0.238369719159063,0.00451,0.141131901017802));
#15900=CARTESIAN_POINT('',(0.238369719159063,0.00451,0.142231901017802));
#15901=CARTESIAN_POINT('',(0.315119719159063,0.00451,0.0583819010178024));
#15902=CARTESIAN_POINT('',(0.315119719159063,0.00451,0.0594819010178024));
#15903=CARTESIAN_POINT('',(0.290369719159063,0.00451,0.0536319010178024));
#15904=CARTESIAN_POINT('',(0.290369719159063,0.00451,0.0547319010178024));
#15905=CARTESIAN_POINT('',(0.279774887159063,0.00451,0.0611693313497394));
#15906=CARTESIAN_POINT('',(0.279774887159063,0.00451,0.0606693313497394));
#15907=CARTESIAN_POINT('',(0.279274887159063,0.00451,0.0611693313497394));
#15908=CARTESIAN_POINT('',(0.286274887159063,0.00451,0.0606693313497394));
#15909=CARTESIAN_POINT('',(0.292774887159063,0.00451,0.0606693313497394));
#15910=CARTESIAN_POINT('',(0.292774887159063,0.00451,0.0611693313497394));
#15911=CARTESIAN_POINT('',(0.293274887159063,0.00451,0.0611693313497394));
#15912=CARTESIAN_POINT('',(0.293274887159063,0.00451,0.0676693313497394));
#15913=CARTESIAN_POINT('',(0.293274887159063,0.00451,0.0741693313497394));
#15914=CARTESIAN_POINT('',(0.292774887159063,0.00451,0.0741693313497394));
#15915=CARTESIAN_POINT('',(0.292774887159063,0.00451,0.0746693313497394));
#15916=CARTESIAN_POINT('',(0.286274887159063,0.00451,0.0746693313497394));
#15917=CARTESIAN_POINT('',(0.279774887159063,0.00451,0.0746693313497394));
#15918=CARTESIAN_POINT('',(0.279774887159063,0.00451,0.0741693313497394));
#15919=CARTESIAN_POINT('',(0.279274887159063,0.00451,0.0741693313497394));
#15920=CARTESIAN_POINT('',(0.279274887159063,0.00451,0.0676693313497394));
#15921=CARTESIAN_POINT('',(0.298824887159063,0.00451,0.0611693313497394));
#15922=CARTESIAN_POINT('',(0.298824887159063,0.00451,0.0606693313497394));
#15923=CARTESIAN_POINT('',(0.298324887159063,0.00451,0.0611693313497394));
#15924=CARTESIAN_POINT('',(0.305324887159063,0.00451,0.0606693313497394));
#15925=CARTESIAN_POINT('',(0.311824887159063,0.00451,0.0606693313497394));
#15926=CARTESIAN_POINT('',(0.311824887159063,0.00451,0.0611693313497394));
#15927=CARTESIAN_POINT('',(0.312324887159063,0.00451,0.0611693313497394));
#15928=CARTESIAN_POINT('',(0.312324887159063,0.00451,0.0676693313497394));
#15929=CARTESIAN_POINT('',(0.312324887159063,0.00451,0.0741693313497394));
#15930=CARTESIAN_POINT('',(0.311824887159063,0.00451,0.0741693313497394));
#15931=CARTESIAN_POINT('',(0.311824887159063,0.00451,0.0746693313497394));
#15932=CARTESIAN_POINT('',(0.305324887159063,0.00451,0.0746693313497394));
#15933=CARTESIAN_POINT('',(0.298824887159063,0.00451,0.0746693313497394));
#15934=CARTESIAN_POINT('',(0.298824887159063,0.00451,0.0741693313497394));
#15935=CARTESIAN_POINT('',(0.298324887159063,0.00451,0.0741693313497394));
#15936=CARTESIAN_POINT('',(0.298324887159063,0.00451,0.0676693313497394));
#15937=CARTESIAN_POINT('',(0.241674887159063,0.00451,0.0706943313497394));
#15938=CARTESIAN_POINT('',(0.241674887159063,0.00451,0.0701943313497394));
#15939=CARTESIAN_POINT('',(0.241174887159063,0.00451,0.0706943313497394));
#15940=CARTESIAN_POINT('',(0.248174887159063,0.00451,0.0701943313497394));
#15941=CARTESIAN_POINT('',(0.254674887159063,0.00451,0.0701943313497394));
#15942=CARTESIAN_POINT('',(0.254674887159063,0.00451,0.0706943313497394));
#15943=CARTESIAN_POINT('',(0.255174887159063,0.00451,0.0706943313497394));
#15944=CARTESIAN_POINT('',(0.255174887159063,0.00451,0.0771943313497394));
#15945=CARTESIAN_POINT('',(0.255174887159063,0.00451,0.0836943313497394));
#15946=CARTESIAN_POINT('',(0.254674887159063,0.00451,0.0836943313497394));
#15947=CARTESIAN_POINT('',(0.254674887159063,0.00451,0.0841943313497394));
#15948=CARTESIAN_POINT('',(0.248174887159063,0.00451,0.0841943313497394));
#15949=CARTESIAN_POINT('',(0.241674887159063,0.00451,0.0841943313497394));
#15950=CARTESIAN_POINT('',(0.241674887159063,0.00451,0.0836943313497394));
#15951=CARTESIAN_POINT('',(0.241174887159063,0.00451,0.0836943313497394));
#15952=CARTESIAN_POINT('',(0.241174887159063,0.00451,0.0771943313497394));
#15953=CARTESIAN_POINT('',(0.260724887159063,0.00451,0.0706943313497394));
#15954=CARTESIAN_POINT('',(0.260724887159063,0.00451,0.0701943313497394));
#15955=CARTESIAN_POINT('',(0.260224887159063,0.00451,0.0706943313497394));
#15956=CARTESIAN_POINT('',(0.267224887159063,0.00451,0.0701943313497394));
#15957=CARTESIAN_POINT('',(0.273724887159063,0.00451,0.0701943313497394));
#15958=CARTESIAN_POINT('',(0.273724887159063,0.00451,0.0706943313497394));
#15959=CARTESIAN_POINT('',(0.274224887159063,0.00451,0.0706943313497394));
#15960=CARTESIAN_POINT('',(0.274224887159063,0.00451,0.0771943313497394));
#15961=CARTESIAN_POINT('',(0.274224887159063,0.00451,0.0836943313497394));
#15962=CARTESIAN_POINT('',(0.273724887159063,0.00451,0.0836943313497394));
#15963=CARTESIAN_POINT('',(0.273724887159063,0.00451,0.0841943313497394));
#15964=CARTESIAN_POINT('',(0.267224887159063,0.00451,0.0841943313497394));
#15965=CARTESIAN_POINT('',(0.260724887159063,0.00451,0.0841943313497394));
#15966=CARTESIAN_POINT('',(0.260724887159063,0.00451,0.0836943313497394));
#15967=CARTESIAN_POINT('',(0.260224887159063,0.00451,0.0836943313497394));
#15968=CARTESIAN_POINT('',(0.260224887159063,0.00451,0.0771943313497394));
#15969=CARTESIAN_POINT('',(0.317874887159063,0.00451,0.0706943313497394));
#15970=CARTESIAN_POINT('',(0.317874887159063,0.00451,0.0701943313497394));
#15971=CARTESIAN_POINT('',(0.317374887159063,0.00451,0.0706943313497394));
#15972=CARTESIAN_POINT('',(0.324374887159063,0.00451,0.0701943313497394));
#15973=CARTESIAN_POINT('',(0.330874887159063,0.00451,0.0701943313497394));
#15974=CARTESIAN_POINT('',(0.330874887159063,0.00451,0.0706943313497394));
#15975=CARTESIAN_POINT('',(0.331374887159063,0.00451,0.0706943313497394));
#15976=CARTESIAN_POINT('',(0.331374887159063,0.00451,0.0771943313497394));
#15977=CARTESIAN_POINT('',(0.331374887159063,0.00451,0.0836943313497394));
#15978=CARTESIAN_POINT('',(0.330874887159063,0.00451,0.0836943313497394));
#15979=CARTESIAN_POINT('',(0.330874887159063,0.00451,0.0841943313497394));
#15980=CARTESIAN_POINT('',(0.324374887159063,0.00451,0.0841943313497394));
#15981=CARTESIAN_POINT('',(0.317874887159063,0.00451,0.0841943313497394));
#15982=CARTESIAN_POINT('',(0.317874887159063,0.00451,0.0836943313497394));
#15983=CARTESIAN_POINT('',(0.317374887159063,0.00451,0.0836943313497394));
#15984=CARTESIAN_POINT('',(0.317374887159063,0.00451,0.0771943313497394));
#15985=CARTESIAN_POINT('',(0.279774887159063,0.00451,0.0802193313497394));
#15986=CARTESIAN_POINT('',(0.279774887159063,0.00451,0.0797193313497394));
#15987=CARTESIAN_POINT('',(0.279274887159063,0.00451,0.0802193313497394));
#15988=CARTESIAN_POINT('',(0.286274887159063,0.00451,0.0797193313497394));
#15989=CARTESIAN_POINT('',(0.292774887159063,0.00451,0.0797193313497394));
#15990=CARTESIAN_POINT('',(0.292774887159063,0.00451,0.0802193313497394));
#15991=CARTESIAN_POINT('',(0.293274887159063,0.00451,0.0802193313497394));
#15992=CARTESIAN_POINT('',(0.293274887159063,0.00451,0.0867193313497394));
#15993=CARTESIAN_POINT('',(0.293274887159063,0.00451,0.0932193313497394));
#15994=CARTESIAN_POINT('',(0.292774887159063,0.00451,0.0932193313497394));
#15995=CARTESIAN_POINT('',(0.292774887159063,0.00451,0.0937193313497394));
#15996=CARTESIAN_POINT('',(0.286274887159063,0.00451,0.0937193313497394));
#15997=CARTESIAN_POINT('',(0.279774887159063,0.00451,0.0937193313497394));
#15998=CARTESIAN_POINT('',(0.279774887159063,0.00451,0.0932193313497394));
#15999=CARTESIAN_POINT('',(0.279274887159063,0.00451,0.0932193313497394));
#16000=CARTESIAN_POINT('',(0.279274887159063,0.00451,0.0867193313497394));
#16001=CARTESIAN_POINT('',(0.298824887159063,0.00451,0.0802193313497394));
#16002=CARTESIAN_POINT('',(0.298824887159063,0.00451,0.0797193313497394));
#16003=CARTESIAN_POINT('',(0.298324887159063,0.00451,0.0802193313497394));
#16004=CARTESIAN_POINT('',(0.305324887159063,0.00451,0.0797193313497394));
#16005=CARTESIAN_POINT('',(0.311824887159063,0.00451,0.0797193313497394));
#16006=CARTESIAN_POINT('',(0.311824887159063,0.00451,0.0802193313497394));
#16007=CARTESIAN_POINT('',(0.312324887159063,0.00451,0.0802193313497394));
#16008=CARTESIAN_POINT('',(0.312324887159063,0.00451,0.0867193313497394));
#16009=CARTESIAN_POINT('',(0.312324887159063,0.00451,0.0932193313497394));
#16010=CARTESIAN_POINT('',(0.311824887159063,0.00451,0.0932193313497394));
#16011=CARTESIAN_POINT('',(0.311824887159063,0.00451,0.0937193313497394));
#16012=CARTESIAN_POINT('',(0.305324887159063,0.00451,0.0937193313497394));
#16013=CARTESIAN_POINT('',(0.298824887159063,0.00451,0.0937193313497394));
#16014=CARTESIAN_POINT('',(0.298824887159063,0.00451,0.0932193313497394));
#16015=CARTESIAN_POINT('',(0.298324887159063,0.00451,0.0932193313497394));
#16016=CARTESIAN_POINT('',(0.298324887159063,0.00451,0.0867193313497394));
#16017=CARTESIAN_POINT('',(0.241674887159063,0.00451,0.0897443313497394));
#16018=CARTESIAN_POINT('',(0.241674887159063,0.00451,0.0892443313497394));
#16019=CARTESIAN_POINT('',(0.241174887159063,0.00451,0.0897443313497394));
#16020=CARTESIAN_POINT('',(0.248174887159063,0.00451,0.0892443313497394));
#16021=CARTESIAN_POINT('',(0.254674887159063,0.00451,0.0892443313497394));
#16022=CARTESIAN_POINT('',(0.254674887159063,0.00451,0.0897443313497394));
#16023=CARTESIAN_POINT('',(0.255174887159063,0.00451,0.0897443313497394));
#16024=CARTESIAN_POINT('',(0.255174887159063,0.00451,0.0962443313497394));
#16025=CARTESIAN_POINT('',(0.255174887159063,0.00451,0.102744331349739));
#16026=CARTESIAN_POINT('',(0.254674887159063,0.00451,0.102744331349739));
#16027=CARTESIAN_POINT('',(0.254674887159063,0.00451,0.103244331349739));
#16028=CARTESIAN_POINT('',(0.248174887159063,0.00451,0.103244331349739));
#16029=CARTESIAN_POINT('',(0.241674887159063,0.00451,0.103244331349739));
#16030=CARTESIAN_POINT('',(0.241674887159063,0.00451,0.102744331349739));
#16031=CARTESIAN_POINT('',(0.241174887159063,0.00451,0.102744331349739));
#16032=CARTESIAN_POINT('',(0.241174887159063,0.00451,0.0962443313497394));
#16033=CARTESIAN_POINT('',(0.260724887159063,0.00451,0.0897443313497394));
#16034=CARTESIAN_POINT('',(0.260724887159063,0.00451,0.0892443313497394));
#16035=CARTESIAN_POINT('',(0.260224887159063,0.00451,0.0897443313497394));
#16036=CARTESIAN_POINT('',(0.267224887159063,0.00451,0.0892443313497394));
#16037=CARTESIAN_POINT('',(0.273724887159063,0.00451,0.0892443313497394));
#16038=CARTESIAN_POINT('',(0.273724887159063,0.00451,0.0897443313497394));
#16039=CARTESIAN_POINT('',(0.274224887159063,0.00451,0.0897443313497394));
#16040=CARTESIAN_POINT('',(0.274224887159063,0.00451,0.0962443313497394));
#16041=CARTESIAN_POINT('',(0.274224887159063,0.00451,0.102744331349739));
#16042=CARTESIAN_POINT('',(0.273724887159063,0.00451,0.102744331349739));
#16043=CARTESIAN_POINT('',(0.273724887159063,0.00451,0.103244331349739));
#16044=CARTESIAN_POINT('',(0.267224887159063,0.00451,0.103244331349739));
#16045=CARTESIAN_POINT('',(0.260724887159063,0.00451,0.103244331349739));
#16046=CARTESIAN_POINT('',(0.260724887159063,0.00451,0.102744331349739));
#16047=CARTESIAN_POINT('',(0.260224887159063,0.00451,0.102744331349739));
#16048=CARTESIAN_POINT('',(0.260224887159063,0.00451,0.0962443313497394));
#16049=CARTESIAN_POINT('',(0.317874887159063,0.00451,0.0897443313497394));
#16050=CARTESIAN_POINT('',(0.317874887159063,0.00451,0.0892443313497394));
#16051=CARTESIAN_POINT('',(0.317374887159063,0.00451,0.0897443313497394));
#16052=CARTESIAN_POINT('',(0.324374887159063,0.00451,0.0892443313497394));
#16053=CARTESIAN_POINT('',(0.330874887159063,0.00451,0.0892443313497394));
#16054=CARTESIAN_POINT('',(0.330874887159063,0.00451,0.0897443313497394));
#16055=CARTESIAN_POINT('',(0.331374887159063,0.00451,0.0897443313497394));
#16056=CARTESIAN_POINT('',(0.331374887159063,0.00451,0.0962443313497394));
#16057=CARTESIAN_POINT('',(0.331374887159063,0.00451,0.102744331349739));
#16058=CARTESIAN_POINT('',(0.330874887159063,0.00451,0.102744331349739));
#16059=CARTESIAN_POINT('',(0.330874887159063,0.00451,0.103244331349739));
#16060=CARTESIAN_POINT('',(0.324374887159063,0.00451,0.103244331349739));
#16061=CARTESIAN_POINT('',(0.317874887159063,0.00451,0.103244331349739));
#16062=CARTESIAN_POINT('',(0.317874887159063,0.00451,0.102744331349739));
#16063=CARTESIAN_POINT('',(0.317374887159063,0.00451,0.102744331349739));
#16064=CARTESIAN_POINT('',(0.317374887159063,0.00451,0.0962443313497394));
#16065=CARTESIAN_POINT('',(0.279774887159063,0.00451,0.0992693313497394));
#16066=CARTESIAN_POINT('',(0.279774887159063,0.00451,0.0987693313497394));
#16067=CARTESIAN_POINT('',(0.279274887159063,0.00451,0.0992693313497394));
#16068=CARTESIAN_POINT('',(0.286274887159063,0.00451,0.0987693313497394));
#16069=CARTESIAN_POINT('',(0.292774887159063,0.00451,0.0987693313497394));
#16070=CARTESIAN_POINT('',(0.292774887159063,0.00451,0.0992693313497394));
#16071=CARTESIAN_POINT('',(0.293274887159063,0.00451,0.0992693313497394));
#16072=CARTESIAN_POINT('',(0.293274887159063,0.00451,0.105769331349739));
#16073=CARTESIAN_POINT('',(0.293274887159063,0.00451,0.112269331349739));
#16074=CARTESIAN_POINT('',(0.292774887159063,0.00451,0.112269331349739));
#16075=CARTESIAN_POINT('',(0.292774887159063,0.00451,0.112769331349739));
#16076=CARTESIAN_POINT('',(0.286274887159063,0.00451,0.112769331349739));
#16077=CARTESIAN_POINT('',(0.279774887159063,0.00451,0.112769331349739));
#16078=CARTESIAN_POINT('',(0.279774887159063,0.00451,0.112269331349739));
#16079=CARTESIAN_POINT('',(0.279274887159063,0.00451,0.112269331349739));
#16080=CARTESIAN_POINT('',(0.279274887159063,0.00451,0.105769331349739));
#16081=CARTESIAN_POINT('',(0.298824887159063,0.00451,0.0992693313497394));
#16082=CARTESIAN_POINT('',(0.298824887159063,0.00451,0.0987693313497394));
#16083=CARTESIAN_POINT('',(0.298324887159063,0.00451,0.0992693313497394));
#16084=CARTESIAN_POINT('',(0.305324887159063,0.00451,0.0987693313497394));
#16085=CARTESIAN_POINT('',(0.311824887159063,0.00451,0.0987693313497394));
#16086=CARTESIAN_POINT('',(0.311824887159063,0.00451,0.0992693313497394));
#16087=CARTESIAN_POINT('',(0.312324887159063,0.00451,0.0992693313497394));
#16088=CARTESIAN_POINT('',(0.312324887159063,0.00451,0.105769331349739));
#16089=CARTESIAN_POINT('',(0.312324887159063,0.00451,0.112269331349739));
#16090=CARTESIAN_POINT('',(0.311824887159063,0.00451,0.112269331349739));
#16091=CARTESIAN_POINT('',(0.311824887159063,0.00451,0.112769331349739));
#16092=CARTESIAN_POINT('',(0.305324887159063,0.00451,0.112769331349739));
#16093=CARTESIAN_POINT('',(0.298824887159063,0.00451,0.112769331349739));
#16094=CARTESIAN_POINT('',(0.298824887159063,0.00451,0.112269331349739));
#16095=CARTESIAN_POINT('',(0.298324887159063,0.00451,0.112269331349739));
#16096=CARTESIAN_POINT('',(0.298324887159063,0.00451,0.105769331349739));
#16097=CARTESIAN_POINT('',(0.241599423074646,0.00451,0.108812167640637));
#16098=CARTESIAN_POINT('',(0.241599423074646,0.00451,0.108312167640637));
#16099=CARTESIAN_POINT('',(0.241099423074646,0.00451,0.108812167640637));
#16100=CARTESIAN_POINT('',(0.248099423074646,0.00451,0.108312167640637));
#16101=CARTESIAN_POINT('',(0.254599423074646,0.00451,0.108312167640637));
#16102=CARTESIAN_POINT('',(0.254599741556284,0.00451,0.108812167539207));
#16103=CARTESIAN_POINT('',(0.255099423074646,0.00451,0.108794324327405));
#16104=CARTESIAN_POINT('',(0.255099423074646,0.00451,0.115303245984021));
#16105=CARTESIAN_POINT('',(0.255099423074646,0.00451,0.121812167640637));
#16106=CARTESIAN_POINT('',(0.254599423074646,0.00451,0.121812167640637));
#16107=CARTESIAN_POINT('',(0.254599423074646,0.00451,0.122312167640637));
#16108=CARTESIAN_POINT('',(0.248099423074646,0.00451,0.122312167640637));
#16109=CARTESIAN_POINT('',(0.241599423074646,0.00451,0.122312167640637));
#16110=CARTESIAN_POINT('',(0.241599423074646,0.00451,0.121812167640637));
#16111=CARTESIAN_POINT('',(0.241099423074646,0.00451,0.121812167640637));
#16112=CARTESIAN_POINT('',(0.241099423074646,0.00451,0.115312167640637));
#16113=CARTESIAN_POINT('',(0.260724887159063,0.00451,0.108794331349739));
#16114=CARTESIAN_POINT('',(0.260724887159063,0.00451,0.108294331349739));
#16115=CARTESIAN_POINT('',(0.260224887159063,0.00451,0.108794331349739));
#16116=CARTESIAN_POINT('',(0.267224887159063,0.00451,0.108294331349739));
#16117=CARTESIAN_POINT('',(0.273724887159063,0.00451,0.108294331349739));
#16118=CARTESIAN_POINT('',(0.273724887159063,0.00451,0.108794331349739));
#16119=CARTESIAN_POINT('',(0.274224887159063,0.00451,0.108794331349739));
#16120=CARTESIAN_POINT('',(0.274224887159063,0.00451,0.115294331349739));
#16121=CARTESIAN_POINT('',(0.274224887159063,0.00451,0.121794331349739));
#16122=CARTESIAN_POINT('',(0.273724887159063,0.00451,0.121794331349739));
#16123=CARTESIAN_POINT('',(0.273724887159063,0.00451,0.122294331349739));
#16124=CARTESIAN_POINT('',(0.267224887159063,0.00451,0.122294331349739));
#16125=CARTESIAN_POINT('',(0.260724887159063,0.00451,0.122294331349739));
#16126=CARTESIAN_POINT('',(0.260724887159063,0.00451,0.121794331349739));
#16127=CARTESIAN_POINT('',(0.260224887159063,0.00451,0.121794331349739));
#16128=CARTESIAN_POINT('',(0.260224887159063,0.00451,0.115294331349739));
#16129=CARTESIAN_POINT('',(0.317874887159063,0.00451,0.108794331349739));
#16130=CARTESIAN_POINT('',(0.317874887159063,0.00451,0.108294331349739));
#16131=CARTESIAN_POINT('',(0.317374887159063,0.00451,0.108794331349739));
#16132=CARTESIAN_POINT('',(0.324374887159063,0.00451,0.108294331349739));
#16133=CARTESIAN_POINT('',(0.330874887159063,0.00451,0.108294331349739));
#16134=CARTESIAN_POINT('',(0.330874887159063,0.00451,0.108794331349739));
#16135=CARTESIAN_POINT('',(0.331374887159063,0.00451,0.108794331349739));
#16136=CARTESIAN_POINT('',(0.331374887159063,0.00451,0.115294331349739));
#16137=CARTESIAN_POINT('',(0.331374887159063,0.00451,0.121794331349739));
#16138=CARTESIAN_POINT('',(0.330874887159063,0.00451,0.121794331349739));
#16139=CARTESIAN_POINT('',(0.330874887159063,0.00451,0.122294331349739));
#16140=CARTESIAN_POINT('',(0.324374887159063,0.00451,0.122294331349739));
#16141=CARTESIAN_POINT('',(0.317874887159063,0.00451,0.122294331349739));
#16142=CARTESIAN_POINT('',(0.317874887159063,0.00451,0.121794331349739));
#16143=CARTESIAN_POINT('',(0.317374887159063,0.00451,0.121794331349739));
#16144=CARTESIAN_POINT('',(0.317374887159063,0.00451,0.115294331349739));
#16145=CARTESIAN_POINT('',(0.260724887159063,0.00451,0.127844331349739));
#16146=CARTESIAN_POINT('',(0.260724887159063,0.00451,0.127344331349739));
#16147=CARTESIAN_POINT('',(0.260224887159063,0.00451,0.127844331349739));
#16148=CARTESIAN_POINT('',(0.267224887159063,0.00451,0.127344331349739));
#16149=CARTESIAN_POINT('',(0.273724887159063,0.00451,0.127344331349739));
#16150=CARTESIAN_POINT('',(0.273724887159063,0.00451,0.127844331349739));
#16151=CARTESIAN_POINT('',(0.274224887159063,0.00451,0.127844331349739));
#16152=CARTESIAN_POINT('',(0.274224887159063,0.00451,0.134344331349739));
#16153=CARTESIAN_POINT('',(0.274224887159063,0.00451,0.140844331349739));
#16154=CARTESIAN_POINT('',(0.273724887159063,0.00451,0.140844331349739));
#16155=CARTESIAN_POINT('',(0.273724887159063,0.00451,0.141344331349739));
#16156=CARTESIAN_POINT('',(0.267224887159063,0.00451,0.141344331349739));
#16157=CARTESIAN_POINT('',(0.260724887159063,0.00451,0.141344331349739));
#16158=CARTESIAN_POINT('',(0.260724887159063,0.00451,0.140844331349739));
#16159=CARTESIAN_POINT('',(0.260224887159063,0.00451,0.140844331349739));
#16160=CARTESIAN_POINT('',(0.260224887159063,0.00451,0.134344331349739));
#16161=CARTESIAN_POINT('',(0.249099423074646,0.00451,0.127344331349739));
#16162=CARTESIAN_POINT('',(0.255099423074646,0.00451,0.127344331349739));
#16163=CARTESIAN_POINT('',(0.243099423074646,0.00451,0.127344331349739));
#16164=CARTESIAN_POINT('',(0.255099423074646,0.00451,0.133344331349739));
#16165=CARTESIAN_POINT('',(0.255099423074646,0.00451,0.139344331349739));
#16166=CARTESIAN_POINT('',(0.249099423074646,0.00451,0.139344331349739));
#16167=CARTESIAN_POINT('',(0.243099423074646,0.00451,0.139344331349739));
#16168=CARTESIAN_POINT('',(0.243099423074646,0.00451,0.133344331349739));
#16169=CARTESIAN_POINT('',(0.268266412479576,0.00451,0.0446865585178024));
#16170=CARTESIAN_POINT('',(0.269874777223982,-0.02049,0.0446865585178024));
#16171=CARTESIAN_POINT('',(0.269874777223982,-0.00299,0.0446865585178024));
#16172=CARTESIAN_POINT('',(0.269874777223982,0.00251,0.0446865585178024));
#16173=CARTESIAN_POINT('',(0.268266412479576,0.00251,0.0446865585178024));
#16174=CARTESIAN_POINT('',(0.287507766758544,0.00451,0.0446865585178024));
#16175=CARTESIAN_POINT('',(0.287507766758544,-0.00299,0.0446865585178024));
#16176=CARTESIAN_POINT('',(0.268266412479576,-0.00299,0.0446865585178024));
#16177=CARTESIAN_POINT('',(0.284750007159063,0.00151,0.0955300540178024));
#16178=CARTESIAN_POINT('',(0.290369719159063,0.00151,0.0536319010178024));
#16179=CARTESIAN_POINT('',(0.290369719159063,0.00151,0.0547319010178024));
#16180=CARTESIAN_POINT('',(0.315119719159063,0.00151,0.0583819010178024));
#16181=CARTESIAN_POINT('',(0.315119719159063,0.00151,0.0594819010178024));
#16182=CARTESIAN_POINT('',(0.238369719159063,0.00151,0.141131901017802));
#16183=CARTESIAN_POINT('',(0.238369719159063,0.00151,0.142231901017802));
#16184=CARTESIAN_POINT('',(0.238369719159063,0.00151,0.0611319010178024));
#16185=CARTESIAN_POINT('',(0.238369719159063,0.00151,0.0622319010178024));
#16186=CARTESIAN_POINT('',(0.279869719159063,0.00151,0.124881901017802));
#16187=CARTESIAN_POINT('',(0.279869719159063,0.00151,0.125981901017802));
#16188=CARTESIAN_POINT('',(0.312369719159063,0.00151,0.124881901017802));
#16189=CARTESIAN_POINT('',(0.312369719159063,0.00151,0.125981901017802));
#16190=CARTESIAN_POINT('',(0.235632118159063,0.00151,0.0594435590178024));
#16191=CARTESIAN_POINT('',(0.235632118159117,0.00151,0.0594435590177481));
#16192=CARTESIAN_POINT('',(0.247258121625295,0.00151,0.0478106793382546));
#16193=CARTESIAN_POINT('',(0.248372466562737,0.00151,0.0468065701009717));
#16194=CARTESIAN_POINT('',(0.249867657928385,0.00151,0.0466865585178024));
#16195=CARTESIAN_POINT('',(0.248874284159062,0.00151,0.0466865585178024));
#16196=CARTESIAN_POINT('',(0.255874777223981,0.00151,0.0466865585178024));
#16197=CARTESIAN_POINT('',(0.255874777223981,0.00151,0.0955300540178024));
#16198=CARTESIAN_POINT('',(0.238369719159063,0.00151,0.141131901017802));
#16199=CARTESIAN_POINT('',(0.315048774695757,0.00151,0.0584397569056983));
#16200=CARTESIAN_POINT('',(0.269874777223982,0.00151,0.0955300540178024));
#16201=CARTESIAN_POINT('',(0.269874777223982,0.00151,0.0466865585178024));
#16202=CARTESIAN_POINT('',(0.248874284159062,0.00151,0.0466865585178024));
#16203=CARTESIAN_POINT('',(0.286536505991672,0.00151,0.0466865585178024));
#16204=CARTESIAN_POINT('',(0.288029256568508,0.00151,0.0468338531726755));
#16205=CARTESIAN_POINT('',(0.289126958199434,0.00151,0.04785613059562));
#16206=CARTESIAN_POINT('',(0.288469611140295,0.00151,0.0471939953266919));
#16207=CARTESIAN_POINT('',(0.296042073989121,0.00151,0.0548211043641325));
#16208=CARTESIAN_POINT('',(0.296890305965443,0.00151,0.0540365721195824));
#16209=CARTESIAN_POINT('',(0.296911950184389,0.00151,0.0551915274851016));
#16210=CARTESIAN_POINT('',(0.296911951138975,0.00151,0.0551916299162487));
#16211=CARTESIAN_POINT('',(0.316366748465713,0.00151,0.0551934860269048));
#16212=CARTESIAN_POINT('',(0.316366557653213,0.00151,0.0571934845236524));
#16213=CARTESIAN_POINT('',(0.318366556159063,0.00151,0.0571934860178024));
#16214=CARTESIAN_POINT('',(0.318366556159063,0.00151,0.0571934860178024));
#16215=CARTESIAN_POINT('',(0.318372652159063,0.00151,0.0652207640178024));
#16216=CARTESIAN_POINT('',(0.320372650664913,0.00151,0.0652207655119524));
#16217=CARTESIAN_POINT('',(0.320372650664913,0.00151,0.0672207640178024));
#16218=CARTESIAN_POINT('',(0.320372652159063,0.00151,0.0672207640178024));
#16219=CARTESIAN_POINT('',(0.332372653653213,0.00151,0.0672207640178024));
#16220=CARTESIAN_POINT('',(0.332372653653213,0.00151,0.0692207625236524));
#16221=CARTESIAN_POINT('',(0.33240586012254,0.00151,0.0672210397044104));
#16222=CARTESIAN_POINT('',(0.333786866159063,0.00151,0.0678065500178029));
#16223=CARTESIAN_POINT('',(0.334372652159063,0.00151,0.0692207640178024));
#16224=CARTESIAN_POINT('',(0.334372652159063,0.00151,0.125970765511902));
#16225=CARTESIAN_POINT('',(0.332372653653213,0.00151,0.125970765511902));
#16226=CARTESIAN_POINT('',(0.334372373202181,0.00151,0.126004168339252));
#16227=CARTESIAN_POINT('',(0.333786727286901,0.00151,0.127385116876278));
#16228=CARTESIAN_POINT('',(0.332372652159063,0.00151,0.127970764017802));
#16229=CARTESIAN_POINT('',(0.279919670159063,0.00151,0.127960463017778));
#16230=CARTESIAN_POINT('',(0.279919668664913,0.00151,0.129960461523602));
#16231=CARTESIAN_POINT('',(0.277919670159071,0.00151,0.12996046728493));
#16232=CARTESIAN_POINT('',(0.277919670159063,0.00151,0.129960463017802));
#16233=CARTESIAN_POINT('',(0.277919719159042,0.00151,0.142373537729731));
#16234=CARTESIAN_POINT('',(0.275919716956283,0.00151,0.142373542980602));
#16235=CARTESIAN_POINT('',(0.277919441608576,0.00151,0.142406861535621));
#16236=CARTESIAN_POINT('',(0.27733385496497,0.00151,0.143787835207648));
#16237=CARTESIAN_POINT('',(0.275922660159063,0.00151,0.144373543017802));
#16238=CARTESIAN_POINT('',(0.237124887159063,0.00151,0.144369159017777));
#16239=CARTESIAN_POINT('',(0.237124885664913,0.00151,0.142369160511902));
#16240=CARTESIAN_POINT('',(0.235124887159063,0.00151,0.142369160013869));
#16241=CARTESIAN_POINT('',(0.235124887159063,0.00151,0.0651917730178024));
#16242=CARTESIAN_POINT('',(0.235124887159063,0.00151,0.0604435490177439));
#16243=CARTESIAN_POINT('',(0.236478894399143,0.00151,0.0605017124020924));
#16244=CARTESIAN_POINT('',(0.248874284159062,0.00451,0.0466865585178024));
#16245=CARTESIAN_POINT('',(0.249867657928385,-0.02049,0.0466865585178024));
#16246=CARTESIAN_POINT('',(0.249867657928385,-0.00299,0.0466865585178024));
#16247=CARTESIAN_POINT('',(0.248874284159062,-0.00299,0.0466865585178024));
#16248=CARTESIAN_POINT('',(0.255874777223981,-0.00299,0.0466865585178024));
#16249=CARTESIAN_POINT('',(0.255874777223981,0.00451,0.0466865585178024));
#16250=CARTESIAN_POINT('',(0.284748145323387,-0.00299,0.0955294181004727));
#16251=CARTESIAN_POINT('',(0.248372466562737,-0.00299,0.0468065701009717));
#16252=CARTESIAN_POINT('',(0.247258121625295,-0.00299,0.0478106793382546));
#16253=CARTESIAN_POINT('',(0.235632118159063,-0.00299,0.0594435590178024));
#16254=CARTESIAN_POINT('',(0.235632118159117,-0.00299,0.0594435590177481));
#16255=CARTESIAN_POINT('',(0.236478894399143,-0.00299,0.0605017124020924));
#16256=CARTESIAN_POINT('',(0.235124887159063,-0.00299,0.0604435490177439));
#16257=CARTESIAN_POINT('',(0.235124887159063,-0.00299,0.0651917730178024));
#16258=CARTESIAN_POINT('',(0.235124887159063,-0.00299,0.142369160013869));
#16259=CARTESIAN_POINT('',(0.237124885664913,-0.00299,0.142369160511902));
#16260=CARTESIAN_POINT('',(0.237124887159063,-0.00299,0.144369159017777));
#16261=CARTESIAN_POINT('',(0.275922660159063,-0.00299,0.144373543017802));
#16262=CARTESIAN_POINT('',(0.27733385496497,-0.00299,0.143787835207648));
#16263=CARTESIAN_POINT('',(0.277919441608576,-0.00299,0.142406861535621));
#16264=CARTESIAN_POINT('',(0.275919716956283,-0.00299,0.142373542980602));
#16265=CARTESIAN_POINT('',(0.277919719159042,-0.00299,0.142373537729731));
#16266=CARTESIAN_POINT('',(0.277919670159063,-0.00299,0.129960463017802));
#16267=CARTESIAN_POINT('',(0.277919670159071,-0.00299,0.12996046728493));
#16268=CARTESIAN_POINT('',(0.279919668664913,-0.00299,0.129960461523602));
#16269=CARTESIAN_POINT('',(0.279919670159063,-0.00299,0.127960463017778));
#16270=CARTESIAN_POINT('',(0.332372652159063,-0.00299,0.127970764017802));
#16271=CARTESIAN_POINT('',(0.333786727286901,-0.00299,0.127385116876278));
#16272=CARTESIAN_POINT('',(0.334372373202181,-0.00299,0.126004168339252));
#16273=CARTESIAN_POINT('',(0.332372653653213,-0.00299,0.125970765511902));
#16274=CARTESIAN_POINT('',(0.334372652159063,-0.00299,0.125970765511902));
#16275=CARTESIAN_POINT('',(0.334372652159063,-0.00299,0.0692207640178024));
#16276=CARTESIAN_POINT('',(0.333786866159063,-0.00299,0.0678065500178029));
#16277=CARTESIAN_POINT('',(0.33240586012254,-0.00299,0.0672210397044104));
#16278=CARTESIAN_POINT('',(0.332372653653213,-0.00299,0.0692207625236524));
#16279=CARTESIAN_POINT('',(0.332372653653213,-0.00299,0.0672207640178024));
#16280=CARTESIAN_POINT('',(0.320372652159063,-0.00299,0.0672207640178024));
#16281=CARTESIAN_POINT('',(0.320372650664913,-0.00299,0.0672207640178024));
#16282=CARTESIAN_POINT('',(0.320372650664913,-0.00299,0.0652207655119524));
#16283=CARTESIAN_POINT('',(0.318372652159063,-0.00299,0.0652207640178024));
#16284=CARTESIAN_POINT('',(0.318366556159063,-0.00299,0.0571934860178024));
#16285=CARTESIAN_POINT('',(0.318366556159063,-0.00299,0.0571934860178024));
#16286=CARTESIAN_POINT('',(0.316366557653213,-0.00299,0.0571934845236524));
#16287=CARTESIAN_POINT('',(0.316366748465713,-0.00299,0.0551934860269048));
#16288=CARTESIAN_POINT('',(0.296911951138975,-0.00299,0.0551916299162487));
#16289=CARTESIAN_POINT('',(0.296911951148945,-0.00299,0.0551915274670239));
#16290=CARTESIAN_POINT('',(0.296890305965443,-0.00299,0.0540365721195824));
#16291=CARTESIAN_POINT('',(0.296042069649681,-0.00299,0.0548210996722505));
#16292=CARTESIAN_POINT('',(0.288469611140295,-0.00299,0.0471939953266919));
#16293=CARTESIAN_POINT('',(0.289126958199434,-0.00299,0.04785613059562));
#16294=CARTESIAN_POINT('',(0.288029256568508,-0.00299,0.0468338531726755));
#16295=CARTESIAN_POINT('',(0.286536505991672,-0.00299,0.0466865585178024));
#16296=CARTESIAN_POINT('',(0.248874284159062,-0.00299,0.0466865585178024));
#16297=CARTESIAN_POINT('',(0.269874777223982,-0.00299,0.0466865585178024));
#16298=CARTESIAN_POINT('',(0.269874777223982,-0.00299,0.0955294181004727));
#16299=CARTESIAN_POINT('',(0.287412134559787,-0.00299,0.0480404512879667));
#16300=CARTESIAN_POINT('',(0.289954823553342,-0.00299,0.0458512790897938));
#16301=CARTESIAN_POINT('',(0.293598473843613,-0.00299,0.0495214702487656));
#16302=CARTESIAN_POINT('',(0.297242124133883,-0.00299,0.0531916614077374));
#16303=CARTESIAN_POINT('',(0.306804531706119,-0.00299,0.0531925737218723));
#16304=CARTESIAN_POINT('',(0.316366939278356,-0.00299,0.0531934860360073));
#16305=CARTESIAN_POINT('',(0.316366557653213,-0.00299,0.0571934845236524));
#16306=CARTESIAN_POINT('',(0.320366554427817,-0.00299,0.057190446883703));
#16307=CARTESIAN_POINT('',(0.320369603581792,-0.00299,0.0612056054507527));
#16308=CARTESIAN_POINT('',(0.320372652735767,-0.00299,0.0652207640178024));
#16309=CARTESIAN_POINT('',(0.32637265319449,-0.00299,0.0652207640178024));
#16310=CARTESIAN_POINT('',(0.332372653653213,-0.00299,0.0652207640178024));
#16311=CARTESIAN_POINT('',(0.332372653653213,-0.00299,0.0692207625236525));
#16312=CARTESIAN_POINT('',(0.336372652159063,-0.00299,0.0692207625236524));
#16313=CARTESIAN_POINT('',(0.336372652159063,-0.00299,0.0975957640177774));
#16314=CARTESIAN_POINT('',(0.336372652159063,-0.00299,0.125970765511902));
#16315=CARTESIAN_POINT('',(0.332372653653213,-0.00299,0.125970765511902));
#16316=CARTESIAN_POINT('',(0.332371868111917,-0.00299,0.129970763902394));
#16317=CARTESIAN_POINT('',(0.306145769135498,-0.00299,0.129965613479382));
#16318=CARTESIAN_POINT('',(0.279919670159078,-0.00299,0.12996046305637));
#16319=CARTESIAN_POINT('',(0.279919694659047,-0.00299,0.136166995123584));
#16320=CARTESIAN_POINT('',(0.279919719159025,-0.00299,0.142373527190798));
#16321=CARTESIAN_POINT('',(0.275919716956283,-0.00299,0.142373542980602));
#16322=CARTESIAN_POINT('',(0.275919264971616,-0.00299,0.146373542646927));
#16323=CARTESIAN_POINT('',(0.256521849325998,-0.00299,0.146371350813128));
#16324=CARTESIAN_POINT('',(0.237124433680379,-0.00299,0.146369158992216));
#16325=CARTESIAN_POINT('',(0.237124885664913,-0.00299,0.142369160511902));
#16326=CARTESIAN_POINT('',(0.233124887159063,-0.00299,0.142369160511902));
#16327=CARTESIAN_POINT('',(0.233124887159063,-0.00299,0.101481201248842));
#16328=CARTESIAN_POINT('',(0.233124887159063,-0.00299,0.0605932419857811));
#16329=CARTESIAN_POINT('',(0.236478894399143,-0.00299,0.0605017124020926));
#16330=CARTESIAN_POINT('',(0.233944705870249,-0.00299,0.0583027056419345));
#16331=CARTESIAN_POINT('',(0.240172165893815,-0.00299,0.0520715623798702));
#16332=CARTESIAN_POINT('',(0.246399625917383,-0.00299,0.0458404191178061));
#16333=CARTESIAN_POINT('',(0.248932841235037,-0.00299,0.0480405469290019));
#16334=CARTESIAN_POINT('',(0.249025058200607,-0.00299,0.0446865585178024));
#16335=CARTESIAN_POINT('',(0.268266412479576,-0.00299,0.0446865585178024));
#16336=CARTESIAN_POINT('',(0.255874777223981,-0.00299,0.0446865585178024));
#16337=CARTESIAN_POINT('',(0.255874777223981,-0.00299,0.0955294181004727));
#16338=CARTESIAN_POINT('',(0.315119719159063,0.00451,0.0583819010178024));
#16339=CARTESIAN_POINT('',(0.238369719159063,0.00451,0.141131901017802));
#16340=CARTESIAN_POINT('',(0.238369719159063,0.00451,0.0611319010178024));
#16341=CARTESIAN_POINT('',(0.279869719159063,0.00451,0.124881901017802));
#16342=CARTESIAN_POINT('',(0.312369719159063,0.00451,0.124881901017802));
#16343=CARTESIAN_POINT('',(0.290369719159063,0.00451,0.0536319010178024));
#16344=CARTESIAN_POINT('',(0.288469611140295,0.00451,0.0471939953266919));
#16345=CARTESIAN_POINT('',(0.289126958199434,-0.02049,0.04785613059562));
#16346=CARTESIAN_POINT('',(0.296042069649681,0.00451,0.0548210996722505));
#16347=CARTESIAN_POINT('',(0.296890305965443,0.00451,0.0540365721195824));
#16348=CARTESIAN_POINT('',(0.296911951148945,0.00451,0.0551915274670239));
#16349=CARTESIAN_POINT('',(0.296911951138975,0.00451,0.0551916299162487));
#16350=CARTESIAN_POINT('',(0.316366748465713,0.00451,0.0551934860269048));
#16351=CARTESIAN_POINT('',(0.318366556159063,0.00451,0.0571934860178024));
#16352=CARTESIAN_POINT('',(0.318372652159063,0.00451,0.0652207640178024));
#16353=CARTESIAN_POINT('',(0.318366556159063,0.00451,0.0571934860178024));
#16354=CARTESIAN_POINT('',(0.320372650664913,0.00451,0.0652207655119524));
#16355=CARTESIAN_POINT('',(0.320372650664913,0.00451,0.0672207640178024));
#16356=CARTESIAN_POINT('',(0.320372652159063,0.00451,0.0672207640178024));
#16357=CARTESIAN_POINT('',(0.332372653653213,0.00451,0.0672207640178024));
#16358=CARTESIAN_POINT('',(0.332372652159063,0.00451,0.127970764017802));
#16359=CARTESIAN_POINT('',(0.279919670159063,0.00451,0.127960463017778));
#16360=CARTESIAN_POINT('',(0.279919668664913,0.00451,0.129960461523602));
#16361=CARTESIAN_POINT('',(0.277919670159071,0.00451,0.12996046728493));
#16362=CARTESIAN_POINT('',(0.277919670159063,0.00451,0.129960463017802));
#16363=CARTESIAN_POINT('',(0.277919719159042,0.00451,0.142373537729731));
#16364=CARTESIAN_POINT('',(0.248874284159062,0.00451,0.0466865585178024));
#16365=CARTESIAN_POINT('',(0.286536505991672,-0.02049,0.0466865585178024));
#16366=CARTESIAN_POINT('',(0.269874777223982,0.00451,0.0466865585178024));
#16367=CARTESIAN_POINT('',(0.316366557653213,0.00451,0.0571934845236524));
#16368=CARTESIAN_POINT('',(0.332372653653213,0.00451,0.0692207625236524));
#16369=CARTESIAN_POINT('',(0.33240586012254,-0.00799,0.0672210397044104));
#16370=CARTESIAN_POINT('',(0.334372652159063,0.00451,0.0692207640178024));
#16371=CARTESIAN_POINT('',(0.334372652159063,0.00451,0.125970765511902));
#16372=CARTESIAN_POINT('',(0.332372653653213,0.00451,0.125970765511902));
#16373=CARTESIAN_POINT('',(0.334372373202181,-0.00799,0.126004168339252));
#16374=CARTESIAN_POINT('',(0.275919716956283,0.00451,0.142373542980602));
#16375=CARTESIAN_POINT('',(0.277919441608576,-0.00799,0.142406861535621));
#16376=CARTESIAN_POINT('',(0.275922660159063,0.00451,0.144373543017802));
#16377=CARTESIAN_POINT('',(0.237124887159063,0.00451,0.144369159017777));
#16378=CARTESIAN_POINT('',(0.237124885664913,0.00451,0.142369160511902));
#16379=CARTESIAN_POINT('',(0.235124887159063,0.00451,0.142369160013869));
#16380=CARTESIAN_POINT('',(0.235124887159063,0.00451,0.0651917730178024));
#16381=CARTESIAN_POINT('',(0.235124887159063,0.00451,0.0604435490177439));
#16382=CARTESIAN_POINT('',(0.236478894399143,0.00451,0.0605017124020924));
#16383=CARTESIAN_POINT('',(0.235632118159117,0.00451,0.0594435590177481));
#16384=CARTESIAN_POINT('',(0.235632118159063,0.00451,0.0594435590178024));
#16385=CARTESIAN_POINT('',(0.247258121625295,-0.02049,0.0478106793382546));
#16386=CARTESIAN_POINT('',(0.32637265319449,0.00451,0.0652207640178024));
#16387=CARTESIAN_POINT('',(0.320372652735767,0.00451,0.0652207640178024));
#16388=CARTESIAN_POINT('',(0.320372652735767,0.00251,0.0652207640178024));
#16389=CARTESIAN_POINT('',(0.32637265319449,0.00251,0.0652207640178024));
#16390=CARTESIAN_POINT('',(0.332372653653213,0.00451,0.0652207640178024));
#16391=CARTESIAN_POINT('',(0.320369603581792,0.00451,0.0612056054507527));
#16392=CARTESIAN_POINT('',(0.320366554427817,0.00451,0.057190446883703));
#16393=CARTESIAN_POINT('',(0.320366554427817,0.00251,0.057190446883703));
#16394=CARTESIAN_POINT('',(0.320369603581792,0.00251,0.0612056054507527));
#16395=CARTESIAN_POINT('',(0.316366557653213,0.00451,0.0571934845236524));
#16396=CARTESIAN_POINT('',(0.316366939278356,0.00451,0.0531934860360073));
#16397=CARTESIAN_POINT('',(0.316366939278356,0.00251,0.0531934860360073));
#16398=CARTESIAN_POINT('',(0.316366557653213,0.00251,0.0571934845236524));
#16399=CARTESIAN_POINT('',(0.306804531706119,0.00451,0.0531925737218723));
#16400=CARTESIAN_POINT('',(0.297242124133883,0.00451,0.0531916614077374));
#16401=CARTESIAN_POINT('',(0.297242124133883,0.00251,0.0531916614077374));
#16402=CARTESIAN_POINT('',(0.306804531706119,0.00251,0.0531925737218723));
#16403=CARTESIAN_POINT('',(0.293598473843613,0.00451,0.0495214702487656));
#16404=CARTESIAN_POINT('',(0.289954823553342,0.00451,0.0458512790897938));
#16405=CARTESIAN_POINT('',(0.293598473843613,0.00251,0.0495214702487656));
#16406=CARTESIAN_POINT('',(0.287412134559787,0.00451,0.0480404512879667));
#16407=CARTESIAN_POINT('',(0.268266412479576,0.00451,0.0446865585178024));
#16408=CARTESIAN_POINT('',(0.249025058200607,0.00451,0.0446865585178024));
#16409=CARTESIAN_POINT('',(0.268266412479576,0.00251,0.0446865585178024));
#16410=CARTESIAN_POINT('',(0.255874777223981,0.00251,0.0446865585178024));
#16411=CARTESIAN_POINT('',(0.255874777223981,-0.02049,0.0446865585178024));
#16412=CARTESIAN_POINT('',(0.248932841235037,0.00451,0.0480405469290019));
#16413=CARTESIAN_POINT('',(0.246399625917383,0.00451,0.0458404191178061));
#16414=CARTESIAN_POINT('',(0.240172165893815,0.00451,0.0520715623798702));
#16415=CARTESIAN_POINT('',(0.233944705870249,0.00451,0.0583027056419345));
#16416=CARTESIAN_POINT('',(0.233944705870249,0.00251,0.0583027056419345));
#16417=CARTESIAN_POINT('',(0.240172165893815,0.00251,0.0520715623798702));
#16418=CARTESIAN_POINT('',(0.236478894399143,0.00451,0.0605017124020926));
#16419=CARTESIAN_POINT('',(0.233124887159063,0.00451,0.0605932419857811));
#16420=CARTESIAN_POINT('',(0.233124887159063,0.00251,0.0605932419857811));
#16421=CARTESIAN_POINT('',(0.236478894399143,0.00251,0.0605017124020926));
#16422=CARTESIAN_POINT('',(0.233124887159063,0.00451,0.101481201248842));
#16423=CARTESIAN_POINT('',(0.233124887159063,0.00451,0.142369160511902));
#16424=CARTESIAN_POINT('',(0.233124887159063,0.00251,0.142369160511902));
#16425=CARTESIAN_POINT('',(0.233124887159063,0.00251,0.101481201248842));
#16426=CARTESIAN_POINT('',(0.237124885664913,0.00451,0.142369160511902));
#16427=CARTESIAN_POINT('',(0.237124433680379,0.00451,0.146369158992216));
#16428=CARTESIAN_POINT('',(0.237124433680379,0.00251,0.146369158992216));
#16429=CARTESIAN_POINT('',(0.237124885664913,0.00251,0.142369160511902));
#16430=CARTESIAN_POINT('',(0.256521849325998,0.00451,0.146371350813128));
#16431=CARTESIAN_POINT('',(0.275919264971616,0.00451,0.146373542646927));
#16432=CARTESIAN_POINT('',(0.256521849325998,0.00251,0.146371350813128));
#16433=CARTESIAN_POINT('',(0.275919716956283,0.00451,0.142373542980602));
#16434=CARTESIAN_POINT('',(0.279919719159025,0.00451,0.142373527190798));
#16435=CARTESIAN_POINT('',(0.279919694659047,0.00451,0.136166995123584));
#16436=CARTESIAN_POINT('',(0.279919670159078,0.00451,0.12996046305637));
#16437=CARTESIAN_POINT('',(0.279919670159078,0.00251,0.12996046305637));
#16438=CARTESIAN_POINT('',(0.279919694659047,0.00251,0.136166995123584));
#16439=CARTESIAN_POINT('',(0.306145769135498,0.00451,0.129965613479382));
#16440=CARTESIAN_POINT('',(0.332371868111917,0.00451,0.129970763902394));
#16441=CARTESIAN_POINT('',(0.306145769135498,0.00251,0.129965613479382));
#16442=CARTESIAN_POINT('',(0.332372653653213,0.00451,0.125970765511902));
#16443=CARTESIAN_POINT('',(0.336372652159063,0.00451,0.125970765511902));
#16444=CARTESIAN_POINT('',(0.336372652159063,0.00451,0.0975957640177774));
#16445=CARTESIAN_POINT('',(0.336372652159063,0.00451,0.0692207625236524));
#16446=CARTESIAN_POINT('',(0.336372652159063,0.00251,0.0975957640177774));
#16447=CARTESIAN_POINT('',(0.332372653653213,0.00451,0.0692207625236525));
#16448=CARTESIAN_POINT('',(0.238369719159063,0.00451,0.141131901017802));
#16449=CARTESIAN_POINT('',(0.238369719159063,0.00251,0.141131901017802));
#16450=CARTESIAN_POINT('',(0.315048774695757,0.00451,0.0584397569056983));
#16451=CARTESIAN_POINT('',(0.315048774695757,0.00251,0.0584397569056983));
#16452=CARTESIAN_POINT('',(0.269874777223982,-0.02049,0.0466865585178024));
#16453=CARTESIAN_POINT('',(0.269874777223982,0.00251,0.0466865585178024));
#16454=CARTESIAN_POINT('',(0.269874777223982,-0.02049,0.0486865585178024));
#16455=CARTESIAN_POINT('',(0.255874777223981,-0.02049,0.0466865585178024));
#16456=CARTESIAN_POINT('',(0.255874777223981,0.00251,0.0466865585178024));
#16457=CARTESIAN_POINT('',(0.255874777223981,-0.02049,0.0486865585178024));
#16458=CARTESIAN_POINT('',(0.268171756775912,0.00251,0.0486865585178024));
#16459=CARTESIAN_POINT('',(0.268171756775912,0.00251,0.0486865585178024));
#16460=CARTESIAN_POINT('',(0.249099423074646,0.00251,0.127344331349739));
#16461=CARTESIAN_POINT('',(0.243099423074646,0.00251,0.127344331349739));
#16462=CARTESIAN_POINT('',(0.243099423074646,0.00251,0.127344331349739));
#16463=CARTESIAN_POINT('',(0.249099423074646,0.00251,0.127344331349739));
#16464=CARTESIAN_POINT('',(0.255099423074646,0.00251,0.127344331349739));
#16465=CARTESIAN_POINT('',(0.255099423074646,0.00251,0.127344331349739));
#16466=CARTESIAN_POINT('',(0.255099423074646,0.00251,0.133344331349739));
#16467=CARTESIAN_POINT('',(0.255099423074646,0.00251,0.133344331349739));
#16468=CARTESIAN_POINT('',(0.255099423074646,0.00251,0.139344331349739));
#16469=CARTESIAN_POINT('',(0.255099423074646,0.00251,0.139344331349739));
#16470=CARTESIAN_POINT('',(0.249099423074646,0.00251,0.139344331349739));
#16471=CARTESIAN_POINT('',(0.249099423074646,0.00251,0.139344331349739));
#16472=CARTESIAN_POINT('',(0.243099423074646,0.00251,0.139344331349739));
#16473=CARTESIAN_POINT('',(0.243099423074646,0.00251,0.139344331349739));
#16474=CARTESIAN_POINT('',(0.260724887159063,0.00251,0.127844331349739));
#16475=CARTESIAN_POINT('',(0.260224887159063,0.00251,0.127844331349739));
#16476=CARTESIAN_POINT('',(0.260224887159063,0.00251,0.127844331349739));
#16477=CARTESIAN_POINT('',(0.260724887159063,0.00251,0.127844331349739));
#16478=CARTESIAN_POINT('',(0.260724887159063,0.00251,0.127344331349739));
#16479=CARTESIAN_POINT('',(0.260724887159063,0.00251,0.127344331349739));
#16480=CARTESIAN_POINT('',(0.267224887159063,0.00251,0.127344331349739));
#16481=CARTESIAN_POINT('',(0.267224887159063,0.00251,0.127344331349739));
#16482=CARTESIAN_POINT('',(0.273724887159063,0.00251,0.127344331349739));
#16483=CARTESIAN_POINT('',(0.273724887159063,0.00251,0.127344331349739));
#16484=CARTESIAN_POINT('',(0.273724887159063,0.00251,0.127844331349739));
#16485=CARTESIAN_POINT('',(0.273724887159063,0.00251,0.127844331349739));
#16486=CARTESIAN_POINT('',(0.274224887159063,0.00251,0.127844331349739));
#16487=CARTESIAN_POINT('',(0.274224887159063,0.00251,0.127844331349739));
#16488=CARTESIAN_POINT('',(0.274224887159063,0.00251,0.134344331349739));
#16489=CARTESIAN_POINT('',(0.274224887159063,0.00251,0.134344331349739));
#16490=CARTESIAN_POINT('',(0.274224887159063,0.00251,0.140844331349739));
#16491=CARTESIAN_POINT('',(0.274224887159063,0.00251,0.140844331349739));
#16492=CARTESIAN_POINT('',(0.273724887159063,0.00251,0.140844331349739));
#16493=CARTESIAN_POINT('',(0.273724887159063,0.00251,0.140844331349739));
#16494=CARTESIAN_POINT('',(0.273724887159063,0.00251,0.141344331349739));
#16495=CARTESIAN_POINT('',(0.273724887159063,0.00251,0.141344331349739));
#16496=CARTESIAN_POINT('',(0.267224887159063,0.00251,0.141344331349739));
#16497=CARTESIAN_POINT('',(0.267224887159063,0.00251,0.141344331349739));
#16498=CARTESIAN_POINT('',(0.260724887159063,0.00251,0.141344331349739));
#16499=CARTESIAN_POINT('',(0.260724887159063,0.00251,0.141344331349739));
#16500=CARTESIAN_POINT('',(0.260724887159063,0.00251,0.140844331349739));
#16501=CARTESIAN_POINT('',(0.260724887159063,0.00251,0.140844331349739));
#16502=CARTESIAN_POINT('',(0.260224887159063,0.00251,0.140844331349739));
#16503=CARTESIAN_POINT('',(0.260224887159063,0.00251,0.140844331349739));
#16504=CARTESIAN_POINT('',(0.317874887159063,0.00251,0.108794331349739));
#16505=CARTESIAN_POINT('',(0.317374887159063,0.00251,0.108794331349739));
#16506=CARTESIAN_POINT('',(0.317374887159063,0.00251,0.108794331349739));
#16507=CARTESIAN_POINT('',(0.317874887159063,0.00251,0.108794331349739));
#16508=CARTESIAN_POINT('',(0.317874887159063,0.00251,0.108294331349739));
#16509=CARTESIAN_POINT('',(0.317874887159063,0.00251,0.108294331349739));
#16510=CARTESIAN_POINT('',(0.324374887159063,0.00251,0.108294331349739));
#16511=CARTESIAN_POINT('',(0.324374887159063,0.00251,0.108294331349739));
#16512=CARTESIAN_POINT('',(0.330874887159063,0.00251,0.108294331349739));
#16513=CARTESIAN_POINT('',(0.330874887159063,0.00251,0.108294331349739));
#16514=CARTESIAN_POINT('',(0.330874887159063,0.00251,0.108794331349739));
#16515=CARTESIAN_POINT('',(0.330874887159063,0.00251,0.108794331349739));
#16516=CARTESIAN_POINT('',(0.331374887159063,0.00251,0.108794331349739));
#16517=CARTESIAN_POINT('',(0.331374887159063,0.00251,0.108794331349739));
#16518=CARTESIAN_POINT('',(0.331374887159063,0.00251,0.115294331349739));
#16519=CARTESIAN_POINT('',(0.331374887159063,0.00251,0.115294331349739));
#16520=CARTESIAN_POINT('',(0.331374887159063,0.00251,0.121794331349739));
#16521=CARTESIAN_POINT('',(0.331374887159063,0.00251,0.121794331349739));
#16522=CARTESIAN_POINT('',(0.330874887159063,0.00251,0.121794331349739));
#16523=CARTESIAN_POINT('',(0.330874887159063,0.00251,0.121794331349739));
#16524=CARTESIAN_POINT('',(0.330874887159063,0.00251,0.122294331349739));
#16525=CARTESIAN_POINT('',(0.330874887159063,0.00251,0.122294331349739));
#16526=CARTESIAN_POINT('',(0.324374887159063,0.00251,0.122294331349739));
#16527=CARTESIAN_POINT('',(0.324374887159063,0.00251,0.122294331349739));
#16528=CARTESIAN_POINT('',(0.317874887159063,0.00251,0.122294331349739));
#16529=CARTESIAN_POINT('',(0.317874887159063,0.00251,0.122294331349739));
#16530=CARTESIAN_POINT('',(0.317874887159063,0.00251,0.121794331349739));
#16531=CARTESIAN_POINT('',(0.317874887159063,0.00251,0.121794331349739));
#16532=CARTESIAN_POINT('',(0.317374887159063,0.00251,0.121794331349739));
#16533=CARTESIAN_POINT('',(0.317374887159063,0.00251,0.121794331349739));
#16534=CARTESIAN_POINT('',(0.260724887159063,0.00251,0.108794331349739));
#16535=CARTESIAN_POINT('',(0.260224887159063,0.00251,0.108794331349739));
#16536=CARTESIAN_POINT('',(0.260224887159063,0.00251,0.108794331349739));
#16537=CARTESIAN_POINT('',(0.260724887159063,0.00251,0.108794331349739));
#16538=CARTESIAN_POINT('',(0.260724887159063,0.00251,0.108294331349739));
#16539=CARTESIAN_POINT('',(0.260724887159063,0.00251,0.108294331349739));
#16540=CARTESIAN_POINT('',(0.267224887159063,0.00251,0.108294331349739));
#16541=CARTESIAN_POINT('',(0.267224887159063,0.00251,0.108294331349739));
#16542=CARTESIAN_POINT('',(0.273724887159063,0.00251,0.108294331349739));
#16543=CARTESIAN_POINT('',(0.273724887159063,0.00251,0.108294331349739));
#16544=CARTESIAN_POINT('',(0.273724887159063,0.00251,0.108794331349739));
#16545=CARTESIAN_POINT('',(0.273724887159063,0.00251,0.108794331349739));
#16546=CARTESIAN_POINT('',(0.274224887159063,0.00251,0.108794331349739));
#16547=CARTESIAN_POINT('',(0.274224887159063,0.00251,0.108794331349739));
#16548=CARTESIAN_POINT('',(0.274224887159063,0.00251,0.115294331349739));
#16549=CARTESIAN_POINT('',(0.274224887159063,0.00251,0.115294331349739));
#16550=CARTESIAN_POINT('',(0.274224887159063,0.00251,0.121794331349739));
#16551=CARTESIAN_POINT('',(0.274224887159063,0.00251,0.121794331349739));
#16552=CARTESIAN_POINT('',(0.273724887159063,0.00251,0.121794331349739));
#16553=CARTESIAN_POINT('',(0.273724887159063,0.00251,0.121794331349739));
#16554=CARTESIAN_POINT('',(0.273724887159063,0.00251,0.122294331349739));
#16555=CARTESIAN_POINT('',(0.273724887159063,0.00251,0.122294331349739));
#16556=CARTESIAN_POINT('',(0.267224887159063,0.00251,0.122294331349739));
#16557=CARTESIAN_POINT('',(0.267224887159063,0.00251,0.122294331349739));
#16558=CARTESIAN_POINT('',(0.260724887159063,0.00251,0.122294331349739));
#16559=CARTESIAN_POINT('',(0.260724887159063,0.00251,0.122294331349739));
#16560=CARTESIAN_POINT('',(0.260724887159063,0.00251,0.121794331349739));
#16561=CARTESIAN_POINT('',(0.260724887159063,0.00251,0.121794331349739));
#16562=CARTESIAN_POINT('',(0.260224887159063,0.00251,0.121794331349739));
#16563=CARTESIAN_POINT('',(0.260224887159063,0.00251,0.121794331349739));
#16564=CARTESIAN_POINT('',(0.241599423074646,0.00251,0.108812167640637));
#16565=CARTESIAN_POINT('',(0.241099423074646,0.00251,0.108812167640637));
#16566=CARTESIAN_POINT('',(0.241099423074646,0.00251,0.108812167640637));
#16567=CARTESIAN_POINT('',(0.241599423074646,0.00251,0.108812167640637));
#16568=CARTESIAN_POINT('',(0.241599423074646,0.00251,0.108312167640637));
#16569=CARTESIAN_POINT('',(0.241599423074646,0.00251,0.108312167640637));
#16570=CARTESIAN_POINT('',(0.248099423074646,0.00251,0.108312167640637));
#16571=CARTESIAN_POINT('',(0.248099423074646,0.00251,0.108312167640637));
#16572=CARTESIAN_POINT('',(0.254599423074646,0.00251,0.108312167640637));
#16573=CARTESIAN_POINT('',(0.254599423074646,0.00251,0.108312167640637));
#16574=CARTESIAN_POINT('',(0.254599741556284,0.00251,0.108812167539207));
#16575=CARTESIAN_POINT('',(0.254599741556284,0.00251,0.108812167539207));
#16576=CARTESIAN_POINT('',(0.255099423074646,0.00251,0.108794324327405));
#16577=CARTESIAN_POINT('',(0.255099423074646,0.00251,0.108794324327405));
#16578=CARTESIAN_POINT('',(0.255099423074646,0.00251,0.115303245984021));
#16579=CARTESIAN_POINT('',(0.255099423074646,0.00251,0.115303245984021));
#16580=CARTESIAN_POINT('',(0.255099423074646,0.00251,0.121812167640637));
#16581=CARTESIAN_POINT('',(0.255099423074646,0.00251,0.121812167640637));
#16582=CARTESIAN_POINT('',(0.254599423074646,0.00251,0.121812167640637));
#16583=CARTESIAN_POINT('',(0.254599423074646,0.00251,0.121812167640637));
#16584=CARTESIAN_POINT('',(0.254599423074646,0.00251,0.122312167640637));
#16585=CARTESIAN_POINT('',(0.254599423074646,0.00251,0.122312167640637));
#16586=CARTESIAN_POINT('',(0.248099423074646,0.00251,0.122312167640637));
#16587=CARTESIAN_POINT('',(0.248099423074646,0.00251,0.122312167640637));
#16588=CARTESIAN_POINT('',(0.241599423074646,0.00251,0.122312167640637));
#16589=CARTESIAN_POINT('',(0.241599423074646,0.00251,0.122312167640637));
#16590=CARTESIAN_POINT('',(0.241599423074646,0.00251,0.121812167640637));
#16591=CARTESIAN_POINT('',(0.241599423074646,0.00251,0.121812167640637));
#16592=CARTESIAN_POINT('',(0.241099423074646,0.00251,0.121812167640637));
#16593=CARTESIAN_POINT('',(0.241099423074646,0.00251,0.121812167640637));
#16594=CARTESIAN_POINT('',(0.298824887159063,0.00251,0.0992693313497394));
#16595=CARTESIAN_POINT('',(0.298324887159063,0.00251,0.0992693313497394));
#16596=CARTESIAN_POINT('',(0.298324887159063,0.00251,0.0992693313497394));
#16597=CARTESIAN_POINT('',(0.298824887159063,0.00251,0.0992693313497394));
#16598=CARTESIAN_POINT('',(0.298824887159063,0.00251,0.0987693313497394));
#16599=CARTESIAN_POINT('',(0.298824887159063,0.00251,0.0987693313497394));
#16600=CARTESIAN_POINT('',(0.305324887159063,0.00251,0.0987693313497394));
#16601=CARTESIAN_POINT('',(0.305324887159063,0.00251,0.0987693313497394));
#16602=CARTESIAN_POINT('',(0.311824887159063,0.00251,0.0987693313497394));
#16603=CARTESIAN_POINT('',(0.311824887159063,0.00251,0.0987693313497394));
#16604=CARTESIAN_POINT('',(0.311824887159063,0.00251,0.0992693313497394));
#16605=CARTESIAN_POINT('',(0.311824887159063,0.00251,0.0992693313497394));
#16606=CARTESIAN_POINT('',(0.312324887159063,0.00251,0.0992693313497394));
#16607=CARTESIAN_POINT('',(0.312324887159063,0.00251,0.0992693313497394));
#16608=CARTESIAN_POINT('',(0.312324887159063,0.00251,0.105769331349739));
#16609=CARTESIAN_POINT('',(0.312324887159063,0.00251,0.105769331349739));
#16610=CARTESIAN_POINT('',(0.312324887159063,0.00251,0.112269331349739));
#16611=CARTESIAN_POINT('',(0.312324887159063,0.00251,0.112269331349739));
#16612=CARTESIAN_POINT('',(0.311824887159063,0.00251,0.112269331349739));
#16613=CARTESIAN_POINT('',(0.311824887159063,0.00251,0.112269331349739));
#16614=CARTESIAN_POINT('',(0.311824887159063,0.00251,0.112769331349739));
#16615=CARTESIAN_POINT('',(0.311824887159063,0.00251,0.112769331349739));
#16616=CARTESIAN_POINT('',(0.305324887159063,0.00251,0.112769331349739));
#16617=CARTESIAN_POINT('',(0.305324887159063,0.00251,0.112769331349739));
#16618=CARTESIAN_POINT('',(0.298824887159063,0.00251,0.112769331349739));
#16619=CARTESIAN_POINT('',(0.298824887159063,0.00251,0.112769331349739));
#16620=CARTESIAN_POINT('',(0.298824887159063,0.00251,0.112269331349739));
#16621=CARTESIAN_POINT('',(0.298824887159063,0.00251,0.112269331349739));
#16622=CARTESIAN_POINT('',(0.298324887159063,0.00251,0.112269331349739));
#16623=CARTESIAN_POINT('',(0.298324887159063,0.00251,0.112269331349739));
#16624=CARTESIAN_POINT('',(0.279774887159063,0.00251,0.0992693313497394));
#16625=CARTESIAN_POINT('',(0.279274887159063,0.00251,0.0992693313497394));
#16626=CARTESIAN_POINT('',(0.279274887159063,0.00251,0.0992693313497394));
#16627=CARTESIAN_POINT('',(0.279774887159063,0.00251,0.0992693313497394));
#16628=CARTESIAN_POINT('',(0.279774887159063,0.00251,0.0987693313497394));
#16629=CARTESIAN_POINT('',(0.279774887159063,0.00251,0.0987693313497394));
#16630=CARTESIAN_POINT('',(0.286274887159063,0.00251,0.0987693313497394));
#16631=CARTESIAN_POINT('',(0.286274887159063,0.00251,0.0987693313497394));
#16632=CARTESIAN_POINT('',(0.292774887159063,0.00251,0.0987693313497394));
#16633=CARTESIAN_POINT('',(0.292774887159063,0.00251,0.0987693313497394));
#16634=CARTESIAN_POINT('',(0.292774887159063,0.00251,0.0992693313497394));
#16635=CARTESIAN_POINT('',(0.292774887159063,0.00251,0.0992693313497394));
#16636=CARTESIAN_POINT('',(0.293274887159063,0.00251,0.0992693313497394));
#16637=CARTESIAN_POINT('',(0.293274887159063,0.00251,0.0992693313497394));
#16638=CARTESIAN_POINT('',(0.293274887159063,0.00251,0.105769331349739));
#16639=CARTESIAN_POINT('',(0.293274887159063,0.00251,0.105769331349739));
#16640=CARTESIAN_POINT('',(0.293274887159063,0.00251,0.112269331349739));
#16641=CARTESIAN_POINT('',(0.293274887159063,0.00251,0.112269331349739));
#16642=CARTESIAN_POINT('',(0.292774887159063,0.00251,0.112269331349739));
#16643=CARTESIAN_POINT('',(0.292774887159063,0.00251,0.112269331349739));
#16644=CARTESIAN_POINT('',(0.292774887159063,0.00251,0.112769331349739));
#16645=CARTESIAN_POINT('',(0.292774887159063,0.00251,0.112769331349739));
#16646=CARTESIAN_POINT('',(0.286274887159063,0.00251,0.112769331349739));
#16647=CARTESIAN_POINT('',(0.286274887159063,0.00251,0.112769331349739));
#16648=CARTESIAN_POINT('',(0.279774887159063,0.00251,0.112769331349739));
#16649=CARTESIAN_POINT('',(0.279774887159063,0.00251,0.112769331349739));
#16650=CARTESIAN_POINT('',(0.279774887159063,0.00251,0.112269331349739));
#16651=CARTESIAN_POINT('',(0.279774887159063,0.00251,0.112269331349739));
#16652=CARTESIAN_POINT('',(0.279274887159063,0.00251,0.112269331349739));
#16653=CARTESIAN_POINT('',(0.279274887159063,0.00251,0.112269331349739));
#16654=CARTESIAN_POINT('',(0.317874887159063,0.00251,0.0897443313497394));
#16655=CARTESIAN_POINT('',(0.317374887159063,0.00251,0.0897443313497394));
#16656=CARTESIAN_POINT('',(0.317374887159063,0.00251,0.0897443313497394));
#16657=CARTESIAN_POINT('',(0.317874887159063,0.00251,0.0897443313497394));
#16658=CARTESIAN_POINT('',(0.317874887159063,0.00251,0.0892443313497394));
#16659=CARTESIAN_POINT('',(0.317874887159063,0.00251,0.0892443313497394));
#16660=CARTESIAN_POINT('',(0.324374887159063,0.00251,0.0892443313497394));
#16661=CARTESIAN_POINT('',(0.324374887159063,0.00251,0.0892443313497394));
#16662=CARTESIAN_POINT('',(0.330874887159063,0.00251,0.0892443313497394));
#16663=CARTESIAN_POINT('',(0.330874887159063,0.00251,0.0892443313497394));
#16664=CARTESIAN_POINT('',(0.330874887159063,0.00251,0.0897443313497394));
#16665=CARTESIAN_POINT('',(0.330874887159063,0.00251,0.0897443313497394));
#16666=CARTESIAN_POINT('',(0.331374887159063,0.00251,0.0897443313497394));
#16667=CARTESIAN_POINT('',(0.331374887159063,0.00251,0.0897443313497394));
#16668=CARTESIAN_POINT('',(0.331374887159063,0.00251,0.0962443313497394));
#16669=CARTESIAN_POINT('',(0.331374887159063,0.00251,0.0962443313497394));
#16670=CARTESIAN_POINT('',(0.331374887159063,0.00251,0.102744331349739));
#16671=CARTESIAN_POINT('',(0.331374887159063,0.00251,0.102744331349739));
#16672=CARTESIAN_POINT('',(0.330874887159063,0.00251,0.102744331349739));
#16673=CARTESIAN_POINT('',(0.330874887159063,0.00251,0.102744331349739));
#16674=CARTESIAN_POINT('',(0.330874887159063,0.00251,0.103244331349739));
#16675=CARTESIAN_POINT('',(0.330874887159063,0.00251,0.103244331349739));
#16676=CARTESIAN_POINT('',(0.324374887159063,0.00251,0.103244331349739));
#16677=CARTESIAN_POINT('',(0.324374887159063,0.00251,0.103244331349739));
#16678=CARTESIAN_POINT('',(0.317874887159063,0.00251,0.103244331349739));
#16679=CARTESIAN_POINT('',(0.317874887159063,0.00251,0.103244331349739));
#16680=CARTESIAN_POINT('',(0.317874887159063,0.00251,0.102744331349739));
#16681=CARTESIAN_POINT('',(0.317874887159063,0.00251,0.102744331349739));
#16682=CARTESIAN_POINT('',(0.317374887159063,0.00251,0.102744331349739));
#16683=CARTESIAN_POINT('',(0.317374887159063,0.00251,0.102744331349739));
#16684=CARTESIAN_POINT('',(0.260724887159063,0.00251,0.0897443313497394));
#16685=CARTESIAN_POINT('',(0.260224887159063,0.00251,0.0897443313497394));
#16686=CARTESIAN_POINT('',(0.260224887159063,0.00251,0.0897443313497394));
#16687=CARTESIAN_POINT('',(0.260724887159063,0.00251,0.0897443313497394));
#16688=CARTESIAN_POINT('',(0.260724887159063,0.00251,0.0892443313497394));
#16689=CARTESIAN_POINT('',(0.260724887159063,0.00251,0.0892443313497394));
#16690=CARTESIAN_POINT('',(0.267224887159063,0.00251,0.0892443313497394));
#16691=CARTESIAN_POINT('',(0.267224887159063,0.00251,0.0892443313497394));
#16692=CARTESIAN_POINT('',(0.273724887159063,0.00251,0.0892443313497394));
#16693=CARTESIAN_POINT('',(0.273724887159063,0.00251,0.0892443313497394));
#16694=CARTESIAN_POINT('',(0.273724887159063,0.00251,0.0897443313497394));
#16695=CARTESIAN_POINT('',(0.273724887159063,0.00251,0.0897443313497394));
#16696=CARTESIAN_POINT('',(0.274224887159063,0.00251,0.0897443313497394));
#16697=CARTESIAN_POINT('',(0.274224887159063,0.00251,0.0897443313497394));
#16698=CARTESIAN_POINT('',(0.274224887159063,0.00251,0.0962443313497394));
#16699=CARTESIAN_POINT('',(0.274224887159063,0.00251,0.0962443313497394));
#16700=CARTESIAN_POINT('',(0.274224887159063,0.00251,0.102744331349739));
#16701=CARTESIAN_POINT('',(0.274224887159063,0.00251,0.102744331349739));
#16702=CARTESIAN_POINT('',(0.273724887159063,0.00251,0.102744331349739));
#16703=CARTESIAN_POINT('',(0.273724887159063,0.00251,0.102744331349739));
#16704=CARTESIAN_POINT('',(0.273724887159063,0.00251,0.103244331349739));
#16705=CARTESIAN_POINT('',(0.273724887159063,0.00251,0.103244331349739));
#16706=CARTESIAN_POINT('',(0.267224887159063,0.00251,0.103244331349739));
#16707=CARTESIAN_POINT('',(0.267224887159063,0.00251,0.103244331349739));
#16708=CARTESIAN_POINT('',(0.260724887159063,0.00251,0.103244331349739));
#16709=CARTESIAN_POINT('',(0.260724887159063,0.00251,0.103244331349739));
#16710=CARTESIAN_POINT('',(0.260724887159063,0.00251,0.102744331349739));
#16711=CARTESIAN_POINT('',(0.260724887159063,0.00251,0.102744331349739));
#16712=CARTESIAN_POINT('',(0.260224887159063,0.00251,0.102744331349739));
#16713=CARTESIAN_POINT('',(0.260224887159063,0.00251,0.102744331349739));
#16714=CARTESIAN_POINT('',(0.241674887159063,0.00251,0.0897443313497394));
#16715=CARTESIAN_POINT('',(0.241174887159063,0.00251,0.0897443313497394));
#16716=CARTESIAN_POINT('',(0.241174887159063,0.00251,0.0897443313497394));
#16717=CARTESIAN_POINT('',(0.241674887159063,0.00251,0.0897443313497394));
#16718=CARTESIAN_POINT('',(0.241674887159063,0.00251,0.0892443313497394));
#16719=CARTESIAN_POINT('',(0.241674887159063,0.00251,0.0892443313497394));
#16720=CARTESIAN_POINT('',(0.248174887159063,0.00251,0.0892443313497394));
#16721=CARTESIAN_POINT('',(0.248174887159063,0.00251,0.0892443313497394));
#16722=CARTESIAN_POINT('',(0.254674887159063,0.00251,0.0892443313497394));
#16723=CARTESIAN_POINT('',(0.254674887159063,0.00251,0.0892443313497394));
#16724=CARTESIAN_POINT('',(0.254674887159063,0.00251,0.0897443313497394));
#16725=CARTESIAN_POINT('',(0.254674887159063,0.00251,0.0897443313497394));
#16726=CARTESIAN_POINT('',(0.255174887159063,0.00251,0.0897443313497394));
#16727=CARTESIAN_POINT('',(0.255174887159063,0.00251,0.0897443313497394));
#16728=CARTESIAN_POINT('',(0.255174887159063,0.00251,0.0962443313497394));
#16729=CARTESIAN_POINT('',(0.255174887159063,0.00251,0.0962443313497394));
#16730=CARTESIAN_POINT('',(0.255174887159063,0.00251,0.102744331349739));
#16731=CARTESIAN_POINT('',(0.255174887159063,0.00251,0.102744331349739));
#16732=CARTESIAN_POINT('',(0.254674887159063,0.00251,0.102744331349739));
#16733=CARTESIAN_POINT('',(0.254674887159063,0.00251,0.102744331349739));
#16734=CARTESIAN_POINT('',(0.254674887159063,0.00251,0.103244331349739));
#16735=CARTESIAN_POINT('',(0.254674887159063,0.00251,0.103244331349739));
#16736=CARTESIAN_POINT('',(0.248174887159063,0.00251,0.103244331349739));
#16737=CARTESIAN_POINT('',(0.248174887159063,0.00251,0.103244331349739));
#16738=CARTESIAN_POINT('',(0.241674887159063,0.00251,0.103244331349739));
#16739=CARTESIAN_POINT('',(0.241674887159063,0.00251,0.103244331349739));
#16740=CARTESIAN_POINT('',(0.241674887159063,0.00251,0.102744331349739));
#16741=CARTESIAN_POINT('',(0.241674887159063,0.00251,0.102744331349739));
#16742=CARTESIAN_POINT('',(0.241174887159063,0.00251,0.102744331349739));
#16743=CARTESIAN_POINT('',(0.241174887159063,0.00251,0.102744331349739));
#16744=CARTESIAN_POINT('',(0.298824887159063,0.00251,0.0802193313497394));
#16745=CARTESIAN_POINT('',(0.298324887159063,0.00251,0.0802193313497394));
#16746=CARTESIAN_POINT('',(0.298324887159063,0.00251,0.0802193313497394));
#16747=CARTESIAN_POINT('',(0.298824887159063,0.00251,0.0802193313497394));
#16748=CARTESIAN_POINT('',(0.298824887159063,0.00251,0.0797193313497394));
#16749=CARTESIAN_POINT('',(0.298824887159063,0.00251,0.0797193313497394));
#16750=CARTESIAN_POINT('',(0.305324887159063,0.00251,0.0797193313497394));
#16751=CARTESIAN_POINT('',(0.305324887159063,0.00251,0.0797193313497394));
#16752=CARTESIAN_POINT('',(0.311824887159063,0.00251,0.0797193313497394));
#16753=CARTESIAN_POINT('',(0.311824887159063,0.00251,0.0797193313497394));
#16754=CARTESIAN_POINT('',(0.311824887159063,0.00251,0.0802193313497394));
#16755=CARTESIAN_POINT('',(0.311824887159063,0.00251,0.0802193313497394));
#16756=CARTESIAN_POINT('',(0.312324887159063,0.00251,0.0802193313497394));
#16757=CARTESIAN_POINT('',(0.312324887159063,0.00251,0.0802193313497394));
#16758=CARTESIAN_POINT('',(0.312324887159063,0.00251,0.0867193313497394));
#16759=CARTESIAN_POINT('',(0.312324887159063,0.00251,0.0867193313497394));
#16760=CARTESIAN_POINT('',(0.312324887159063,0.00251,0.0932193313497394));
#16761=CARTESIAN_POINT('',(0.312324887159063,0.00251,0.0932193313497394));
#16762=CARTESIAN_POINT('',(0.311824887159063,0.00251,0.0932193313497394));
#16763=CARTESIAN_POINT('',(0.311824887159063,0.00251,0.0932193313497394));
#16764=CARTESIAN_POINT('',(0.311824887159063,0.00251,0.0937193313497394));
#16765=CARTESIAN_POINT('',(0.311824887159063,0.00251,0.0937193313497394));
#16766=CARTESIAN_POINT('',(0.305324887159063,0.00251,0.0937193313497394));
#16767=CARTESIAN_POINT('',(0.305324887159063,0.00251,0.0937193313497394));
#16768=CARTESIAN_POINT('',(0.298824887159063,0.00251,0.0937193313497394));
#16769=CARTESIAN_POINT('',(0.298824887159063,0.00251,0.0937193313497394));
#16770=CARTESIAN_POINT('',(0.298824887159063,0.00251,0.0932193313497394));
#16771=CARTESIAN_POINT('',(0.298824887159063,0.00251,0.0932193313497394));
#16772=CARTESIAN_POINT('',(0.298324887159063,0.00251,0.0932193313497394));
#16773=CARTESIAN_POINT('',(0.298324887159063,0.00251,0.0932193313497394));
#16774=CARTESIAN_POINT('',(0.279774887159063,0.00251,0.0802193313497394));
#16775=CARTESIAN_POINT('',(0.279274887159063,0.00251,0.0802193313497394));
#16776=CARTESIAN_POINT('',(0.279274887159063,0.00251,0.0802193313497394));
#16777=CARTESIAN_POINT('',(0.279774887159063,0.00251,0.0802193313497394));
#16778=CARTESIAN_POINT('',(0.279774887159063,0.00251,0.0797193313497394));
#16779=CARTESIAN_POINT('',(0.279774887159063,0.00251,0.0797193313497394));
#16780=CARTESIAN_POINT('',(0.286274887159063,0.00251,0.0797193313497394));
#16781=CARTESIAN_POINT('',(0.286274887159063,0.00251,0.0797193313497394));
#16782=CARTESIAN_POINT('',(0.292774887159063,0.00251,0.0797193313497394));
#16783=CARTESIAN_POINT('',(0.292774887159063,0.00251,0.0797193313497394));
#16784=CARTESIAN_POINT('',(0.292774887159063,0.00251,0.0802193313497394));
#16785=CARTESIAN_POINT('',(0.292774887159063,0.00251,0.0802193313497394));
#16786=CARTESIAN_POINT('',(0.293274887159063,0.00251,0.0802193313497394));
#16787=CARTESIAN_POINT('',(0.293274887159063,0.00251,0.0802193313497394));
#16788=CARTESIAN_POINT('',(0.293274887159063,0.00251,0.0867193313497394));
#16789=CARTESIAN_POINT('',(0.293274887159063,0.00251,0.0867193313497394));
#16790=CARTESIAN_POINT('',(0.293274887159063,0.00251,0.0932193313497394));
#16791=CARTESIAN_POINT('',(0.293274887159063,0.00251,0.0932193313497394));
#16792=CARTESIAN_POINT('',(0.292774887159063,0.00251,0.0932193313497394));
#16793=CARTESIAN_POINT('',(0.292774887159063,0.00251,0.0932193313497394));
#16794=CARTESIAN_POINT('',(0.292774887159063,0.00251,0.0937193313497394));
#16795=CARTESIAN_POINT('',(0.292774887159063,0.00251,0.0937193313497394));
#16796=CARTESIAN_POINT('',(0.286274887159063,0.00251,0.0937193313497394));
#16797=CARTESIAN_POINT('',(0.286274887159063,0.00251,0.0937193313497394));
#16798=CARTESIAN_POINT('',(0.279774887159063,0.00251,0.0937193313497394));
#16799=CARTESIAN_POINT('',(0.279774887159063,0.00251,0.0937193313497394));
#16800=CARTESIAN_POINT('',(0.279774887159063,0.00251,0.0932193313497394));
#16801=CARTESIAN_POINT('',(0.279774887159063,0.00251,0.0932193313497394));
#16802=CARTESIAN_POINT('',(0.279274887159063,0.00251,0.0932193313497394));
#16803=CARTESIAN_POINT('',(0.279274887159063,0.00251,0.0932193313497394));
#16804=CARTESIAN_POINT('',(0.317874887159063,0.00251,0.0706943313497394));
#16805=CARTESIAN_POINT('',(0.317374887159063,0.00251,0.0706943313497394));
#16806=CARTESIAN_POINT('',(0.317374887159063,0.00251,0.0706943313497394));
#16807=CARTESIAN_POINT('',(0.317874887159063,0.00251,0.0706943313497394));
#16808=CARTESIAN_POINT('',(0.317874887159063,0.00251,0.0701943313497394));
#16809=CARTESIAN_POINT('',(0.317874887159063,0.00251,0.0701943313497394));
#16810=CARTESIAN_POINT('',(0.324374887159063,0.00251,0.0701943313497394));
#16811=CARTESIAN_POINT('',(0.324374887159063,0.00251,0.0701943313497394));
#16812=CARTESIAN_POINT('',(0.330874887159063,0.00251,0.0701943313497394));
#16813=CARTESIAN_POINT('',(0.330874887159063,0.00251,0.0701943313497394));
#16814=CARTESIAN_POINT('',(0.330874887159063,0.00251,0.0706943313497394));
#16815=CARTESIAN_POINT('',(0.330874887159063,0.00251,0.0706943313497394));
#16816=CARTESIAN_POINT('',(0.331374887159063,0.00251,0.0706943313497394));
#16817=CARTESIAN_POINT('',(0.331374887159063,0.00251,0.0706943313497394));
#16818=CARTESIAN_POINT('',(0.331374887159063,0.00251,0.0771943313497394));
#16819=CARTESIAN_POINT('',(0.331374887159063,0.00251,0.0771943313497394));
#16820=CARTESIAN_POINT('',(0.331374887159063,0.00251,0.0836943313497394));
#16821=CARTESIAN_POINT('',(0.331374887159063,0.00251,0.0836943313497394));
#16822=CARTESIAN_POINT('',(0.330874887159063,0.00251,0.0836943313497394));
#16823=CARTESIAN_POINT('',(0.330874887159063,0.00251,0.0836943313497394));
#16824=CARTESIAN_POINT('',(0.330874887159063,0.00251,0.0841943313497394));
#16825=CARTESIAN_POINT('',(0.330874887159063,0.00251,0.0841943313497394));
#16826=CARTESIAN_POINT('',(0.324374887159063,0.00251,0.0841943313497394));
#16827=CARTESIAN_POINT('',(0.324374887159063,0.00251,0.0841943313497394));
#16828=CARTESIAN_POINT('',(0.317874887159063,0.00251,0.0841943313497394));
#16829=CARTESIAN_POINT('',(0.317874887159063,0.00251,0.0841943313497394));
#16830=CARTESIAN_POINT('',(0.317874887159063,0.00251,0.0836943313497394));
#16831=CARTESIAN_POINT('',(0.317874887159063,0.00251,0.0836943313497394));
#16832=CARTESIAN_POINT('',(0.317374887159063,0.00251,0.0836943313497394));
#16833=CARTESIAN_POINT('',(0.317374887159063,0.00251,0.0836943313497394));
#16834=CARTESIAN_POINT('',(0.260724887159063,0.00251,0.0706943313497394));
#16835=CARTESIAN_POINT('',(0.260224887159063,0.00251,0.0706943313497394));
#16836=CARTESIAN_POINT('',(0.260224887159063,0.00251,0.0706943313497394));
#16837=CARTESIAN_POINT('',(0.260724887159063,0.00251,0.0706943313497394));
#16838=CARTESIAN_POINT('',(0.260724887159063,0.00251,0.0701943313497394));
#16839=CARTESIAN_POINT('',(0.260724887159063,0.00251,0.0701943313497394));
#16840=CARTESIAN_POINT('',(0.267224887159063,0.00251,0.0701943313497394));
#16841=CARTESIAN_POINT('',(0.267224887159063,0.00251,0.0701943313497394));
#16842=CARTESIAN_POINT('',(0.273724887159063,0.00251,0.0701943313497394));
#16843=CARTESIAN_POINT('',(0.273724887159063,0.00251,0.0701943313497394));
#16844=CARTESIAN_POINT('',(0.273724887159063,0.00251,0.0706943313497394));
#16845=CARTESIAN_POINT('',(0.273724887159063,0.00251,0.0706943313497394));
#16846=CARTESIAN_POINT('',(0.274224887159063,0.00251,0.0706943313497394));
#16847=CARTESIAN_POINT('',(0.274224887159063,0.00251,0.0706943313497394));
#16848=CARTESIAN_POINT('',(0.274224887159063,0.00251,0.0771943313497394));
#16849=CARTESIAN_POINT('',(0.274224887159063,0.00251,0.0771943313497394));
#16850=CARTESIAN_POINT('',(0.274224887159063,0.00251,0.0836943313497394));
#16851=CARTESIAN_POINT('',(0.274224887159063,0.00251,0.0836943313497394));
#16852=CARTESIAN_POINT('',(0.273724887159063,0.00251,0.0836943313497394));
#16853=CARTESIAN_POINT('',(0.273724887159063,0.00251,0.0836943313497394));
#16854=CARTESIAN_POINT('',(0.273724887159063,0.00251,0.0841943313497394));
#16855=CARTESIAN_POINT('',(0.273724887159063,0.00251,0.0841943313497394));
#16856=CARTESIAN_POINT('',(0.267224887159063,0.00251,0.0841943313497394));
#16857=CARTESIAN_POINT('',(0.267224887159063,0.00251,0.0841943313497394));
#16858=CARTESIAN_POINT('',(0.260724887159063,0.00251,0.0841943313497394));
#16859=CARTESIAN_POINT('',(0.260724887159063,0.00251,0.0841943313497394));
#16860=CARTESIAN_POINT('',(0.260724887159063,0.00251,0.0836943313497394));
#16861=CARTESIAN_POINT('',(0.260724887159063,0.00251,0.0836943313497394));
#16862=CARTESIAN_POINT('',(0.260224887159063,0.00251,0.0836943313497394));
#16863=CARTESIAN_POINT('',(0.260224887159063,0.00251,0.0836943313497394));
#16864=CARTESIAN_POINT('',(0.241674887159063,0.00251,0.0706943313497394));
#16865=CARTESIAN_POINT('',(0.241174887159063,0.00251,0.0706943313497394));
#16866=CARTESIAN_POINT('',(0.241174887159063,0.00251,0.0706943313497394));
#16867=CARTESIAN_POINT('',(0.241674887159063,0.00251,0.0706943313497394));
#16868=CARTESIAN_POINT('',(0.241674887159063,0.00251,0.0701943313497394));
#16869=CARTESIAN_POINT('',(0.241674887159063,0.00251,0.0701943313497394));
#16870=CARTESIAN_POINT('',(0.248174887159063,0.00251,0.0701943313497394));
#16871=CARTESIAN_POINT('',(0.248174887159063,0.00251,0.0701943313497394));
#16872=CARTESIAN_POINT('',(0.254674887159063,0.00251,0.0701943313497394));
#16873=CARTESIAN_POINT('',(0.254674887159063,0.00251,0.0701943313497394));
#16874=CARTESIAN_POINT('',(0.254674887159063,0.00251,0.0706943313497394));
#16875=CARTESIAN_POINT('',(0.254674887159063,0.00251,0.0706943313497394));
#16876=CARTESIAN_POINT('',(0.255174887159063,0.00251,0.0706943313497394));
#16877=CARTESIAN_POINT('',(0.255174887159063,0.00251,0.0706943313497394));
#16878=CARTESIAN_POINT('',(0.255174887159063,0.00251,0.0771943313497394));
#16879=CARTESIAN_POINT('',(0.255174887159063,0.00251,0.0771943313497394));
#16880=CARTESIAN_POINT('',(0.255174887159063,0.00251,0.0836943313497394));
#16881=CARTESIAN_POINT('',(0.255174887159063,0.00251,0.0836943313497394));
#16882=CARTESIAN_POINT('',(0.254674887159063,0.00251,0.0836943313497394));
#16883=CARTESIAN_POINT('',(0.254674887159063,0.00251,0.0836943313497394));
#16884=CARTESIAN_POINT('',(0.254674887159063,0.00251,0.0841943313497394));
#16885=CARTESIAN_POINT('',(0.254674887159063,0.00251,0.0841943313497394));
#16886=CARTESIAN_POINT('',(0.248174887159063,0.00251,0.0841943313497394));
#16887=CARTESIAN_POINT('',(0.248174887159063,0.00251,0.0841943313497394));
#16888=CARTESIAN_POINT('',(0.241674887159063,0.00251,0.0841943313497394));
#16889=CARTESIAN_POINT('',(0.241674887159063,0.00251,0.0841943313497394));
#16890=CARTESIAN_POINT('',(0.241674887159063,0.00251,0.0836943313497394));
#16891=CARTESIAN_POINT('',(0.241674887159063,0.00251,0.0836943313497394));
#16892=CARTESIAN_POINT('',(0.241174887159063,0.00251,0.0836943313497394));
#16893=CARTESIAN_POINT('',(0.241174887159063,0.00251,0.0836943313497394));
#16894=CARTESIAN_POINT('',(0.298824887159063,0.00251,0.0611693313497394));
#16895=CARTESIAN_POINT('',(0.298324887159063,0.00251,0.0611693313497394));
#16896=CARTESIAN_POINT('',(0.298324887159063,0.00251,0.0611693313497394));
#16897=CARTESIAN_POINT('',(0.298824887159063,0.00251,0.0611693313497394));
#16898=CARTESIAN_POINT('',(0.298824887159063,0.00251,0.0606693313497394));
#16899=CARTESIAN_POINT('',(0.298824887159063,0.00251,0.0606693313497394));
#16900=CARTESIAN_POINT('',(0.305324887159063,0.00251,0.0606693313497394));
#16901=CARTESIAN_POINT('',(0.305324887159063,0.00251,0.0606693313497394));
#16902=CARTESIAN_POINT('',(0.311824887159063,0.00251,0.0606693313497394));
#16903=CARTESIAN_POINT('',(0.311824887159063,0.00251,0.0606693313497394));
#16904=CARTESIAN_POINT('',(0.311824887159063,0.00251,0.0611693313497394));
#16905=CARTESIAN_POINT('',(0.311824887159063,0.00251,0.0611693313497394));
#16906=CARTESIAN_POINT('',(0.312324887159063,0.00251,0.0611693313497394));
#16907=CARTESIAN_POINT('',(0.312324887159063,0.00251,0.0611693313497394));
#16908=CARTESIAN_POINT('',(0.312324887159063,0.00251,0.0676693313497394));
#16909=CARTESIAN_POINT('',(0.312324887159063,0.00251,0.0676693313497394));
#16910=CARTESIAN_POINT('',(0.312324887159063,0.00251,0.0741693313497394));
#16911=CARTESIAN_POINT('',(0.312324887159063,0.00251,0.0741693313497394));
#16912=CARTESIAN_POINT('',(0.311824887159063,0.00251,0.0741693313497394));
#16913=CARTESIAN_POINT('',(0.311824887159063,0.00251,0.0741693313497394));
#16914=CARTESIAN_POINT('',(0.311824887159063,0.00251,0.0746693313497394));
#16915=CARTESIAN_POINT('',(0.311824887159063,0.00251,0.0746693313497394));
#16916=CARTESIAN_POINT('',(0.305324887159063,0.00251,0.0746693313497394));
#16917=CARTESIAN_POINT('',(0.305324887159063,0.00251,0.0746693313497394));
#16918=CARTESIAN_POINT('',(0.298824887159063,0.00251,0.0746693313497394));
#16919=CARTESIAN_POINT('',(0.298824887159063,0.00251,0.0746693313497394));
#16920=CARTESIAN_POINT('',(0.298824887159063,0.00251,0.0741693313497394));
#16921=CARTESIAN_POINT('',(0.298824887159063,0.00251,0.0741693313497394));
#16922=CARTESIAN_POINT('',(0.298324887159063,0.00251,0.0741693313497394));
#16923=CARTESIAN_POINT('',(0.298324887159063,0.00251,0.0741693313497394));
#16924=CARTESIAN_POINT('',(0.279774887159063,0.00251,0.0611693313497394));
#16925=CARTESIAN_POINT('',(0.279274887159063,0.00251,0.0611693313497394));
#16926=CARTESIAN_POINT('',(0.279274887159063,0.00251,0.0611693313497394));
#16927=CARTESIAN_POINT('',(0.279774887159063,0.00251,0.0611693313497394));
#16928=CARTESIAN_POINT('',(0.279774887159063,0.00251,0.0606693313497394));
#16929=CARTESIAN_POINT('',(0.279774887159063,0.00251,0.0606693313497394));
#16930=CARTESIAN_POINT('',(0.286274887159063,0.00251,0.0606693313497394));
#16931=CARTESIAN_POINT('',(0.286274887159063,0.00251,0.0606693313497394));
#16932=CARTESIAN_POINT('',(0.292774887159063,0.00251,0.0606693313497394));
#16933=CARTESIAN_POINT('',(0.292774887159063,0.00251,0.0606693313497394));
#16934=CARTESIAN_POINT('',(0.292774887159063,0.00251,0.0611693313497394));
#16935=CARTESIAN_POINT('',(0.292774887159063,0.00251,0.0611693313497394));
#16936=CARTESIAN_POINT('',(0.293274887159063,0.00251,0.0611693313497394));
#16937=CARTESIAN_POINT('',(0.293274887159063,0.00251,0.0611693313497394));
#16938=CARTESIAN_POINT('',(0.293274887159063,0.00251,0.0676693313497394));
#16939=CARTESIAN_POINT('',(0.293274887159063,0.00251,0.0676693313497394));
#16940=CARTESIAN_POINT('',(0.293274887159063,0.00251,0.0741693313497394));
#16941=CARTESIAN_POINT('',(0.293274887159063,0.00251,0.0741693313497394));
#16942=CARTESIAN_POINT('',(0.292774887159063,0.00251,0.0741693313497394));
#16943=CARTESIAN_POINT('',(0.292774887159063,0.00251,0.0741693313497394));
#16944=CARTESIAN_POINT('',(0.292774887159063,0.00251,0.0746693313497394));
#16945=CARTESIAN_POINT('',(0.292774887159063,0.00251,0.0746693313497394));
#16946=CARTESIAN_POINT('',(0.286274887159063,0.00251,0.0746693313497394));
#16947=CARTESIAN_POINT('',(0.286274887159063,0.00251,0.0746693313497394));
#16948=CARTESIAN_POINT('',(0.279774887159063,0.00251,0.0746693313497394));
#16949=CARTESIAN_POINT('',(0.279774887159063,0.00251,0.0746693313497394));
#16950=CARTESIAN_POINT('',(0.279774887159063,0.00251,0.0741693313497394));
#16951=CARTESIAN_POINT('',(0.279774887159063,0.00251,0.0741693313497394));
#16952=CARTESIAN_POINT('',(0.279274887159063,0.00251,0.0741693313497394));
#16953=CARTESIAN_POINT('',(0.279274887159063,0.00251,0.0741693313497394));
#16954=CARTESIAN_POINT('',(0.260224887159063,0.00251,0.134344331349739));
#16955=CARTESIAN_POINT('',(0.260224887159063,0.00251,0.134344331349739));
#16956=CARTESIAN_POINT('',(0.317374887159063,0.00251,0.115294331349739));
#16957=CARTESIAN_POINT('',(0.317374887159063,0.00251,0.115294331349739));
#16958=CARTESIAN_POINT('',(0.260224887159063,0.00251,0.115294331349739));
#16959=CARTESIAN_POINT('',(0.260224887159063,0.00251,0.115294331349739));
#16960=CARTESIAN_POINT('',(0.241099423074646,0.00251,0.115312167640637));
#16961=CARTESIAN_POINT('',(0.241099423074646,0.00251,0.115312167640637));
#16962=CARTESIAN_POINT('',(0.298324887159063,0.00251,0.105769331349739));
#16963=CARTESIAN_POINT('',(0.298324887159063,0.00251,0.105769331349739));
#16964=CARTESIAN_POINT('',(0.279274887159063,0.00251,0.105769331349739));
#16965=CARTESIAN_POINT('',(0.279274887159063,0.00251,0.105769331349739));
#16966=CARTESIAN_POINT('',(0.317374887159063,0.00251,0.0962443313497394));
#16967=CARTESIAN_POINT('',(0.317374887159063,0.00251,0.0962443313497394));
#16968=CARTESIAN_POINT('',(0.260224887159063,0.00251,0.0962443313497394));
#16969=CARTESIAN_POINT('',(0.260224887159063,0.00251,0.0962443313497394));
#16970=CARTESIAN_POINT('',(0.241174887159063,0.00251,0.0962443313497394));
#16971=CARTESIAN_POINT('',(0.241174887159063,0.00251,0.0962443313497394));
#16972=CARTESIAN_POINT('',(0.298324887159063,0.00251,0.0867193313497394));
#16973=CARTESIAN_POINT('',(0.298324887159063,0.00251,0.0867193313497394));
#16974=CARTESIAN_POINT('',(0.279274887159063,0.00251,0.0867193313497394));
#16975=CARTESIAN_POINT('',(0.279274887159063,0.00251,0.0867193313497394));
#16976=CARTESIAN_POINT('',(0.317374887159063,0.00251,0.0771943313497394));
#16977=CARTESIAN_POINT('',(0.317374887159063,0.00251,0.0771943313497394));
#16978=CARTESIAN_POINT('',(0.260224887159063,0.00251,0.0771943313497394));
#16979=CARTESIAN_POINT('',(0.260224887159063,0.00251,0.0771943313497394));
#16980=CARTESIAN_POINT('',(0.241174887159063,0.00251,0.0771943313497394));
#16981=CARTESIAN_POINT('',(0.241174887159063,0.00251,0.0771943313497394));
#16982=CARTESIAN_POINT('',(0.298324887159063,0.00251,0.0676693313497394));
#16983=CARTESIAN_POINT('',(0.298324887159063,0.00251,0.0676693313497394));
#16984=CARTESIAN_POINT('',(0.279274887159063,0.00251,0.0676693313497394));
#16985=CARTESIAN_POINT('',(0.279274887159063,0.00251,0.0676693313497394));
#16986=CARTESIAN_POINT('',(0.243099423074646,0.00251,0.133344331349739));
#16987=CARTESIAN_POINT('',(0.243099423074646,0.00251,0.133344331349739));
#16988=CARTESIAN_POINT('',(0.284748145323387,0.00251,0.0955294181004727));
#16989=CARTESIAN_POINT('',(0.268266412479576,0.00251,0.0466865585178024));
#16990=CARTESIAN_POINT('',(0.249867657928385,0.00451,0.0466865585178024));
#16991=CARTESIAN_POINT('',(0.249823486862282,0.00451,0.0461362433323483));
#16992=CARTESIAN_POINT('',(0.249483879448637,0.00425716007679716,0.0456729512620532));
#16993=CARTESIAN_POINT('',(0.249013878652579,0.00408240746233144,0.0454506237410426));
#16994=CARTESIAN_POINT('',(0.241586797489857,0.00251,0.0534853577849698));
#16995=CARTESIAN_POINT('',(0.24694484581425,0.00406578879689118,0.0463462452173437));
#16996=CARTESIAN_POINT('',(0.246788123499493,0.00425379497610755,0.0468322933026322));
#16997=CARTESIAN_POINT('',(0.24688801298233,0.00450999999999994,0.0473999384773227));
#16998=CARTESIAN_POINT('',(0.247258121625295,0.00451,0.0478106793382546));
#16999=CARTESIAN_POINT('',(0.233944705870249,0.00251,0.0583027056419345));
#17000=CARTESIAN_POINT('',(0.233944705870249,0.003038495270004,0.0583027056419345));
#17001=CARTESIAN_POINT('',(0.234260204384922,0.00407404991162156,0.0585975044669423));
#17002=CARTESIAN_POINT('',(0.235031991392697,0.00450999999999994,0.0593081311582415));
#17003=CARTESIAN_POINT('',(0.23542024052108,0.00451,0.0596555619710619));
#17004=CARTESIAN_POINT('',(0.236478894399143,0.00251,0.0605017124020926));
#17005=CARTESIAN_POINT('',(0.233124887159063,0.00251,0.0605932419857811));
#17006=CARTESIAN_POINT('',(0.233124887159063,0.0030382799263065,0.0605932419857811));
#17007=CARTESIAN_POINT('',(0.233556016769571,0.00407349678982251,0.0605876424104784));
#17008=CARTESIAN_POINT('',(0.234604193386612,0.00451,0.0605709665593057));
#17009=CARTESIAN_POINT('',(0.235124887159063,0.00451,0.060559875786472));
#17010=CARTESIAN_POINT('',(0.235124887159063,0.00251,0.101481201248842));
#17011=CARTESIAN_POINT('',(0.235124887159063,0.00251,0.142369160511902));
#17012=CARTESIAN_POINT('',(0.237124885664913,0.00251,0.142369160511902));
#17013=CARTESIAN_POINT('',(0.23712465967273,0.00251,0.144369159004984));
#17014=CARTESIAN_POINT('',(0.25652207531835,0.00251,0.144371350825896));
#17015=CARTESIAN_POINT('',(0.277919694659063,0.00251,0.136167003018482));
#17016=CARTESIAN_POINT('',(0.277919662262614,0.00251,0.127960070245446));
#17017=CARTESIAN_POINT('',(0.306146161906297,0.00251,0.127965613517949));
#17018=CARTESIAN_POINT('',(0.334372652159063,0.00251,0.0975957640177774));
#17019=CARTESIAN_POINT('',(0.32637265319449,0.00251,0.0672207640178024));
#17020=CARTESIAN_POINT('',(0.318374170980262,0.00251,0.0672207640178024));
#17021=CARTESIAN_POINT('',(0.318369604158496,0.00251,0.0612071242715142));
#17022=CARTESIAN_POINT('',(0.318366555004521,0.00251,0.0571919657044644));
#17023=CARTESIAN_POINT('',(0.316366557653213,0.00251,0.0571934845236524));
#17024=CARTESIAN_POINT('',(0.316366748465713,0.00251,0.0551934860269049));
#17025=CARTESIAN_POINT('',(0.306804340893477,0.00251,0.0551925737127699));
#17026=CARTESIAN_POINT('',(0.296409363490607,0.00251,0.0551915819662097));
#17027=CARTESIAN_POINT('',(0.268266412479576,0.00251,0.0466865585178024));
#17028=CARTESIAN_POINT('',(0.287496480061646,0.00406731389818002,0.0454316587518707));
#17029=CARTESIAN_POINT('',(0.286979165537258,0.00422570266671611,0.0456282171043809));
#17030=CARTESIAN_POINT('',(0.286593766787513,0.00451000000000003,0.0461062517436327));
#17031=CARTESIAN_POINT('',(0.286536505991672,0.00451,0.0466865585178025));
#17032=CARTESIAN_POINT('',(0.292179137650851,0.00251,0.0509305425577393));
#17033=CARTESIAN_POINT('',(0.289126958199434,0.00451,0.0478561305956201));
#17034=CARTESIAN_POINT('',(0.28952289065967,0.00450999999999999,0.0474309860139413));
#17035=CARTESIAN_POINT('',(0.289623371534636,0.00422402820485906,0.0468327029155126));
#17036=CARTESIAN_POINT('',(0.28944033093035,0.00402894031477355,0.0463250613239278));
#17037=CARTESIAN_POINT('',(0.288029256568508,-0.02049,0.0468338531726755));
#17038=CARTESIAN_POINT('',(0.333786866159063,-0.02049,0.0678065500178029));
#17039=CARTESIAN_POINT('',(0.333786727286901,-0.02049,0.127385116876278));
#17040=CARTESIAN_POINT('',(0.27733385496497,-0.02049,0.143787835207648));
#17041=CARTESIAN_POINT('',(0.248372466562737,-0.02049,0.0468065701009717));
#17042=CARTESIAN_POINT('',(0.,0.,0.));
#17043=CARTESIAN_POINT('',(0.10605013,-0.0105,0.0596241110033619));
#17044=CARTESIAN_POINT('',(0.10605013,-0.0075,0.0596241110033619));
#17045=CARTESIAN_POINT('',(0.10605013,-0.0075,0.062598749));
#17046=CARTESIAN_POINT('',(0.10605013,-0.0075,0.0566494730067238));
#17047=CARTESIAN_POINT('',(0.10605013,-0.0105,0.0566494730067238));
#17048=CARTESIAN_POINT('',(0.10605013,-0.0105,0.0566494730067238));
#17049=CARTESIAN_POINT('',(0.10605013,-0.0105,0.0596241110033619));
#17050=CARTESIAN_POINT('',(0.10605013,-0.0105,0.062598749));
#17051=CARTESIAN_POINT('',(0.10605013,-0.0105,0.062598749));
#17052=CARTESIAN_POINT('',(0.11205013,-0.0105,0.0566494730067238));
#17053=CARTESIAN_POINT('',(0.11205013,-0.0075,0.0566494730067238));
#17054=CARTESIAN_POINT('',(0.112050367819927,-0.0075,0.050649473011437));
#17055=CARTESIAN_POINT('',(0.112050367819927,-0.0105,0.050649473011437));
#17056=CARTESIAN_POINT('',(0.112050367819927,-0.0105,0.050649473011437));
#17057=CARTESIAN_POINT('',(0.11205013,-0.0105,0.0566494730067238));
#17058=CARTESIAN_POINT('',(0.118096350219893,-0.0105,0.0506497126539524));
#17059=CARTESIAN_POINT('',(0.118096350219893,-0.0075,0.0506497126539524));
#17060=CARTESIAN_POINT('',(0.12414233261986,-0.0075,0.0506499522964677));
#17061=CARTESIAN_POINT('',(0.12414233261986,-0.0105,0.0506499522964677));
#17062=CARTESIAN_POINT('',(0.12414233261986,-0.0105,0.0506499522964677));
#17063=CARTESIAN_POINT('',(0.118096350219893,-0.0105,0.0506497126539524));
#17064=CARTESIAN_POINT('',(0.127505006046034,-0.0105,0.0472876741618002));
#17065=CARTESIAN_POINT('',(0.127505006046034,-0.0075,0.0472876741618002));
#17066=CARTESIAN_POINT('',(0.130867679472208,-0.0075,0.0439253960271326));
#17067=CARTESIAN_POINT('',(0.130867679472208,-0.0105,0.0439253960271326));
#17068=CARTESIAN_POINT('',(0.130867679472208,-0.0105,0.0439253960271326));
#17069=CARTESIAN_POINT('',(0.127505006046034,-0.0105,0.0472876741618002));
#17070=CARTESIAN_POINT('',(0.13485785259983,-0.0105,0.04749677082329));
#17071=CARTESIAN_POINT('',(0.13485785259983,-0.0075,0.04749677082329));
#17072=CARTESIAN_POINT('',(0.134741924966071,-0.0075,0.0421430095));
#17073=CARTESIAN_POINT('',(0.134741924966071,-0.0105,0.0421430095));
#17074=CARTESIAN_POINT('',(0.134741924966071,-0.0105,0.0421430095));
#17075=CARTESIAN_POINT('',(0.13485785259983,-0.0105,0.04749677082329));
#17076=CARTESIAN_POINT('',(0.156675000053261,-0.0105,0.0421430095));
#17077=CARTESIAN_POINT('',(0.156675000053261,-0.0075,0.0421430095));
#17078=CARTESIAN_POINT('',(0.17860807514045,-0.0075,0.0421430095));
#17079=CARTESIAN_POINT('',(0.17860807514045,-0.0105,0.0421430095));
#17080=CARTESIAN_POINT('',(0.17860807514045,-0.0105,0.0421430095));
#17081=CARTESIAN_POINT('',(0.156675000053261,-0.0105,0.0421430095));
#17082=CARTESIAN_POINT('',(0.17849214749048,-0.0105,0.0474967743647001));
#17083=CARTESIAN_POINT('',(0.17849214749048,-0.0075,0.0474967743647001));
#17084=CARTESIAN_POINT('',(0.18248340241701,-0.0075,0.0439266032822489));
#17085=CARTESIAN_POINT('',(0.18248340241701,-0.0105,0.0439266032822489));
#17086=CARTESIAN_POINT('',(0.18248340241701,-0.0105,0.0439266032822489));
#17087=CARTESIAN_POINT('',(0.17849214749048,-0.0105,0.0474967743647001));
#17088=CARTESIAN_POINT('',(0.189250246605453,-0.0105,0.050697012888893));
#17089=CARTESIAN_POINT('',(0.189250246605453,-0.0075,0.050697012888893));
#17090=CARTESIAN_POINT('',(0.196017090793894,-0.0075,0.057467422495537));
#17091=CARTESIAN_POINT('',(0.196017090793894,-0.0105,0.057467422495537));
#17092=CARTESIAN_POINT('',(0.196017090793894,-0.0105,0.057467422495537));
#17093=CARTESIAN_POINT('',(0.189250246605453,-0.0105,0.050697012888893));
#17094=CARTESIAN_POINT('',(0.192446224413497,-0.0105,0.0614580506185741));
#17095=CARTESIAN_POINT('',(0.192446224413497,-0.0075,0.0614580506185741));
#17096=CARTESIAN_POINT('',(0.197800046951224,-0.0075,0.0613449853385294));
#17097=CARTESIAN_POINT('',(0.197800046951224,-0.0105,0.0613449853385294));
#17098=CARTESIAN_POINT('',(0.197800046951224,-0.0105,0.0613449853385294));
#17099=CARTESIAN_POINT('',(0.192446224413497,-0.0105,0.0614580506185741));
#17100=CARTESIAN_POINT('',(0.197800046951224,-0.0105,0.101717584457965));
#17101=CARTESIAN_POINT('',(0.197800046951224,-0.0075,0.101717584457965));
#17102=CARTESIAN_POINT('',(0.197800046951224,-0.0075,0.1420901835774));
#17103=CARTESIAN_POINT('',(0.197800046951224,-0.0105,0.1420901835774));
#17104=CARTESIAN_POINT('',(0.197800046951224,-0.0105,0.1420901835774));
#17105=CARTESIAN_POINT('',(0.197800046951224,-0.0105,0.101717584457965));
#17106=CARTESIAN_POINT('',(0.19180004852863,-0.0105,0.1420901835774));
#17107=CARTESIAN_POINT('',(0.19180004852863,-0.0075,0.1420901835774));
#17108=CARTESIAN_POINT('',(0.19180004852863,-0.0075,0.148090182));
#17109=CARTESIAN_POINT('',(0.19180004852863,-0.0105,0.148090182));
#17110=CARTESIAN_POINT('',(0.19180004852863,-0.0105,0.148090182));
#17111=CARTESIAN_POINT('',(0.19180004852863,-0.0105,0.1420901835774));
#17112=CARTESIAN_POINT('',(0.17289512601724,-0.0105,0.148090182));
#17113=CARTESIAN_POINT('',(0.17289512601724,-0.0075,0.148090182));
#17114=CARTESIAN_POINT('',(0.15399020350585,-0.0075,0.14809018199995));
#17115=CARTESIAN_POINT('',(0.15399020350585,-0.0105,0.14809018199995));
#17116=CARTESIAN_POINT('',(0.15399020350585,-0.0105,0.14809018199995));
#17117=CARTESIAN_POINT('',(0.17289512601724,-0.0105,0.148090182));
#17118=CARTESIAN_POINT('',(0.15399020350585,-0.0105,0.1420901834941));
#17119=CARTESIAN_POINT('',(0.15399020350585,-0.0075,0.1420901834941));
#17120=CARTESIAN_POINT('',(0.147990205,-0.0075,0.1420901834941));
#17121=CARTESIAN_POINT('',(0.147990205,-0.0105,0.1420901834941));
#17122=CARTESIAN_POINT('',(0.147990205,-0.0105,0.1420901834941));
#17123=CARTESIAN_POINT('',(0.15399020350585,-0.0105,0.1420901834941));
#17124=CARTESIAN_POINT('',(0.147990205,-0.0105,0.135956221226026));
#17125=CARTESIAN_POINT('',(0.147990205,-0.0075,0.135956221226026));
#17126=CARTESIAN_POINT('',(0.147990205,-0.0075,0.129822258957952));
#17127=CARTESIAN_POINT('',(0.147990205,-0.0105,0.129822258957952));
#17128=CARTESIAN_POINT('',(0.147990205,-0.0105,0.129822258957952));
#17129=CARTESIAN_POINT('',(0.147990205,-0.0105,0.135956221226026));
#17130=CARTESIAN_POINT('',(0.123783536955406,-0.0105,0.129829022323055));
#17131=CARTESIAN_POINT('',(0.123783536955406,-0.0075,0.129829022323055));
#17132=CARTESIAN_POINT('',(0.0995768689108329,-0.0075,0.129835785765755));
#17133=CARTESIAN_POINT('',(0.0995768689108329,-0.0105,0.129835785765755));
#17134=CARTESIAN_POINT('',(0.0995768689108329,-0.0105,0.129835785765755));
#17135=CARTESIAN_POINT('',(0.123783536955406,-0.0105,0.129829022323055));
#17136=CARTESIAN_POINT('',(0.09957519250585,-0.0105,0.1238357874941));
#17137=CARTESIAN_POINT('',(0.09957519250585,-0.0075,0.1238357874941));
#17138=CARTESIAN_POINT('',(0.093575194,-0.0075,0.1238357874941));
#17139=CARTESIAN_POINT('',(0.093575194,-0.0105,0.1238357874941));
#17140=CARTESIAN_POINT('',(0.093575194,-0.0105,0.1238357874941));
#17141=CARTESIAN_POINT('',(0.09957519250585,-0.0105,0.1238357874941));
#17142=CARTESIAN_POINT('',(0.093575194,-0.0105,0.096229764869325));
#17143=CARTESIAN_POINT('',(0.093575194,-0.0075,0.096229764869325));
#17144=CARTESIAN_POINT('',(0.093575193892884,-0.0075,0.06862374224455));
#17145=CARTESIAN_POINT('',(0.093575193892884,-0.0105,0.06862374224455));
#17146=CARTESIAN_POINT('',(0.093575193892884,-0.0105,0.06862374224455));
#17147=CARTESIAN_POINT('',(0.093575194,-0.0105,0.096229764869325));
#17148=CARTESIAN_POINT('',(0.099600854570243,-0.0105,0.06862374224455));
#17149=CARTESIAN_POINT('',(0.099600854570243,-0.0075,0.06862374224455));
#17150=CARTESIAN_POINT('',(0.0995111717859569,-0.0075,0.062598749));
#17151=CARTESIAN_POINT('',(0.0995111717859569,-0.0105,0.062598749));
#17152=CARTESIAN_POINT('',(0.0995111717859569,-0.0105,0.062598749));
#17153=CARTESIAN_POINT('',(0.099600854570243,-0.0105,0.06862374224455));
#17154=CARTESIAN_POINT('',(0.102780650892978,-0.0105,0.062598749));
#17155=CARTESIAN_POINT('',(0.102780650892978,-0.0075,0.062598749));
#17156=CARTESIAN_POINT('',(0.102780650892978,-0.0105,0.062598749));
#17157=CARTESIAN_POINT('',(0.145687620422054,-0.0105,0.09511659575));
#17158=CARTESIAN_POINT('',(0.13435785259983,-0.0105,0.04499677082329));
#17159=CARTESIAN_POINT('',(0.13285785259983,-0.0105,0.04499677082329));
#17160=CARTESIAN_POINT('',(0.19430004852863,-0.0105,0.059967422495537));
#17161=CARTESIAN_POINT('',(0.19280004852863,-0.0105,0.059967422495537));
#17162=CARTESIAN_POINT('',(0.19430004852863,-0.0105,0.1445901835774));
#17163=CARTESIAN_POINT('',(0.19280004852863,-0.0105,0.1445901835774));
#17164=CARTESIAN_POINT('',(0.15149020350585,-0.0105,0.1445901834941));
#17165=CARTESIAN_POINT('',(0.14999020350585,-0.0105,0.1445901834941));
#17166=CARTESIAN_POINT('',(0.09707519250585,-0.0105,0.1263357874941));
#17167=CARTESIAN_POINT('',(0.09557519250585,-0.0105,0.1263357874941));
#17168=CARTESIAN_POINT('',(0.097075194,-0.0105,0.06612374224455));
#17169=CARTESIAN_POINT('',(0.095575194,-0.0105,0.06612374224455));
#17170=CARTESIAN_POINT('',(0.145687620422054,-0.0075,0.09511659575));
#17171=CARTESIAN_POINT('',(0.13435785259983,-0.0075,0.04499677082329));
#17172=CARTESIAN_POINT('',(0.13285785259983,-0.0075,0.04499677082329));
#17173=CARTESIAN_POINT('',(0.19430004852863,-0.0075,0.059967422495537));
#17174=CARTESIAN_POINT('',(0.19280004852863,-0.0075,0.059967422495537));
#17175=CARTESIAN_POINT('',(0.19430004852863,-0.0075,0.1445901835774));
#17176=CARTESIAN_POINT('',(0.19280004852863,-0.0075,0.1445901835774));
#17177=CARTESIAN_POINT('',(0.15149020350585,-0.0075,0.1445901834941));
#17178=CARTESIAN_POINT('',(0.14999020350585,-0.0075,0.1445901834941));
#17179=CARTESIAN_POINT('',(0.09707519250585,-0.0075,0.1263357874941));
#17180=CARTESIAN_POINT('',(0.09557519250585,-0.0075,0.1263357874941));
#17181=CARTESIAN_POINT('',(0.097075194,-0.0075,0.06612374224455));
#17182=CARTESIAN_POINT('',(0.095575194,-0.0075,0.06612374224455));
#17183=CARTESIAN_POINT('',(0.097075194,-0.025,0.06612374224455));
#17184=CARTESIAN_POINT('',(0.09707519250585,-0.025,0.1263357874941));
#17185=CARTESIAN_POINT('',(0.15149020350585,-0.025,0.1445901834941));
#17186=CARTESIAN_POINT('',(0.19430004852863,-0.025,0.1445901835774));
#17187=CARTESIAN_POINT('',(0.19430004852863,-0.025,0.059967422495537));
#17188=CARTESIAN_POINT('',(0.13435785259983,-0.025,0.04499677082329));
#17189=CARTESIAN_POINT('',(0.,0.,0.));
#17190=CARTESIAN_POINT('',(0.183775023475612,-0.003,0.0583038270794437));
#17191=CARTESIAN_POINT('',(0.191214632937626,0.,0.0657473564365005));
#17192=CARTESIAN_POINT('',(0.191214632937626,-0.003,0.0657473564365005));
#17193=CARTESIAN_POINT('',(0.191214632937626,-0.002,0.0657473564365005));
#17194=CARTESIAN_POINT('',(0.180048303109961,-0.002,0.0545751431224558));
#17195=CARTESIAN_POINT('',(0.176260258641034,-0.002,0.0507851027508118));
#17196=CARTESIAN_POINT('',(0.176260258641034,-0.003,0.0507851027508118));
#17197=CARTESIAN_POINT('',(0.176260258641034,-0.003,0.0507851027508118));
#17198=CARTESIAN_POINT('',(0.183775023475612,-0.003,0.0583038270794437));
#17199=CARTESIAN_POINT('',(0.131367214262935,-0.003,0.0519107026129127));
#17200=CARTESIAN_POINT('',(0.134549578158635,0.,0.048728712812838));
#17201=CARTESIAN_POINT('',(0.134549578158635,-0.003,0.048728712812838));
#17202=CARTESIAN_POINT('',(0.134549578158635,-0.002,0.048728712812838));
#17203=CARTESIAN_POINT('',(0.131074328176951,-0.002,0.0522035542693317));
#17204=CARTESIAN_POINT('',(0.127599078195268,-0.002,0.0556783957258253));
#17205=CARTESIAN_POINT('',(0.127599078195268,-0.003,0.0556783957258253));
#17206=CARTESIAN_POINT('',(0.127599078195268,-0.003,0.0556783957258253));
#17207=CARTESIAN_POINT('',(0.131367214262935,-0.003,0.0519107026129127));
#17208=CARTESIAN_POINT('',(0.125321600119626,-0.003,0.0534949463091739));
#17209=CARTESIAN_POINT('',(0.125321600119626,-0.002,0.0534949463091739));
#17210=CARTESIAN_POINT('',(0.125321475063891,-0.002,0.0566499990384425));
#17211=CARTESIAN_POINT('',(0.125321475063891,-0.003,0.0566499990384425));
#17212=CARTESIAN_POINT('',(0.125321475063891,-0.003,0.0566499990384425));
#17213=CARTESIAN_POINT('',(0.125321600119626,-0.003,0.0534949463091739));
#17214=CARTESIAN_POINT('',(0.120285737531945,-0.003,0.056649799438654));
#17215=CARTESIAN_POINT('',(0.1212857771686,-0.002,0.0566498390768795));
#17216=CARTESIAN_POINT('',(0.117250079273309,-0.002,0.0566496791153165));
#17217=CARTESIAN_POINT('',(0.117250079273309,-0.003,0.0566496791153165));
#17218=CARTESIAN_POINT('',(0.117250079273309,-0.003,0.0566496791153165));
#17219=CARTESIAN_POINT('',(0.120285737531945,-0.003,0.056649799438654));
#17220=CARTESIAN_POINT('',(0.11205013,-0.003,0.062174375247075));
#17221=CARTESIAN_POINT('',(0.11205013,0.,0.06175));
#17222=CARTESIAN_POINT('',(0.11205013,-0.003,0.06175));
#17223=CARTESIAN_POINT('',(0.11205013,-0.002,0.06175));
#17224=CARTESIAN_POINT('',(0.11205013,-0.002,0.063174375247075));
#17225=CARTESIAN_POINT('',(0.11205013,-0.002,0.06459875049415));
#17226=CARTESIAN_POINT('',(0.11205013,-0.003,0.06459875049415));
#17227=CARTESIAN_POINT('',(0.11205013,-0.003,0.06459875049415));
#17228=CARTESIAN_POINT('',(0.11205013,-0.003,0.062174375247075));
#17229=CARTESIAN_POINT('',(0.10805013149415,-0.003,0.06459875049415));
#17230=CARTESIAN_POINT('',(0.10805013149415,-0.002,0.06459875049415));
#17231=CARTESIAN_POINT('',(0.10805013149415,-0.002,0.068598749));
#17232=CARTESIAN_POINT('',(0.10805013149415,-0.003,0.068598749));
#17233=CARTESIAN_POINT('',(0.10805013149415,-0.003,0.068598749));
#17234=CARTESIAN_POINT('',(0.10805013149415,-0.003,0.06459875049415));
#17235=CARTESIAN_POINT('',(0.103822585795992,-0.003,0.068598749));
#17236=CARTESIAN_POINT('',(0.104812662747075,-0.002,0.068598749));
#17237=CARTESIAN_POINT('',(0.101575194,-0.002,0.068598749));
#17238=CARTESIAN_POINT('',(0.101575194,-0.003,0.068598749));
#17239=CARTESIAN_POINT('',(0.101575194,-0.003,0.068598749));
#17240=CARTESIAN_POINT('',(0.103822585795992,-0.003,0.068598749));
#17241=CARTESIAN_POINT('',(0.116749731913051,-0.003,0.121790912750468));
#17242=CARTESIAN_POINT('',(0.116749731913051,-0.002,0.121790912750468));
#17243=CARTESIAN_POINT('',(0.116749720716197,-0.002,0.121750838241733));
#17244=CARTESIAN_POINT('',(0.116749743109906,-0.002,0.121830987259203));
#17245=CARTESIAN_POINT('',(0.116749720716197,-0.003,0.121750838241733));
#17246=CARTESIAN_POINT('',(0.116749720716197,-0.003,0.121750838241733));
#17247=CARTESIAN_POINT('',(0.116749731913051,-0.003,0.121790912750468));
#17248=CARTESIAN_POINT('',(0.116749743109906,-0.003,0.121830987259203));
#17249=CARTESIAN_POINT('',(0.116749743109906,-0.003,0.121830987259203));
#17250=CARTESIAN_POINT('',(0.134499160626327,-0.003,0.119745878953988));
#17251=CARTESIAN_POINT('',(0.134499160626327,-0.002,0.119745878953988));
#17252=CARTESIAN_POINT('',(0.150249159416321,-0.002,0.119741478389978));
#17253=CARTESIAN_POINT('',(0.118749161836332,-0.002,0.119750279517997));
#17254=CARTESIAN_POINT('',(0.150249159416321,-0.003,0.119741478389978));
#17255=CARTESIAN_POINT('',(0.150249159416321,-0.003,0.119741478389978));
#17256=CARTESIAN_POINT('',(0.134499160626327,-0.003,0.119745878953988));
#17257=CARTESIAN_POINT('',(0.118749161836332,-0.003,0.119750279517997));
#17258=CARTESIAN_POINT('',(0.118749161836332,-0.003,0.119750279517997));
#17259=CARTESIAN_POINT('',(0.152249827192311,-0.003,0.122131226949976));
#17260=CARTESIAN_POINT('',(0.152249977446495,-0.002,0.122668999657492));
#17261=CARTESIAN_POINT('',(0.152250236752934,-0.002,0.123597079804871));
#17262=CARTESIAN_POINT('',(0.152249718140057,-0.002,0.121740919510113));
#17263=CARTESIAN_POINT('',(0.152250236752934,-0.003,0.123597079804871));
#17264=CARTESIAN_POINT('',(0.152250236752934,-0.003,0.123597079804871));
#17265=CARTESIAN_POINT('',(0.152249827192311,-0.003,0.122131226949976));
#17266=CARTESIAN_POINT('',(0.152249718140057,-0.003,0.121740919510113));
#17267=CARTESIAN_POINT('',(0.152249718140057,-0.003,0.121740919510113));
#17268=CARTESIAN_POINT('',(0.14999020649415,-0.003,0.1278216985058));
#17269=CARTESIAN_POINT('',(0.152830226261012,-0.003,0.125004913854706));
#17270=CARTESIAN_POINT('',(0.152830226261012,-0.003,0.125004913854706));
#17271=CARTESIAN_POINT('',(0.152830226261012,-0.002,0.125004913854706));
#17272=CARTESIAN_POINT('',(0.14999020649415,-0.002,0.1278216985058));
#17273=CARTESIAN_POINT('',(0.153990205,-0.002,0.1278216985058));
#17274=CARTESIAN_POINT('',(0.153990205,-0.003,0.1278216985058));
#17275=CARTESIAN_POINT('',(0.153990205,-0.003,0.1278216985058));
#17276=CARTESIAN_POINT('',(0.14999020649415,-0.003,0.1278216985058));
#17277=CARTESIAN_POINT('',(0.153990205,-0.003,0.1349559402529));
#17278=CARTESIAN_POINT('',(0.153990205,-0.002,0.1339559402529));
#17279=CARTESIAN_POINT('',(0.153990205,-0.002,0.140090182));
#17280=CARTESIAN_POINT('',(0.153990205,-0.003,0.140090182));
#17281=CARTESIAN_POINT('',(0.153990205,-0.003,0.140090182));
#17282=CARTESIAN_POINT('',(0.153990205,-0.003,0.1349559402529));
#17283=CARTESIAN_POINT('',(0.150249718218121,-0.003,0.121741478311913));
#17284=CARTESIAN_POINT('',(0.150249718218121,-0.002,0.121741478311913));
#17285=CARTESIAN_POINT('',(0.150249718218121,-0.003,0.121741478311913));
#17286=CARTESIAN_POINT('',(0.118749720638132,-0.003,0.121750279439932));
#17287=CARTESIAN_POINT('',(0.118749720638132,-0.002,0.121750279439932));
#17288=CARTESIAN_POINT('',(0.118749720638132,-0.003,0.121750279439932));
#17289=CARTESIAN_POINT('',(0.177674844627435,-0.003,0.0493712617105684));
#17290=CARTESIAN_POINT('',(0.177674844627435,-0.002,0.0493712617105684));
#17291=CARTESIAN_POINT('',(0.175712422313718,-0.002,0.0497571356052842));
#17292=CARTESIAN_POINT('',(0.175712422313718,-0.003,0.0497571356052842));
#17293=CARTESIAN_POINT('',(0.175712422313718,-0.003,0.0497571356052842));
#17294=CARTESIAN_POINT('',(0.177674844627435,-0.003,0.0493712617105684));
#17295=CARTESIAN_POINT('',(0.155442675165301,-0.003,0.0481430095));
#17296=CARTESIAN_POINT('',(0.172649999999992,-0.002,0.0481430095));
#17297=CARTESIAN_POINT('',(0.135963708591333,-0.002,0.0481430095));
#17298=CARTESIAN_POINT('',(0.157549999999983,-0.002,0.0481430095));
#17299=CARTESIAN_POINT('',(0.135963708591333,-0.003,0.0481430095));
#17300=CARTESIAN_POINT('',(0.135963708591333,-0.003,0.0481430095));
#17301=CARTESIAN_POINT('',(0.155442675165301,-0.003,0.0481430095));
#17302=CARTESIAN_POINT('',(0.157549999999983,-0.003,0.0481430095));
#17303=CARTESIAN_POINT('',(0.157549999999983,-0.025,0.0481430095));
#17304=CARTESIAN_POINT('',(0.145687597,0.,0.0951176488029092));
#17305=CARTESIAN_POINT('',(0.17775,0.,0.05));
#17306=CARTESIAN_POINT('',(0.17775,0.,0.0511));
#17307=CARTESIAN_POINT('',(0.11325,0.,0.05775));
#17308=CARTESIAN_POINT('',(0.11325,0.,0.05885));
#17309=CARTESIAN_POINT('',(0.15025,0.,0.12275));
#17310=CARTESIAN_POINT('',(0.15025,0.,0.12385));
#17311=CARTESIAN_POINT('',(0.11975,0.,0.12275));
#17312=CARTESIAN_POINT('',(0.11975,0.,0.12385));
#17313=CARTESIAN_POINT('',(0.19075,0.,0.06275));
#17314=CARTESIAN_POINT('',(0.19075,0.,0.06385));
#17315=CARTESIAN_POINT('',(0.19075,0.,0.141));
#17316=CARTESIAN_POINT('',(0.19075,0.,0.1421));
#17317=CARTESIAN_POINT('',(0.095575194,0.,0.1238357874941));
#17318=CARTESIAN_POINT('',(0.095575193892884,0.,0.06862374224455));
#17319=CARTESIAN_POINT('',(0.095575194,0.,0.1238357874941));
#17320=CARTESIAN_POINT('',(0.09957519250585,0.,0.1238357874941));
#17321=CARTESIAN_POINT('',(0.0958969248376651,0.,0.125407517435275));
#17322=CARTESIAN_POINT('',(0.09707519250585,0.,0.1263357874941));
#17323=CARTESIAN_POINT('',(0.0980034625646745,0.,0.127514055162285));
#17324=CARTESIAN_POINT('',(0.09957519250585,0.,0.1238357874941));
#17325=CARTESIAN_POINT('',(0.0995763101090111,0.,0.127835785766223));
#17326=CARTESIAN_POINT('',(0.1479896461982,0.,0.127822259036017));
#17327=CARTESIAN_POINT('',(0.149990205,0.,0.127821700078065));
#17328=CARTESIAN_POINT('',(0.149990205,0.,0.1420901834941));
#17329=CARTESIAN_POINT('',(0.149990205,0.,0.1420901834941));
#17330=CARTESIAN_POINT('',(0.15399020350585,0.,0.1420901834941));
#17331=CARTESIAN_POINT('',(0.150311935837665,0.,0.143661913435275));
#17332=CARTESIAN_POINT('',(0.15149020350585,0.,0.1445901834941));
#17333=CARTESIAN_POINT('',(0.152418473564675,0.,0.145768451162285));
#17334=CARTESIAN_POINT('',(0.15399020350585,0.,0.1420901834941));
#17335=CARTESIAN_POINT('',(0.15399020350585,0.,0.146090182));
#17336=CARTESIAN_POINT('',(0.19180004852863,0.,0.146090182));
#17337=CARTESIAN_POINT('',(0.19180004852863,0.,0.146090182));
#17338=CARTESIAN_POINT('',(0.19180004852863,0.,0.1420901835774));
#17339=CARTESIAN_POINT('',(0.193371778395296,0.,0.145768451186885));
#17340=CARTESIAN_POINT('',(0.19430004852863,0.,0.1445901835774));
#17341=CARTESIAN_POINT('',(0.195478316138115,0.,0.143661913444066));
#17342=CARTESIAN_POINT('',(0.19180004852863,0.,0.1420901835774));
#17343=CARTESIAN_POINT('',(0.195800046951224,0.,0.1420901835774));
#17344=CARTESIAN_POINT('',(0.195800046951224,0.,0.0613449853385294));
#17345=CARTESIAN_POINT('',(0.195800046951224,0.,0.0613685591261103));
#17346=CARTESIAN_POINT('',(0.192446224413497,0.,0.0614580506185741));
#17347=CARTESIAN_POINT('',(0.195678509048485,0.,0.0605589008089175));
#17348=CARTESIAN_POINT('',(0.19430004852863,0.,0.059967422495537));
#17349=CARTESIAN_POINT('',(0.194192724115226,0.,0.0584712669320051));
#17350=CARTESIAN_POINT('',(0.181068816430609,0.,0.0453404443224924));
#17351=CARTESIAN_POINT('',(0.18102510580494,0.,0.0452967106659014));
#17352=CARTESIAN_POINT('',(0.17849214749048,0.,0.0474967743647001));
#17353=CARTESIAN_POINT('',(0.178583904418652,0.,0.0441430095));
#17354=CARTESIAN_POINT('',(0.171549999999983,0.,0.0441430095));
#17355=CARTESIAN_POINT('',(0.171549999999983,0.,0.0441430095));
#17356=CARTESIAN_POINT('',(0.171549999999983,0.,0.0451430095));
#17357=CARTESIAN_POINT('',(0.171549999999983,0.,0.0481430095));
#17358=CARTESIAN_POINT('',(0.172649999999992,0.,0.0481430095));
#17359=CARTESIAN_POINT('',(0.157549999999983,0.,0.0481430095));
#17360=CARTESIAN_POINT('',(0.157549999999983,0.,0.0451430095));
#17361=CARTESIAN_POINT('',(0.157549999999983,0.,0.0441430095));
#17362=CARTESIAN_POINT('',(0.134741924966071,0.,0.0441430095));
#17363=CARTESIAN_POINT('',(0.135591178024385,0.,0.0441430095));
#17364=CARTESIAN_POINT('',(0.13435785259983,0.,0.04499677082329));
#17365=CARTESIAN_POINT('',(0.132871791350956,0.,0.044792756204707));
#17366=CARTESIAN_POINT('',(0.13485785259983,0.,0.04749677082329));
#17367=CARTESIAN_POINT('',(0.132325550377696,0.,0.0452959573833179));
#17368=CARTESIAN_POINT('',(0.125556463052558,0.,0.0520642489836297));
#17369=CARTESIAN_POINT('',(0.124970658043111,0.,0.0526499851300874));
#17370=CARTESIAN_POINT('',(0.112050288546618,0.,0.052649473009866));
#17371=CARTESIAN_POINT('',(0.112050288546618,0.,0.052649473009866));
#17372=CARTESIAN_POINT('',(0.11205013,0.,0.0566494730067238));
#17373=CARTESIAN_POINT('',(0.10805013,0.,0.0566494730067238));
#17374=CARTESIAN_POINT('',(0.10805013,0.,0.062598749));
#17375=CARTESIAN_POINT('',(0.10805013,0.,0.064598749));
#17376=CARTESIAN_POINT('',(0.0995111717859569,0.,0.064598749));
#17377=CARTESIAN_POINT('',(0.0995275519743721,0.,0.064598749));
#17378=CARTESIAN_POINT('',(0.099600854570243,0.,0.06862374224455));
#17379=CARTESIAN_POINT('',(0.0979895274775339,0.,0.064934627325015));
#17380=CARTESIAN_POINT('',(0.097075194,0.,0.06612374224455));
#17381=CARTESIAN_POINT('',(0.0958954778454167,0.,0.0670501707602031));
#17382=CARTESIAN_POINT('',(0.099600854570243,0.,0.06862374224455));
#17383=CARTESIAN_POINT('',(0.120286171785957,0.,0.0613901834940999));
#17384=CARTESIAN_POINT('',(0.120286171785957,0.,0.0608901834940999));
#17385=CARTESIAN_POINT('',(0.119786171785957,0.,0.0613901834940999));
#17386=CARTESIAN_POINT('',(0.126786171785957,0.,0.0608901834940999));
#17387=CARTESIAN_POINT('',(0.133286171785957,0.,0.0608901834940999));
#17388=CARTESIAN_POINT('',(0.133286171785957,0.,0.0613901834940999));
#17389=CARTESIAN_POINT('',(0.133786171785957,0.,0.0613901834940999));
#17390=CARTESIAN_POINT('',(0.133786171785957,0.,0.0678901834940999));
#17391=CARTESIAN_POINT('',(0.133786171785957,0.,0.0743901834940999));
#17392=CARTESIAN_POINT('',(0.133286171785957,0.,0.0743901834940999));
#17393=CARTESIAN_POINT('',(0.133286171785957,0.,0.0748901834940999));
#17394=CARTESIAN_POINT('',(0.126786171785957,0.,0.0748901834940999));
#17395=CARTESIAN_POINT('',(0.120286171785957,0.,0.0748901834940999));
#17396=CARTESIAN_POINT('',(0.120286171785957,0.,0.0743901834940999));
#17397=CARTESIAN_POINT('',(0.119786171785957,0.,0.0743901834940999));
#17398=CARTESIAN_POINT('',(0.119786171785957,0.,0.0678901834940999));
#17399=CARTESIAN_POINT('',(0.139336171785957,0.,0.0613901834940999));
#17400=CARTESIAN_POINT('',(0.139336171785957,0.,0.0608901834940999));
#17401=CARTESIAN_POINT('',(0.138836171785957,0.,0.0613901834940999));
#17402=CARTESIAN_POINT('',(0.145836171785957,0.,0.0608901834940999));
#17403=CARTESIAN_POINT('',(0.152336171785957,0.,0.0608901834940999));
#17404=CARTESIAN_POINT('',(0.152336171785957,0.,0.0613901834940999));
#17405=CARTESIAN_POINT('',(0.152836171785957,0.,0.0613901834940999));
#17406=CARTESIAN_POINT('',(0.152836171785957,0.,0.0678901834940999));
#17407=CARTESIAN_POINT('',(0.152836171785957,0.,0.0743901834940999));
#17408=CARTESIAN_POINT('',(0.152336171785957,0.,0.0743901834940999));
#17409=CARTESIAN_POINT('',(0.152336171785957,0.,0.0748901834940999));
#17410=CARTESIAN_POINT('',(0.145836171785957,0.,0.0748901834940999));
#17411=CARTESIAN_POINT('',(0.139336171785957,0.,0.0748901834940999));
#17412=CARTESIAN_POINT('',(0.139336171785957,0.,0.0743901834940999));
#17413=CARTESIAN_POINT('',(0.138836171785957,0.,0.0743901834940999));
#17414=CARTESIAN_POINT('',(0.138836171785957,0.,0.0678901834940999));
#17415=CARTESIAN_POINT('',(0.101236171785957,0.,0.0709151834940999));
#17416=CARTESIAN_POINT('',(0.101236171785957,0.,0.0704151834940999));
#17417=CARTESIAN_POINT('',(0.100736171785957,0.,0.0709151834940999));
#17418=CARTESIAN_POINT('',(0.107736171785957,0.,0.0704151834940999));
#17419=CARTESIAN_POINT('',(0.114236171785957,0.,0.0704151834940999));
#17420=CARTESIAN_POINT('',(0.114236171785957,0.,0.0709151834940999));
#17421=CARTESIAN_POINT('',(0.114736171785957,0.,0.0709151834940999));
#17422=CARTESIAN_POINT('',(0.114736171785957,0.,0.0774151834940999));
#17423=CARTESIAN_POINT('',(0.114736171785957,0.,0.0839151834940999));
#17424=CARTESIAN_POINT('',(0.114236171785957,0.,0.0839151834940999));
#17425=CARTESIAN_POINT('',(0.114236171785957,0.,0.0844151834940999));
#17426=CARTESIAN_POINT('',(0.107736171785957,0.,0.0844151834940999));
#17427=CARTESIAN_POINT('',(0.101236171785957,0.,0.0844151834940999));
#17428=CARTESIAN_POINT('',(0.101236171785957,0.,0.0839151834940999));
#17429=CARTESIAN_POINT('',(0.100736171785957,0.,0.0839151834940999));
#17430=CARTESIAN_POINT('',(0.100736171785957,0.,0.0774151834940999));
#17431=CARTESIAN_POINT('',(0.158386171785957,0.,0.0709151834940999));
#17432=CARTESIAN_POINT('',(0.158386171785957,0.,0.0704151834940999));
#17433=CARTESIAN_POINT('',(0.157886171785957,0.,0.0709151834940999));
#17434=CARTESIAN_POINT('',(0.164886171785957,0.,0.0704151834940999));
#17435=CARTESIAN_POINT('',(0.171386171785957,0.,0.0704151834940999));
#17436=CARTESIAN_POINT('',(0.171386171785957,0.,0.0709151834940999));
#17437=CARTESIAN_POINT('',(0.171886171785957,0.,0.0709151834940999));
#17438=CARTESIAN_POINT('',(0.171886171785957,0.,0.0774151834940999));
#17439=CARTESIAN_POINT('',(0.171886171785957,0.,0.0839151834940999));
#17440=CARTESIAN_POINT('',(0.171386171785957,0.,0.0839151834940999));
#17441=CARTESIAN_POINT('',(0.171386171785957,0.,0.0844151834940999));
#17442=CARTESIAN_POINT('',(0.164886171785957,0.,0.0844151834940999));
#17443=CARTESIAN_POINT('',(0.158386171785957,0.,0.0844151834940999));
#17444=CARTESIAN_POINT('',(0.158386171785957,0.,0.0839151834940999));
#17445=CARTESIAN_POINT('',(0.157886171785957,0.,0.0839151834940999));
#17446=CARTESIAN_POINT('',(0.157886171785957,0.,0.0774151834940999));
#17447=CARTESIAN_POINT('',(0.177436171785957,0.,0.0709151834940999));
#17448=CARTESIAN_POINT('',(0.177436171785957,0.,0.0704151834940999));
#17449=CARTESIAN_POINT('',(0.176936171785957,0.,0.0709151834940999));
#17450=CARTESIAN_POINT('',(0.183936171785957,0.,0.0704151834940999));
#17451=CARTESIAN_POINT('',(0.190436171785957,0.,0.0704151834940999));
#17452=CARTESIAN_POINT('',(0.190436171785957,0.,0.0709151834940999));
#17453=CARTESIAN_POINT('',(0.190936171785957,0.,0.0709151834940999));
#17454=CARTESIAN_POINT('',(0.190936171785957,0.,0.0774151834940999));
#17455=CARTESIAN_POINT('',(0.190936171785957,0.,0.0839151834940999));
#17456=CARTESIAN_POINT('',(0.190436171785957,0.,0.0839151834940999));
#17457=CARTESIAN_POINT('',(0.190436171785957,0.,0.0844151834940999));
#17458=CARTESIAN_POINT('',(0.183936171785957,0.,0.0844151834940999));
#17459=CARTESIAN_POINT('',(0.177436171785957,0.,0.0844151834940999));
#17460=CARTESIAN_POINT('',(0.177436171785957,0.,0.0839151834940999));
#17461=CARTESIAN_POINT('',(0.176936171785957,0.,0.0839151834940999));
#17462=CARTESIAN_POINT('',(0.176936171785957,0.,0.0774151834940999));
#17463=CARTESIAN_POINT('',(0.120286171785957,0.,0.0804401834940999));
#17464=CARTESIAN_POINT('',(0.120286171785957,0.,0.0799401834940999));
#17465=CARTESIAN_POINT('',(0.119786171785957,0.,0.0804401834940999));
#17466=CARTESIAN_POINT('',(0.126786171785957,0.,0.0799401834940999));
#17467=CARTESIAN_POINT('',(0.133286171785957,0.,0.0799401834940999));
#17468=CARTESIAN_POINT('',(0.133286171785957,0.,0.0804401834940999));
#17469=CARTESIAN_POINT('',(0.133786171785957,0.,0.0804401834940999));
#17470=CARTESIAN_POINT('',(0.133786171785957,0.,0.0869401834940999));
#17471=CARTESIAN_POINT('',(0.133786171785957,0.,0.0934401834940999));
#17472=CARTESIAN_POINT('',(0.133286171785957,0.,0.0934401834940999));
#17473=CARTESIAN_POINT('',(0.133286171785957,0.,0.0939401834940999));
#17474=CARTESIAN_POINT('',(0.126786171785957,0.,0.0939401834940999));
#17475=CARTESIAN_POINT('',(0.120286171785957,0.,0.0939401834940999));
#17476=CARTESIAN_POINT('',(0.120286171785957,0.,0.0934401834940999));
#17477=CARTESIAN_POINT('',(0.119786171785957,0.,0.0934401834940999));
#17478=CARTESIAN_POINT('',(0.119786171785957,0.,0.0869401834940999));
#17479=CARTESIAN_POINT('',(0.139336171785957,0.,0.0804401834940999));
#17480=CARTESIAN_POINT('',(0.139336171785957,0.,0.0799401834940999));
#17481=CARTESIAN_POINT('',(0.138836171785957,0.,0.0804401834940999));
#17482=CARTESIAN_POINT('',(0.145836171785957,0.,0.0799401834940999));
#17483=CARTESIAN_POINT('',(0.152336171785957,0.,0.0799401834940999));
#17484=CARTESIAN_POINT('',(0.152336171785957,0.,0.0804401834940999));
#17485=CARTESIAN_POINT('',(0.152836171785957,0.,0.0804401834940999));
#17486=CARTESIAN_POINT('',(0.152836171785957,0.,0.0869401834940999));
#17487=CARTESIAN_POINT('',(0.152836171785957,0.,0.0934401834940999));
#17488=CARTESIAN_POINT('',(0.152336171785957,0.,0.0934401834940999));
#17489=CARTESIAN_POINT('',(0.152336171785957,0.,0.0939401834940999));
#17490=CARTESIAN_POINT('',(0.145836171785957,0.,0.0939401834940999));
#17491=CARTESIAN_POINT('',(0.139336171785957,0.,0.0939401834940999));
#17492=CARTESIAN_POINT('',(0.139336171785957,0.,0.0934401834940999));
#17493=CARTESIAN_POINT('',(0.138836171785957,0.,0.0934401834940999));
#17494=CARTESIAN_POINT('',(0.138836171785957,0.,0.0869401834940999));
#17495=CARTESIAN_POINT('',(0.101236171785957,0.,0.0899651834940999));
#17496=CARTESIAN_POINT('',(0.101236171785957,0.,0.0894651834940999));
#17497=CARTESIAN_POINT('',(0.100736171785957,0.,0.0899651834940999));
#17498=CARTESIAN_POINT('',(0.107736171785957,0.,0.0894651834940999));
#17499=CARTESIAN_POINT('',(0.114236171785957,0.,0.0894651834940999));
#17500=CARTESIAN_POINT('',(0.114236171785957,0.,0.0899651834940999));
#17501=CARTESIAN_POINT('',(0.114736171785957,0.,0.0899651834940999));
#17502=CARTESIAN_POINT('',(0.114736171785957,0.,0.0964651834940999));
#17503=CARTESIAN_POINT('',(0.114736171785957,0.,0.1029651834941));
#17504=CARTESIAN_POINT('',(0.114236171785957,0.,0.1029651834941));
#17505=CARTESIAN_POINT('',(0.114236171785957,0.,0.1034651834941));
#17506=CARTESIAN_POINT('',(0.107736171785957,0.,0.1034651834941));
#17507=CARTESIAN_POINT('',(0.101236171785957,0.,0.1034651834941));
#17508=CARTESIAN_POINT('',(0.101236171785957,0.,0.1029651834941));
#17509=CARTESIAN_POINT('',(0.100736171785957,0.,0.1029651834941));
#17510=CARTESIAN_POINT('',(0.100736171785957,0.,0.0964651834940999));
#17511=CARTESIAN_POINT('',(0.158386171785957,0.,0.0899651834940999));
#17512=CARTESIAN_POINT('',(0.158386171785957,0.,0.0894651834940999));
#17513=CARTESIAN_POINT('',(0.157886171785957,0.,0.0899651834940999));
#17514=CARTESIAN_POINT('',(0.164886171785957,0.,0.0894651834940999));
#17515=CARTESIAN_POINT('',(0.171386171785957,0.,0.0894651834940999));
#17516=CARTESIAN_POINT('',(0.171386171785957,0.,0.0899651834940999));
#17517=CARTESIAN_POINT('',(0.171886171785957,0.,0.0899651834940999));
#17518=CARTESIAN_POINT('',(0.171886171785957,0.,0.0964651834940999));
#17519=CARTESIAN_POINT('',(0.171886171785957,0.,0.1029651834941));
#17520=CARTESIAN_POINT('',(0.171386171785957,0.,0.1029651834941));
#17521=CARTESIAN_POINT('',(0.171386171785957,0.,0.1034651834941));
#17522=CARTESIAN_POINT('',(0.164886171785957,0.,0.1034651834941));
#17523=CARTESIAN_POINT('',(0.158386171785957,0.,0.1034651834941));
#17524=CARTESIAN_POINT('',(0.158386171785957,0.,0.1029651834941));
#17525=CARTESIAN_POINT('',(0.157886171785957,0.,0.1029651834941));
#17526=CARTESIAN_POINT('',(0.157886171785957,0.,0.0964651834940999));
#17527=CARTESIAN_POINT('',(0.177436171785957,0.,0.0899651834940999));
#17528=CARTESIAN_POINT('',(0.177436171785957,0.,0.0894651834940999));
#17529=CARTESIAN_POINT('',(0.176936171785957,0.,0.0899651834940999));
#17530=CARTESIAN_POINT('',(0.183936171785957,0.,0.0894651834940999));
#17531=CARTESIAN_POINT('',(0.190436171785957,0.,0.0894651834940999));
#17532=CARTESIAN_POINT('',(0.190436171785957,0.,0.0899651834940999));
#17533=CARTESIAN_POINT('',(0.190936171785957,0.,0.0899651834940999));
#17534=CARTESIAN_POINT('',(0.190936171785957,0.,0.0964651834940999));
#17535=CARTESIAN_POINT('',(0.190936171785957,0.,0.1029651834941));
#17536=CARTESIAN_POINT('',(0.190436171785957,0.,0.1029651834941));
#17537=CARTESIAN_POINT('',(0.190436171785957,0.,0.1034651834941));
#17538=CARTESIAN_POINT('',(0.183936171785957,0.,0.1034651834941));
#17539=CARTESIAN_POINT('',(0.177436171785957,0.,0.1034651834941));
#17540=CARTESIAN_POINT('',(0.177436171785957,0.,0.1029651834941));
#17541=CARTESIAN_POINT('',(0.176936171785957,0.,0.1029651834941));
#17542=CARTESIAN_POINT('',(0.176936171785957,0.,0.0964651834940999));
#17543=CARTESIAN_POINT('',(0.120286171785957,0.,0.0994901834940999));
#17544=CARTESIAN_POINT('',(0.120286171785957,0.,0.0989901834940999));
#17545=CARTESIAN_POINT('',(0.119786171785957,0.,0.0994901834940999));
#17546=CARTESIAN_POINT('',(0.126786171785957,0.,0.0989901834940999));
#17547=CARTESIAN_POINT('',(0.133286171785957,0.,0.0989901834940999));
#17548=CARTESIAN_POINT('',(0.133286171785957,0.,0.0994901834940999));
#17549=CARTESIAN_POINT('',(0.133786171785957,0.,0.0994901834940999));
#17550=CARTESIAN_POINT('',(0.133786171785957,0.,0.1059901834941));
#17551=CARTESIAN_POINT('',(0.133786171785957,0.,0.1124901834941));
#17552=CARTESIAN_POINT('',(0.133286171785957,0.,0.1124901834941));
#17553=CARTESIAN_POINT('',(0.133286171785957,0.,0.1129901834941));
#17554=CARTESIAN_POINT('',(0.126786171785957,0.,0.1129901834941));
#17555=CARTESIAN_POINT('',(0.120286171785957,0.,0.1129901834941));
#17556=CARTESIAN_POINT('',(0.120286171785957,0.,0.1124901834941));
#17557=CARTESIAN_POINT('',(0.119786171785957,0.,0.1124901834941));
#17558=CARTESIAN_POINT('',(0.119786171785957,0.,0.1059901834941));
#17559=CARTESIAN_POINT('',(0.139336171785957,0.,0.0994901834940999));
#17560=CARTESIAN_POINT('',(0.139336171785957,0.,0.0989901834940999));
#17561=CARTESIAN_POINT('',(0.138836171785957,0.,0.0994901834940999));
#17562=CARTESIAN_POINT('',(0.145836171785957,0.,0.0989901834940999));
#17563=CARTESIAN_POINT('',(0.152336171785957,0.,0.0989901834940999));
#17564=CARTESIAN_POINT('',(0.152336171785957,0.,0.0994901834940999));
#17565=CARTESIAN_POINT('',(0.152836171785957,0.,0.0994901834940999));
#17566=CARTESIAN_POINT('',(0.152836171785957,0.,0.1059901834941));
#17567=CARTESIAN_POINT('',(0.152836171785957,0.,0.1124901834941));
#17568=CARTESIAN_POINT('',(0.152336171785957,0.,0.1124901834941));
#17569=CARTESIAN_POINT('',(0.152336171785957,0.,0.1129901834941));
#17570=CARTESIAN_POINT('',(0.145836171785957,0.,0.1129901834941));
#17571=CARTESIAN_POINT('',(0.139336171785957,0.,0.1129901834941));
#17572=CARTESIAN_POINT('',(0.139336171785957,0.,0.1124901834941));
#17573=CARTESIAN_POINT('',(0.138836171785957,0.,0.1124901834941));
#17574=CARTESIAN_POINT('',(0.138836171785957,0.,0.1059901834941));
#17575=CARTESIAN_POINT('',(0.101236171785957,0.,0.1090151834941));
#17576=CARTESIAN_POINT('',(0.101236171785957,0.,0.1085151834941));
#17577=CARTESIAN_POINT('',(0.100736171785957,0.,0.1090151834941));
#17578=CARTESIAN_POINT('',(0.107736171785957,0.,0.1085151834941));
#17579=CARTESIAN_POINT('',(0.114236171785957,0.,0.1085151834941));
#17580=CARTESIAN_POINT('',(0.114236171785957,0.,0.1090151834941));
#17581=CARTESIAN_POINT('',(0.114736171785957,0.,0.1090151834941));
#17582=CARTESIAN_POINT('',(0.114736171785957,0.,0.1155151834941));
#17583=CARTESIAN_POINT('',(0.114736171785957,0.,0.1220151834941));
#17584=CARTESIAN_POINT('',(0.114236171785957,0.,0.1220151834941));
#17585=CARTESIAN_POINT('',(0.114236171785957,0.,0.1225151834941));
#17586=CARTESIAN_POINT('',(0.107736171785957,0.,0.1225151834941));
#17587=CARTESIAN_POINT('',(0.101236171785957,0.,0.1225151834941));
#17588=CARTESIAN_POINT('',(0.101236171785957,0.,0.1220151834941));
#17589=CARTESIAN_POINT('',(0.100736171785957,0.,0.1220151834941));
#17590=CARTESIAN_POINT('',(0.100736171785957,0.,0.1155151834941));
#17591=CARTESIAN_POINT('',(0.158386171785957,0.,0.1090151834941));
#17592=CARTESIAN_POINT('',(0.158386171785957,0.,0.1085151834941));
#17593=CARTESIAN_POINT('',(0.157886171785957,0.,0.1090151834941));
#17594=CARTESIAN_POINT('',(0.164886171785957,0.,0.1085151834941));
#17595=CARTESIAN_POINT('',(0.171386171785957,0.,0.1085151834941));
#17596=CARTESIAN_POINT('',(0.171386171785957,0.,0.1090151834941));
#17597=CARTESIAN_POINT('',(0.171886171785957,0.,0.1090151834941));
#17598=CARTESIAN_POINT('',(0.171886171785957,0.,0.1155151834941));
#17599=CARTESIAN_POINT('',(0.171886171785957,0.,0.1220151834941));
#17600=CARTESIAN_POINT('',(0.171386171785957,0.,0.1220151834941));
#17601=CARTESIAN_POINT('',(0.171386171785957,0.,0.1225151834941));
#17602=CARTESIAN_POINT('',(0.164886171785957,0.,0.1225151834941));
#17603=CARTESIAN_POINT('',(0.158386171785957,0.,0.1225151834941));
#17604=CARTESIAN_POINT('',(0.158386171785957,0.,0.1220151834941));
#17605=CARTESIAN_POINT('',(0.157886171785957,0.,0.1220151834941));
#17606=CARTESIAN_POINT('',(0.157886171785957,0.,0.1155151834941));
#17607=CARTESIAN_POINT('',(0.177414900541305,0.,0.109015242095324));
#17608=CARTESIAN_POINT('',(0.177414900541305,0.,0.108515242095324));
#17609=CARTESIAN_POINT('',(0.176914900541305,0.,0.109015242095324));
#17610=CARTESIAN_POINT('',(0.18390859735012,0.,0.108523206765982));
#17611=CARTESIAN_POINT('',(0.190402294158936,0.,0.10853117143664));
#17612=CARTESIAN_POINT('',(0.190389687776566,0.,0.109047100777956));
#17613=CARTESIAN_POINT('',(0.190902294158936,0.,0.108987295235897));
#17614=CARTESIAN_POINT('',(0.190902294158936,0.,0.115509233336269));
#17615=CARTESIAN_POINT('',(0.190902294158936,0.,0.12203117143664));
#17616=CARTESIAN_POINT('',(0.190402546304567,0.,0.122015294344532));
#17617=CARTESIAN_POINT('',(0.190414900541305,0.,0.122515141694065));
#17618=CARTESIAN_POINT('',(0.183914900541305,0.,0.122515141694065));
#17619=CARTESIAN_POINT('',(0.177414900541305,0.,0.122515141694065));
#17620=CARTESIAN_POINT('',(0.177414900541305,0.,0.122015141694065));
#17621=CARTESIAN_POINT('',(0.176914900541305,0.,0.122015141694065));
#17622=CARTESIAN_POINT('',(0.176914900541305,0.,0.115515191894694));
#17623=CARTESIAN_POINT('',(0.158386171785957,0.,0.1280651834941));
#17624=CARTESIAN_POINT('',(0.158386171785957,0.,0.1275651834941));
#17625=CARTESIAN_POINT('',(0.157886171785957,0.,0.1280651834941));
#17626=CARTESIAN_POINT('',(0.164886171785957,0.,0.1275651834941));
#17627=CARTESIAN_POINT('',(0.171386171785957,0.,0.1275651834941));
#17628=CARTESIAN_POINT('',(0.171386171785957,0.,0.1280651834941));
#17629=CARTESIAN_POINT('',(0.171886171785957,0.,0.1280651834941));
#17630=CARTESIAN_POINT('',(0.171886171785957,0.,0.1345651834941));
#17631=CARTESIAN_POINT('',(0.171886171785957,0.,0.1410651834941));
#17632=CARTESIAN_POINT('',(0.171386171785957,0.,0.1410651834941));
#17633=CARTESIAN_POINT('',(0.171386171785957,0.,0.1415651834941));
#17634=CARTESIAN_POINT('',(0.164886171785957,0.,0.1415651834941));
#17635=CARTESIAN_POINT('',(0.158386171785957,0.,0.1415651834941));
#17636=CARTESIAN_POINT('',(0.158386171785957,0.,0.1410651834941));
#17637=CARTESIAN_POINT('',(0.157886171785957,0.,0.1410651834941));
#17638=CARTESIAN_POINT('',(0.157886171785957,0.,0.1345651834941));
#17639=CARTESIAN_POINT('',(0.176914900541305,0.,0.130795582539926));
#17640=CARTESIAN_POINT('',(0.176914900541305,0.,0.124795582539926));
#17641=CARTESIAN_POINT('',(0.176914900541305,0.,0.136795582539926));
#17642=CARTESIAN_POINT('',(0.182914900541305,0.,0.124795582539926));
#17643=CARTESIAN_POINT('',(0.188914900541305,0.,0.124795582539926));
#17644=CARTESIAN_POINT('',(0.188914900541305,0.,0.130795582539926));
#17645=CARTESIAN_POINT('',(0.188914900541305,0.,0.136795582539926));
#17646=CARTESIAN_POINT('',(0.182914900541305,0.,0.136795582539926));
#17647=CARTESIAN_POINT('',(0.156675000053261,-8.67361737988404E-19,0.0421430095));
#17648=CARTESIAN_POINT('',(0.171549999999983,-0.025,0.0421430095));
#17649=CARTESIAN_POINT('',(0.171549999999983,-0.0075,0.0421430095));
#17650=CARTESIAN_POINT('',(0.171549999999983,-0.002,0.0421430095));
#17651=CARTESIAN_POINT('',(0.17860807514045,-0.002,0.0421430095));
#17652=CARTESIAN_POINT('',(0.17860807514045,-0.002,0.0421430095));
#17653=CARTESIAN_POINT('',(0.17860807514045,-8.67361737988404E-19,0.0421430095));
#17654=CARTESIAN_POINT('',(0.17860807514045,-0.0075,0.0421430095));
#17655=CARTESIAN_POINT('',(0.156675000053261,-0.0075,0.0421430095));
#17656=CARTESIAN_POINT('',(0.,-8.67361737988404E-19,0.0461430095));
#17657=CARTESIAN_POINT('',(0.157549999999983,-8.67361737988404E-19,0.0461430095));
#17658=CARTESIAN_POINT('',(0.157549999999983,-0.003,0.0461430095));
#17659=CARTESIAN_POINT('',(0.157549999999983,-0.0075,0.0461430095));
#17660=CARTESIAN_POINT('',(0.,-0.003,0.0461430095));
#17661=CARTESIAN_POINT('',(0.135325394276459,-0.003,0.0461430095));
#17662=CARTESIAN_POINT('',(0.135325394276459,-0.025,0.0461430095));
#17663=CARTESIAN_POINT('',(0.135325394276459,-0.0075,0.0461430095));
#17664=CARTESIAN_POINT('',(0.,-0.0075,0.0461430095));
#17665=CARTESIAN_POINT('',(0.191800046951224,-0.003,0.102666539450987));
#17666=CARTESIAN_POINT('',(0.191800046951224,-0.002,0.102080598738372));
#17667=CARTESIAN_POINT('',(0.191800046951224,-0.002,0.067161197476744));
#17668=CARTESIAN_POINT('',(0.191800046951224,-0.002,0.137));
#17669=CARTESIAN_POINT('',(0.191800046951224,-0.003,0.067161197476744));
#17670=CARTESIAN_POINT('',(0.191800046951224,-0.003,0.067161197476744));
#17671=CARTESIAN_POINT('',(0.191800046951224,-0.003,0.102666539450987));
#17672=CARTESIAN_POINT('',(0.191800046951224,-0.003,0.137));
#17673=CARTESIAN_POINT('',(0.191800046951224,-0.003,0.137));
#17674=CARTESIAN_POINT('',(0.155442675165301,-0.003,0.0481430095));
#17675=CARTESIAN_POINT('',(0.172649999999992,-0.002,0.0481430095));
#17676=CARTESIAN_POINT('',(0.171549999999983,-0.002,0.0481430095));
#17677=CARTESIAN_POINT('',(0.17375,-0.002,0.0481430095));
#17678=CARTESIAN_POINT('',(0.171549999999983,-0.025,0.0481430095));
#17679=CARTESIAN_POINT('',(0.171549999999983,-0.003,0.0481430095));
#17680=CARTESIAN_POINT('',(0.155442675165301,-0.003,0.0481430095));
#17681=CARTESIAN_POINT('',(0.17375,-0.003,0.0481430095));
#17682=CARTESIAN_POINT('',(0.17375,0.,0.0481430095));
#17683=CARTESIAN_POINT('',(0.099575194,-0.003,0.0962297640832426));
#17684=CARTESIAN_POINT('',(0.099575194,-0.002,0.0972172674609676));
#17685=CARTESIAN_POINT('',(0.099575194,-0.002,0.123835785921935));
#17686=CARTESIAN_POINT('',(0.099575194,-0.002,0.070598749));
#17687=CARTESIAN_POINT('',(0.099575194,-0.003,0.123835785921935));
#17688=CARTESIAN_POINT('',(0.099575194,-0.003,0.123835785921935));
#17689=CARTESIAN_POINT('',(0.099575194,-0.003,0.0962297640832426));
#17690=CARTESIAN_POINT('',(0.099575194,-0.003,0.070598749));
#17691=CARTESIAN_POINT('',(0.099575194,-0.003,0.070598749));
#17692=CARTESIAN_POINT('',(0.108162747955853,-0.003,0.123833386551537));
#17693=CARTESIAN_POINT('',(0.107162747994885,-0.002,0.123833665952437));
#17694=CARTESIAN_POINT('',(0.114750301989771,-0.002,0.123831545982939));
#17695=CARTESIAN_POINT('',(0.114750301989771,-0.003,0.123831545982939));
#17696=CARTESIAN_POINT('',(0.114750301989771,-0.003,0.123831545982939));
#17697=CARTESIAN_POINT('',(0.108162747955853,-0.003,0.123833386551537));
#17698=CARTESIAN_POINT('',(0.1713701025,-0.003,0.142090182));
#17699=CARTESIAN_POINT('',(0.1713701025,-0.002,0.142090182));
#17700=CARTESIAN_POINT('',(0.18675,-0.002,0.142090182));
#17701=CARTESIAN_POINT('',(0.155990205,-0.002,0.142090182));
#17702=CARTESIAN_POINT('',(0.18675,-0.003,0.142090182));
#17703=CARTESIAN_POINT('',(0.18675,-0.003,0.142090182));
#17704=CARTESIAN_POINT('',(0.1713701025,-0.003,0.142090182));
#17705=CARTESIAN_POINT('',(0.155990205,-0.003,0.142090182));
#17706=CARTESIAN_POINT('',(0.155990205,0.,0.142090182));
#17707=CARTESIAN_POINT('',(0.11325,-0.003,0.05775));
#17708=CARTESIAN_POINT('',(0.11325,-0.003,0.05775));
#17709=CARTESIAN_POINT('',(0.11325,-0.003,0.05885));
#17710=CARTESIAN_POINT('',(0.15025,-0.003,0.12275));
#17711=CARTESIAN_POINT('',(0.15025,-0.003,0.12275));
#17712=CARTESIAN_POINT('',(0.15025,-0.003,0.12385));
#17713=CARTESIAN_POINT('',(0.11975,-0.003,0.12275));
#17714=CARTESIAN_POINT('',(0.11975,-0.003,0.12275));
#17715=CARTESIAN_POINT('',(0.11975,-0.003,0.12385));
#17716=CARTESIAN_POINT('',(0.19075,-0.003,0.06275));
#17717=CARTESIAN_POINT('',(0.19075,-0.003,0.06275));
#17718=CARTESIAN_POINT('',(0.19075,-0.003,0.06385));
#17719=CARTESIAN_POINT('',(0.19075,-0.003,0.141));
#17720=CARTESIAN_POINT('',(0.19075,-0.003,0.141));
#17721=CARTESIAN_POINT('',(0.19075,-0.003,0.1421));
#17722=CARTESIAN_POINT('',(0.17775,-0.003,0.05));
#17723=CARTESIAN_POINT('',(0.17775,-0.003,0.05));
#17724=CARTESIAN_POINT('',(0.17775,-0.003,0.0511));
#17725=CARTESIAN_POINT('',(0.145687597,-0.003,0.0951176488029092));
#17726=CARTESIAN_POINT('',(0.171549999999983,-0.003,0.0951176488029092));
#17727=CARTESIAN_POINT('',(0.171549999999983,-0.003,0.0461430095));
#17728=CARTESIAN_POINT('',(0.,-0.003,0.0461430095));
#17729=CARTESIAN_POINT('',(0.178550469551752,-0.003,0.0461430098719608));
#17730=CARTESIAN_POINT('',(0.17849214749048,-0.003,0.0474967743647));
#17731=CARTESIAN_POINT('',(0.179549999999984,-0.003,0.0466499999999835));
#17732=CARTESIAN_POINT('',(0.17955,-0.003,0.04665));
#17733=CARTESIAN_POINT('',(0.192801218082487,-0.003,0.0599082000866298));
#17734=CARTESIAN_POINT('',(0.19430004852863,-0.003,0.059967422495537));
#17735=CARTESIAN_POINT('',(0.193799064622722,-0.003,0.0613812878094977));
#17736=CARTESIAN_POINT('',(0.192446224413497,-0.003,0.0614580506185741));
#17737=CARTESIAN_POINT('',(0.193800021840067,-0.003,0.0614000011478638));
#17738=CARTESIAN_POINT('',(0.193800046951224,-0.003,0.0613999999999953));
#17739=CARTESIAN_POINT('',(0.193800046951224,-0.003,0.1420901835774));
#17740=CARTESIAN_POINT('',(0.19180004852863,-0.003,0.1420901835774));
#17741=CARTESIAN_POINT('',(0.19180004852863,-0.003,0.144090181999997));
#17742=CARTESIAN_POINT('',(0.191800047,-0.003,0.144090182));
#17743=CARTESIAN_POINT('',(0.15399020350585,-0.003,0.144090181999975));
#17744=CARTESIAN_POINT('',(0.15399020350585,-0.003,0.1420901834941));
#17745=CARTESIAN_POINT('',(0.151990205,-0.003,0.1420901834941));
#17746=CARTESIAN_POINT('',(0.151990205,-0.003,0.142090182));
#17747=CARTESIAN_POINT('',(0.151990205,-0.003,0.1278216985058));
#17748=CARTESIAN_POINT('',(0.14999020649415,-0.003,0.1278216985058));
#17749=CARTESIAN_POINT('',(0.149990205,-0.003,0.125821699999975));
#17750=CARTESIAN_POINT('',(0.149990205,-0.003,0.1258217));
#17751=CARTESIAN_POINT('',(0.099575194,-0.003,0.125835785999975));
#17752=CARTESIAN_POINT('',(0.09957519250585,-0.003,0.1238357874941));
#17753=CARTESIAN_POINT('',(0.097575194,-0.003,0.1238357874941));
#17754=CARTESIAN_POINT('',(0.097575194,-0.003,0.123835786));
#17755=CARTESIAN_POINT('',(0.0975751939999997,-0.003,0.068624401));
#17756=CARTESIAN_POINT('',(0.099600854570243,-0.003,0.06862374224455));
#17757=CARTESIAN_POINT('',(0.0995488589999956,-0.003,0.066598749));
#17758=CARTESIAN_POINT('',(0.099548859,-0.003,0.066598749));
#17759=CARTESIAN_POINT('',(0.10805013149415,-0.003,0.066598749));
#17760=CARTESIAN_POINT('',(0.10805013149415,-0.003,0.06459875049415));
#17761=CARTESIAN_POINT('',(0.11005013,-0.003,0.06459875049415));
#17762=CARTESIAN_POINT('',(0.11005013,-0.003,0.064598749));
#17763=CARTESIAN_POINT('',(0.110050451408887,-0.003,0.0565987653040144));
#17764=CARTESIAN_POINT('',(0.11205013,-0.003,0.0566494730067238));
#17765=CARTESIAN_POINT('',(0.112050209273309,-0.003,0.0546494730082949));
#17766=CARTESIAN_POINT('',(0.11205,-0.003,0.054649473));
#17767=CARTESIAN_POINT('',(0.125345771343461,-0.003,0.0546498730795651));
#17768=CARTESIAN_POINT('',(0.125321600119626,-0.003,0.0534949463091739));
#17769=CARTESIAN_POINT('',(0.126169559361127,-0.003,0.0542793638522104));
#17770=CARTESIAN_POINT('',(0.126169625,-0.003,0.05427942));
#17771=CARTESIAN_POINT('',(0.133800241999943,-0.003,0.0466497000000649));
#17772=CARTESIAN_POINT('',(0.13485785259983,-0.003,0.04749677082329));
#17773=CARTESIAN_POINT('',(0.133994789841018,-0.003,0.0464521695429418));
#17774=CARTESIAN_POINT('',(0.13435785259983,-0.003,0.04499677082329));
#17775=CARTESIAN_POINT('',(0.157549999999983,-0.003,0.0951176488029092));
#17776=CARTESIAN_POINT('',(0.135963708591333,-0.003,0.0501430095));
#17777=CARTESIAN_POINT('',(0.11725,-0.003,0.0586496791137454));
#17778=CARTESIAN_POINT('',(0.11529415077816,-0.003,0.0582317630678378));
#17779=CARTESIAN_POINT('',(0.11333830155632,-0.003,0.0578138470219302));
#17780=CARTESIAN_POINT('',(0.11369421577816,-0.003,0.0597819235109651));
#17781=CARTESIAN_POINT('',(0.11405013,-0.003,0.06175));
#17782=CARTESIAN_POINT('',(0.101575194,-0.003,0.070598749));
#17783=CARTESIAN_POINT('',(0.114749743187971,-0.003,0.121831546061004));
#17784=CARTESIAN_POINT('',(0.154250236674869,-0.003,0.123596521003071));
#17785=CARTESIAN_POINT('',(0.155990205,-0.003,0.140090182));
#17786=CARTESIAN_POINT('',(0.18675,-0.003,0.140090182));
#17787=CARTESIAN_POINT('',(0.188708052607063,-0.003,0.14049764977538));
#17788=CARTESIAN_POINT('',(0.190666105214126,-0.003,0.140905117550761));
#17789=CARTESIAN_POINT('',(0.190233076082675,-0.003,0.13895255877538));
#17790=CARTESIAN_POINT('',(0.189800046951224,-0.003,0.137));
#17791=CARTESIAN_POINT('',(0.189800046951224,-0.003,0.067161197476744));
#17792=CARTESIAN_POINT('',(0.17375,-0.003,0.0501430095));
#17793=CARTESIAN_POINT('',(0.10605013,-8.67361737988404E-19,0.0596241110033619));
#17794=CARTESIAN_POINT('',(0.10605013,-8.67361737988404E-19,0.062598749));
#17795=CARTESIAN_POINT('',(0.10605013,-0.002,0.062598749));
#17796=CARTESIAN_POINT('',(0.10605013,-0.0075,0.062598749));
#17797=CARTESIAN_POINT('',(0.10605013,-0.002,0.0566494730067238));
#17798=CARTESIAN_POINT('',(0.10605013,-0.002,0.0566494730067238));
#17799=CARTESIAN_POINT('',(0.10605013,-8.67361737988404E-19,0.0566494730067238));
#17800=CARTESIAN_POINT('',(0.10605013,-0.0075,0.0566494730067238));
#17801=CARTESIAN_POINT('',(0.10605013,-0.0075,0.0596241110033619));
#17802=CARTESIAN_POINT('',(0.11205013,-8.67361737988404E-19,0.0566494730067238));
#17803=CARTESIAN_POINT('',(0.11205013,-0.002,0.0566494730067238));
#17804=CARTESIAN_POINT('',(0.112050367819927,-0.002,0.050649473011437));
#17805=CARTESIAN_POINT('',(0.112050367819927,-8.67361737988404E-19,0.050649473011437));
#17806=CARTESIAN_POINT('',(0.112050367819927,-0.0075,0.050649473011437));
#17807=CARTESIAN_POINT('',(0.11205013,-0.0075,0.0566494730067238));
#17808=CARTESIAN_POINT('',(0.118096350219893,-8.67361737988404E-19,0.0506497126539524));
#17809=CARTESIAN_POINT('',(0.12414233261986,-0.002,0.0506499522964677));
#17810=CARTESIAN_POINT('',(0.12414233261986,-0.002,0.0506499522964677));
#17811=CARTESIAN_POINT('',(0.12414233261986,-8.67361737988404E-19,0.0506499522964677));
#17812=CARTESIAN_POINT('',(0.12414233261986,-0.0075,0.0506499522964677));
#17813=CARTESIAN_POINT('',(0.118096350219893,-0.0075,0.0506497126539524));
#17814=CARTESIAN_POINT('',(0.127505006046034,-8.67361737988404E-19,0.0472876741618002));
#17815=CARTESIAN_POINT('',(0.130867679472208,-0.002,0.0439253960271326));
#17816=CARTESIAN_POINT('',(0.130867679472208,-0.002,0.0439253960271326));
#17817=CARTESIAN_POINT('',(0.130867679472208,-8.67361737988404E-19,0.0439253960271326));
#17818=CARTESIAN_POINT('',(0.130867679472208,-0.0075,0.0439253960271326));
#17819=CARTESIAN_POINT('',(0.127505006046034,-0.0075,0.0472876741618002));
#17820=CARTESIAN_POINT('',(0.13485785259983,-8.67361737988404E-19,0.04749677082329));
#17821=CARTESIAN_POINT('',(0.13485785259983,-0.002,0.04749677082329));
#17822=CARTESIAN_POINT('',(0.134741924966071,-0.002,0.0421430095));
#17823=CARTESIAN_POINT('',(0.134741924966071,-8.67361737988404E-19,0.0421430095));
#17824=CARTESIAN_POINT('',(0.134741924966071,-0.0075,0.0421430095));
#17825=CARTESIAN_POINT('',(0.13485785259983,-0.0075,0.04749677082329));
#17826=CARTESIAN_POINT('',(0.156675000053261,-8.67361737988404E-19,0.0421430095));
#17827=CARTESIAN_POINT('',(0.157549999999983,-0.002,0.0421430095));
#17828=CARTESIAN_POINT('',(0.157549999999983,-0.002,0.0421430095));
#17829=CARTESIAN_POINT('',(0.157549999999983,-0.025,0.0421430095));
#17830=CARTESIAN_POINT('',(0.157549999999983,-0.0075,0.0421430095));
#17831=CARTESIAN_POINT('',(0.156675000053261,-0.0075,0.0421430095));
#17832=CARTESIAN_POINT('',(0.17849214749048,-8.67361737988404E-19,0.0474967743647001));
#17833=CARTESIAN_POINT('',(0.17849214749048,-0.002,0.0474967743647001));
#17834=CARTESIAN_POINT('',(0.18248340241701,-0.002,0.0439266032822489));
#17835=CARTESIAN_POINT('',(0.18248340241701,-8.67361737988404E-19,0.0439266032822489));
#17836=CARTESIAN_POINT('',(0.18248340241701,-0.0075,0.0439266032822489));
#17837=CARTESIAN_POINT('',(0.17849214749048,-0.0075,0.0474967743647001));
#17838=CARTESIAN_POINT('',(0.189250246605453,-8.67361737988404E-19,0.050697012888893));
#17839=CARTESIAN_POINT('',(0.196017090793894,-0.002,0.057467422495537));
#17840=CARTESIAN_POINT('',(0.196017090793894,-0.002,0.057467422495537));
#17841=CARTESIAN_POINT('',(0.196017090793894,-8.67361737988404E-19,0.057467422495537));
#17842=CARTESIAN_POINT('',(0.196017090793894,-0.0075,0.057467422495537));
#17843=CARTESIAN_POINT('',(0.189250246605453,-0.0075,0.050697012888893));
#17844=CARTESIAN_POINT('',(0.192446224413497,-8.67361737988404E-19,0.0614580506185741));
#17845=CARTESIAN_POINT('',(0.192446224413497,-0.002,0.0614580506185741));
#17846=CARTESIAN_POINT('',(0.197800046951224,-0.002,0.0613449853385294));
#17847=CARTESIAN_POINT('',(0.197800046951224,-8.67361737988404E-19,0.0613449853385294));
#17848=CARTESIAN_POINT('',(0.197800046951224,-0.0075,0.0613449853385294));
#17849=CARTESIAN_POINT('',(0.192446224413497,-0.0075,0.0614580506185741));
#17850=CARTESIAN_POINT('',(0.197800046951224,-8.67361737988404E-19,0.101717584457965));
#17851=CARTESIAN_POINT('',(0.197800046951224,-0.002,0.1420901835774));
#17852=CARTESIAN_POINT('',(0.197800046951224,-0.002,0.1420901835774));
#17853=CARTESIAN_POINT('',(0.197800046951224,-8.67361737988404E-19,0.1420901835774));
#17854=CARTESIAN_POINT('',(0.197800046951224,-0.0075,0.1420901835774));
#17855=CARTESIAN_POINT('',(0.197800046951224,-0.0075,0.101717584457965));
#17856=CARTESIAN_POINT('',(0.19180004852863,-8.67361737988404E-19,0.1420901835774));
#17857=CARTESIAN_POINT('',(0.19180004852863,-0.002,0.1420901835774));
#17858=CARTESIAN_POINT('',(0.19180004852863,-0.002,0.148090182));
#17859=CARTESIAN_POINT('',(0.19180004852863,-8.67361737988404E-19,0.148090182));
#17860=CARTESIAN_POINT('',(0.19180004852863,-0.0075,0.148090182));
#17861=CARTESIAN_POINT('',(0.19180004852863,-0.0075,0.1420901835774));
#17862=CARTESIAN_POINT('',(0.17289512601724,-8.67361737988404E-19,0.148090182));
#17863=CARTESIAN_POINT('',(0.15399020350585,-0.002,0.148090182));
#17864=CARTESIAN_POINT('',(0.15399020350585,-0.002,0.14809018199995));
#17865=CARTESIAN_POINT('',(0.15399020350585,-8.67361737988404E-19,0.14809018199995));
#17866=CARTESIAN_POINT('',(0.15399020350585,-0.0075,0.14809018199995));
#17867=CARTESIAN_POINT('',(0.17289512601724,-0.0075,0.148090182));
#17868=CARTESIAN_POINT('',(0.15399020350585,-8.67361737988404E-19,0.1420901834941));
#17869=CARTESIAN_POINT('',(0.15399020350585,-0.002,0.1420901834941));
#17870=CARTESIAN_POINT('',(0.147990205,-0.002,0.1420901834941));
#17871=CARTESIAN_POINT('',(0.147990205,-8.67361737988404E-19,0.1420901834941));
#17872=CARTESIAN_POINT('',(0.147990205,-0.0075,0.1420901834941));
#17873=CARTESIAN_POINT('',(0.15399020350585,-0.0075,0.1420901834941));
#17874=CARTESIAN_POINT('',(0.147990205,-8.67361737988404E-19,0.135956221226026));
#17875=CARTESIAN_POINT('',(0.147990205,-0.002,0.129822258957952));
#17876=CARTESIAN_POINT('',(0.147990205,-0.002,0.129822258957952));
#17877=CARTESIAN_POINT('',(0.147990205,-8.67361737988404E-19,0.129822258957952));
#17878=CARTESIAN_POINT('',(0.147990205,-0.0075,0.129822258957952));
#17879=CARTESIAN_POINT('',(0.147990205,-0.0075,0.135956221226026));
#17880=CARTESIAN_POINT('',(0.123783536955406,-8.67361737988404E-19,0.129829022323055));
#17881=CARTESIAN_POINT('',(0.0995768689108112,-0.002,0.129835785688158));
#17882=CARTESIAN_POINT('',(0.0995768689108329,-0.002,0.129835785765755));
#17883=CARTESIAN_POINT('',(0.0995768689108329,-8.67361737988404E-19,0.129835785765755));
#17884=CARTESIAN_POINT('',(0.0995768689108329,-0.0075,0.129835785765755));
#17885=CARTESIAN_POINT('',(0.123783536955406,-0.0075,0.129829022323055));
#17886=CARTESIAN_POINT('',(0.09957519250585,-8.67361737988404E-19,0.1238357874941));
#17887=CARTESIAN_POINT('',(0.09957519250585,-0.002,0.1238357874941));
#17888=CARTESIAN_POINT('',(0.093575194,-0.002,0.1238357874941));
#17889=CARTESIAN_POINT('',(0.093575194,-8.67361737988404E-19,0.1238357874941));
#17890=CARTESIAN_POINT('',(0.093575194,-0.0075,0.1238357874941));
#17891=CARTESIAN_POINT('',(0.09957519250585,-0.0075,0.1238357874941));
#17892=CARTESIAN_POINT('',(0.093575194,-8.67361737988404E-19,0.096229764869325));
#17893=CARTESIAN_POINT('',(0.093575194,-0.002,0.06862374224455));
#17894=CARTESIAN_POINT('',(0.093575193892884,-0.002,0.06862374224455));
#17895=CARTESIAN_POINT('',(0.093575193892884,-8.67361737988404E-19,0.06862374224455));
#17896=CARTESIAN_POINT('',(0.093575193892884,-0.0075,0.06862374224455));
#17897=CARTESIAN_POINT('',(0.093575194,-0.0075,0.096229764869325));
#17898=CARTESIAN_POINT('',(0.099600854570243,-8.67361737988404E-19,0.06862374224455));
#17899=CARTESIAN_POINT('',(0.099600854570243,-0.002,0.06862374224455));
#17900=CARTESIAN_POINT('',(0.0995111717859569,-0.002,0.062598749));
#17901=CARTESIAN_POINT('',(0.0995111717859569,-8.67361737988404E-19,0.062598749));
#17902=CARTESIAN_POINT('',(0.0995111717859569,-0.0075,0.062598749));
#17903=CARTESIAN_POINT('',(0.099600854570243,-0.0075,0.06862374224455));
#17904=CARTESIAN_POINT('',(0.11005013,-8.67361737988404E-19,0.064598749));
#17905=CARTESIAN_POINT('',(0.11005013,-8.67361737988404E-19,0.06459875049415));
#17906=CARTESIAN_POINT('',(0.11005013,-0.0075,0.06459875049415));
#17907=CARTESIAN_POINT('',(0.11005013,-0.0075,0.064598749));
#17908=CARTESIAN_POINT('',(0.110050451460537,-0.0075,0.0565987612292103));
#17909=CARTESIAN_POINT('',(0.110050451460537,-8.67361737988404E-19,0.0565987612292103));
#17910=CARTESIAN_POINT('',(0.10805013149415,-8.67361737988404E-19,0.06459875049415));
#17911=CARTESIAN_POINT('',(0.10805013149415,-8.67361737988404E-19,0.066598749));
#17912=CARTESIAN_POINT('',(0.10805013149415,-0.0075,0.066598749));
#17913=CARTESIAN_POINT('',(0.10805013149415,-0.0075,0.06459875049415));
#17914=CARTESIAN_POINT('',(0.099548859,-8.67361737988404E-19,0.066598749));
#17915=CARTESIAN_POINT('',(0.0995488589999956,-8.67361737988404E-19,0.066598749));
#17916=CARTESIAN_POINT('',(0.0995488589999956,-0.0075,0.066598749));
#17917=CARTESIAN_POINT('',(0.099548859,-0.0075,0.066598749));
#17918=CARTESIAN_POINT('',(0.099600854570243,-8.67361737988404E-19,0.06862374224455));
#17919=CARTESIAN_POINT('',(0.0975751939999997,-8.67361737988404E-19,0.068624401));
#17920=CARTESIAN_POINT('',(0.0975751939999997,-0.0075,0.068624401));
#17921=CARTESIAN_POINT('',(0.099600854570243,-0.0075,0.06862374224455));
#17922=CARTESIAN_POINT('',(0.097575194,-8.67361737988404E-19,0.123835786));
#17923=CARTESIAN_POINT('',(0.097575194,-8.67361737988404E-19,0.1238357874941));
#17924=CARTESIAN_POINT('',(0.097575194,-0.0075,0.1238357874941));
#17925=CARTESIAN_POINT('',(0.097575194,-0.0075,0.123835786));
#17926=CARTESIAN_POINT('',(0.09957519250585,-8.67361737988404E-19,0.1238357874941));
#17927=CARTESIAN_POINT('',(0.099575194,-8.67361737988404E-19,0.125835785999975));
#17928=CARTESIAN_POINT('',(0.099575194,-0.0075,0.125835785999975));
#17929=CARTESIAN_POINT('',(0.09957519250585,-0.0075,0.1238357874941));
#17930=CARTESIAN_POINT('',(0.149990205,-8.67361737988404E-19,0.1258217));
#17931=CARTESIAN_POINT('',(0.149990205,-8.67361737988404E-19,0.125821699999975));
#17932=CARTESIAN_POINT('',(0.149990205,-0.0075,0.125821699999975));
#17933=CARTESIAN_POINT('',(0.149990205,-0.0075,0.1258217));
#17934=CARTESIAN_POINT('',(0.14999020649415,-8.67361737988404E-19,0.1278216985058));
#17935=CARTESIAN_POINT('',(0.151990205,-8.67361737988404E-19,0.1278216985058));
#17936=CARTESIAN_POINT('',(0.151990205,-0.0075,0.1278216985058));
#17937=CARTESIAN_POINT('',(0.14999020649415,-0.0075,0.1278216985058));
#17938=CARTESIAN_POINT('',(0.151990205,-8.67361737988404E-19,0.142090182));
#17939=CARTESIAN_POINT('',(0.151990205,-8.67361737988404E-19,0.1420901834941));
#17940=CARTESIAN_POINT('',(0.151990205,-0.0075,0.1420901834941));
#17941=CARTESIAN_POINT('',(0.151990205,-0.0075,0.142090182));
#17942=CARTESIAN_POINT('',(0.15399020350585,-8.67361737988404E-19,0.1420901834941));
#17943=CARTESIAN_POINT('',(0.15399020350585,-8.67361737988404E-19,0.144090181999975));
#17944=CARTESIAN_POINT('',(0.15399020350585,-0.0075,0.144090181999975));
#17945=CARTESIAN_POINT('',(0.15399020350585,-0.0075,0.1420901834941));
#17946=CARTESIAN_POINT('',(0.191800047,-8.67361737988404E-19,0.144090182));
#17947=CARTESIAN_POINT('',(0.19180004852863,-8.67361737988404E-19,0.144090181999997));
#17948=CARTESIAN_POINT('',(0.19180004852863,-0.0075,0.144090181999997));
#17949=CARTESIAN_POINT('',(0.191800047,-0.0075,0.144090182));
#17950=CARTESIAN_POINT('',(0.19180004852863,-8.67361737988404E-19,0.1420901835774));
#17951=CARTESIAN_POINT('',(0.193800046951224,-8.67361737988404E-19,0.1420901835774));
#17952=CARTESIAN_POINT('',(0.193800046951224,-0.0075,0.1420901835774));
#17953=CARTESIAN_POINT('',(0.19180004852863,-0.0075,0.1420901835774));
#17954=CARTESIAN_POINT('',(0.193800046951224,-8.67361737988404E-19,0.0613999999999953));
#17955=CARTESIAN_POINT('',(0.193800021828531,-8.67361737988404E-19,0.0614000006097356));
#17956=CARTESIAN_POINT('',(0.193800021828531,-0.0075,0.0614000006097356));
#17957=CARTESIAN_POINT('',(0.193800046951224,-0.0075,0.0613999999999953));
#17958=CARTESIAN_POINT('',(0.192446224413497,-8.67361737988404E-19,0.0614580506185741));
#17959=CARTESIAN_POINT('',(0.193799064622722,-0.0125,0.0613812878094977));
#17960=CARTESIAN_POINT('',(0.193799064622722,-0.0075,0.0613812878094977));
#17961=CARTESIAN_POINT('',(0.192446224413497,-0.0075,0.0614580506185741));
#17962=CARTESIAN_POINT('',(0.17955,-8.67361737988404E-19,0.04665));
#17963=CARTESIAN_POINT('',(0.17955,-0.0075,0.04665));
#17964=CARTESIAN_POINT('',(0.179549999999984,-0.0075,0.0466499999999835));
#17965=CARTESIAN_POINT('',(0.192801218082487,-0.0075,0.0599082000866298));
#17966=CARTESIAN_POINT('',(0.192801218082487,-0.025,0.0599082000866298));
#17967=CARTESIAN_POINT('',(0.179549999999984,-8.67361737988404E-19,0.0466499999999835));
#17968=CARTESIAN_POINT('',(0.17849214749048,-8.67361737988404E-19,0.0474967743647));
#17969=CARTESIAN_POINT('',(0.178550469559761,-8.67361737988404E-19,0.0461430098721335));
#17970=CARTESIAN_POINT('',(0.178550469559761,-0.0075,0.0461430098721335));
#17971=CARTESIAN_POINT('',(0.17849214749048,-0.0075,0.0474967743647));
#17972=CARTESIAN_POINT('',(0.,-8.67361737988404E-19,0.0461430095));
#17973=CARTESIAN_POINT('',(0.171549999999983,-8.67361737988404E-19,0.0461430095));
#17974=CARTESIAN_POINT('',(0.171549999999983,-0.0075,0.0461430095));
#17975=CARTESIAN_POINT('',(0.,-0.0075,0.0461430095));
#17976=CARTESIAN_POINT('',(0.13485785259983,-8.67361737988404E-19,0.04749677082329));
#17977=CARTESIAN_POINT('',(0.13485785259983,-0.0075,0.04749677082329));
#17978=CARTESIAN_POINT('',(0.133800241999943,-0.0075,0.0466497000000649));
#17979=CARTESIAN_POINT('',(0.133994789841018,-0.0075,0.0464521695429418));
#17980=CARTESIAN_POINT('',(0.133994789841018,-0.0125,0.0464521695429418));
#17981=CARTESIAN_POINT('',(0.133800241999943,-8.67361737988404E-19,0.0466497000000649));
#17982=CARTESIAN_POINT('',(0.126169625,-8.67361737988404E-19,0.05427942));
#17983=CARTESIAN_POINT('',(0.12616956052463,-8.67361737988404E-19,0.0542793626426235));
#17984=CARTESIAN_POINT('',(0.12616956052463,-0.0075,0.0542793626426235));
#17985=CARTESIAN_POINT('',(0.126169625,-0.0075,0.05427942));
#17986=CARTESIAN_POINT('',(0.125321600119626,-8.67361737988404E-19,0.0534949463091739));
#17987=CARTESIAN_POINT('',(0.1253457700128,-8.67361737988404E-19,0.0546498730795124));
#17988=CARTESIAN_POINT('',(0.1253457700128,-0.0075,0.0546498730795124));
#17989=CARTESIAN_POINT('',(0.125321600119626,-0.0075,0.0534949463091739));
#17990=CARTESIAN_POINT('',(0.11205,-8.67361737988404E-19,0.054649473));
#17991=CARTESIAN_POINT('',(0.112050209273309,-8.67361737988404E-19,0.0546494730082949));
#17992=CARTESIAN_POINT('',(0.112050209273309,-0.0075,0.0546494730082949));
#17993=CARTESIAN_POINT('',(0.11205,-0.0075,0.054649473));
#17994=CARTESIAN_POINT('',(0.11205013,-8.67361737988404E-19,0.0566494730067238));
#17995=CARTESIAN_POINT('',(0.11205013,-0.0075,0.0566494730067238));
#17996=CARTESIAN_POINT('',(0.102780650892978,-8.67361737988404E-19,0.062598749));
#17997=CARTESIAN_POINT('',(0.10605013,-0.002,0.062598749));
#17998=CARTESIAN_POINT('',(0.102780650892978,-0.0075,0.062598749));
#17999=CARTESIAN_POINT('',(0.145687620422054,-0.0075,0.09511659575));
#18000=CARTESIAN_POINT('',(0.171549999999983,-0.0075,0.09511659575));
#18001=CARTESIAN_POINT('',(0.157549999999983,-0.0075,0.09511659575));
#18002=CARTESIAN_POINT('',(0.13435785259983,-0.0075,0.04499677082329));
#18003=CARTESIAN_POINT('',(0.19430004852863,-0.0075,0.059967422495537));
#18004=CARTESIAN_POINT('',(0.19430004852863,-0.0075,0.1445901835774));
#18005=CARTESIAN_POINT('',(0.19280004852863,-0.0075,0.1445901835774));
#18006=CARTESIAN_POINT('',(0.15149020350585,-0.0075,0.1445901834941));
#18007=CARTESIAN_POINT('',(0.14999020350585,-0.0075,0.1445901834941));
#18008=CARTESIAN_POINT('',(0.09707519250585,-0.0075,0.1263357874941));
#18009=CARTESIAN_POINT('',(0.09557519250585,-0.0075,0.1263357874941));
#18010=CARTESIAN_POINT('',(0.097075194,-0.0075,0.06612374224455));
#18011=CARTESIAN_POINT('',(0.095575194,-0.0075,0.06612374224455));
#18012=CARTESIAN_POINT('',(0.097075194,-0.025,0.06612374224455));
#18013=CARTESIAN_POINT('',(0.0979895274775339,0.,0.064934627325015));
#18014=CARTESIAN_POINT('',(0.097696936485339,5.88183403423464E-18,0.064709648447874));
#18015=CARTESIAN_POINT('',(0.0969684089719642,-0.000155154412368406,0.0644937628014806));
#18016=CARTESIAN_POINT('',(0.0959115074594239,-0.000349065431340102,0.0649701566388954));
#18017=CARTESIAN_POINT('',(0.0954437727543756,-0.000155332337880544,0.0660332271627311));
#18018=CARTESIAN_POINT('',(0.0956675111561775,3.03766474091529E-18,0.0667598774656225));
#18019=CARTESIAN_POINT('',(0.0958954778454167,-5.91680030337193E-20,0.0670501707602031));
#18020=CARTESIAN_POINT('',(0.09707519250585,-0.025,0.1263357874941));
#18021=CARTESIAN_POINT('',(0.0958969248376651,0.,0.125407517435275));
#18022=CARTESIAN_POINT('',(0.0956673951231403,1.48178454829819E-17,0.125698863082958));
#18023=CARTESIAN_POINT('',(0.0954431205276015,-0.000157359863678271,0.126428909506647));
#18024=CARTESIAN_POINT('',(0.0959147210956375,-0.000354731717473945,0.127494593738312));
#18025=CARTESIAN_POINT('',(0.0969820824051477,-0.000157457813375506,0.127968293328932));
#18026=CARTESIAN_POINT('',(0.0977120768755331,-6.70053934177493E-18,0.127743616422518));
#18027=CARTESIAN_POINT('',(0.0980034625646745,8.09386172353229E-20,0.127514055162285));
#18028=CARTESIAN_POINT('',(0.15149020350585,-0.025,0.1445901834941));
#18029=CARTESIAN_POINT('',(0.150311935837665,0.,0.143661913435275));
#18030=CARTESIAN_POINT('',(0.15008240612314,-8.63362137464519E-19,0.143953259082958));
#18031=CARTESIAN_POINT('',(0.149858131527601,-0.000157359863678281,0.144683305506647));
#18032=CARTESIAN_POINT('',(0.150329732095638,-0.000354731717473949,0.145748989738312));
#18033=CARTESIAN_POINT('',(0.151397093405148,-0.000157457813375498,0.146222689328932));
#18034=CARTESIAN_POINT('',(0.152127087875533,-1.02165632423741E-17,0.145998012422518));
#18035=CARTESIAN_POINT('',(0.152418473564675,5.52100229664227E-20,0.145768451162285));
#18036=CARTESIAN_POINT('',(0.19430004852863,-0.025,0.1445901835774));
#18037=CARTESIAN_POINT('',(0.193371778395296,0.,0.145768451186885));
#18038=CARTESIAN_POINT('',(0.193663124042162,1.71006805301446E-17,0.145997980930625));
#18039=CARTESIAN_POINT('',(0.194393170490523,-0.000157359888009413,0.146222255570378));
#18040=CARTESIAN_POINT('',(0.195458854782711,-0.000354731781113619,0.145750654996807));
#18041=CARTESIAN_POINT('',(0.195932554378183,-0.000157457836809557,0.144683293623055));
#18042=CARTESIAN_POINT('',(0.195707877427784,1.6941067793693E-17,0.143953299132667));
#18043=CARTESIAN_POINT('',(0.195478316138115,-1.12184836577521E-19,0.143661913444066));
#18044=CARTESIAN_POINT('',(0.19430004852863,-0.025,0.059967422495537));
#18045=CARTESIAN_POINT('',(0.195678509048485,0.,0.0605589008089175));
#18046=CARTESIAN_POINT('',(0.195831516006381,1.64817126434104E-17,0.0602023128395019));
#18047=CARTESIAN_POINT('',(0.195846751525787,-8.11098242558833E-5,0.0593834329875709));
#18048=CARTESIAN_POINT('',(0.195285667372354,-6.98847117373824E-5,0.0587739232961772));
#18049=CARTESIAN_POINT('',(0.19494025422124,-4.67738834690123E-5,0.0586109061221932));
#18050=CARTESIAN_POINT('',(0.19494025422124,-4.67738834690028E-5,0.0586109061221931));
#18051=CARTESIAN_POINT('',(0.19494025422124,-4.67738834690028E-5,0.0586109061221931));
#18052=CARTESIAN_POINT('',(0.194706378138791,-2.75345096512056E-5,0.0585005286860697));
#18053=CARTESIAN_POINT('',(0.19444741425673,2.57542124485327E-17,0.0584529971272448));
#18054=CARTESIAN_POINT('',(0.194192724115226,4.25237009303596E-20,0.0584712669320051));
#18055=CARTESIAN_POINT('',(0.13435785259983,-0.025,0.04499677082329));
#18056=CARTESIAN_POINT('',(0.135591178024385,0.,0.0441430095));
#18057=CARTESIAN_POINT('',(0.135390546634144,0.,0.0438531816666248));
#18058=CARTESIAN_POINT('',(0.135094483945843,-6.07108969805892E-5,0.0436443483843381));
#18059=CARTESIAN_POINT('',(0.134758330305399,-8.95589478205377E-5,0.0435512198531258));
#18060=CARTESIAN_POINT('',(0.134758330305399,-8.95589478205378E-5,0.0435512198531258));
#18061=CARTESIAN_POINT('',(0.134758330305399,-8.95589478205365E-5,0.0435512198531258));
#18062=CARTESIAN_POINT('',(0.134344495896541,-0.000128294591496975,0.0434365705201272));
#18063=CARTESIAN_POINT('',(0.133427461766499,-0.000135942249107987,0.0435862661939131));
#18064=CARTESIAN_POINT('',(0.13293006865923,9.48441526781186E-17,0.0443682589303662));
#18065=CARTESIAN_POINT('',(0.132871791350956,8.69841575834001E-17,0.044792756204707));
#18066=CARTESIAN_POINT('',(0.189800046951224,-0.003,0.137));
#18067=CARTESIAN_POINT('',(0.190233076082675,-0.003,0.13895255877538));
#18068=CARTESIAN_POINT('',(0.190233076082675,-0.002,0.13895255877538));
#18069=CARTESIAN_POINT('',(0.189800046951224,-0.002,0.137));
#18070=CARTESIAN_POINT('',(0.189800046951224,-0.003,0.067161197476744));
#18071=CARTESIAN_POINT('',(0.189800046951224,-0.002,0.067161197476744));
#18072=CARTESIAN_POINT('',(0.17375,-0.003,0.0501430095));
#18073=CARTESIAN_POINT('',(0.17375,-0.002,0.0501430095));
#18074=CARTESIAN_POINT('',(0.135963708591333,-0.003,0.0501430095));
#18075=CARTESIAN_POINT('',(0.135963708591333,-0.002,0.0501430095));
#18076=CARTESIAN_POINT('',(0.11725,-0.003,0.0586496791137454));
#18077=CARTESIAN_POINT('',(0.11725,-0.002,0.0586496791137454));
#18078=CARTESIAN_POINT('',(0.11529415077816,-0.002,0.0582317630678378));
#18079=CARTESIAN_POINT('',(0.11529415077816,-0.003,0.0582317630678378));
#18080=CARTESIAN_POINT('',(0.11405013,-0.003,0.06175));
#18081=CARTESIAN_POINT('',(0.11369421577816,-0.003,0.0597819235109651));
#18082=CARTESIAN_POINT('',(0.11369421577816,-0.002,0.0597819235109651));
#18083=CARTESIAN_POINT('',(0.11405013,-0.002,0.06175));
#18084=CARTESIAN_POINT('',(0.101575194,-0.003,0.070598749));
#18085=CARTESIAN_POINT('',(0.101575194,-0.002,0.070598749));
#18086=CARTESIAN_POINT('',(0.18675,-0.003,0.140090182));
#18087=CARTESIAN_POINT('',(0.18675,-0.002,0.140090182));
#18088=CARTESIAN_POINT('',(0.188708052607063,-0.002,0.14049764977538));
#18089=CARTESIAN_POINT('',(0.188708052607063,-0.003,0.14049764977538));
#18090=CARTESIAN_POINT('',(0.155990205,-0.003,0.140090182));
#18091=CARTESIAN_POINT('',(0.155990205,-0.002,0.140090182));
#18092=CARTESIAN_POINT('',(0.154250236674869,-0.003,0.123596521003071));
#18093=CARTESIAN_POINT('',(0.154250236674869,-0.002,0.123596521003071));
#18094=CARTESIAN_POINT('',(0.114749743187971,-0.003,0.121831546061004));
#18095=CARTESIAN_POINT('',(0.114749743187971,-0.002,0.121831546061004));
#18096=CARTESIAN_POINT('',(0.190666105214126,-0.003,0.140905117550761));
#18097=CARTESIAN_POINT('',(0.190666105214126,-0.002,0.140905117550761));
#18098=CARTESIAN_POINT('',(0.11333830155632,-0.003,0.0578138470219302));
#18099=CARTESIAN_POINT('',(0.113338301556312,-0.002,0.0578138470219286));
#18100=CARTESIAN_POINT('',(0.157549999999983,-0.025,0.0451430095));
#18101=CARTESIAN_POINT('',(0.157549999999983,-0.002,0.0441430095));
#18102=CARTESIAN_POINT('',(0.157549999999983,-0.025,0.0481430095));
#18103=CARTESIAN_POINT('',(0.171549999999983,-0.025,0.0451430095));
#18104=CARTESIAN_POINT('',(0.171549999999983,-0.002,0.0441430095));
#18105=CARTESIAN_POINT('',(0.171549999999983,-0.025,0.0481430095));
#18106=CARTESIAN_POINT('',(0.172649999999992,-0.002,0.0481430095));
#18107=CARTESIAN_POINT('',(0.172649999999992,-0.002,0.0481430095));
#18108=CARTESIAN_POINT('',(0.176914900541305,-0.002,0.130795582539926));
#18109=CARTESIAN_POINT('',(0.176914900541305,-0.002,0.136795582539926));
#18110=CARTESIAN_POINT('',(0.176914900541305,-0.002,0.136795582539926));
#18111=CARTESIAN_POINT('',(0.176914900541305,-0.002,0.130795582539926));
#18112=CARTESIAN_POINT('',(0.176914900541305,-0.002,0.124795582539926));
#18113=CARTESIAN_POINT('',(0.176914900541305,-0.002,0.124795582539926));
#18114=CARTESIAN_POINT('',(0.182914900541305,-0.002,0.124795582539926));
#18115=CARTESIAN_POINT('',(0.182914900541305,-0.002,0.124795582539926));
#18116=CARTESIAN_POINT('',(0.188914900541305,-0.002,0.124795582539926));
#18117=CARTESIAN_POINT('',(0.188914900541305,-0.002,0.124795582539926));
#18118=CARTESIAN_POINT('',(0.188914900541305,-0.002,0.130795582539926));
#18119=CARTESIAN_POINT('',(0.188914900541305,-0.002,0.130795582539926));
#18120=CARTESIAN_POINT('',(0.188914900541305,-0.002,0.136795582539926));
#18121=CARTESIAN_POINT('',(0.188914900541305,-0.002,0.136795582539926));
#18122=CARTESIAN_POINT('',(0.158386171785957,-0.002,0.1280651834941));
#18123=CARTESIAN_POINT('',(0.157886171785957,-0.002,0.1280651834941));
#18124=CARTESIAN_POINT('',(0.157886171785957,-0.002,0.1280651834941));
#18125=CARTESIAN_POINT('',(0.158386171785957,-0.002,0.1280651834941));
#18126=CARTESIAN_POINT('',(0.158386171785957,-0.002,0.1275651834941));
#18127=CARTESIAN_POINT('',(0.158386171785957,-0.002,0.1275651834941));
#18128=CARTESIAN_POINT('',(0.164886171785957,-0.002,0.1275651834941));
#18129=CARTESIAN_POINT('',(0.164886171785957,-0.002,0.1275651834941));
#18130=CARTESIAN_POINT('',(0.171386171785957,-0.002,0.1275651834941));
#18131=CARTESIAN_POINT('',(0.171386171785957,-0.002,0.1275651834941));
#18132=CARTESIAN_POINT('',(0.171386171785957,-0.002,0.1280651834941));
#18133=CARTESIAN_POINT('',(0.171386171785957,-0.002,0.1280651834941));
#18134=CARTESIAN_POINT('',(0.171886171785957,-0.002,0.1280651834941));
#18135=CARTESIAN_POINT('',(0.171886171785957,-0.002,0.1280651834941));
#18136=CARTESIAN_POINT('',(0.171886171785957,-0.002,0.1345651834941));
#18137=CARTESIAN_POINT('',(0.171886171785957,-0.002,0.1345651834941));
#18138=CARTESIAN_POINT('',(0.171886171785957,-0.002,0.1410651834941));
#18139=CARTESIAN_POINT('',(0.171886171785957,-0.002,0.1410651834941));
#18140=CARTESIAN_POINT('',(0.171386171785957,-0.002,0.1410651834941));
#18141=CARTESIAN_POINT('',(0.171386171785957,-0.002,0.1410651834941));
#18142=CARTESIAN_POINT('',(0.171386171785957,-0.002,0.1415651834941));
#18143=CARTESIAN_POINT('',(0.171386171785957,-0.002,0.1415651834941));
#18144=CARTESIAN_POINT('',(0.164886171785957,-0.002,0.1415651834941));
#18145=CARTESIAN_POINT('',(0.164886171785957,-0.002,0.1415651834941));
#18146=CARTESIAN_POINT('',(0.158386171785957,-0.002,0.1415651834941));
#18147=CARTESIAN_POINT('',(0.158386171785957,-0.002,0.1415651834941));
#18148=CARTESIAN_POINT('',(0.158386171785957,-0.002,0.1410651834941));
#18149=CARTESIAN_POINT('',(0.158386171785957,-0.002,0.1410651834941));
#18150=CARTESIAN_POINT('',(0.157886171785957,-0.002,0.1410651834941));
#18151=CARTESIAN_POINT('',(0.157886171785957,-0.002,0.1410651834941));
#18152=CARTESIAN_POINT('',(0.177414900541305,-0.002,0.109015242095324));
#18153=CARTESIAN_POINT('',(0.176914900541305,-0.002,0.109015242095324));
#18154=CARTESIAN_POINT('',(0.176914900541305,-0.002,0.109015242095324));
#18155=CARTESIAN_POINT('',(0.177414900541305,-0.002,0.109015242095324));
#18156=CARTESIAN_POINT('',(0.177414900541305,-0.002,0.108515242095324));
#18157=CARTESIAN_POINT('',(0.177414900541305,-0.002,0.108515242095324));
#18158=CARTESIAN_POINT('',(0.18390859735012,-0.002,0.108523206765982));
#18159=CARTESIAN_POINT('',(0.18390859735012,-0.002,0.108523206765982));
#18160=CARTESIAN_POINT('',(0.190402294158936,-0.002,0.10853117143664));
#18161=CARTESIAN_POINT('',(0.190402294158936,-0.002,0.10853117143664));
#18162=CARTESIAN_POINT('',(0.190389687776566,-0.002,0.109047100777956));
#18163=CARTESIAN_POINT('',(0.190389687776566,-0.002,0.109047100777956));
#18164=CARTESIAN_POINT('',(0.190902294158936,-0.002,0.108987295235897));
#18165=CARTESIAN_POINT('',(0.190902294158936,-0.002,0.108987295235897));
#18166=CARTESIAN_POINT('',(0.190902294158936,-0.002,0.115509233336269));
#18167=CARTESIAN_POINT('',(0.190902294158936,-0.002,0.115509233336269));
#18168=CARTESIAN_POINT('',(0.190902294158936,-0.002,0.12203117143664));
#18169=CARTESIAN_POINT('',(0.190902294158936,-0.002,0.12203117143664));
#18170=CARTESIAN_POINT('',(0.190402546304567,-0.002,0.122015294344532));
#18171=CARTESIAN_POINT('',(0.190402546304567,-0.002,0.122015294344532));
#18172=CARTESIAN_POINT('',(0.190414900541305,-0.002,0.122515141694065));
#18173=CARTESIAN_POINT('',(0.190414900541305,-0.002,0.122515141694065));
#18174=CARTESIAN_POINT('',(0.183914900541305,-0.002,0.122515141694065));
#18175=CARTESIAN_POINT('',(0.183914900541305,-0.002,0.122515141694065));
#18176=CARTESIAN_POINT('',(0.177414900541305,-0.002,0.122515141694065));
#18177=CARTESIAN_POINT('',(0.177414900541305,-0.002,0.122515141694065));
#18178=CARTESIAN_POINT('',(0.177414900541305,-0.002,0.122015141694065));
#18179=CARTESIAN_POINT('',(0.177414900541305,-0.002,0.122015141694065));
#18180=CARTESIAN_POINT('',(0.176914900541305,-0.002,0.122015141694065));
#18181=CARTESIAN_POINT('',(0.176914900541305,-0.002,0.122015141694065));
#18182=CARTESIAN_POINT('',(0.158386171785957,-0.002,0.1090151834941));
#18183=CARTESIAN_POINT('',(0.157886171785957,-0.002,0.1090151834941));
#18184=CARTESIAN_POINT('',(0.157886171785957,-0.002,0.1090151834941));
#18185=CARTESIAN_POINT('',(0.158386171785957,-0.002,0.1090151834941));
#18186=CARTESIAN_POINT('',(0.158386171785957,-0.002,0.1085151834941));
#18187=CARTESIAN_POINT('',(0.158386171785957,-0.002,0.1085151834941));
#18188=CARTESIAN_POINT('',(0.164886171785957,-0.002,0.1085151834941));
#18189=CARTESIAN_POINT('',(0.164886171785957,-0.002,0.1085151834941));
#18190=CARTESIAN_POINT('',(0.171386171785957,-0.002,0.1085151834941));
#18191=CARTESIAN_POINT('',(0.171386171785957,-0.002,0.1085151834941));
#18192=CARTESIAN_POINT('',(0.171386171785957,-0.002,0.1090151834941));
#18193=CARTESIAN_POINT('',(0.171386171785957,-0.002,0.1090151834941));
#18194=CARTESIAN_POINT('',(0.171886171785957,-0.002,0.1090151834941));
#18195=CARTESIAN_POINT('',(0.171886171785957,-0.002,0.1090151834941));
#18196=CARTESIAN_POINT('',(0.171886171785957,-0.002,0.1155151834941));
#18197=CARTESIAN_POINT('',(0.171886171785957,-0.002,0.1155151834941));
#18198=CARTESIAN_POINT('',(0.171886171785957,-0.002,0.1220151834941));
#18199=CARTESIAN_POINT('',(0.171886171785957,-0.002,0.1220151834941));
#18200=CARTESIAN_POINT('',(0.171386171785957,-0.002,0.1220151834941));
#18201=CARTESIAN_POINT('',(0.171386171785957,-0.002,0.1220151834941));
#18202=CARTESIAN_POINT('',(0.171386171785957,-0.002,0.1225151834941));
#18203=CARTESIAN_POINT('',(0.171386171785957,-0.002,0.1225151834941));
#18204=CARTESIAN_POINT('',(0.164886171785957,-0.002,0.1225151834941));
#18205=CARTESIAN_POINT('',(0.164886171785957,-0.002,0.1225151834941));
#18206=CARTESIAN_POINT('',(0.158386171785957,-0.002,0.1225151834941));
#18207=CARTESIAN_POINT('',(0.158386171785957,-0.002,0.1225151834941));
#18208=CARTESIAN_POINT('',(0.158386171785957,-0.002,0.1220151834941));
#18209=CARTESIAN_POINT('',(0.158386171785957,-0.002,0.1220151834941));
#18210=CARTESIAN_POINT('',(0.157886171785957,-0.002,0.1220151834941));
#18211=CARTESIAN_POINT('',(0.157886171785957,-0.002,0.1220151834941));
#18212=CARTESIAN_POINT('',(0.101236171785957,-0.002,0.1090151834941));
#18213=CARTESIAN_POINT('',(0.100736171785957,-0.002,0.1090151834941));
#18214=CARTESIAN_POINT('',(0.100736171785957,-0.002,0.1090151834941));
#18215=CARTESIAN_POINT('',(0.101236171785957,-0.002,0.1090151834941));
#18216=CARTESIAN_POINT('',(0.101236171785957,-0.002,0.1085151834941));
#18217=CARTESIAN_POINT('',(0.101236171785957,-0.002,0.1085151834941));
#18218=CARTESIAN_POINT('',(0.107736171785957,-0.002,0.1085151834941));
#18219=CARTESIAN_POINT('',(0.107736171785957,-0.002,0.1085151834941));
#18220=CARTESIAN_POINT('',(0.114236171785957,-0.002,0.1085151834941));
#18221=CARTESIAN_POINT('',(0.114236171785957,-0.002,0.1085151834941));
#18222=CARTESIAN_POINT('',(0.114236171785957,-0.002,0.1090151834941));
#18223=CARTESIAN_POINT('',(0.114236171785957,-0.002,0.1090151834941));
#18224=CARTESIAN_POINT('',(0.114736171785957,-0.002,0.1090151834941));
#18225=CARTESIAN_POINT('',(0.114736171785957,-0.002,0.1090151834941));
#18226=CARTESIAN_POINT('',(0.114736171785957,-0.002,0.1155151834941));
#18227=CARTESIAN_POINT('',(0.114736171785957,-0.002,0.1155151834941));
#18228=CARTESIAN_POINT('',(0.114736171785957,-0.002,0.1220151834941));
#18229=CARTESIAN_POINT('',(0.114736171785957,-0.002,0.1220151834941));
#18230=CARTESIAN_POINT('',(0.114236171785957,-0.002,0.1220151834941));
#18231=CARTESIAN_POINT('',(0.114236171785957,-0.002,0.1220151834941));
#18232=CARTESIAN_POINT('',(0.114236171785957,-0.002,0.1225151834941));
#18233=CARTESIAN_POINT('',(0.114236171785957,-0.002,0.1225151834941));
#18234=CARTESIAN_POINT('',(0.107736171785957,-0.002,0.1225151834941));
#18235=CARTESIAN_POINT('',(0.107736171785957,-0.002,0.1225151834941));
#18236=CARTESIAN_POINT('',(0.101236171785957,-0.002,0.1225151834941));
#18237=CARTESIAN_POINT('',(0.101236171785957,-0.002,0.1225151834941));
#18238=CARTESIAN_POINT('',(0.101236171785957,-0.002,0.1220151834941));
#18239=CARTESIAN_POINT('',(0.101236171785957,-0.002,0.1220151834941));
#18240=CARTESIAN_POINT('',(0.100736171785957,-0.002,0.1220151834941));
#18241=CARTESIAN_POINT('',(0.100736171785957,-0.002,0.1220151834941));
#18242=CARTESIAN_POINT('',(0.139336171785957,-0.002,0.0994901834940999));
#18243=CARTESIAN_POINT('',(0.138836171785957,-0.002,0.0994901834940999));
#18244=CARTESIAN_POINT('',(0.138836171785957,-0.002,0.0994901834940999));
#18245=CARTESIAN_POINT('',(0.139336171785957,-0.002,0.0994901834940999));
#18246=CARTESIAN_POINT('',(0.139336171785957,-0.002,0.0989901834940999));
#18247=CARTESIAN_POINT('',(0.139336171785957,-0.002,0.0989901834940999));
#18248=CARTESIAN_POINT('',(0.145836171785957,-0.002,0.0989901834940999));
#18249=CARTESIAN_POINT('',(0.145836171785957,-0.002,0.0989901834940999));
#18250=CARTESIAN_POINT('',(0.152336171785957,-0.002,0.0989901834940999));
#18251=CARTESIAN_POINT('',(0.152336171785957,-0.002,0.0989901834940999));
#18252=CARTESIAN_POINT('',(0.152336171785957,-0.002,0.0994901834940999));
#18253=CARTESIAN_POINT('',(0.152336171785957,-0.002,0.0994901834940999));
#18254=CARTESIAN_POINT('',(0.152836171785957,-0.002,0.0994901834940999));
#18255=CARTESIAN_POINT('',(0.152836171785957,-0.002,0.0994901834940999));
#18256=CARTESIAN_POINT('',(0.152836171785957,-0.002,0.1059901834941));
#18257=CARTESIAN_POINT('',(0.152836171785957,-0.002,0.1059901834941));
#18258=CARTESIAN_POINT('',(0.152836171785957,-0.002,0.1124901834941));
#18259=CARTESIAN_POINT('',(0.152836171785957,-0.002,0.1124901834941));
#18260=CARTESIAN_POINT('',(0.152336171785957,-0.002,0.1124901834941));
#18261=CARTESIAN_POINT('',(0.152336171785957,-0.002,0.1124901834941));
#18262=CARTESIAN_POINT('',(0.152336171785957,-0.002,0.1129901834941));
#18263=CARTESIAN_POINT('',(0.152336171785957,-0.002,0.1129901834941));
#18264=CARTESIAN_POINT('',(0.145836171785957,-0.002,0.1129901834941));
#18265=CARTESIAN_POINT('',(0.145836171785957,-0.002,0.1129901834941));
#18266=CARTESIAN_POINT('',(0.139336171785957,-0.002,0.1129901834941));
#18267=CARTESIAN_POINT('',(0.139336171785957,-0.002,0.1129901834941));
#18268=CARTESIAN_POINT('',(0.139336171785957,-0.002,0.1124901834941));
#18269=CARTESIAN_POINT('',(0.139336171785957,-0.002,0.1124901834941));
#18270=CARTESIAN_POINT('',(0.138836171785957,-0.002,0.1124901834941));
#18271=CARTESIAN_POINT('',(0.138836171785957,-0.002,0.1124901834941));
#18272=CARTESIAN_POINT('',(0.120286171785957,-0.002,0.0994901834940999));
#18273=CARTESIAN_POINT('',(0.119786171785957,-0.002,0.0994901834940999));
#18274=CARTESIAN_POINT('',(0.119786171785957,-0.002,0.0994901834940999));
#18275=CARTESIAN_POINT('',(0.120286171785957,-0.002,0.0994901834940999));
#18276=CARTESIAN_POINT('',(0.120286171785957,-0.002,0.0989901834940999));
#18277=CARTESIAN_POINT('',(0.120286171785957,-0.002,0.0989901834940999));
#18278=CARTESIAN_POINT('',(0.126786171785957,-0.002,0.0989901834940999));
#18279=CARTESIAN_POINT('',(0.126786171785957,-0.002,0.0989901834940999));
#18280=CARTESIAN_POINT('',(0.133286171785957,-0.002,0.0989901834940999));
#18281=CARTESIAN_POINT('',(0.133286171785957,-0.002,0.0989901834940999));
#18282=CARTESIAN_POINT('',(0.133286171785957,-0.002,0.0994901834940999));
#18283=CARTESIAN_POINT('',(0.133286171785957,-0.002,0.0994901834940999));
#18284=CARTESIAN_POINT('',(0.133786171785957,-0.002,0.0994901834940999));
#18285=CARTESIAN_POINT('',(0.133786171785957,-0.002,0.0994901834940999));
#18286=CARTESIAN_POINT('',(0.133786171785957,-0.002,0.1059901834941));
#18287=CARTESIAN_POINT('',(0.133786171785957,-0.002,0.1059901834941));
#18288=CARTESIAN_POINT('',(0.133786171785957,-0.002,0.1124901834941));
#18289=CARTESIAN_POINT('',(0.133786171785957,-0.002,0.1124901834941));
#18290=CARTESIAN_POINT('',(0.133286171785957,-0.002,0.1124901834941));
#18291=CARTESIAN_POINT('',(0.133286171785957,-0.002,0.1124901834941));
#18292=CARTESIAN_POINT('',(0.133286171785957,-0.002,0.1129901834941));
#18293=CARTESIAN_POINT('',(0.133286171785957,-0.002,0.1129901834941));
#18294=CARTESIAN_POINT('',(0.126786171785957,-0.002,0.1129901834941));
#18295=CARTESIAN_POINT('',(0.126786171785957,-0.002,0.1129901834941));
#18296=CARTESIAN_POINT('',(0.120286171785957,-0.002,0.1129901834941));
#18297=CARTESIAN_POINT('',(0.120286171785957,-0.002,0.1129901834941));
#18298=CARTESIAN_POINT('',(0.120286171785957,-0.002,0.1124901834941));
#18299=CARTESIAN_POINT('',(0.120286171785957,-0.002,0.1124901834941));
#18300=CARTESIAN_POINT('',(0.119786171785957,-0.002,0.1124901834941));
#18301=CARTESIAN_POINT('',(0.119786171785957,-0.002,0.1124901834941));
#18302=CARTESIAN_POINT('',(0.177436171785957,-0.002,0.0899651834940999));
#18303=CARTESIAN_POINT('',(0.176936171785957,-0.002,0.0899651834940999));
#18304=CARTESIAN_POINT('',(0.176936171785957,-0.002,0.0899651834940999));
#18305=CARTESIAN_POINT('',(0.177436171785957,-0.002,0.0899651834940999));
#18306=CARTESIAN_POINT('',(0.177436171785957,-0.002,0.0894651834940999));
#18307=CARTESIAN_POINT('',(0.177436171785957,-0.002,0.0894651834940999));
#18308=CARTESIAN_POINT('',(0.183936171785957,-0.002,0.0894651834940999));
#18309=CARTESIAN_POINT('',(0.183936171785957,-0.002,0.0894651834940999));
#18310=CARTESIAN_POINT('',(0.190436171785957,-0.002,0.0894651834940999));
#18311=CARTESIAN_POINT('',(0.190436171785957,-0.002,0.0894651834940999));
#18312=CARTESIAN_POINT('',(0.190436171785957,-0.002,0.0899651834940999));
#18313=CARTESIAN_POINT('',(0.190436171785957,-0.002,0.0899651834940999));
#18314=CARTESIAN_POINT('',(0.190936171785957,-0.002,0.0899651834940999));
#18315=CARTESIAN_POINT('',(0.190936171785957,-0.002,0.0899651834940999));
#18316=CARTESIAN_POINT('',(0.190936171785957,-0.002,0.0964651834940999));
#18317=CARTESIAN_POINT('',(0.190936171785957,-0.002,0.0964651834940999));
#18318=CARTESIAN_POINT('',(0.190936171785957,-0.002,0.1029651834941));
#18319=CARTESIAN_POINT('',(0.190936171785957,-0.002,0.1029651834941));
#18320=CARTESIAN_POINT('',(0.190436171785957,-0.002,0.1029651834941));
#18321=CARTESIAN_POINT('',(0.190436171785957,-0.002,0.1029651834941));
#18322=CARTESIAN_POINT('',(0.190436171785957,-0.002,0.1034651834941));
#18323=CARTESIAN_POINT('',(0.190436171785957,-0.002,0.1034651834941));
#18324=CARTESIAN_POINT('',(0.183936171785957,-0.002,0.1034651834941));
#18325=CARTESIAN_POINT('',(0.183936171785957,-0.002,0.1034651834941));
#18326=CARTESIAN_POINT('',(0.177436171785957,-0.002,0.1034651834941));
#18327=CARTESIAN_POINT('',(0.177436171785957,-0.002,0.1034651834941));
#18328=CARTESIAN_POINT('',(0.177436171785957,-0.002,0.1029651834941));
#18329=CARTESIAN_POINT('',(0.177436171785957,-0.002,0.1029651834941));
#18330=CARTESIAN_POINT('',(0.176936171785957,-0.002,0.1029651834941));
#18331=CARTESIAN_POINT('',(0.176936171785957,-0.002,0.1029651834941));
#18332=CARTESIAN_POINT('',(0.158386171785957,-0.002,0.0899651834940999));
#18333=CARTESIAN_POINT('',(0.157886171785957,-0.002,0.0899651834940999));
#18334=CARTESIAN_POINT('',(0.157886171785957,-0.002,0.0899651834940999));
#18335=CARTESIAN_POINT('',(0.158386171785957,-0.002,0.0899651834940999));
#18336=CARTESIAN_POINT('',(0.158386171785957,-0.002,0.0894651834940999));
#18337=CARTESIAN_POINT('',(0.158386171785957,-0.002,0.0894651834940999));
#18338=CARTESIAN_POINT('',(0.164886171785957,-0.002,0.0894651834940999));
#18339=CARTESIAN_POINT('',(0.164886171785957,-0.002,0.0894651834940999));
#18340=CARTESIAN_POINT('',(0.171386171785957,-0.002,0.0894651834940999));
#18341=CARTESIAN_POINT('',(0.171386171785957,-0.002,0.0894651834940999));
#18342=CARTESIAN_POINT('',(0.171386171785957,-0.002,0.0899651834940999));
#18343=CARTESIAN_POINT('',(0.171386171785957,-0.002,0.0899651834940999));
#18344=CARTESIAN_POINT('',(0.171886171785957,-0.002,0.0899651834940999));
#18345=CARTESIAN_POINT('',(0.171886171785957,-0.002,0.0899651834940999));
#18346=CARTESIAN_POINT('',(0.171886171785957,-0.002,0.0964651834940999));
#18347=CARTESIAN_POINT('',(0.171886171785957,-0.002,0.0964651834940999));
#18348=CARTESIAN_POINT('',(0.171886171785957,-0.002,0.1029651834941));
#18349=CARTESIAN_POINT('',(0.171886171785957,-0.002,0.1029651834941));
#18350=CARTESIAN_POINT('',(0.171386171785957,-0.002,0.1029651834941));
#18351=CARTESIAN_POINT('',(0.171386171785957,-0.002,0.1029651834941));
#18352=CARTESIAN_POINT('',(0.171386171785957,-0.002,0.1034651834941));
#18353=CARTESIAN_POINT('',(0.171386171785957,-0.002,0.1034651834941));
#18354=CARTESIAN_POINT('',(0.164886171785957,-0.002,0.1034651834941));
#18355=CARTESIAN_POINT('',(0.164886171785957,-0.002,0.1034651834941));
#18356=CARTESIAN_POINT('',(0.158386171785957,-0.002,0.1034651834941));
#18357=CARTESIAN_POINT('',(0.158386171785957,-0.002,0.1034651834941));
#18358=CARTESIAN_POINT('',(0.158386171785957,-0.002,0.1029651834941));
#18359=CARTESIAN_POINT('',(0.158386171785957,-0.002,0.1029651834941));
#18360=CARTESIAN_POINT('',(0.157886171785957,-0.002,0.1029651834941));
#18361=CARTESIAN_POINT('',(0.157886171785957,-0.002,0.1029651834941));
#18362=CARTESIAN_POINT('',(0.101236171785957,-0.002,0.0899651834940999));
#18363=CARTESIAN_POINT('',(0.100736171785957,-0.002,0.0899651834940999));
#18364=CARTESIAN_POINT('',(0.100736171785957,-0.002,0.0899651834940999));
#18365=CARTESIAN_POINT('',(0.101236171785957,-0.002,0.0899651834940999));
#18366=CARTESIAN_POINT('',(0.101236171785957,-0.002,0.0894651834940999));
#18367=CARTESIAN_POINT('',(0.101236171785957,-0.002,0.0894651834940999));
#18368=CARTESIAN_POINT('',(0.107736171785957,-0.002,0.0894651834940999));
#18369=CARTESIAN_POINT('',(0.107736171785957,-0.002,0.0894651834940999));
#18370=CARTESIAN_POINT('',(0.114236171785957,-0.002,0.0894651834940999));
#18371=CARTESIAN_POINT('',(0.114236171785957,-0.002,0.0894651834940999));
#18372=CARTESIAN_POINT('',(0.114236171785957,-0.002,0.0899651834940999));
#18373=CARTESIAN_POINT('',(0.114236171785957,-0.002,0.0899651834940999));
#18374=CARTESIAN_POINT('',(0.114736171785957,-0.002,0.0899651834940999));
#18375=CARTESIAN_POINT('',(0.114736171785957,-0.002,0.0899651834940999));
#18376=CARTESIAN_POINT('',(0.114736171785957,-0.002,0.0964651834940999));
#18377=CARTESIAN_POINT('',(0.114736171785957,-0.002,0.0964651834940999));
#18378=CARTESIAN_POINT('',(0.114736171785957,-0.002,0.1029651834941));
#18379=CARTESIAN_POINT('',(0.114736171785957,-0.002,0.1029651834941));
#18380=CARTESIAN_POINT('',(0.114236171785957,-0.002,0.1029651834941));
#18381=CARTESIAN_POINT('',(0.114236171785957,-0.002,0.1029651834941));
#18382=CARTESIAN_POINT('',(0.114236171785957,-0.002,0.1034651834941));
#18383=CARTESIAN_POINT('',(0.114236171785957,-0.002,0.1034651834941));
#18384=CARTESIAN_POINT('',(0.107736171785957,-0.002,0.1034651834941));
#18385=CARTESIAN_POINT('',(0.107736171785957,-0.002,0.1034651834941));
#18386=CARTESIAN_POINT('',(0.101236171785957,-0.002,0.1034651834941));
#18387=CARTESIAN_POINT('',(0.101236171785957,-0.002,0.1034651834941));
#18388=CARTESIAN_POINT('',(0.101236171785957,-0.002,0.1029651834941));
#18389=CARTESIAN_POINT('',(0.101236171785957,-0.002,0.1029651834941));
#18390=CARTESIAN_POINT('',(0.100736171785957,-0.002,0.1029651834941));
#18391=CARTESIAN_POINT('',(0.100736171785957,-0.002,0.1029651834941));
#18392=CARTESIAN_POINT('',(0.139336171785957,-0.002,0.0804401834940999));
#18393=CARTESIAN_POINT('',(0.138836171785957,-0.002,0.0804401834940999));
#18394=CARTESIAN_POINT('',(0.138836171785957,-0.002,0.0804401834940999));
#18395=CARTESIAN_POINT('',(0.139336171785957,-0.002,0.0804401834940999));
#18396=CARTESIAN_POINT('',(0.139336171785957,-0.002,0.0799401834940999));
#18397=CARTESIAN_POINT('',(0.139336171785957,-0.002,0.0799401834940999));
#18398=CARTESIAN_POINT('',(0.145836171785957,-0.002,0.0799401834940999));
#18399=CARTESIAN_POINT('',(0.145836171785957,-0.002,0.0799401834940999));
#18400=CARTESIAN_POINT('',(0.152336171785957,-0.002,0.0799401834940999));
#18401=CARTESIAN_POINT('',(0.152336171785957,-0.002,0.0799401834940999));
#18402=CARTESIAN_POINT('',(0.152336171785957,-0.002,0.0804401834940999));
#18403=CARTESIAN_POINT('',(0.152336171785957,-0.002,0.0804401834940999));
#18404=CARTESIAN_POINT('',(0.152836171785957,-0.002,0.0804401834940999));
#18405=CARTESIAN_POINT('',(0.152836171785957,-0.002,0.0804401834940999));
#18406=CARTESIAN_POINT('',(0.152836171785957,-0.002,0.0869401834940999));
#18407=CARTESIAN_POINT('',(0.152836171785957,-0.002,0.0869401834940999));
#18408=CARTESIAN_POINT('',(0.152836171785957,-0.002,0.0934401834940999));
#18409=CARTESIAN_POINT('',(0.152836171785957,-0.002,0.0934401834940999));
#18410=CARTESIAN_POINT('',(0.152336171785957,-0.002,0.0934401834940999));
#18411=CARTESIAN_POINT('',(0.152336171785957,-0.002,0.0934401834940999));
#18412=CARTESIAN_POINT('',(0.152336171785957,-0.002,0.0939401834940999));
#18413=CARTESIAN_POINT('',(0.152336171785957,-0.002,0.0939401834940999));
#18414=CARTESIAN_POINT('',(0.145836171785957,-0.002,0.0939401834940999));
#18415=CARTESIAN_POINT('',(0.145836171785957,-0.002,0.0939401834940999));
#18416=CARTESIAN_POINT('',(0.139336171785957,-0.002,0.0939401834940999));
#18417=CARTESIAN_POINT('',(0.139336171785957,-0.002,0.0939401834940999));
#18418=CARTESIAN_POINT('',(0.139336171785957,-0.002,0.0934401834940999));
#18419=CARTESIAN_POINT('',(0.139336171785957,-0.002,0.0934401834940999));
#18420=CARTESIAN_POINT('',(0.138836171785957,-0.002,0.0934401834940999));
#18421=CARTESIAN_POINT('',(0.138836171785957,-0.002,0.0934401834940999));
#18422=CARTESIAN_POINT('',(0.120286171785957,-0.002,0.0804401834940999));
#18423=CARTESIAN_POINT('',(0.119786171785957,-0.002,0.0804401834940999));
#18424=CARTESIAN_POINT('',(0.119786171785957,-0.002,0.0804401834940999));
#18425=CARTESIAN_POINT('',(0.120286171785957,-0.002,0.0804401834940999));
#18426=CARTESIAN_POINT('',(0.120286171785957,-0.002,0.0799401834940999));
#18427=CARTESIAN_POINT('',(0.120286171785957,-0.002,0.0799401834940999));
#18428=CARTESIAN_POINT('',(0.126786171785957,-0.002,0.0799401834940999));
#18429=CARTESIAN_POINT('',(0.126786171785957,-0.002,0.0799401834940999));
#18430=CARTESIAN_POINT('',(0.133286171785957,-0.002,0.0799401834940999));
#18431=CARTESIAN_POINT('',(0.133286171785957,-0.002,0.0799401834940999));
#18432=CARTESIAN_POINT('',(0.133286171785957,-0.002,0.0804401834940999));
#18433=CARTESIAN_POINT('',(0.133286171785957,-0.002,0.0804401834940999));
#18434=CARTESIAN_POINT('',(0.133786171785957,-0.002,0.0804401834940999));
#18435=CARTESIAN_POINT('',(0.133786171785957,-0.002,0.0804401834940999));
#18436=CARTESIAN_POINT('',(0.133786171785957,-0.002,0.0869401834940999));
#18437=CARTESIAN_POINT('',(0.133786171785957,-0.002,0.0869401834940999));
#18438=CARTESIAN_POINT('',(0.133786171785957,-0.002,0.0934401834940999));
#18439=CARTESIAN_POINT('',(0.133786171785957,-0.002,0.0934401834940999));
#18440=CARTESIAN_POINT('',(0.133286171785957,-0.002,0.0934401834940999));
#18441=CARTESIAN_POINT('',(0.133286171785957,-0.002,0.0934401834940999));
#18442=CARTESIAN_POINT('',(0.133286171785957,-0.002,0.0939401834940999));
#18443=CARTESIAN_POINT('',(0.133286171785957,-0.002,0.0939401834940999));
#18444=CARTESIAN_POINT('',(0.126786171785957,-0.002,0.0939401834940999));
#18445=CARTESIAN_POINT('',(0.126786171785957,-0.002,0.0939401834940999));
#18446=CARTESIAN_POINT('',(0.120286171785957,-0.002,0.0939401834940999));
#18447=CARTESIAN_POINT('',(0.120286171785957,-0.002,0.0939401834940999));
#18448=CARTESIAN_POINT('',(0.120286171785957,-0.002,0.0934401834940999));
#18449=CARTESIAN_POINT('',(0.120286171785957,-0.002,0.0934401834940999));
#18450=CARTESIAN_POINT('',(0.119786171785957,-0.002,0.0934401834940999));
#18451=CARTESIAN_POINT('',(0.119786171785957,-0.002,0.0934401834940999));
#18452=CARTESIAN_POINT('',(0.177436171785957,-0.002,0.0709151834940999));
#18453=CARTESIAN_POINT('',(0.176936171785957,-0.002,0.0709151834940999));
#18454=CARTESIAN_POINT('',(0.176936171785957,-0.002,0.0709151834940999));
#18455=CARTESIAN_POINT('',(0.177436171785957,-0.002,0.0709151834940999));
#18456=CARTESIAN_POINT('',(0.177436171785957,-0.002,0.0704151834940999));
#18457=CARTESIAN_POINT('',(0.177436171785957,-0.002,0.0704151834940999));
#18458=CARTESIAN_POINT('',(0.183936171785957,-0.002,0.0704151834940999));
#18459=CARTESIAN_POINT('',(0.183936171785957,-0.002,0.0704151834940999));
#18460=CARTESIAN_POINT('',(0.190436171785957,-0.002,0.0704151834940999));
#18461=CARTESIAN_POINT('',(0.190436171785957,-0.002,0.0704151834940999));
#18462=CARTESIAN_POINT('',(0.190436171785957,-0.002,0.0709151834940999));
#18463=CARTESIAN_POINT('',(0.190436171785957,-0.002,0.0709151834940999));
#18464=CARTESIAN_POINT('',(0.190936171785957,-0.002,0.0709151834940999));
#18465=CARTESIAN_POINT('',(0.190936171785957,-0.002,0.0709151834940999));
#18466=CARTESIAN_POINT('',(0.190936171785957,-0.002,0.0774151834940999));
#18467=CARTESIAN_POINT('',(0.190936171785957,-0.002,0.0774151834940999));
#18468=CARTESIAN_POINT('',(0.190936171785957,-0.002,0.0839151834940999));
#18469=CARTESIAN_POINT('',(0.190936171785957,-0.002,0.0839151834940999));
#18470=CARTESIAN_POINT('',(0.190436171785957,-0.002,0.0839151834940999));
#18471=CARTESIAN_POINT('',(0.190436171785957,-0.002,0.0839151834940999));
#18472=CARTESIAN_POINT('',(0.190436171785957,-0.002,0.0844151834940999));
#18473=CARTESIAN_POINT('',(0.190436171785957,-0.002,0.0844151834940999));
#18474=CARTESIAN_POINT('',(0.183936171785957,-0.002,0.0844151834940999));
#18475=CARTESIAN_POINT('',(0.183936171785957,-0.002,0.0844151834940999));
#18476=CARTESIAN_POINT('',(0.177436171785957,-0.002,0.0844151834940999));
#18477=CARTESIAN_POINT('',(0.177436171785957,-0.002,0.0844151834940999));
#18478=CARTESIAN_POINT('',(0.177436171785957,-0.002,0.0839151834940999));
#18479=CARTESIAN_POINT('',(0.177436171785957,-0.002,0.0839151834940999));
#18480=CARTESIAN_POINT('',(0.176936171785957,-0.002,0.0839151834940999));
#18481=CARTESIAN_POINT('',(0.176936171785957,-0.002,0.0839151834940999));
#18482=CARTESIAN_POINT('',(0.158386171785957,-0.002,0.0709151834940999));
#18483=CARTESIAN_POINT('',(0.157886171785957,-0.002,0.0709151834940999));
#18484=CARTESIAN_POINT('',(0.157886171785957,-0.002,0.0709151834940999));
#18485=CARTESIAN_POINT('',(0.158386171785957,-0.002,0.0709151834940999));
#18486=CARTESIAN_POINT('',(0.158386171785957,-0.002,0.0704151834940999));
#18487=CARTESIAN_POINT('',(0.158386171785957,-0.002,0.0704151834940999));
#18488=CARTESIAN_POINT('',(0.164886171785957,-0.002,0.0704151834940999));
#18489=CARTESIAN_POINT('',(0.164886171785957,-0.002,0.0704151834940999));
#18490=CARTESIAN_POINT('',(0.171386171785957,-0.002,0.0704151834940999));
#18491=CARTESIAN_POINT('',(0.171386171785957,-0.002,0.0704151834940999));
#18492=CARTESIAN_POINT('',(0.171386171785957,-0.002,0.0709151834940999));
#18493=CARTESIAN_POINT('',(0.171386171785957,-0.002,0.0709151834940999));
#18494=CARTESIAN_POINT('',(0.171886171785957,-0.002,0.0709151834940999));
#18495=CARTESIAN_POINT('',(0.171886171785957,-0.002,0.0709151834940999));
#18496=CARTESIAN_POINT('',(0.171886171785957,-0.002,0.0774151834940999));
#18497=CARTESIAN_POINT('',(0.171886171785957,-0.002,0.0774151834940999));
#18498=CARTESIAN_POINT('',(0.171886171785957,-0.002,0.0839151834940999));
#18499=CARTESIAN_POINT('',(0.171886171785957,-0.002,0.0839151834940999));
#18500=CARTESIAN_POINT('',(0.171386171785957,-0.002,0.0839151834940999));
#18501=CARTESIAN_POINT('',(0.171386171785957,-0.002,0.0839151834940999));
#18502=CARTESIAN_POINT('',(0.171386171785957,-0.002,0.0844151834940999));
#18503=CARTESIAN_POINT('',(0.171386171785957,-0.002,0.0844151834940999));
#18504=CARTESIAN_POINT('',(0.164886171785957,-0.002,0.0844151834940999));
#18505=CARTESIAN_POINT('',(0.164886171785957,-0.002,0.0844151834940999));
#18506=CARTESIAN_POINT('',(0.158386171785957,-0.002,0.0844151834940999));
#18507=CARTESIAN_POINT('',(0.158386171785957,-0.002,0.0844151834940999));
#18508=CARTESIAN_POINT('',(0.158386171785957,-0.002,0.0839151834940999));
#18509=CARTESIAN_POINT('',(0.158386171785957,-0.002,0.0839151834940999));
#18510=CARTESIAN_POINT('',(0.157886171785957,-0.002,0.0839151834940999));
#18511=CARTESIAN_POINT('',(0.157886171785957,-0.002,0.0839151834940999));
#18512=CARTESIAN_POINT('',(0.101236171785957,-0.002,0.0709151834940999));
#18513=CARTESIAN_POINT('',(0.100736171785957,-0.002,0.0709151834940999));
#18514=CARTESIAN_POINT('',(0.100736171785957,-0.002,0.0709151834940999));
#18515=CARTESIAN_POINT('',(0.101236171785957,-0.002,0.0709151834940999));
#18516=CARTESIAN_POINT('',(0.101236171785957,-0.002,0.0704151834940999));
#18517=CARTESIAN_POINT('',(0.101236171785957,-0.002,0.0704151834940999));
#18518=CARTESIAN_POINT('',(0.107736171785957,-0.002,0.0704151834940999));
#18519=CARTESIAN_POINT('',(0.107736171785957,-0.002,0.0704151834940999));
#18520=CARTESIAN_POINT('',(0.114236171785957,-0.002,0.0704151834940999));
#18521=CARTESIAN_POINT('',(0.114236171785957,-0.002,0.0704151834940999));
#18522=CARTESIAN_POINT('',(0.114236171785957,-0.002,0.0709151834940999));
#18523=CARTESIAN_POINT('',(0.114236171785957,-0.002,0.0709151834940999));
#18524=CARTESIAN_POINT('',(0.114736171785957,-0.002,0.0709151834940999));
#18525=CARTESIAN_POINT('',(0.114736171785957,-0.002,0.0709151834940999));
#18526=CARTESIAN_POINT('',(0.114736171785957,-0.002,0.0774151834940999));
#18527=CARTESIAN_POINT('',(0.114736171785957,-0.002,0.0774151834940999));
#18528=CARTESIAN_POINT('',(0.114736171785957,-0.002,0.0839151834940999));
#18529=CARTESIAN_POINT('',(0.114736171785957,-0.002,0.0839151834940999));
#18530=CARTESIAN_POINT('',(0.114236171785957,-0.002,0.0839151834940999));
#18531=CARTESIAN_POINT('',(0.114236171785957,-0.002,0.0839151834940999));
#18532=CARTESIAN_POINT('',(0.114236171785957,-0.002,0.0844151834940999));
#18533=CARTESIAN_POINT('',(0.114236171785957,-0.002,0.0844151834940999));
#18534=CARTESIAN_POINT('',(0.107736171785957,-0.002,0.0844151834940999));
#18535=CARTESIAN_POINT('',(0.107736171785957,-0.002,0.0844151834940999));
#18536=CARTESIAN_POINT('',(0.101236171785957,-0.002,0.0844151834940999));
#18537=CARTESIAN_POINT('',(0.101236171785957,-0.002,0.0844151834940999));
#18538=CARTESIAN_POINT('',(0.101236171785957,-0.002,0.0839151834940999));
#18539=CARTESIAN_POINT('',(0.101236171785957,-0.002,0.0839151834940999));
#18540=CARTESIAN_POINT('',(0.100736171785957,-0.002,0.0839151834940999));
#18541=CARTESIAN_POINT('',(0.100736171785957,-0.002,0.0839151834940999));
#18542=CARTESIAN_POINT('',(0.139336171785957,-0.002,0.0613901834940999));
#18543=CARTESIAN_POINT('',(0.138836171785957,-0.002,0.0613901834940999));
#18544=CARTESIAN_POINT('',(0.138836171785957,-0.002,0.0613901834940999));
#18545=CARTESIAN_POINT('',(0.139336171785957,-0.002,0.0613901834940999));
#18546=CARTESIAN_POINT('',(0.139336171785957,-0.002,0.0608901834940999));
#18547=CARTESIAN_POINT('',(0.139336171785957,-0.002,0.0608901834940999));
#18548=CARTESIAN_POINT('',(0.145836171785957,-0.002,0.0608901834940999));
#18549=CARTESIAN_POINT('',(0.145836171785957,-0.002,0.0608901834940999));
#18550=CARTESIAN_POINT('',(0.152336171785957,-0.002,0.0608901834940999));
#18551=CARTESIAN_POINT('',(0.152336171785957,-0.002,0.0608901834940999));
#18552=CARTESIAN_POINT('',(0.152336171785957,-0.002,0.0613901834940999));
#18553=CARTESIAN_POINT('',(0.152336171785957,-0.002,0.0613901834940999));
#18554=CARTESIAN_POINT('',(0.152836171785957,-0.002,0.0613901834940999));
#18555=CARTESIAN_POINT('',(0.152836171785957,-0.002,0.0613901834940999));
#18556=CARTESIAN_POINT('',(0.152836171785957,-0.002,0.0678901834940999));
#18557=CARTESIAN_POINT('',(0.152836171785957,-0.002,0.0678901834940999));
#18558=CARTESIAN_POINT('',(0.152836171785957,-0.002,0.0743901834940999));
#18559=CARTESIAN_POINT('',(0.152836171785957,-0.002,0.0743901834940999));
#18560=CARTESIAN_POINT('',(0.152336171785957,-0.002,0.0743901834940999));
#18561=CARTESIAN_POINT('',(0.152336171785957,-0.002,0.0743901834940999));
#18562=CARTESIAN_POINT('',(0.152336171785957,-0.002,0.0748901834940999));
#18563=CARTESIAN_POINT('',(0.152336171785957,-0.002,0.0748901834940999));
#18564=CARTESIAN_POINT('',(0.145836171785957,-0.002,0.0748901834940999));
#18565=CARTESIAN_POINT('',(0.145836171785957,-0.002,0.0748901834940999));
#18566=CARTESIAN_POINT('',(0.139336171785957,-0.002,0.0748901834940999));
#18567=CARTESIAN_POINT('',(0.139336171785957,-0.002,0.0748901834940999));
#18568=CARTESIAN_POINT('',(0.139336171785957,-0.002,0.0743901834940999));
#18569=CARTESIAN_POINT('',(0.139336171785957,-0.002,0.0743901834940999));
#18570=CARTESIAN_POINT('',(0.138836171785957,-0.002,0.0743901834940999));
#18571=CARTESIAN_POINT('',(0.138836171785957,-0.002,0.0743901834940999));
#18572=CARTESIAN_POINT('',(0.120286171785957,-0.002,0.0613901834940999));
#18573=CARTESIAN_POINT('',(0.119786171785957,-0.002,0.0613901834940999));
#18574=CARTESIAN_POINT('',(0.119786171785957,-0.002,0.0613901834940999));
#18575=CARTESIAN_POINT('',(0.120286171785957,-0.002,0.0613901834940999));
#18576=CARTESIAN_POINT('',(0.120286171785957,-0.002,0.0608901834940999));
#18577=CARTESIAN_POINT('',(0.120286171785957,-0.002,0.0608901834940999));
#18578=CARTESIAN_POINT('',(0.126786171785957,-0.002,0.0608901834940999));
#18579=CARTESIAN_POINT('',(0.126786171785957,-0.002,0.0608901834940999));
#18580=CARTESIAN_POINT('',(0.133286171785957,-0.002,0.0608901834940999));
#18581=CARTESIAN_POINT('',(0.133286171785957,-0.002,0.0608901834940999));
#18582=CARTESIAN_POINT('',(0.133286171785957,-0.002,0.0613901834940999));
#18583=CARTESIAN_POINT('',(0.133286171785957,-0.002,0.0613901834940999));
#18584=CARTESIAN_POINT('',(0.133786171785957,-0.002,0.0613901834940999));
#18585=CARTESIAN_POINT('',(0.133786171785957,-0.002,0.0613901834940999));
#18586=CARTESIAN_POINT('',(0.133786171785957,-0.002,0.0678901834940999));
#18587=CARTESIAN_POINT('',(0.133786171785957,-0.002,0.0678901834940999));
#18588=CARTESIAN_POINT('',(0.133786171785957,-0.002,0.0743901834940999));
#18589=CARTESIAN_POINT('',(0.133786171785957,-0.002,0.0743901834940999));
#18590=CARTESIAN_POINT('',(0.133286171785957,-0.002,0.0743901834940999));
#18591=CARTESIAN_POINT('',(0.133286171785957,-0.002,0.0743901834940999));
#18592=CARTESIAN_POINT('',(0.133286171785957,-0.002,0.0748901834940999));
#18593=CARTESIAN_POINT('',(0.133286171785957,-0.002,0.0748901834940999));
#18594=CARTESIAN_POINT('',(0.126786171785957,-0.002,0.0748901834940999));
#18595=CARTESIAN_POINT('',(0.126786171785957,-0.002,0.0748901834940999));
#18596=CARTESIAN_POINT('',(0.120286171785957,-0.002,0.0748901834940999));
#18597=CARTESIAN_POINT('',(0.120286171785957,-0.002,0.0748901834940999));
#18598=CARTESIAN_POINT('',(0.120286171785957,-0.002,0.0743901834940999));
#18599=CARTESIAN_POINT('',(0.120286171785957,-0.002,0.0743901834940999));
#18600=CARTESIAN_POINT('',(0.119786171785957,-0.002,0.0743901834940999));
#18601=CARTESIAN_POINT('',(0.119786171785957,-0.002,0.0743901834940999));
#18602=CARTESIAN_POINT('',(0.157886171785957,-0.002,0.1345651834941));
#18603=CARTESIAN_POINT('',(0.157886171785957,-0.002,0.1345651834941));
#18604=CARTESIAN_POINT('',(0.176914900541305,-0.002,0.115515191894694));
#18605=CARTESIAN_POINT('',(0.176914900541305,-0.002,0.115515191894694));
#18606=CARTESIAN_POINT('',(0.157886171785957,-0.002,0.1155151834941));
#18607=CARTESIAN_POINT('',(0.157886171785957,-0.002,0.1155151834941));
#18608=CARTESIAN_POINT('',(0.100736171785957,-0.002,0.1155151834941));
#18609=CARTESIAN_POINT('',(0.100736171785957,-0.002,0.1155151834941));
#18610=CARTESIAN_POINT('',(0.138836171785957,-0.002,0.1059901834941));
#18611=CARTESIAN_POINT('',(0.138836171785957,-0.002,0.1059901834941));
#18612=CARTESIAN_POINT('',(0.119786171785957,-0.002,0.1059901834941));
#18613=CARTESIAN_POINT('',(0.119786171785957,-0.002,0.1059901834941));
#18614=CARTESIAN_POINT('',(0.176936171785957,-0.002,0.0964651834940999));
#18615=CARTESIAN_POINT('',(0.176936171785957,-0.002,0.0964651834940999));
#18616=CARTESIAN_POINT('',(0.157886171785957,-0.002,0.0964651834940999));
#18617=CARTESIAN_POINT('',(0.157886171785957,-0.002,0.0964651834940999));
#18618=CARTESIAN_POINT('',(0.100736171785957,-0.002,0.0964651834940999));
#18619=CARTESIAN_POINT('',(0.100736171785957,-0.002,0.0964651834940999));
#18620=CARTESIAN_POINT('',(0.138836171785957,-0.002,0.0869401834940999));
#18621=CARTESIAN_POINT('',(0.138836171785957,-0.002,0.0869401834940999));
#18622=CARTESIAN_POINT('',(0.119786171785957,-0.002,0.0869401834940999));
#18623=CARTESIAN_POINT('',(0.119786171785957,-0.002,0.0869401834940999));
#18624=CARTESIAN_POINT('',(0.176936171785957,-0.002,0.0774151834940999));
#18625=CARTESIAN_POINT('',(0.176936171785957,-0.002,0.0774151834940999));
#18626=CARTESIAN_POINT('',(0.157886171785957,-0.002,0.0774151834940999));
#18627=CARTESIAN_POINT('',(0.157886171785957,-0.002,0.0774151834940999));
#18628=CARTESIAN_POINT('',(0.100736171785957,-0.002,0.0774151834940999));
#18629=CARTESIAN_POINT('',(0.100736171785957,-0.002,0.0774151834940999));
#18630=CARTESIAN_POINT('',(0.138836171785957,-0.002,0.0678901834940999));
#18631=CARTESIAN_POINT('',(0.138836171785957,-0.002,0.0678901834940999));
#18632=CARTESIAN_POINT('',(0.119786171785957,-0.002,0.0678901834940999));
#18633=CARTESIAN_POINT('',(0.119786171785957,-0.002,0.0678901834940999));
#18634=CARTESIAN_POINT('',(0.182914900541305,-0.002,0.136795582539926));
#18635=CARTESIAN_POINT('',(0.182914900541305,-0.002,0.136795582539926));
#18636=CARTESIAN_POINT('',(0.145687620422054,-0.002,0.09511659575));
#18637=CARTESIAN_POINT('',(0.156675000053261,-0.002,0.0441430095));
#18638=CARTESIAN_POINT('',(0.134741924966071,-0.002,0.0421430095));
#18639=CARTESIAN_POINT('',(0.134741924966071,-0.00157235463141887,0.0421430095));
#18640=CARTESIAN_POINT('',(0.134744874648335,-0.000733350685654791,0.0424210325378241));
#18641=CARTESIAN_POINT('',(0.134753232187088,-0.000214795172759255,0.0431469268300783));
#18642=CARTESIAN_POINT('',(0.134758330305397,-8.95589478205058E-5,0.0435512198531258));
#18643=CARTESIAN_POINT('',(0.156675000053261,-0.002,0.0441430095));
#18644=CARTESIAN_POINT('',(0.17860807514045,-0.002,0.0421430095));
#18645=CARTESIAN_POINT('',(0.17860807514045,-0.00147173150391625,0.0421430095));
#18646=CARTESIAN_POINT('',(0.178603572747253,-0.000436528485063041,0.0425741460697782));
#18647=CARTESIAN_POINT('',(0.178590998574583,-9.82803398662663E-18,0.043622239864317));
#18648=CARTESIAN_POINT('',(0.178583904418652,0.,0.0441430095));
#18649=CARTESIAN_POINT('',(0.13485785259983,-0.002,0.04749677082329));
#18650=CARTESIAN_POINT('',(0.130867679472208,-0.002,0.0439253960271326));
#18651=CARTESIAN_POINT('',(0.130867679472208,-0.00147163440605786,0.0439253960271326));
#18652=CARTESIAN_POINT('',(0.131180795585105,-0.000436312742642269,0.0442222300607129));
#18653=CARTESIAN_POINT('',(0.131944622363638,8.64089748033764E-19,0.0449406915623805));
#18654=CARTESIAN_POINT('',(0.132325550377696,-1.89352776094308E-32,0.0452959573833179));
#18655=CARTESIAN_POINT('',(0.17849214749048,-0.002,0.0474967743647001));
#18656=CARTESIAN_POINT('',(0.18248340241701,-0.002,0.0439266032822489));
#18657=CARTESIAN_POINT('',(0.18248340241701,-0.00147163449719324,0.0439266032822489));
#18658=CARTESIAN_POINT('',(0.182170193769218,-0.000436312957697761,0.0442233392405155));
#18659=CARTESIAN_POINT('',(0.181406143720027,-6.19302598463001E-17,0.0449415628419993));
#18660=CARTESIAN_POINT('',(0.18102510580494,-1.51993058856768E-31,0.0452967106659015));
#18661=CARTESIAN_POINT('',(0.128919136478732,-0.002,0.0487019708489622));
#18662=CARTESIAN_POINT('',(0.124970658043111,-0.002,0.0526499851300874));
#18663=CARTESIAN_POINT('',(0.187835660619051,-0.002,0.0521108539291364));
#18664=CARTESIAN_POINT('',(0.196017090793894,-0.002,0.0574674224955368));
#18665=CARTESIAN_POINT('',(0.196017090793894,-0.00154422778787023,0.0574674224955368));
#18666=CARTESIAN_POINT('',(0.19579701178638,-0.000649264243713163,0.0576997190968114));
#18667=CARTESIAN_POINT('',(0.19524432998702,-0.000144664551360174,0.0582861492907748));
#18668=CARTESIAN_POINT('',(0.194940254221241,-4.67738834690242E-5,0.0586109061221941));
#18669=CARTESIAN_POINT('',(0.118096270946584,-0.002,0.0526497126523813));
#18670=CARTESIAN_POINT('',(0.112050288546618,-0.002,0.052649473009866));
#18671=CARTESIAN_POINT('',(0.192446224413497,-0.002,0.0614580506185741));
#18672=CARTESIAN_POINT('',(0.197800046951224,-0.002,0.0613449853385294));
#18673=CARTESIAN_POINT('',(0.197800046951224,-0.0014717319383897,0.0613449853385294));
#18674=CARTESIAN_POINT('',(0.197368909375153,-0.000436528835150095,0.0613493763829837));
#18675=CARTESIAN_POINT('',(0.196320819733482,0.,0.061361640482033));
#18676=CARTESIAN_POINT('',(0.195800046951224,0.,0.0613685591261103));
#18677=CARTESIAN_POINT('',(0.11205013,-0.002,0.0566494730067238));
#18678=CARTESIAN_POINT('',(0.10805013,-0.002,0.0566494730067238));
#18679=CARTESIAN_POINT('',(0.195800046951224,-0.002,0.101717584457965));
#18680=CARTESIAN_POINT('',(0.195800046951224,-0.002,0.1420901835774));
#18681=CARTESIAN_POINT('',(0.10805013,-0.002,0.0596241110033619));
#18682=CARTESIAN_POINT('',(0.10805013,-0.002,0.064598749));
#18683=CARTESIAN_POINT('',(0.19180004852863,-0.002,0.1420901835774));
#18684=CARTESIAN_POINT('',(0.19180004852863,-0.002,0.146090181999994));
#18685=CARTESIAN_POINT('',(0.102780650892978,-0.002,0.064598749));
#18686=CARTESIAN_POINT('',(0.0995111717859569,-0.002,0.062598749));
#18687=CARTESIAN_POINT('',(0.0995111717859569,-0.0014717320899478,0.062598749));
#18688=CARTESIAN_POINT('',(0.0995142786575405,-0.000436517003664946,0.063029921914374));
#18689=CARTESIAN_POINT('',(0.099522829180439,6.98167523593458E-36,0.0640779290389881));
#18690=CARTESIAN_POINT('',(0.0995275519743722,6.98167523593458E-36,0.064598749));
#18691=CARTESIAN_POINT('',(0.17289512601724,-0.002,0.146090182));
#18692=CARTESIAN_POINT('',(0.15399020350585,-0.002,0.146090182));
#18693=CARTESIAN_POINT('',(0.099600854570243,-0.002,0.06862374224455));
#18694=CARTESIAN_POINT('',(0.095575193892884,-0.002,0.06862374224455));
#18695=CARTESIAN_POINT('',(0.15399020350585,-0.002,0.1420901834941));
#18696=CARTESIAN_POINT('',(0.149990205,-0.002,0.1420901834941));
#18697=CARTESIAN_POINT('',(0.095575194,-0.002,0.096229764869325));
#18698=CARTESIAN_POINT('',(0.095575194,-0.002,0.1238357874941));
#18699=CARTESIAN_POINT('',(0.149990205,-0.002,0.135956221226026));
#18700=CARTESIAN_POINT('',(0.149990205,-0.002,0.127821700078065));
#18701=CARTESIAN_POINT('',(0.09957519250585,-0.002,0.1238357874941));
#18702=CARTESIAN_POINT('',(0.0995763101090328,-0.002,0.12783578584382));
#18703=CARTESIAN_POINT('',(0.123782978153605,-0.002,0.12782902240112));
#18704=CARTESIAN_POINT('',(0.,0.,0.));
#18705=CARTESIAN_POINT('',(0.32637265319449,-0.00299,0.0652207640178024));
#18706=CARTESIAN_POINT('',(0.32637265319449,-0.00599,0.0652207640178024));
#18707=CARTESIAN_POINT('',(0.320372652735767,-0.00599,0.0652207640178024));
#18708=CARTESIAN_POINT('',(0.332372653653213,-0.00599,0.0652207640178024));
#18709=CARTESIAN_POINT('',(0.320372652735767,-0.00299,0.0652207640178024));
#18710=CARTESIAN_POINT('',(0.320372652735767,-0.00299,0.0652207640178024));
#18711=CARTESIAN_POINT('',(0.32637265319449,-0.00299,0.0652207640178024));
#18712=CARTESIAN_POINT('',(0.332372653653213,-0.00299,0.0652207640178024));
#18713=CARTESIAN_POINT('',(0.332372653653213,-0.00299,0.0652207640178024));
#18714=CARTESIAN_POINT('',(0.320369603581792,-0.00299,0.0612056054507527));
#18715=CARTESIAN_POINT('',(0.320369603581792,-0.00599,0.0612056054507527));
#18716=CARTESIAN_POINT('',(0.320366554427817,-0.00599,0.057190446883703));
#18717=CARTESIAN_POINT('',(0.320366554427817,-0.00299,0.057190446883703));
#18718=CARTESIAN_POINT('',(0.320366554427817,-0.00299,0.057190446883703));
#18719=CARTESIAN_POINT('',(0.320369603581792,-0.00299,0.0612056054507527));
#18720=CARTESIAN_POINT('',(0.316366557653213,-0.00299,0.0571934845236524));
#18721=CARTESIAN_POINT('',(0.316366557653213,-0.00599,0.0571934845236524));
#18722=CARTESIAN_POINT('',(0.316366939278356,-0.00599,0.0531934860360073));
#18723=CARTESIAN_POINT('',(0.316366939278356,-0.00299,0.0531934860360073));
#18724=CARTESIAN_POINT('',(0.316366939278356,-0.00299,0.0531934860360073));
#18725=CARTESIAN_POINT('',(0.316366557653213,-0.00299,0.0571934845236524));
#18726=CARTESIAN_POINT('',(0.306804531706119,-0.00299,0.0531925737218723));
#18727=CARTESIAN_POINT('',(0.306804531706119,-0.00599,0.0531925737218723));
#18728=CARTESIAN_POINT('',(0.297242124133883,-0.00599,0.0531916614077374));
#18729=CARTESIAN_POINT('',(0.297242124133883,-0.00299,0.0531916614077374));
#18730=CARTESIAN_POINT('',(0.297242124133883,-0.00299,0.0531916614077374));
#18731=CARTESIAN_POINT('',(0.306804531706119,-0.00299,0.0531925737218723));
#18732=CARTESIAN_POINT('',(0.293598473843613,-0.00299,0.0495214702487656));
#18733=CARTESIAN_POINT('',(0.293598473843613,-0.00599,0.0495214702487656));
#18734=CARTESIAN_POINT('',(0.289954823553342,-0.00599,0.0458512790897938));
#18735=CARTESIAN_POINT('',(0.289954823553342,-0.00299,0.0458512790897938));
#18736=CARTESIAN_POINT('',(0.289954823553342,-0.00299,0.0458512790897938));
#18737=CARTESIAN_POINT('',(0.293598473843613,-0.00299,0.0495214702487656));
#18738=CARTESIAN_POINT('',(0.287412134559787,-0.00299,0.0480404512879667));
#18739=CARTESIAN_POINT('',(0.287412134559787,-0.00599,0.0480404512879667));
#18740=CARTESIAN_POINT('',(0.287507766758544,-0.00599,0.0446865585178024));
#18741=CARTESIAN_POINT('',(0.287507766758544,-0.00299,0.0446865585178024));
#18742=CARTESIAN_POINT('',(0.287507766758544,-0.00299,0.0446865585178024));
#18743=CARTESIAN_POINT('',(0.287412134559787,-0.00299,0.0480404512879667));
#18744=CARTESIAN_POINT('',(0.268266412479576,-0.00299,0.0446865585178024));
#18745=CARTESIAN_POINT('',(0.268266412479576,-0.00599,0.0446865585178024));
#18746=CARTESIAN_POINT('',(0.249025058200607,-0.00599,0.0446865585178024));
#18747=CARTESIAN_POINT('',(0.249025058200607,-0.00299,0.0446865585178024));
#18748=CARTESIAN_POINT('',(0.249025058200607,-0.00299,0.0446865585178024));
#18749=CARTESIAN_POINT('',(0.268266412479576,-0.00299,0.0446865585178024));
#18750=CARTESIAN_POINT('',(0.248932841235037,-0.00299,0.0480405469290019));
#18751=CARTESIAN_POINT('',(0.248932841235037,-0.00599,0.0480405469290019));
#18752=CARTESIAN_POINT('',(0.246399625917383,-0.00599,0.0458404191178061));
#18753=CARTESIAN_POINT('',(0.246399625917383,-0.00299,0.0458404191178061));
#18754=CARTESIAN_POINT('',(0.246399625917383,-0.00299,0.0458404191178061));
#18755=CARTESIAN_POINT('',(0.248932841235037,-0.00299,0.0480405469290019));
#18756=CARTESIAN_POINT('',(0.240172165893815,-0.00299,0.0520715623798702));
#18757=CARTESIAN_POINT('',(0.240172165893815,-0.00599,0.0520715623798702));
#18758=CARTESIAN_POINT('',(0.233944705870249,-0.00599,0.0583027056419345));
#18759=CARTESIAN_POINT('',(0.233944705870249,-0.00299,0.0583027056419345));
#18760=CARTESIAN_POINT('',(0.233944705870249,-0.00299,0.0583027056419345));
#18761=CARTESIAN_POINT('',(0.240172165893815,-0.00299,0.0520715623798702));
#18762=CARTESIAN_POINT('',(0.236478894399143,-0.00299,0.0605017124020926));
#18763=CARTESIAN_POINT('',(0.236478894399143,-0.00599,0.0605017124020926));
#18764=CARTESIAN_POINT('',(0.233124887159063,-0.00599,0.0605932419857811));
#18765=CARTESIAN_POINT('',(0.233124887159063,-0.00299,0.0605932419857811));
#18766=CARTESIAN_POINT('',(0.233124887159063,-0.00299,0.0605932419857811));
#18767=CARTESIAN_POINT('',(0.236478894399143,-0.00299,0.0605017124020926));
#18768=CARTESIAN_POINT('',(0.233124887159063,-0.00299,0.101481201248842));
#18769=CARTESIAN_POINT('',(0.233124887159063,-0.00599,0.101481201248842));
#18770=CARTESIAN_POINT('',(0.233124887159063,-0.00599,0.142369160511902));
#18771=CARTESIAN_POINT('',(0.233124887159063,-0.00299,0.142369160511902));
#18772=CARTESIAN_POINT('',(0.233124887159063,-0.00299,0.142369160511902));
#18773=CARTESIAN_POINT('',(0.233124887159063,-0.00299,0.101481201248842));
#18774=CARTESIAN_POINT('',(0.237124885664913,-0.00299,0.142369160511902));
#18775=CARTESIAN_POINT('',(0.237124885664913,-0.00599,0.142369160511902));
#18776=CARTESIAN_POINT('',(0.237124433680379,-0.00599,0.146369158992216));
#18777=CARTESIAN_POINT('',(0.237124433680379,-0.00299,0.146369158992216));
#18778=CARTESIAN_POINT('',(0.237124433680379,-0.00299,0.146369158992216));
#18779=CARTESIAN_POINT('',(0.237124885664913,-0.00299,0.142369160511902));
#18780=CARTESIAN_POINT('',(0.256521849325998,-0.00299,0.146371350813128));
#18781=CARTESIAN_POINT('',(0.256521849325998,-0.00599,0.146371350813128));
#18782=CARTESIAN_POINT('',(0.275919264971616,-0.00599,0.146373542646927));
#18783=CARTESIAN_POINT('',(0.275919264971616,-0.00299,0.146373542646927));
#18784=CARTESIAN_POINT('',(0.275919264971616,-0.00299,0.146373542646927));
#18785=CARTESIAN_POINT('',(0.256521849325998,-0.00299,0.146371350813128));
#18786=CARTESIAN_POINT('',(0.275919716956283,-0.00299,0.142373542980602));
#18787=CARTESIAN_POINT('',(0.275919716956283,-0.00599,0.142373542980602));
#18788=CARTESIAN_POINT('',(0.279919719159025,-0.00599,0.142373527190798));
#18789=CARTESIAN_POINT('',(0.279919719159025,-0.00299,0.142373527190798));
#18790=CARTESIAN_POINT('',(0.279919719159025,-0.00299,0.142373527190798));
#18791=CARTESIAN_POINT('',(0.275919716956283,-0.00299,0.142373542980602));
#18792=CARTESIAN_POINT('',(0.279919694659047,-0.00299,0.136166995123584));
#18793=CARTESIAN_POINT('',(0.279919694659047,-0.00599,0.136166995123584));
#18794=CARTESIAN_POINT('',(0.279919670159078,-0.00599,0.12996046305637));
#18795=CARTESIAN_POINT('',(0.279919670159078,-0.00299,0.12996046305637));
#18796=CARTESIAN_POINT('',(0.279919670159078,-0.00299,0.12996046305637));
#18797=CARTESIAN_POINT('',(0.279919694659047,-0.00299,0.136166995123584));
#18798=CARTESIAN_POINT('',(0.306145769135498,-0.00299,0.129965613479382));
#18799=CARTESIAN_POINT('',(0.306145769135498,-0.00599,0.129965613479382));
#18800=CARTESIAN_POINT('',(0.332371868111917,-0.00599,0.129970763902394));
#18801=CARTESIAN_POINT('',(0.332371868111917,-0.00299,0.129970763902394));
#18802=CARTESIAN_POINT('',(0.332371868111917,-0.00299,0.129970763902394));
#18803=CARTESIAN_POINT('',(0.306145769135498,-0.00299,0.129965613479382));
#18804=CARTESIAN_POINT('',(0.332372653653213,-0.00299,0.125970765511902));
#18805=CARTESIAN_POINT('',(0.332372653653213,-0.00599,0.125970765511902));
#18806=CARTESIAN_POINT('',(0.336372652159063,-0.00599,0.125970765511902));
#18807=CARTESIAN_POINT('',(0.336372652159063,-0.00299,0.125970765511902));
#18808=CARTESIAN_POINT('',(0.336372652159063,-0.00299,0.125970765511902));
#18809=CARTESIAN_POINT('',(0.332372653653213,-0.00299,0.125970765511902));
#18810=CARTESIAN_POINT('',(0.336372652159063,-0.00299,0.0975957640177774));
#18811=CARTESIAN_POINT('',(0.336372652159063,-0.00599,0.0975957640177774));
#18812=CARTESIAN_POINT('',(0.336372652159063,-0.00599,0.0692207625236524));
#18813=CARTESIAN_POINT('',(0.336372652159063,-0.00299,0.0692207625236524));
#18814=CARTESIAN_POINT('',(0.336372652159063,-0.00299,0.0692207625236524));
#18815=CARTESIAN_POINT('',(0.336372652159063,-0.00299,0.0975957640177774));
#18816=CARTESIAN_POINT('',(0.332372653653213,-0.00299,0.0692207625236525));
#18817=CARTESIAN_POINT('',(0.332372653653213,-0.00599,0.0692207625236525));
#18818=CARTESIAN_POINT('',(0.332372653653213,-0.00299,0.0692207625236525));
#18819=CARTESIAN_POINT('',(0.284748145323387,-0.00299,0.0955294181004727));
#18820=CARTESIAN_POINT('',(0.248372466562737,-0.00299,0.0468065701009717));
#18821=CARTESIAN_POINT('',(0.249872466562737,-0.00299,0.0468065701009717));
#18822=CARTESIAN_POINT('',(0.288029256568508,-0.00299,0.0468338531726755));
#18823=CARTESIAN_POINT('',(0.289529256568508,-0.00299,0.0468338531726755));
#18824=CARTESIAN_POINT('',(0.333786866159063,-0.00299,0.0678065500178029));
#18825=CARTESIAN_POINT('',(0.335286866159063,-0.00299,0.0678065500178029));
#18826=CARTESIAN_POINT('',(0.333786727286901,-0.00299,0.127385116876278));
#18827=CARTESIAN_POINT('',(0.335286727286901,-0.00299,0.127385116876278));
#18828=CARTESIAN_POINT('',(0.27733385496497,-0.00299,0.143787835207648));
#18829=CARTESIAN_POINT('',(0.27883385496497,-0.00299,0.143787835207648));
#18830=CARTESIAN_POINT('',(0.284748145323387,-0.00599,0.0955294181004727));
#18831=CARTESIAN_POINT('',(0.248372466562737,-0.00599,0.0468065701009717));
#18832=CARTESIAN_POINT('',(0.249872466562737,-0.00599,0.0468065701009717));
#18833=CARTESIAN_POINT('',(0.288029256568508,-0.00599,0.0468338531726755));
#18834=CARTESIAN_POINT('',(0.289529256568508,-0.00599,0.0468338531726755));
#18835=CARTESIAN_POINT('',(0.333786866159063,-0.00599,0.0678065500178029));
#18836=CARTESIAN_POINT('',(0.335286866159063,-0.00599,0.0678065500178029));
#18837=CARTESIAN_POINT('',(0.333786727286901,-0.00599,0.127385116876278));
#18838=CARTESIAN_POINT('',(0.335286727286901,-0.00599,0.127385116876278));
#18839=CARTESIAN_POINT('',(0.27733385496497,-0.00599,0.143787835207648));
#18840=CARTESIAN_POINT('',(0.27883385496497,-0.00599,0.143787835207648));
#18841=CARTESIAN_POINT('',(0.27733385496497,-0.02049,0.143787835207648));
#18842=CARTESIAN_POINT('',(0.333786727286901,-0.02049,0.127385116876278));
#18843=CARTESIAN_POINT('',(0.333786866159063,-0.02049,0.0678065500178029));
#18844=CARTESIAN_POINT('',(0.288029256568508,-0.02049,0.0468338531726755));
#18845=CARTESIAN_POINT('',(0.248372466562737,-0.02049,0.0468065701009717));
#18846=MECHANICAL_DESIGN_GEOMETRIC_PRESENTATION_REPRESENTATION('',(#11039),
#18850);
#18847=MECHANICAL_DESIGN_GEOMETRIC_PRESENTATION_REPRESENTATION('',(#11040),
#18851);
#18848=MECHANICAL_DESIGN_GEOMETRIC_PRESENTATION_REPRESENTATION('',(#11041),
#18852);
#18849=MECHANICAL_DESIGN_GEOMETRIC_PRESENTATION_REPRESENTATION('',(#11042),
#18853);
#18850=(
GEOMETRIC_REPRESENTATION_CONTEXT(3)
GLOBAL_UNCERTAINTY_ASSIGNED_CONTEXT((#18854))
GLOBAL_UNIT_ASSIGNED_CONTEXT((#18866,#18862,#18858))
REPRESENTATION_CONTEXT('Right Top Mount','TOP_LEVEL_ASSEMBLY_PART')
);
#18851=(
GEOMETRIC_REPRESENTATION_CONTEXT(3)
GLOBAL_UNCERTAINTY_ASSIGNED_CONTEXT((#18855))
GLOBAL_UNIT_ASSIGNED_CONTEXT((#18867,#18863,#18859))
REPRESENTATION_CONTEXT('Left Bottom Mount','TOP_LEVEL_ASSEMBLY_PART')
);
#18852=(
GEOMETRIC_REPRESENTATION_CONTEXT(3)
GLOBAL_UNCERTAINTY_ASSIGNED_CONTEXT((#18856))
GLOBAL_UNIT_ASSIGNED_CONTEXT((#18868,#18864,#18860))
REPRESENTATION_CONTEXT('Left Top Mount','TOP_LEVEL_ASSEMBLY_PART')
);
#18853=(
GEOMETRIC_REPRESENTATION_CONTEXT(3)
GLOBAL_UNCERTAINTY_ASSIGNED_CONTEXT((#18857))
GLOBAL_UNIT_ASSIGNED_CONTEXT((#18869,#18865,#18861))
REPRESENTATION_CONTEXT('Right Bottom Mount','TOP_LEVEL_ASSEMBLY_PART')
);
#18854=UNCERTAINTY_MEASURE_WITH_UNIT(LENGTH_MEASURE(2.1722560423251E-5),
#18866,'DISTANCE_ACCURACY_VALUE','Maximum Tolerance applied to model');
#18855=UNCERTAINTY_MEASURE_WITH_UNIT(LENGTH_MEASURE(1.E-8),#18867,
'DISTANCE_ACCURACY_VALUE','Maximum Tolerance applied to model');
#18856=UNCERTAINTY_MEASURE_WITH_UNIT(LENGTH_MEASURE(2.E-5),#18868,
'DISTANCE_ACCURACY_VALUE','Maximum Tolerance applied to model');
#18857=UNCERTAINTY_MEASURE_WITH_UNIT(LENGTH_MEASURE(1.E-8),#18869,
'DISTANCE_ACCURACY_VALUE','Maximum Tolerance applied to model');
#18858=(
NAMED_UNIT(*)
SI_UNIT($,.STERADIAN.)
SOLID_ANGLE_UNIT()
);
#18859=(
NAMED_UNIT(*)
SI_UNIT($,.STERADIAN.)
SOLID_ANGLE_UNIT()
);
#18860=(
NAMED_UNIT(*)
SI_UNIT($,.STERADIAN.)
SOLID_ANGLE_UNIT()
);
#18861=(
NAMED_UNIT(*)
SI_UNIT($,.STERADIAN.)
SOLID_ANGLE_UNIT()
);
#18862=(
NAMED_UNIT(*)
PLANE_ANGLE_UNIT()
SI_UNIT($,.RADIAN.)
);
#18863=(
NAMED_UNIT(*)
PLANE_ANGLE_UNIT()
SI_UNIT($,.RADIAN.)
);
#18864=(
NAMED_UNIT(*)
PLANE_ANGLE_UNIT()
SI_UNIT($,.RADIAN.)
);
#18865=(
NAMED_UNIT(*)
PLANE_ANGLE_UNIT()
SI_UNIT($,.RADIAN.)
);
#18866=(
LENGTH_UNIT()
NAMED_UNIT(*)
SI_UNIT($,.METRE.)
);
#18867=(
LENGTH_UNIT()
NAMED_UNIT(*)
SI_UNIT($,.METRE.)
);
#18868=(
LENGTH_UNIT()
NAMED_UNIT(*)
SI_UNIT($,.METRE.)
);
#18869=(
LENGTH_UNIT()
NAMED_UNIT(*)
SI_UNIT($,.METRE.)
);
#18870=PRODUCT_DEFINITION_SHAPE('','',#18874);
#18871=PRODUCT_DEFINITION_SHAPE('','',#18875);
#18872=PRODUCT_DEFINITION_SHAPE('','',#18876);
#18873=PRODUCT_DEFINITION_SHAPE('','',#18877);
#18874=PRODUCT_DEFINITION('','',#18882,#18878);
#18875=PRODUCT_DEFINITION('','',#18883,#18879);
#18876=PRODUCT_DEFINITION('','',#18884,#18880);
#18877=PRODUCT_DEFINITION('','',#18885,#18881);
#18878=PRODUCT_DEFINITION_CONTEXT('',#18906,'design');
#18879=PRODUCT_DEFINITION_CONTEXT('',#18907,'design');
#18880=PRODUCT_DEFINITION_CONTEXT('',#18908,'design');
#18881=PRODUCT_DEFINITION_CONTEXT('',#18909,'design');
#18882=PRODUCT_DEFINITION_FORMATION_WITH_SPECIFIED_SOURCE('','',#18890,
 .NOT_KNOWN.);
#18883=PRODUCT_DEFINITION_FORMATION_WITH_SPECIFIED_SOURCE('','',#18891,
 .NOT_KNOWN.);
#18884=PRODUCT_DEFINITION_FORMATION_WITH_SPECIFIED_SOURCE('','',#18892,
 .NOT_KNOWN.);
#18885=PRODUCT_DEFINITION_FORMATION_WITH_SPECIFIED_SOURCE('','',#18893,
 .NOT_KNOWN.);
#18886=PRODUCT_RELATED_PRODUCT_CATEGORY('','',(#18890));
#18887=PRODUCT_RELATED_PRODUCT_CATEGORY('','',(#18891));
#18888=PRODUCT_RELATED_PRODUCT_CATEGORY('','',(#18892));
#18889=PRODUCT_RELATED_PRODUCT_CATEGORY('','',(#18893));
#18890=PRODUCT('Right Top Mount','Right Top Mount','Right Top Mount',(#18898));
#18891=PRODUCT('Left Bottom Mount','Left Bottom Mount',
'Left Bottom Mount',(#18899));
#18892=PRODUCT('Left Top Mount','Left Top Mount','Left Top Mount',(#18900));
#18893=PRODUCT('Right Bottom Mount','Right Bottom Mount',
'Right Bottom Mount',(#18901));
#18894=PRODUCT_CATEGORY('','');
#18895=PRODUCT_CATEGORY('','');
#18896=PRODUCT_CATEGORY('','');
#18897=PRODUCT_CATEGORY('','');
#18898=PRODUCT_CONTEXT('',#18906,'mechanical');
#18899=PRODUCT_CONTEXT('',#18907,'mechanical');
#18900=PRODUCT_CONTEXT('',#18908,'mechanical');
#18901=PRODUCT_CONTEXT('',#18909,'mechanical');
#18902=APPLICATION_PROTOCOL_DEFINITION('international standard',
'ap242_managed_model_based_3d_engineering',2020,#18906);
#18903=APPLICATION_PROTOCOL_DEFINITION('international standard',
'ap242_managed_model_based_3d_engineering',2020,#18907);
#18904=APPLICATION_PROTOCOL_DEFINITION('international standard',
'ap242_managed_model_based_3d_engineering',2020,#18908);
#18905=APPLICATION_PROTOCOL_DEFINITION('international standard',
'ap242_managed_model_based_3d_engineering',2020,#18909);
#18906=APPLICATION_CONTEXT('managed model based 3d engineering');
#18907=APPLICATION_CONTEXT('managed model based 3d engineering');
#18908=APPLICATION_CONTEXT('managed model based 3d engineering');
#18909=APPLICATION_CONTEXT('managed model based 3d engineering');
ENDSEC;
END-ISO-10303-21;
