ISO-10303-21;
HEADER;
/* Generated by software containing ST-Developer
 * from STEP Tools, Inc. (www.steptools.com) 
 */
/* OPTION: using custom renumber hook */

FILE_DESCRIPTION(
/* description */ ('STEP AP242 Edition 2',
'CAx-IF Rec.Pracs.---Representation and Presentation of Product Manufa
cturing Information (PMI)---4.0---2014-10-13',
'CAx-IF Rec.Pracs.---3D Tessellated Geometry---0.4---2014-09-14','2;1',
'CAx-IF Rec.Pracs.---User Defined Attributes---1.5---2016-08-15'),
/* implementation_level */ '2;1');

FILE_NAME(
/* name */ 'Left',
/* time_stamp */ '2026-05-03T09:59:21Z',
/* author */ (''),
/* organization */ (''),
/* preprocessor_version */ 'ST-DEVELOPER v20',
/* originating_system */ 'ONSHAPE BY PTC INC, 1.214',
/* authorisation */ '  ');

FILE_SCHEMA (('AP242_MANAGED_MODEL_BASED_3D_ENGINEERING_MIM_LF { 1 0 10303 442 3 1 4 }'));
ENDSEC;

DATA;
#10=ELLIPSE('',#6011,0.00216477581803761,0.002);
#11=ELLIPSE('',#6021,0.00282842712474619,0.002);
#12=ELLIPSE('',#6034,0.00282882234010797,0.002);
#13=TOROIDAL_SURFACE('',#6008,0.00335501629530903,0.002);
#14=TOROIDAL_SURFACE('',#6009,0.00335501983624006,0.002);
#15=TOROIDAL_SURFACE('',#6015,0.00335501629530901,0.002);
#16=TOROIDAL_SURFACE('',#6016,0.004,0.002);
#17=TOROIDAL_SURFACE('',#6022,0.003999998422594,0.002);
#18=TOROIDAL_SURFACE('',#6027,0.00402566067735899,0.002);
#19=TOROIDAL_SURFACE('',#6029,0.00399999850585001,0.002);
#20=TOROIDAL_SURFACE('',#6035,0.00399999850585002,0.002);
#21=B_SPLINE_CURVE_WITH_KNOTS('',3,(#8622,#8623,#8624,#8625,#8626,#8627,
#8628),.UNSPECIFIED.,.F.,.F.,(4,1,1,1,4),(0.,0.00108974081624426,0.00217948163248853,
0.00326922244873279,0.00435896326497706),.UNSPECIFIED.);
#22=B_SPLINE_CURVE_WITH_KNOTS('',3,(#8630,#8631,#8632,#8633,#8634,#8635,
#8636),.UNSPECIFIED.,.F.,.F.,(4,1,1,1,4),(0.,0.00109508138908077,0.00219016277816154,
0.00328524416724231,0.00438032555632307),.UNSPECIFIED.);
#23=B_SPLINE_CURVE_WITH_KNOTS('',3,(#8638,#8639,#8640,#8641,#8642,#8643,
#8644),.UNSPECIFIED.,.F.,.F.,(4,1,1,1,4),(0.,0.00109508138908078,0.00219016277816157,
0.00328524416724235,0.00438032555632314),.UNSPECIFIED.);
#24=B_SPLINE_CURVE_WITH_KNOTS('',3,(#8646,#8647,#8648,#8649,#8650,#8651,
#8652),.UNSPECIFIED.,.F.,.F.,(4,1,1,1,4),(0.,0.00109508144040833,0.00219016288081665,
0.00328524432122498,0.00438032576163331),.UNSPECIFIED.);
#25=B_SPLINE_CURVE_WITH_KNOTS('',3,(#8654,#8655,#8656,#8657,#8658),
 .UNSPECIFIED.,.F.,.F.,(4,1,4),(0.,0.00114704744634961,0.00229409489269921),
 .UNSPECIFIED.);
#26=B_SPLINE_CURVE_WITH_KNOTS('',3,(#8660,#8661,#8662,#8663),
 .UNSPECIFIED.,.F.,.F.,(4,4),(0.,0.000767319142268526),.UNSPECIFIED.);
#27=B_SPLINE_CURVE_WITH_KNOTS('',3,(#8665,#8666,#8667,#8668),
 .UNSPECIFIED.,.F.,.F.,(4,4),(0.,0.00104100970896042),.UNSPECIFIED.);
#28=B_SPLINE_CURVE_WITH_KNOTS('',3,(#8670,#8671,#8672,#8673,#8674),
 .UNSPECIFIED.,.F.,.F.,(4,1,4),(0.,0.00127547811325883,0.00255095622651766),
 .UNSPECIFIED.);
#29=B_SPLINE_CURVE_WITH_KNOTS('',3,(#9247,#9248,#9249,#9250,#9251),
 .UNSPECIFIED.,.F.,.F.,(4,1,4),(8.67361737988404E-19,0.00126472635061612,
0.00252945270123223),.UNSPECIFIED.);
#30=B_SPLINE_CURVE_WITH_KNOTS('',3,(#9253,#9254,#9255,#9256,#9257),
 .UNSPECIFIED.,.F.,.F.,(4,1,4),(0.,0.00156231105557009,0.00312462211114018),
 .UNSPECIFIED.);
#31=B_SPLINE_CURVE_WITH_KNOTS('',3,(#9259,#9260,#9261,#9262,#9263),
 .UNSPECIFIED.,.F.,.F.,(4,1,4),(0.,0.00156259572528313,0.00312519145056627),
 .UNSPECIFIED.);
#32=B_SPLINE_CURVE_WITH_KNOTS('',3,(#9265,#9266,#9267,#9268,#9269),
 .UNSPECIFIED.,.F.,.F.,(4,1,4),(0.,0.0015625954578739,0.00312519091574781),
 .UNSPECIFIED.);
#33=B_SPLINE_CURVE_WITH_KNOTS('',3,(#9273,#9274,#9275,#9276,#9277),
 .UNSPECIFIED.,.F.,.F.,(4,1,4),(2.42861286636753E-17,0.00134790702201371,
0.00269581404402739),.UNSPECIFIED.);
#34=B_SPLINE_CURVE_WITH_KNOTS('',3,(#9281,#9282,#9283,#9284,#9285),
 .UNSPECIFIED.,.F.,.F.,(4,1,4),(0.,0.00156230979253225,0.00312461958506449),
 .UNSPECIFIED.);
#35=B_SPLINE_CURVE_WITH_KNOTS('',3,(#9295,#9296,#9297,#9298,#9299),
 .UNSPECIFIED.,.F.,.F.,(4,1,4),(0.,0.00156230955447204,0.00312461910894408),
 .UNSPECIFIED.);
#36=SHAPE_REPRESENTATION_RELATIONSHIP('','',#5475,#38);
#37=SHAPE_REPRESENTATION_RELATIONSHIP('','',#5476,#39);
#38=ADVANCED_BREP_SHAPE_REPRESENTATION('',(#5471),#9315);
#39=ADVANCED_BREP_SHAPE_REPRESENTATION('',(#5472),#9316);
#40=CIRCLE('',#5480,0.006);
#41=CIRCLE('',#5481,0.006);
#42=CIRCLE('',#5485,0.00535501629530903);
#43=CIRCLE('',#5486,0.00535501629530903);
#44=CIRCLE('',#5489,0.00535501983624007);
#45=CIRCLE('',#5490,0.00535501983624007);
#46=CIRCLE('',#5493,0.00535501629530902);
#47=CIRCLE('',#5494,0.00535501629530902);
#48=CIRCLE('',#5497,0.00599999842259399);
#49=CIRCLE('',#5498,0.00599999842259399);
#50=CIRCLE('',#5501,0.00599999850585001);
#51=CIRCLE('',#5502,0.00599999850585001);
#52=CIRCLE('',#5506,0.00599999850585002);
#53=CIRCLE('',#5507,0.00599999850585002);
#54=CIRCLE('',#5510,0.00602566067735898);
#55=CIRCLE('',#5511,0.00602566067735898);
#56=CIRCLE('',#5514,0.0015);
#57=CIRCLE('',#5515,0.0015);
#58=CIRCLE('',#5516,0.0015);
#59=CIRCLE('',#5517,0.0015);
#60=CIRCLE('',#5518,0.0015);
#61=CIRCLE('',#5519,0.0015);
#62=CIRCLE('',#5521,0.0015);
#63=CIRCLE('',#5522,0.0015);
#64=CIRCLE('',#5523,0.0015);
#65=CIRCLE('',#5524,0.0015);
#66=CIRCLE('',#5525,0.0015);
#67=CIRCLE('',#5526,0.0015);
#68=CIRCLE('',#5537,0.00315505273174698);
#69=CIRCLE('',#5538,0.00315505273174701);
#70=CIRCLE('',#5542,0.00399999850585001);
#71=CIRCLE('',#5543,0.00399999850585002);
#72=CIRCLE('',#5549,0.00399999850585015);
#73=CIRCLE('',#5550,0.00399999850585001);
#74=CIRCLE('',#5553,0.002);
#75=CIRCLE('',#5554,0.002);
#76=CIRCLE('',#5556,0.002);
#77=CIRCLE('',#5557,0.002);
#78=CIRCLE('',#5559,0.00199999999999987);
#79=CIRCLE('',#5560,0.002);
#80=CIRCLE('',#5563,0.0011);
#81=CIRCLE('',#5564,0.0011);
#82=CIRCLE('',#5565,0.0011);
#83=CIRCLE('',#5566,0.0011);
#84=CIRCLE('',#5567,0.0011);
#85=CIRCLE('',#5568,0.0011);
#86=CIRCLE('',#5569,0.00399999850585002);
#87=CIRCLE('',#5570,0.0015);
#88=CIRCLE('',#5571,0.00399999850585002);
#89=CIRCLE('',#5572,0.00399999850585001);
#90=CIRCLE('',#5573,0.0015);
#91=CIRCLE('',#5574,0.00399999850585001);
#92=CIRCLE('',#5575,0.003999998422594);
#93=CIRCLE('',#5576,0.0015);
#94=CIRCLE('',#5577,0.003999998422594);
#95=CIRCLE('',#5578,0.00335501629530901);
#96=CIRCLE('',#5579,0.0015);
#97=CIRCLE('',#5580,0.00335501983624006);
#98=CIRCLE('',#5581,0.0015);
#99=CIRCLE('',#5582,0.00335501629530903);
#100=CIRCLE('',#5583,0.004);
#101=CIRCLE('',#5584,0.00402566067735899);
#102=CIRCLE('',#5585,0.0015);
#103=CIRCLE('',#5586,0.00402566067735899);
#104=CIRCLE('',#5587,0.00049999999999999);
#105=CIRCLE('',#5588,0.0005);
#106=CIRCLE('',#5589,0.0005);
#107=CIRCLE('',#5590,0.000499999999999987);
#108=CIRCLE('',#5591,0.0005);
#109=CIRCLE('',#5592,0.0005);
#110=CIRCLE('',#5593,0.0005);
#111=CIRCLE('',#5594,0.0005);
#112=CIRCLE('',#5595,0.0005);
#113=CIRCLE('',#5596,0.0005);
#114=CIRCLE('',#5597,0.000500000000000014);
#115=CIRCLE('',#5598,0.000500000000000014);
#116=CIRCLE('',#5599,0.0005);
#117=CIRCLE('',#5600,0.000500000000000021);
#118=CIRCLE('',#5601,0.000500000000000035);
#119=CIRCLE('',#5602,0.000500000000000014);
#120=CIRCLE('',#5603,0.00049999999999998);
#121=CIRCLE('',#5604,0.0005);
#122=CIRCLE('',#5605,0.000500000000000014);
#123=CIRCLE('',#5606,0.000499999999999994);
#124=CIRCLE('',#5607,0.000499999999999987);
#125=CIRCLE('',#5608,0.0005);
#126=CIRCLE('',#5609,0.0005);
#127=CIRCLE('',#5610,0.000499999999999987);
#128=CIRCLE('',#5611,0.0005);
#129=CIRCLE('',#5612,0.0005);
#130=CIRCLE('',#5613,0.0005);
#131=CIRCLE('',#5614,0.0005);
#132=CIRCLE('',#5615,0.000499999999999987);
#133=CIRCLE('',#5616,0.000499999999999987);
#134=CIRCLE('',#5617,0.0005);
#135=CIRCLE('',#5618,0.0005);
#136=CIRCLE('',#5619,0.000499999999999987);
#137=CIRCLE('',#5620,0.000500000000000007);
#138=CIRCLE('',#5621,0.000500000000000021);
#139=CIRCLE('',#5622,0.0005);
#140=CIRCLE('',#5623,0.000499999999999966);
#141=CIRCLE('',#5624,0.000499999999999987);
#142=CIRCLE('',#5625,0.0005);
#143=CIRCLE('',#5626,0.00049999999999998);
#144=CIRCLE('',#5627,0.000499999999999973);
#145=CIRCLE('',#5628,0.000499999999999987);
#146=CIRCLE('',#5629,0.0005);
#147=CIRCLE('',#5630,0.000499999999999987);
#148=CIRCLE('',#5631,0.000499999999999987);
#149=CIRCLE('',#5632,0.000499999999999987);
#150=CIRCLE('',#5633,0.0005);
#151=CIRCLE('',#5634,0.0005);
#152=CIRCLE('',#5635,0.0005);
#153=CIRCLE('',#5636,0.0005);
#154=CIRCLE('',#5637,0.0005);
#155=CIRCLE('',#5638,0.0005);
#156=CIRCLE('',#5639,0.0005);
#157=CIRCLE('',#5640,0.000500000000000021);
#158=CIRCLE('',#5641,0.000500000000000021);
#159=CIRCLE('',#5642,0.0005);
#160=CIRCLE('',#5643,0.00049999999999998);
#161=CIRCLE('',#5644,0.000516083332522408);
#162=CIRCLE('',#5645,0.000500000000000032);
#163=CIRCLE('',#5646,0.00049999999999998);
#164=CIRCLE('',#5647,0.0005);
#165=CIRCLE('',#5648,0.000500000000000028);
#166=CIRCLE('',#5649,0.000500000000000028);
#167=CIRCLE('',#5650,0.0005);
#168=CIRCLE('',#5659,0.0011);
#169=CIRCLE('',#5661,0.0011);
#170=CIRCLE('',#5663,0.0011);
#171=CIRCLE('',#5665,0.0011);
#172=CIRCLE('',#5667,0.0011);
#173=CIRCLE('',#5669,0.0011);
#174=CIRCLE('',#5671,0.00135501983624);
#175=CIRCLE('',#5672,0.0015);
#176=CIRCLE('',#5673,0.001355016295309);
#177=CIRCLE('',#5674,0.001999998422594);
#178=CIRCLE('',#5675,0.00199999850585);
#179=CIRCLE('',#5676,0.00199999850585);
#180=CIRCLE('',#5677,0.00199999850585);
#181=CIRCLE('',#5678,0.002025660677359);
#182=CIRCLE('',#5679,0.00199999850585);
#183=CIRCLE('',#5680,0.002);
#184=CIRCLE('',#5681,0.001155052731747);
#185=CIRCLE('',#5682,0.001355016295309);
#186=CIRCLE('',#5683,0.0015);
#187=CIRCLE('',#5684,0.002);
#188=CIRCLE('',#5685,0.002);
#189=CIRCLE('',#5686,0.002);
#190=CIRCLE('',#5687,0.002);
#191=CIRCLE('',#5688,0.002);
#192=CIRCLE('',#5689,0.002);
#193=CIRCLE('',#5690,0.002);
#194=CIRCLE('',#5691,0.002);
#195=CIRCLE('',#5692,0.002);
#196=CIRCLE('',#5693,0.002);
#197=CIRCLE('',#5694,0.002);
#198=CIRCLE('',#5695,0.002);
#199=CIRCLE('',#5696,0.002);
#200=CIRCLE('',#5699,0.006);
#201=CIRCLE('',#5700,0.006);
#202=CIRCLE('',#5704,0.00535501629530903);
#203=CIRCLE('',#5705,0.00535501629530903);
#204=CIRCLE('',#5708,0.00535501983624007);
#205=CIRCLE('',#5709,0.00535501983624007);
#206=CIRCLE('',#5712,0.00535501629530902);
#207=CIRCLE('',#5713,0.00535501629530902);
#208=CIRCLE('',#5716,0.00599999842259399);
#209=CIRCLE('',#5717,0.00599999842259399);
#210=CIRCLE('',#5720,0.00599999850585001);
#211=CIRCLE('',#5721,0.00599999850585001);
#212=CIRCLE('',#5725,0.00599999850585002);
#213=CIRCLE('',#5726,0.00599999850585002);
#214=CIRCLE('',#5729,0.00602566067735898);
#215=CIRCLE('',#5730,0.00602566067735898);
#216=CIRCLE('',#5733,0.00199999850585);
#217=CIRCLE('',#5736,0.002025660677359);
#218=CIRCLE('',#5739,0.00199999850585);
#219=CIRCLE('',#5742,0.00199999850585);
#220=CIRCLE('',#5745,0.00199999850585);
#221=CIRCLE('',#5748,0.001999998422594);
#222=CIRCLE('',#5751,0.001355016295309);
#223=CIRCLE('',#5754,0.00135501983624);
#224=CIRCLE('',#5757,0.001355016295309);
#225=CIRCLE('',#5760,0.001155052731747);
#226=CIRCLE('',#5763,0.002);
#227=CIRCLE('',#5766,0.0015);
#228=CIRCLE('',#5767,0.0015);
#229=CIRCLE('',#5768,0.0015);
#230=CIRCLE('',#5769,0.0015);
#231=CIRCLE('',#5770,0.0015);
#232=CIRCLE('',#5771,0.0015);
#233=CIRCLE('',#5779,0.00200000000000004);
#234=CIRCLE('',#5781,0.0020000000000001);
#235=CIRCLE('',#5783,0.002);
#236=CIRCLE('',#5785,0.002);
#237=CIRCLE('',#5787,0.002);
#238=CIRCLE('',#5789,0.002);
#239=CIRCLE('',#5791,0.00200000000000003);
#240=CIRCLE('',#5793,0.00199999999999994);
#241=CIRCLE('',#5795,0.002);
#242=CIRCLE('',#5797,0.00199999999999992);
#243=CIRCLE('',#5799,0.00199999999999997);
#244=CIRCLE('',#5801,0.002);
#245=CIRCLE('',#5803,0.00200000000000761);
#246=CIRCLE('',#5805,0.002);
#247=CIRCLE('',#5807,0.002);
#248=CIRCLE('',#5813,0.0005);
#249=CIRCLE('',#5816,0.000500000000000028);
#250=CIRCLE('',#5819,0.000500000000000028);
#251=CIRCLE('',#5822,0.0005);
#252=CIRCLE('',#5824,0.00049999999999998);
#253=CIRCLE('',#5827,0.000516083332522408);
#254=CIRCLE('',#5830,0.000500000000000032);
#255=CIRCLE('',#5833,0.00049999999999998);
#256=CIRCLE('',#5835,0.0005);
#257=CIRCLE('',#5838,0.000500000000000021);
#258=CIRCLE('',#5841,0.000500000000000021);
#259=CIRCLE('',#5844,0.0005);
#260=CIRCLE('',#5846,0.0005);
#261=CIRCLE('',#5849,0.0005);
#262=CIRCLE('',#5852,0.0005);
#263=CIRCLE('',#5855,0.0005);
#264=CIRCLE('',#5857,0.000499999999999987);
#265=CIRCLE('',#5860,0.000499999999999987);
#266=CIRCLE('',#5863,0.0005);
#267=CIRCLE('',#5866,0.0005);
#268=CIRCLE('',#5868,0.000499999999999973);
#269=CIRCLE('',#5871,0.000499999999999987);
#270=CIRCLE('',#5874,0.0005);
#271=CIRCLE('',#5877,0.000499999999999987);
#272=CIRCLE('',#5879,0.000499999999999966);
#273=CIRCLE('',#5882,0.000499999999999987);
#274=CIRCLE('',#5885,0.0005);
#275=CIRCLE('',#5888,0.00049999999999998);
#276=CIRCLE('',#5890,0.000499999999999987);
#277=CIRCLE('',#5893,0.000500000000000007);
#278=CIRCLE('',#5896,0.000500000000000021);
#279=CIRCLE('',#5899,0.0005);
#280=CIRCLE('',#5901,0.000499999999999987);
#281=CIRCLE('',#5904,0.000499999999999987);
#282=CIRCLE('',#5907,0.0005);
#283=CIRCLE('',#5910,0.0005);
#284=CIRCLE('',#5912,0.0005);
#285=CIRCLE('',#5915,0.0005);
#286=CIRCLE('',#5918,0.0005);
#287=CIRCLE('',#5921,0.0005);
#288=CIRCLE('',#5923,0.000499999999999987);
#289=CIRCLE('',#5926,0.0005);
#290=CIRCLE('',#5929,0.0005);
#291=CIRCLE('',#5932,0.000499999999999987);
#292=CIRCLE('',#5934,0.00049999999999998);
#293=CIRCLE('',#5937,0.0005);
#294=CIRCLE('',#5940,0.000500000000000014);
#295=CIRCLE('',#5943,0.000499999999999994);
#296=CIRCLE('',#5945,0.0005);
#297=CIRCLE('',#5948,0.000500000000000021);
#298=CIRCLE('',#5951,0.000500000000000035);
#299=CIRCLE('',#5954,0.000500000000000014);
#300=CIRCLE('',#5956,0.0005);
#301=CIRCLE('',#5959,0.0005);
#302=CIRCLE('',#5962,0.000500000000000014);
#303=CIRCLE('',#5965,0.000500000000000014);
#304=CIRCLE('',#5967,0.0005);
#305=CIRCLE('',#5970,0.0005);
#306=CIRCLE('',#5973,0.0005);
#307=CIRCLE('',#5976,0.0005);
#308=CIRCLE('',#5978,0.00049999999999999);
#309=CIRCLE('',#5981,0.0005);
#310=CIRCLE('',#5984,0.0005);
#311=CIRCLE('',#5987,0.000499999999999987);
#312=CIRCLE('',#6014,0.002);
#313=CIRCLE('',#6017,0.002);
#314=CIRCLE('',#6019,0.002);
#315=CIRCLE('',#6023,0.002);
#316=CIRCLE('',#6026,0.002);
#317=CIRCLE('',#6028,0.002);
#318=CIRCLE('',#6030,0.002);
#319=CIRCLE('',#6032,0.002);
#320=CIRCLE('',#6036,0.002);
#321=CYLINDRICAL_SURFACE('',#5479,0.006);
#322=CYLINDRICAL_SURFACE('',#5484,0.00535501629530903);
#323=CYLINDRICAL_SURFACE('',#5488,0.00535501983624007);
#324=CYLINDRICAL_SURFACE('',#5492,0.00535501629530902);
#325=CYLINDRICAL_SURFACE('',#5496,0.00599999842259399);
#326=CYLINDRICAL_SURFACE('',#5500,0.00599999850585001);
#327=CYLINDRICAL_SURFACE('',#5505,0.00599999850585002);
#328=CYLINDRICAL_SURFACE('',#5509,0.00602566067735898);
#329=CYLINDRICAL_SURFACE('',#5527,0.0015);
#330=CYLINDRICAL_SURFACE('',#5528,0.0015);
#331=CYLINDRICAL_SURFACE('',#5529,0.0015);
#332=CYLINDRICAL_SURFACE('',#5530,0.0015);
#333=CYLINDRICAL_SURFACE('',#5531,0.0015);
#334=CYLINDRICAL_SURFACE('',#5532,0.0015);
#335=CYLINDRICAL_SURFACE('',#5536,0.00315505273174701);
#336=CYLINDRICAL_SURFACE('',#5541,0.00399999850585002);
#337=CYLINDRICAL_SURFACE('',#5548,0.00399999850585001);
#338=CYLINDRICAL_SURFACE('',#5552,0.002);
#339=CYLINDRICAL_SURFACE('',#5555,0.002);
#340=CYLINDRICAL_SURFACE('',#5558,0.002);
#341=CYLINDRICAL_SURFACE('',#5658,0.0011);
#342=CYLINDRICAL_SURFACE('',#5660,0.0011);
#343=CYLINDRICAL_SURFACE('',#5662,0.0011);
#344=CYLINDRICAL_SURFACE('',#5664,0.0011);
#345=CYLINDRICAL_SURFACE('',#5666,0.0011);
#346=CYLINDRICAL_SURFACE('',#5668,0.0011);
#347=CYLINDRICAL_SURFACE('',#5698,0.006);
#348=CYLINDRICAL_SURFACE('',#5703,0.00535501629530903);
#349=CYLINDRICAL_SURFACE('',#5707,0.00535501983624007);
#350=CYLINDRICAL_SURFACE('',#5711,0.00535501629530902);
#351=CYLINDRICAL_SURFACE('',#5715,0.00599999842259399);
#352=CYLINDRICAL_SURFACE('',#5719,0.00599999850585001);
#353=CYLINDRICAL_SURFACE('',#5724,0.00599999850585002);
#354=CYLINDRICAL_SURFACE('',#5728,0.00602566067735898);
#355=CYLINDRICAL_SURFACE('',#5732,0.00199999850585);
#356=CYLINDRICAL_SURFACE('',#5735,0.002025660677359);
#357=CYLINDRICAL_SURFACE('',#5738,0.00199999850585);
#358=CYLINDRICAL_SURFACE('',#5741,0.00199999850585);
#359=CYLINDRICAL_SURFACE('',#5744,0.00199999850585);
#360=CYLINDRICAL_SURFACE('',#5747,0.001999998422594);
#361=CYLINDRICAL_SURFACE('',#5750,0.001355016295309);
#362=CYLINDRICAL_SURFACE('',#5753,0.00135501983624);
#363=CYLINDRICAL_SURFACE('',#5756,0.001355016295309);
#364=CYLINDRICAL_SURFACE('',#5759,0.001155052731747);
#365=CYLINDRICAL_SURFACE('',#5762,0.002);
#366=CYLINDRICAL_SURFACE('',#5772,0.0015);
#367=CYLINDRICAL_SURFACE('',#5773,0.0015);
#368=CYLINDRICAL_SURFACE('',#5774,0.0015);
#369=CYLINDRICAL_SURFACE('',#5775,0.0015);
#370=CYLINDRICAL_SURFACE('',#5776,0.0015);
#371=CYLINDRICAL_SURFACE('',#5777,0.0015);
#372=CYLINDRICAL_SURFACE('',#5778,0.002);
#373=CYLINDRICAL_SURFACE('',#5780,0.002);
#374=CYLINDRICAL_SURFACE('',#5782,0.002);
#375=CYLINDRICAL_SURFACE('',#5784,0.002);
#376=CYLINDRICAL_SURFACE('',#5786,0.002);
#377=CYLINDRICAL_SURFACE('',#5788,0.002);
#378=CYLINDRICAL_SURFACE('',#5790,0.002);
#379=CYLINDRICAL_SURFACE('',#5792,0.002);
#380=CYLINDRICAL_SURFACE('',#5794,0.002);
#381=CYLINDRICAL_SURFACE('',#5796,0.002);
#382=CYLINDRICAL_SURFACE('',#5798,0.002);
#383=CYLINDRICAL_SURFACE('',#5800,0.002);
#384=CYLINDRICAL_SURFACE('',#5802,0.002);
#385=CYLINDRICAL_SURFACE('',#5812,0.0005);
#386=CYLINDRICAL_SURFACE('',#5815,0.000500000000000028);
#387=CYLINDRICAL_SURFACE('',#5818,0.000500000000000028);
#388=CYLINDRICAL_SURFACE('',#5821,0.0005);
#389=CYLINDRICAL_SURFACE('',#5823,0.00049999999999998);
#390=CYLINDRICAL_SURFACE('',#5826,0.000516083332522408);
#391=CYLINDRICAL_SURFACE('',#5829,0.000500000000000032);
#392=CYLINDRICAL_SURFACE('',#5832,0.00049999999999998);
#393=CYLINDRICAL_SURFACE('',#5834,0.0005);
#394=CYLINDRICAL_SURFACE('',#5837,0.000500000000000021);
#395=CYLINDRICAL_SURFACE('',#5840,0.000500000000000021);
#396=CYLINDRICAL_SURFACE('',#5843,0.0005);
#397=CYLINDRICAL_SURFACE('',#5845,0.0005);
#398=CYLINDRICAL_SURFACE('',#5848,0.0005);
#399=CYLINDRICAL_SURFACE('',#5851,0.0005);
#400=CYLINDRICAL_SURFACE('',#5854,0.0005);
#401=CYLINDRICAL_SURFACE('',#5856,0.000499999999999987);
#402=CYLINDRICAL_SURFACE('',#5859,0.000499999999999987);
#403=CYLINDRICAL_SURFACE('',#5862,0.0005);
#404=CYLINDRICAL_SURFACE('',#5865,0.0005);
#405=CYLINDRICAL_SURFACE('',#5867,0.000499999999999973);
#406=CYLINDRICAL_SURFACE('',#5870,0.000499999999999987);
#407=CYLINDRICAL_SURFACE('',#5873,0.0005);
#408=CYLINDRICAL_SURFACE('',#5876,0.000499999999999987);
#409=CYLINDRICAL_SURFACE('',#5878,0.000499999999999966);
#410=CYLINDRICAL_SURFACE('',#5881,0.000499999999999987);
#411=CYLINDRICAL_SURFACE('',#5884,0.0005);
#412=CYLINDRICAL_SURFACE('',#5887,0.00049999999999998);
#413=CYLINDRICAL_SURFACE('',#5889,0.000499999999999987);
#414=CYLINDRICAL_SURFACE('',#5892,0.000500000000000007);
#415=CYLINDRICAL_SURFACE('',#5895,0.000500000000000021);
#416=CYLINDRICAL_SURFACE('',#5898,0.0005);
#417=CYLINDRICAL_SURFACE('',#5900,0.000499999999999987);
#418=CYLINDRICAL_SURFACE('',#5903,0.000499999999999987);
#419=CYLINDRICAL_SURFACE('',#5906,0.0005);
#420=CYLINDRICAL_SURFACE('',#5909,0.0005);
#421=CYLINDRICAL_SURFACE('',#5911,0.0005);
#422=CYLINDRICAL_SURFACE('',#5914,0.0005);
#423=CYLINDRICAL_SURFACE('',#5917,0.0005);
#424=CYLINDRICAL_SURFACE('',#5920,0.0005);
#425=CYLINDRICAL_SURFACE('',#5922,0.000499999999999987);
#426=CYLINDRICAL_SURFACE('',#5925,0.0005);
#427=CYLINDRICAL_SURFACE('',#5928,0.0005);
#428=CYLINDRICAL_SURFACE('',#5931,0.000499999999999987);
#429=CYLINDRICAL_SURFACE('',#5933,0.00049999999999998);
#430=CYLINDRICAL_SURFACE('',#5936,0.0005);
#431=CYLINDRICAL_SURFACE('',#5939,0.000500000000000014);
#432=CYLINDRICAL_SURFACE('',#5942,0.000499999999999994);
#433=CYLINDRICAL_SURFACE('',#5944,0.0005);
#434=CYLINDRICAL_SURFACE('',#5947,0.000500000000000021);
#435=CYLINDRICAL_SURFACE('',#5950,0.000500000000000035);
#436=CYLINDRICAL_SURFACE('',#5953,0.000500000000000014);
#437=CYLINDRICAL_SURFACE('',#5955,0.0005);
#438=CYLINDRICAL_SURFACE('',#5958,0.0005);
#439=CYLINDRICAL_SURFACE('',#5961,0.000500000000000014);
#440=CYLINDRICAL_SURFACE('',#5964,0.000500000000000014);
#441=CYLINDRICAL_SURFACE('',#5966,0.0005);
#442=CYLINDRICAL_SURFACE('',#5969,0.0005);
#443=CYLINDRICAL_SURFACE('',#5972,0.0005);
#444=CYLINDRICAL_SURFACE('',#5975,0.0005);
#445=CYLINDRICAL_SURFACE('',#5977,0.00049999999999999);
#446=CYLINDRICAL_SURFACE('',#5980,0.0005);
#447=CYLINDRICAL_SURFACE('',#5983,0.0005);
#448=CYLINDRICAL_SURFACE('',#5986,0.000499999999999987);
#449=CYLINDRICAL_SURFACE('',#6006,0.002);
#450=CYLINDRICAL_SURFACE('',#6007,0.002);
#451=CYLINDRICAL_SURFACE('',#6010,0.002);
#452=CYLINDRICAL_SURFACE('',#6012,0.002);
#453=CYLINDRICAL_SURFACE('',#6013,0.002);
#454=CYLINDRICAL_SURFACE('',#6018,0.002);
#455=CYLINDRICAL_SURFACE('',#6020,0.002);
#456=CYLINDRICAL_SURFACE('',#6024,0.002);
#457=CYLINDRICAL_SURFACE('',#6025,0.002);
#458=CYLINDRICAL_SURFACE('',#6031,0.002);
#459=CYLINDRICAL_SURFACE('',#6033,0.002);
#460=CYLINDRICAL_SURFACE('',#6037,0.002);
#461=ORIENTED_EDGE('',*,*,#2041,.T.);
#462=ORIENTED_EDGE('',*,*,#2042,.F.);
#463=ORIENTED_EDGE('',*,*,#2043,.F.);
#464=ORIENTED_EDGE('',*,*,#2044,.T.);
#465=ORIENTED_EDGE('',*,*,#2045,.T.);
#466=ORIENTED_EDGE('',*,*,#2046,.F.);
#467=ORIENTED_EDGE('',*,*,#2047,.F.);
#468=ORIENTED_EDGE('',*,*,#2042,.T.);
#469=ORIENTED_EDGE('',*,*,#2048,.T.);
#470=ORIENTED_EDGE('',*,*,#2049,.F.);
#471=ORIENTED_EDGE('',*,*,#2050,.F.);
#472=ORIENTED_EDGE('',*,*,#2046,.T.);
#473=ORIENTED_EDGE('',*,*,#2051,.T.);
#474=ORIENTED_EDGE('',*,*,#2052,.F.);
#475=ORIENTED_EDGE('',*,*,#2053,.F.);
#476=ORIENTED_EDGE('',*,*,#2049,.T.);
#477=ORIENTED_EDGE('',*,*,#2054,.T.);
#478=ORIENTED_EDGE('',*,*,#2055,.F.);
#479=ORIENTED_EDGE('',*,*,#2056,.F.);
#480=ORIENTED_EDGE('',*,*,#2052,.T.);
#481=ORIENTED_EDGE('',*,*,#2057,.T.);
#482=ORIENTED_EDGE('',*,*,#2058,.F.);
#483=ORIENTED_EDGE('',*,*,#2059,.F.);
#484=ORIENTED_EDGE('',*,*,#2055,.T.);
#485=ORIENTED_EDGE('',*,*,#2060,.T.);
#486=ORIENTED_EDGE('',*,*,#2061,.F.);
#487=ORIENTED_EDGE('',*,*,#2062,.F.);
#488=ORIENTED_EDGE('',*,*,#2058,.T.);
#489=ORIENTED_EDGE('',*,*,#2063,.T.);
#490=ORIENTED_EDGE('',*,*,#2064,.F.);
#491=ORIENTED_EDGE('',*,*,#2065,.F.);
#492=ORIENTED_EDGE('',*,*,#2061,.T.);
#493=ORIENTED_EDGE('',*,*,#2066,.T.);
#494=ORIENTED_EDGE('',*,*,#2067,.F.);
#495=ORIENTED_EDGE('',*,*,#2068,.F.);
#496=ORIENTED_EDGE('',*,*,#2064,.T.);
#497=ORIENTED_EDGE('',*,*,#2069,.T.);
#498=ORIENTED_EDGE('',*,*,#2070,.F.);
#499=ORIENTED_EDGE('',*,*,#2071,.F.);
#500=ORIENTED_EDGE('',*,*,#2067,.T.);
#501=ORIENTED_EDGE('',*,*,#2072,.T.);
#502=ORIENTED_EDGE('',*,*,#2073,.F.);
#503=ORIENTED_EDGE('',*,*,#2074,.F.);
#504=ORIENTED_EDGE('',*,*,#2070,.T.);
#505=ORIENTED_EDGE('',*,*,#2075,.T.);
#506=ORIENTED_EDGE('',*,*,#2076,.F.);
#507=ORIENTED_EDGE('',*,*,#2077,.F.);
#508=ORIENTED_EDGE('',*,*,#2073,.T.);
#509=ORIENTED_EDGE('',*,*,#2078,.T.);
#510=ORIENTED_EDGE('',*,*,#2079,.F.);
#511=ORIENTED_EDGE('',*,*,#2080,.F.);
#512=ORIENTED_EDGE('',*,*,#2076,.T.);
#513=ORIENTED_EDGE('',*,*,#2081,.T.);
#514=ORIENTED_EDGE('',*,*,#2082,.F.);
#515=ORIENTED_EDGE('',*,*,#2083,.F.);
#516=ORIENTED_EDGE('',*,*,#2079,.T.);
#517=ORIENTED_EDGE('',*,*,#2084,.T.);
#518=ORIENTED_EDGE('',*,*,#2085,.F.);
#519=ORIENTED_EDGE('',*,*,#2086,.F.);
#520=ORIENTED_EDGE('',*,*,#2082,.T.);
#521=ORIENTED_EDGE('',*,*,#2087,.T.);
#522=ORIENTED_EDGE('',*,*,#2088,.F.);
#523=ORIENTED_EDGE('',*,*,#2089,.F.);
#524=ORIENTED_EDGE('',*,*,#2085,.T.);
#525=ORIENTED_EDGE('',*,*,#2090,.T.);
#526=ORIENTED_EDGE('',*,*,#2091,.F.);
#527=ORIENTED_EDGE('',*,*,#2092,.F.);
#528=ORIENTED_EDGE('',*,*,#2088,.T.);
#529=ORIENTED_EDGE('',*,*,#2093,.T.);
#530=ORIENTED_EDGE('',*,*,#2094,.F.);
#531=ORIENTED_EDGE('',*,*,#2095,.F.);
#532=ORIENTED_EDGE('',*,*,#2091,.T.);
#533=ORIENTED_EDGE('',*,*,#2096,.T.);
#534=ORIENTED_EDGE('',*,*,#2044,.F.);
#535=ORIENTED_EDGE('',*,*,#2097,.F.);
#536=ORIENTED_EDGE('',*,*,#2094,.T.);
#537=ORIENTED_EDGE('',*,*,#2098,.F.);
#538=ORIENTED_EDGE('',*,*,#2099,.F.);
#539=ORIENTED_EDGE('',*,*,#2100,.F.);
#540=ORIENTED_EDGE('',*,*,#2101,.F.);
#541=ORIENTED_EDGE('',*,*,#2102,.F.);
#542=ORIENTED_EDGE('',*,*,#2103,.F.);
#543=ORIENTED_EDGE('',*,*,#2043,.T.);
#544=ORIENTED_EDGE('',*,*,#2047,.T.);
#545=ORIENTED_EDGE('',*,*,#2050,.T.);
#546=ORIENTED_EDGE('',*,*,#2053,.T.);
#547=ORIENTED_EDGE('',*,*,#2056,.T.);
#548=ORIENTED_EDGE('',*,*,#2059,.T.);
#549=ORIENTED_EDGE('',*,*,#2062,.T.);
#550=ORIENTED_EDGE('',*,*,#2065,.T.);
#551=ORIENTED_EDGE('',*,*,#2068,.T.);
#552=ORIENTED_EDGE('',*,*,#2071,.T.);
#553=ORIENTED_EDGE('',*,*,#2074,.T.);
#554=ORIENTED_EDGE('',*,*,#2077,.T.);
#555=ORIENTED_EDGE('',*,*,#2080,.T.);
#556=ORIENTED_EDGE('',*,*,#2083,.T.);
#557=ORIENTED_EDGE('',*,*,#2086,.T.);
#558=ORIENTED_EDGE('',*,*,#2089,.T.);
#559=ORIENTED_EDGE('',*,*,#2092,.T.);
#560=ORIENTED_EDGE('',*,*,#2095,.T.);
#561=ORIENTED_EDGE('',*,*,#2097,.T.);
#562=ORIENTED_EDGE('',*,*,#2104,.T.);
#563=ORIENTED_EDGE('',*,*,#2105,.T.);
#564=ORIENTED_EDGE('',*,*,#2106,.T.);
#565=ORIENTED_EDGE('',*,*,#2107,.T.);
#566=ORIENTED_EDGE('',*,*,#2108,.T.);
#567=ORIENTED_EDGE('',*,*,#2109,.T.);
#568=ORIENTED_EDGE('',*,*,#2041,.F.);
#569=ORIENTED_EDGE('',*,*,#2096,.F.);
#570=ORIENTED_EDGE('',*,*,#2093,.F.);
#571=ORIENTED_EDGE('',*,*,#2090,.F.);
#572=ORIENTED_EDGE('',*,*,#2087,.F.);
#573=ORIENTED_EDGE('',*,*,#2084,.F.);
#574=ORIENTED_EDGE('',*,*,#2081,.F.);
#575=ORIENTED_EDGE('',*,*,#2078,.F.);
#576=ORIENTED_EDGE('',*,*,#2075,.F.);
#577=ORIENTED_EDGE('',*,*,#2072,.F.);
#578=ORIENTED_EDGE('',*,*,#2069,.F.);
#579=ORIENTED_EDGE('',*,*,#2066,.F.);
#580=ORIENTED_EDGE('',*,*,#2063,.F.);
#581=ORIENTED_EDGE('',*,*,#2060,.F.);
#582=ORIENTED_EDGE('',*,*,#2057,.F.);
#583=ORIENTED_EDGE('',*,*,#2054,.F.);
#584=ORIENTED_EDGE('',*,*,#2051,.F.);
#585=ORIENTED_EDGE('',*,*,#2048,.F.);
#586=ORIENTED_EDGE('',*,*,#2045,.F.);
#587=ORIENTED_EDGE('',*,*,#2103,.T.);
#588=ORIENTED_EDGE('',*,*,#2109,.F.);
#589=ORIENTED_EDGE('',*,*,#2102,.T.);
#590=ORIENTED_EDGE('',*,*,#2108,.F.);
#591=ORIENTED_EDGE('',*,*,#2101,.T.);
#592=ORIENTED_EDGE('',*,*,#2107,.F.);
#593=ORIENTED_EDGE('',*,*,#2100,.T.);
#594=ORIENTED_EDGE('',*,*,#2106,.F.);
#595=ORIENTED_EDGE('',*,*,#2099,.T.);
#596=ORIENTED_EDGE('',*,*,#2105,.F.);
#597=ORIENTED_EDGE('',*,*,#2098,.T.);
#598=ORIENTED_EDGE('',*,*,#2104,.F.);
#599=ORIENTED_EDGE('',*,*,#2110,.T.);
#600=ORIENTED_EDGE('',*,*,#2111,.F.);
#601=ORIENTED_EDGE('',*,*,#2112,.T.);
#602=ORIENTED_EDGE('',*,*,#2113,.T.);
#603=ORIENTED_EDGE('',*,*,#2114,.T.);
#604=ORIENTED_EDGE('',*,*,#2115,.F.);
#605=ORIENTED_EDGE('',*,*,#2116,.F.);
#606=ORIENTED_EDGE('',*,*,#2117,.T.);
#607=ORIENTED_EDGE('',*,*,#2116,.T.);
#608=ORIENTED_EDGE('',*,*,#2118,.F.);
#609=ORIENTED_EDGE('',*,*,#2119,.F.);
#610=ORIENTED_EDGE('',*,*,#2120,.T.);
#611=ORIENTED_EDGE('',*,*,#2119,.T.);
#612=ORIENTED_EDGE('',*,*,#2121,.F.);
#613=ORIENTED_EDGE('',*,*,#2122,.T.);
#614=ORIENTED_EDGE('',*,*,#2123,.T.);
#615=ORIENTED_EDGE('',*,*,#2124,.T.);
#616=ORIENTED_EDGE('',*,*,#2125,.F.);
#617=ORIENTED_EDGE('',*,*,#2126,.F.);
#618=ORIENTED_EDGE('',*,*,#2127,.T.);
#619=ORIENTED_EDGE('',*,*,#2126,.T.);
#620=ORIENTED_EDGE('',*,*,#2128,.F.);
#621=ORIENTED_EDGE('',*,*,#2129,.F.);
#622=ORIENTED_EDGE('',*,*,#2130,.T.);
#623=ORIENTED_EDGE('',*,*,#2129,.T.);
#624=ORIENTED_EDGE('',*,*,#2131,.F.);
#625=ORIENTED_EDGE('',*,*,#2132,.T.);
#626=ORIENTED_EDGE('',*,*,#2133,.T.);
#627=ORIENTED_EDGE('',*,*,#2134,.F.);
#628=ORIENTED_EDGE('',*,*,#2135,.T.);
#629=ORIENTED_EDGE('',*,*,#2136,.F.);
#630=ORIENTED_EDGE('',*,*,#2137,.T.);
#631=ORIENTED_EDGE('',*,*,#2138,.F.);
#632=ORIENTED_EDGE('',*,*,#2139,.T.);
#633=ORIENTED_EDGE('',*,*,#2140,.F.);
#634=ORIENTED_EDGE('',*,*,#2141,.T.);
#635=ORIENTED_EDGE('',*,*,#2142,.F.);
#636=ORIENTED_EDGE('',*,*,#2143,.T.);
#637=ORIENTED_EDGE('',*,*,#2144,.F.);
#638=ORIENTED_EDGE('',*,*,#2145,.T.);
#639=ORIENTED_EDGE('',*,*,#2146,.T.);
#640=ORIENTED_EDGE('',*,*,#2147,.F.);
#641=ORIENTED_EDGE('',*,*,#2148,.F.);
#642=ORIENTED_EDGE('',*,*,#2149,.T.);
#643=ORIENTED_EDGE('',*,*,#2148,.T.);
#644=ORIENTED_EDGE('',*,*,#2150,.F.);
#645=ORIENTED_EDGE('',*,*,#2151,.T.);
#646=ORIENTED_EDGE('',*,*,#2152,.T.);
#647=ORIENTED_EDGE('',*,*,#2139,.F.);
#648=ORIENTED_EDGE('',*,*,#2153,.F.);
#649=ORIENTED_EDGE('',*,*,#2145,.F.);
#650=ORIENTED_EDGE('',*,*,#2154,.F.);
#651=ORIENTED_EDGE('',*,*,#2135,.F.);
#652=ORIENTED_EDGE('',*,*,#2155,.F.);
#653=ORIENTED_EDGE('',*,*,#2141,.F.);
#654=ORIENTED_EDGE('',*,*,#2156,.F.);
#655=ORIENTED_EDGE('',*,*,#2112,.F.);
#656=ORIENTED_EDGE('',*,*,#2157,.F.);
#657=ORIENTED_EDGE('',*,*,#2158,.F.);
#658=ORIENTED_EDGE('',*,*,#2159,.F.);
#659=ORIENTED_EDGE('',*,*,#2160,.F.);
#660=ORIENTED_EDGE('',*,*,#2161,.T.);
#661=ORIENTED_EDGE('',*,*,#2162,.T.);
#662=ORIENTED_EDGE('',*,*,#2163,.T.);
#663=ORIENTED_EDGE('',*,*,#2164,.T.);
#664=ORIENTED_EDGE('',*,*,#2165,.T.);
#665=ORIENTED_EDGE('',*,*,#2166,.T.);
#666=ORIENTED_EDGE('',*,*,#2167,.T.);
#667=ORIENTED_EDGE('',*,*,#2168,.T.);
#668=ORIENTED_EDGE('',*,*,#2169,.T.);
#669=ORIENTED_EDGE('',*,*,#2170,.T.);
#670=ORIENTED_EDGE('',*,*,#2171,.T.);
#671=ORIENTED_EDGE('',*,*,#2172,.F.);
#672=ORIENTED_EDGE('',*,*,#2173,.T.);
#673=ORIENTED_EDGE('',*,*,#2174,.T.);
#674=ORIENTED_EDGE('',*,*,#2175,.T.);
#675=ORIENTED_EDGE('',*,*,#2176,.T.);
#676=ORIENTED_EDGE('',*,*,#2177,.F.);
#677=ORIENTED_EDGE('',*,*,#2178,.T.);
#678=ORIENTED_EDGE('',*,*,#2179,.T.);
#679=ORIENTED_EDGE('',*,*,#2180,.T.);
#680=ORIENTED_EDGE('',*,*,#2181,.F.);
#681=ORIENTED_EDGE('',*,*,#2182,.T.);
#682=ORIENTED_EDGE('',*,*,#2183,.T.);
#683=ORIENTED_EDGE('',*,*,#2184,.T.);
#684=ORIENTED_EDGE('',*,*,#2185,.F.);
#685=ORIENTED_EDGE('',*,*,#2186,.T.);
#686=ORIENTED_EDGE('',*,*,#2187,.T.);
#687=ORIENTED_EDGE('',*,*,#2188,.T.);
#688=ORIENTED_EDGE('',*,*,#2189,.F.);
#689=ORIENTED_EDGE('',*,*,#2190,.F.);
#690=ORIENTED_EDGE('',*,*,#2191,.T.);
#691=ORIENTED_EDGE('',*,*,#2192,.T.);
#692=ORIENTED_EDGE('',*,*,#2193,.F.);
#693=ORIENTED_EDGE('',*,*,#2194,.T.);
#694=ORIENTED_EDGE('',*,*,#2195,.T.);
#695=ORIENTED_EDGE('',*,*,#2196,.T.);
#696=ORIENTED_EDGE('',*,*,#2197,.T.);
#697=ORIENTED_EDGE('',*,*,#2198,.T.);
#698=ORIENTED_EDGE('',*,*,#2199,.T.);
#699=ORIENTED_EDGE('',*,*,#2200,.T.);
#700=ORIENTED_EDGE('',*,*,#2201,.F.);
#701=ORIENTED_EDGE('',*,*,#2202,.T.);
#702=ORIENTED_EDGE('',*,*,#2203,.F.);
#703=ORIENTED_EDGE('',*,*,#2204,.T.);
#704=ORIENTED_EDGE('',*,*,#2205,.F.);
#705=ORIENTED_EDGE('',*,*,#2206,.T.);
#706=ORIENTED_EDGE('',*,*,#2207,.F.);
#707=ORIENTED_EDGE('',*,*,#2208,.F.);
#708=ORIENTED_EDGE('',*,*,#2209,.F.);
#709=ORIENTED_EDGE('',*,*,#2210,.F.);
#710=ORIENTED_EDGE('',*,*,#2211,.F.);
#711=ORIENTED_EDGE('',*,*,#2212,.T.);
#712=ORIENTED_EDGE('',*,*,#2213,.F.);
#713=ORIENTED_EDGE('',*,*,#2214,.T.);
#714=ORIENTED_EDGE('',*,*,#2215,.F.);
#715=ORIENTED_EDGE('',*,*,#2216,.F.);
#716=ORIENTED_EDGE('',*,*,#2217,.F.);
#717=ORIENTED_EDGE('',*,*,#2218,.F.);
#718=ORIENTED_EDGE('',*,*,#2219,.F.);
#719=ORIENTED_EDGE('',*,*,#2220,.T.);
#720=ORIENTED_EDGE('',*,*,#2221,.F.);
#721=ORIENTED_EDGE('',*,*,#2222,.T.);
#722=ORIENTED_EDGE('',*,*,#2223,.F.);
#723=ORIENTED_EDGE('',*,*,#2224,.F.);
#724=ORIENTED_EDGE('',*,*,#2225,.F.);
#725=ORIENTED_EDGE('',*,*,#2226,.F.);
#726=ORIENTED_EDGE('',*,*,#2227,.F.);
#727=ORIENTED_EDGE('',*,*,#2228,.T.);
#728=ORIENTED_EDGE('',*,*,#2229,.F.);
#729=ORIENTED_EDGE('',*,*,#2230,.T.);
#730=ORIENTED_EDGE('',*,*,#2231,.F.);
#731=ORIENTED_EDGE('',*,*,#2232,.F.);
#732=ORIENTED_EDGE('',*,*,#2233,.F.);
#733=ORIENTED_EDGE('',*,*,#2234,.F.);
#734=ORIENTED_EDGE('',*,*,#2235,.F.);
#735=ORIENTED_EDGE('',*,*,#2236,.T.);
#736=ORIENTED_EDGE('',*,*,#2237,.F.);
#737=ORIENTED_EDGE('',*,*,#2238,.T.);
#738=ORIENTED_EDGE('',*,*,#2239,.F.);
#739=ORIENTED_EDGE('',*,*,#2240,.F.);
#740=ORIENTED_EDGE('',*,*,#2241,.F.);
#741=ORIENTED_EDGE('',*,*,#2242,.F.);
#742=ORIENTED_EDGE('',*,*,#2243,.F.);
#743=ORIENTED_EDGE('',*,*,#2244,.T.);
#744=ORIENTED_EDGE('',*,*,#2245,.F.);
#745=ORIENTED_EDGE('',*,*,#2246,.T.);
#746=ORIENTED_EDGE('',*,*,#2247,.F.);
#747=ORIENTED_EDGE('',*,*,#2248,.F.);
#748=ORIENTED_EDGE('',*,*,#2249,.F.);
#749=ORIENTED_EDGE('',*,*,#2250,.F.);
#750=ORIENTED_EDGE('',*,*,#2251,.F.);
#751=ORIENTED_EDGE('',*,*,#2252,.T.);
#752=ORIENTED_EDGE('',*,*,#2253,.F.);
#753=ORIENTED_EDGE('',*,*,#2254,.T.);
#754=ORIENTED_EDGE('',*,*,#2255,.F.);
#755=ORIENTED_EDGE('',*,*,#2256,.F.);
#756=ORIENTED_EDGE('',*,*,#2257,.F.);
#757=ORIENTED_EDGE('',*,*,#2258,.F.);
#758=ORIENTED_EDGE('',*,*,#2259,.F.);
#759=ORIENTED_EDGE('',*,*,#2260,.T.);
#760=ORIENTED_EDGE('',*,*,#2261,.F.);
#761=ORIENTED_EDGE('',*,*,#2262,.T.);
#762=ORIENTED_EDGE('',*,*,#2263,.F.);
#763=ORIENTED_EDGE('',*,*,#2264,.F.);
#764=ORIENTED_EDGE('',*,*,#2265,.F.);
#765=ORIENTED_EDGE('',*,*,#2266,.F.);
#766=ORIENTED_EDGE('',*,*,#2267,.F.);
#767=ORIENTED_EDGE('',*,*,#2268,.T.);
#768=ORIENTED_EDGE('',*,*,#2269,.F.);
#769=ORIENTED_EDGE('',*,*,#2270,.T.);
#770=ORIENTED_EDGE('',*,*,#2271,.F.);
#771=ORIENTED_EDGE('',*,*,#2272,.F.);
#772=ORIENTED_EDGE('',*,*,#2273,.F.);
#773=ORIENTED_EDGE('',*,*,#2274,.F.);
#774=ORIENTED_EDGE('',*,*,#2275,.F.);
#775=ORIENTED_EDGE('',*,*,#2276,.T.);
#776=ORIENTED_EDGE('',*,*,#2277,.F.);
#777=ORIENTED_EDGE('',*,*,#2278,.T.);
#778=ORIENTED_EDGE('',*,*,#2279,.F.);
#779=ORIENTED_EDGE('',*,*,#2280,.F.);
#780=ORIENTED_EDGE('',*,*,#2281,.F.);
#781=ORIENTED_EDGE('',*,*,#2282,.F.);
#782=ORIENTED_EDGE('',*,*,#2283,.F.);
#783=ORIENTED_EDGE('',*,*,#2284,.T.);
#784=ORIENTED_EDGE('',*,*,#2285,.F.);
#785=ORIENTED_EDGE('',*,*,#2286,.T.);
#786=ORIENTED_EDGE('',*,*,#2287,.F.);
#787=ORIENTED_EDGE('',*,*,#2288,.F.);
#788=ORIENTED_EDGE('',*,*,#2289,.F.);
#789=ORIENTED_EDGE('',*,*,#2290,.F.);
#790=ORIENTED_EDGE('',*,*,#2291,.F.);
#791=ORIENTED_EDGE('',*,*,#2292,.T.);
#792=ORIENTED_EDGE('',*,*,#2293,.F.);
#793=ORIENTED_EDGE('',*,*,#2294,.T.);
#794=ORIENTED_EDGE('',*,*,#2295,.F.);
#795=ORIENTED_EDGE('',*,*,#2296,.F.);
#796=ORIENTED_EDGE('',*,*,#2297,.F.);
#797=ORIENTED_EDGE('',*,*,#2298,.F.);
#798=ORIENTED_EDGE('',*,*,#2299,.F.);
#799=ORIENTED_EDGE('',*,*,#2300,.T.);
#800=ORIENTED_EDGE('',*,*,#2301,.F.);
#801=ORIENTED_EDGE('',*,*,#2302,.T.);
#802=ORIENTED_EDGE('',*,*,#2303,.F.);
#803=ORIENTED_EDGE('',*,*,#2304,.F.);
#804=ORIENTED_EDGE('',*,*,#2305,.F.);
#805=ORIENTED_EDGE('',*,*,#2306,.F.);
#806=ORIENTED_EDGE('',*,*,#2307,.F.);
#807=ORIENTED_EDGE('',*,*,#2308,.T.);
#808=ORIENTED_EDGE('',*,*,#2309,.F.);
#809=ORIENTED_EDGE('',*,*,#2310,.T.);
#810=ORIENTED_EDGE('',*,*,#2311,.F.);
#811=ORIENTED_EDGE('',*,*,#2312,.F.);
#812=ORIENTED_EDGE('',*,*,#2313,.F.);
#813=ORIENTED_EDGE('',*,*,#2314,.F.);
#814=ORIENTED_EDGE('',*,*,#2315,.F.);
#815=ORIENTED_EDGE('',*,*,#2316,.T.);
#816=ORIENTED_EDGE('',*,*,#2317,.F.);
#817=ORIENTED_EDGE('',*,*,#2318,.T.);
#818=ORIENTED_EDGE('',*,*,#2319,.F.);
#819=ORIENTED_EDGE('',*,*,#2320,.F.);
#820=ORIENTED_EDGE('',*,*,#2321,.F.);
#821=ORIENTED_EDGE('',*,*,#2322,.F.);
#822=ORIENTED_EDGE('',*,*,#2323,.F.);
#823=ORIENTED_EDGE('',*,*,#2324,.T.);
#824=ORIENTED_EDGE('',*,*,#2325,.F.);
#825=ORIENTED_EDGE('',*,*,#2326,.T.);
#826=ORIENTED_EDGE('',*,*,#2327,.F.);
#827=ORIENTED_EDGE('',*,*,#2328,.F.);
#828=ORIENTED_EDGE('',*,*,#2329,.F.);
#829=ORIENTED_EDGE('',*,*,#2330,.F.);
#830=ORIENTED_EDGE('',*,*,#2331,.F.);
#831=ORIENTED_EDGE('',*,*,#2332,.T.);
#832=ORIENTED_EDGE('',*,*,#2333,.T.);
#833=ORIENTED_EDGE('',*,*,#2334,.F.);
#834=ORIENTED_EDGE('',*,*,#2335,.T.);
#835=ORIENTED_EDGE('',*,*,#2336,.T.);
#836=ORIENTED_EDGE('',*,*,#2337,.T.);
#837=ORIENTED_EDGE('',*,*,#2338,.F.);
#838=ORIENTED_EDGE('',*,*,#2339,.F.);
#839=ORIENTED_EDGE('',*,*,#2340,.F.);
#840=ORIENTED_EDGE('',*,*,#2341,.T.);
#841=ORIENTED_EDGE('',*,*,#2342,.T.);
#842=ORIENTED_EDGE('',*,*,#2343,.F.);
#843=ORIENTED_EDGE('',*,*,#2344,.T.);
#844=ORIENTED_EDGE('',*,*,#2345,.T.);
#845=ORIENTED_EDGE('',*,*,#2346,.T.);
#846=ORIENTED_EDGE('',*,*,#2347,.F.);
#847=ORIENTED_EDGE('',*,*,#2348,.F.);
#848=ORIENTED_EDGE('',*,*,#2349,.T.);
#849=ORIENTED_EDGE('',*,*,#2350,.T.);
#850=ORIENTED_EDGE('',*,*,#2351,.F.);
#851=ORIENTED_EDGE('',*,*,#2352,.F.);
#852=ORIENTED_EDGE('',*,*,#2353,.T.);
#853=ORIENTED_EDGE('',*,*,#2354,.T.);
#854=ORIENTED_EDGE('',*,*,#2355,.F.);
#855=ORIENTED_EDGE('',*,*,#2356,.T.);
#856=ORIENTED_EDGE('',*,*,#2357,.T.);
#857=ORIENTED_EDGE('',*,*,#2352,.T.);
#858=ORIENTED_EDGE('',*,*,#2358,.F.);
#859=ORIENTED_EDGE('',*,*,#2359,.T.);
#860=ORIENTED_EDGE('',*,*,#2360,.T.);
#861=ORIENTED_EDGE('',*,*,#2361,.T.);
#862=ORIENTED_EDGE('',*,*,#2362,.T.);
#863=ORIENTED_EDGE('',*,*,#2165,.F.);
#864=ORIENTED_EDGE('',*,*,#2363,.T.);
#865=ORIENTED_EDGE('',*,*,#2166,.F.);
#866=ORIENTED_EDGE('',*,*,#2364,.T.);
#867=ORIENTED_EDGE('',*,*,#2167,.F.);
#868=ORIENTED_EDGE('',*,*,#2365,.T.);
#869=ORIENTED_EDGE('',*,*,#2168,.F.);
#870=ORIENTED_EDGE('',*,*,#2366,.T.);
#871=ORIENTED_EDGE('',*,*,#2169,.F.);
#872=ORIENTED_EDGE('',*,*,#2367,.T.);
#873=ORIENTED_EDGE('',*,*,#2164,.F.);
#874=ORIENTED_EDGE('',*,*,#2368,.F.);
#875=ORIENTED_EDGE('',*,*,#2369,.T.);
#876=ORIENTED_EDGE('',*,*,#2370,.T.);
#877=ORIENTED_EDGE('',*,*,#2371,.T.);
#878=ORIENTED_EDGE('',*,*,#2372,.F.);
#879=ORIENTED_EDGE('',*,*,#2373,.T.);
#880=ORIENTED_EDGE('',*,*,#2374,.T.);
#881=ORIENTED_EDGE('',*,*,#2375,.T.);
#882=ORIENTED_EDGE('',*,*,#2376,.T.);
#883=ORIENTED_EDGE('',*,*,#2377,.T.);
#884=ORIENTED_EDGE('',*,*,#2378,.T.);
#885=ORIENTED_EDGE('',*,*,#2379,.T.);
#886=ORIENTED_EDGE('',*,*,#2380,.T.);
#887=ORIENTED_EDGE('',*,*,#2381,.T.);
#888=ORIENTED_EDGE('',*,*,#2382,.T.);
#889=ORIENTED_EDGE('',*,*,#2383,.T.);
#890=ORIENTED_EDGE('',*,*,#2384,.T.);
#891=ORIENTED_EDGE('',*,*,#2385,.T.);
#892=ORIENTED_EDGE('',*,*,#2386,.T.);
#893=ORIENTED_EDGE('',*,*,#2387,.T.);
#894=ORIENTED_EDGE('',*,*,#2388,.T.);
#895=ORIENTED_EDGE('',*,*,#2389,.T.);
#896=ORIENTED_EDGE('',*,*,#2390,.T.);
#897=ORIENTED_EDGE('',*,*,#2391,.T.);
#898=ORIENTED_EDGE('',*,*,#2392,.F.);
#899=ORIENTED_EDGE('',*,*,#2340,.T.);
#900=ORIENTED_EDGE('',*,*,#2393,.T.);
#901=ORIENTED_EDGE('',*,*,#2162,.F.);
#902=ORIENTED_EDGE('',*,*,#2394,.T.);
#903=ORIENTED_EDGE('',*,*,#2117,.F.);
#904=ORIENTED_EDGE('',*,*,#2120,.F.);
#905=ORIENTED_EDGE('',*,*,#2123,.F.);
#906=ORIENTED_EDGE('',*,*,#2395,.T.);
#907=ORIENTED_EDGE('',*,*,#2396,.T.);
#908=ORIENTED_EDGE('',*,*,#2397,.T.);
#909=ORIENTED_EDGE('',*,*,#2127,.F.);
#910=ORIENTED_EDGE('',*,*,#2130,.F.);
#911=ORIENTED_EDGE('',*,*,#2133,.F.);
#912=ORIENTED_EDGE('',*,*,#2398,.T.);
#913=ORIENTED_EDGE('',*,*,#2353,.F.);
#914=ORIENTED_EDGE('',*,*,#2357,.F.);
#915=ORIENTED_EDGE('',*,*,#2399,.T.);
#916=ORIENTED_EDGE('',*,*,#2136,.T.);
#917=ORIENTED_EDGE('',*,*,#2156,.T.);
#918=ORIENTED_EDGE('',*,*,#2140,.T.);
#919=ORIENTED_EDGE('',*,*,#2154,.T.);
#920=ORIENTED_EDGE('',*,*,#2144,.T.);
#921=ORIENTED_EDGE('',*,*,#2400,.T.);
#922=ORIENTED_EDGE('',*,*,#2149,.F.);
#923=ORIENTED_EDGE('',*,*,#2152,.F.);
#924=ORIENTED_EDGE('',*,*,#2401,.T.);
#925=ORIENTED_EDGE('',*,*,#2360,.F.);
#926=ORIENTED_EDGE('',*,*,#2402,.T.);
#927=ORIENTED_EDGE('',*,*,#2403,.T.);
#928=ORIENTED_EDGE('',*,*,#2404,.T.);
#929=ORIENTED_EDGE('',*,*,#2345,.F.);
#930=ORIENTED_EDGE('',*,*,#2405,.T.);
#931=ORIENTED_EDGE('',*,*,#2113,.F.);
#932=ORIENTED_EDGE('',*,*,#2159,.T.);
#933=ORIENTED_EDGE('',*,*,#2406,.T.);
#934=ORIENTED_EDGE('',*,*,#2349,.F.);
#935=ORIENTED_EDGE('',*,*,#2366,.F.);
#936=ORIENTED_EDGE('',*,*,#2365,.F.);
#937=ORIENTED_EDGE('',*,*,#2364,.F.);
#938=ORIENTED_EDGE('',*,*,#2363,.F.);
#939=ORIENTED_EDGE('',*,*,#2362,.F.);
#940=ORIENTED_EDGE('',*,*,#2367,.F.);
#941=ORIENTED_EDGE('',*,*,#2407,.F.);
#942=ORIENTED_EDGE('',*,*,#2408,.T.);
#943=ORIENTED_EDGE('',*,*,#2409,.T.);
#944=ORIENTED_EDGE('',*,*,#2410,.F.);
#945=ORIENTED_EDGE('',*,*,#2409,.F.);
#946=ORIENTED_EDGE('',*,*,#2411,.T.);
#947=ORIENTED_EDGE('',*,*,#2412,.T.);
#948=ORIENTED_EDGE('',*,*,#2413,.F.);
#949=ORIENTED_EDGE('',*,*,#2412,.F.);
#950=ORIENTED_EDGE('',*,*,#2414,.T.);
#951=ORIENTED_EDGE('',*,*,#2415,.T.);
#952=ORIENTED_EDGE('',*,*,#2416,.F.);
#953=ORIENTED_EDGE('',*,*,#2415,.F.);
#954=ORIENTED_EDGE('',*,*,#2417,.T.);
#955=ORIENTED_EDGE('',*,*,#2418,.T.);
#956=ORIENTED_EDGE('',*,*,#2419,.F.);
#957=ORIENTED_EDGE('',*,*,#2418,.F.);
#958=ORIENTED_EDGE('',*,*,#2420,.T.);
#959=ORIENTED_EDGE('',*,*,#2421,.T.);
#960=ORIENTED_EDGE('',*,*,#2422,.F.);
#961=ORIENTED_EDGE('',*,*,#2421,.F.);
#962=ORIENTED_EDGE('',*,*,#2423,.T.);
#963=ORIENTED_EDGE('',*,*,#2424,.F.);
#964=ORIENTED_EDGE('',*,*,#2425,.F.);
#965=ORIENTED_EDGE('',*,*,#2337,.F.);
#966=ORIENTED_EDGE('',*,*,#2426,.T.);
#967=ORIENTED_EDGE('',*,*,#2427,.T.);
#968=ORIENTED_EDGE('',*,*,#2428,.F.);
#969=ORIENTED_EDGE('',*,*,#2427,.F.);
#970=ORIENTED_EDGE('',*,*,#2429,.T.);
#971=ORIENTED_EDGE('',*,*,#2430,.T.);
#972=ORIENTED_EDGE('',*,*,#2431,.F.);
#973=ORIENTED_EDGE('',*,*,#2430,.F.);
#974=ORIENTED_EDGE('',*,*,#2432,.T.);
#975=ORIENTED_EDGE('',*,*,#2433,.T.);
#976=ORIENTED_EDGE('',*,*,#2434,.F.);
#977=ORIENTED_EDGE('',*,*,#2433,.F.);
#978=ORIENTED_EDGE('',*,*,#2435,.T.);
#979=ORIENTED_EDGE('',*,*,#2436,.T.);
#980=ORIENTED_EDGE('',*,*,#2437,.F.);
#981=ORIENTED_EDGE('',*,*,#2436,.F.);
#982=ORIENTED_EDGE('',*,*,#2438,.T.);
#983=ORIENTED_EDGE('',*,*,#2439,.T.);
#984=ORIENTED_EDGE('',*,*,#2440,.F.);
#985=ORIENTED_EDGE('',*,*,#2439,.F.);
#986=ORIENTED_EDGE('',*,*,#2441,.T.);
#987=ORIENTED_EDGE('',*,*,#2442,.T.);
#988=ORIENTED_EDGE('',*,*,#2443,.F.);
#989=ORIENTED_EDGE('',*,*,#2442,.F.);
#990=ORIENTED_EDGE('',*,*,#2444,.T.);
#991=ORIENTED_EDGE('',*,*,#2445,.T.);
#992=ORIENTED_EDGE('',*,*,#2446,.F.);
#993=ORIENTED_EDGE('',*,*,#2445,.F.);
#994=ORIENTED_EDGE('',*,*,#2447,.T.);
#995=ORIENTED_EDGE('',*,*,#2448,.T.);
#996=ORIENTED_EDGE('',*,*,#2449,.F.);
#997=ORIENTED_EDGE('',*,*,#2448,.F.);
#998=ORIENTED_EDGE('',*,*,#2450,.T.);
#999=ORIENTED_EDGE('',*,*,#2451,.T.);
#1000=ORIENTED_EDGE('',*,*,#2452,.F.);
#1001=ORIENTED_EDGE('',*,*,#2451,.F.);
#1002=ORIENTED_EDGE('',*,*,#2453,.T.);
#1003=ORIENTED_EDGE('',*,*,#2454,.T.);
#1004=ORIENTED_EDGE('',*,*,#2455,.F.);
#1005=ORIENTED_EDGE('',*,*,#2454,.F.);
#1006=ORIENTED_EDGE('',*,*,#2456,.T.);
#1007=ORIENTED_EDGE('',*,*,#2457,.T.);
#1008=ORIENTED_EDGE('',*,*,#2458,.F.);
#1009=ORIENTED_EDGE('',*,*,#2457,.F.);
#1010=ORIENTED_EDGE('',*,*,#2459,.T.);
#1011=ORIENTED_EDGE('',*,*,#2460,.T.);
#1012=ORIENTED_EDGE('',*,*,#2461,.F.);
#1013=ORIENTED_EDGE('',*,*,#2386,.F.);
#1014=ORIENTED_EDGE('',*,*,#2462,.T.);
#1015=ORIENTED_EDGE('',*,*,#2463,.T.);
#1016=ORIENTED_EDGE('',*,*,#2464,.F.);
#1017=ORIENTED_EDGE('',*,*,#2385,.F.);
#1018=ORIENTED_EDGE('',*,*,#2465,.T.);
#1019=ORIENTED_EDGE('',*,*,#2466,.T.);
#1020=ORIENTED_EDGE('',*,*,#2462,.F.);
#1021=ORIENTED_EDGE('',*,*,#2384,.F.);
#1022=ORIENTED_EDGE('',*,*,#2467,.T.);
#1023=ORIENTED_EDGE('',*,*,#2468,.T.);
#1024=ORIENTED_EDGE('',*,*,#2465,.F.);
#1025=ORIENTED_EDGE('',*,*,#2383,.F.);
#1026=ORIENTED_EDGE('',*,*,#2469,.T.);
#1027=ORIENTED_EDGE('',*,*,#2470,.T.);
#1028=ORIENTED_EDGE('',*,*,#2467,.F.);
#1029=ORIENTED_EDGE('',*,*,#2382,.F.);
#1030=ORIENTED_EDGE('',*,*,#2471,.T.);
#1031=ORIENTED_EDGE('',*,*,#2472,.T.);
#1032=ORIENTED_EDGE('',*,*,#2469,.F.);
#1033=ORIENTED_EDGE('',*,*,#2381,.F.);
#1034=ORIENTED_EDGE('',*,*,#2473,.T.);
#1035=ORIENTED_EDGE('',*,*,#2474,.T.);
#1036=ORIENTED_EDGE('',*,*,#2471,.F.);
#1037=ORIENTED_EDGE('',*,*,#2380,.F.);
#1038=ORIENTED_EDGE('',*,*,#2475,.T.);
#1039=ORIENTED_EDGE('',*,*,#2476,.T.);
#1040=ORIENTED_EDGE('',*,*,#2473,.F.);
#1041=ORIENTED_EDGE('',*,*,#2379,.F.);
#1042=ORIENTED_EDGE('',*,*,#2477,.T.);
#1043=ORIENTED_EDGE('',*,*,#2478,.T.);
#1044=ORIENTED_EDGE('',*,*,#2475,.F.);
#1045=ORIENTED_EDGE('',*,*,#2378,.F.);
#1046=ORIENTED_EDGE('',*,*,#2479,.T.);
#1047=ORIENTED_EDGE('',*,*,#2480,.T.);
#1048=ORIENTED_EDGE('',*,*,#2477,.F.);
#1049=ORIENTED_EDGE('',*,*,#2377,.F.);
#1050=ORIENTED_EDGE('',*,*,#2481,.T.);
#1051=ORIENTED_EDGE('',*,*,#2482,.T.);
#1052=ORIENTED_EDGE('',*,*,#2479,.F.);
#1053=ORIENTED_EDGE('',*,*,#2376,.F.);
#1054=ORIENTED_EDGE('',*,*,#2483,.T.);
#1055=ORIENTED_EDGE('',*,*,#2484,.T.);
#1056=ORIENTED_EDGE('',*,*,#2481,.F.);
#1057=ORIENTED_EDGE('',*,*,#2375,.F.);
#1058=ORIENTED_EDGE('',*,*,#2485,.T.);
#1059=ORIENTED_EDGE('',*,*,#2486,.T.);
#1060=ORIENTED_EDGE('',*,*,#2483,.F.);
#1061=ORIENTED_EDGE('',*,*,#2374,.F.);
#1062=ORIENTED_EDGE('',*,*,#2487,.T.);
#1063=ORIENTED_EDGE('',*,*,#2488,.T.);
#1064=ORIENTED_EDGE('',*,*,#2485,.F.);
#1065=ORIENTED_EDGE('',*,*,#2373,.F.);
#1066=ORIENTED_EDGE('',*,*,#2489,.T.);
#1067=ORIENTED_EDGE('',*,*,#2490,.T.);
#1068=ORIENTED_EDGE('',*,*,#2487,.F.);
#1069=ORIENTED_EDGE('',*,*,#2491,.T.);
#1070=ORIENTED_EDGE('',*,*,#2492,.T.);
#1071=ORIENTED_EDGE('',*,*,#2371,.F.);
#1072=ORIENTED_EDGE('',*,*,#2493,.T.);
#1073=ORIENTED_EDGE('',*,*,#2370,.F.);
#1074=ORIENTED_EDGE('',*,*,#2494,.T.);
#1075=ORIENTED_EDGE('',*,*,#2495,.T.);
#1076=ORIENTED_EDGE('',*,*,#2493,.F.);
#1077=ORIENTED_EDGE('',*,*,#2369,.F.);
#1078=ORIENTED_EDGE('',*,*,#2496,.T.);
#1079=ORIENTED_EDGE('',*,*,#2497,.T.);
#1080=ORIENTED_EDGE('',*,*,#2494,.F.);
#1081=ORIENTED_EDGE('',*,*,#2498,.T.);
#1082=ORIENTED_EDGE('',*,*,#2499,.T.);
#1083=ORIENTED_EDGE('',*,*,#2391,.F.);
#1084=ORIENTED_EDGE('',*,*,#2500,.T.);
#1085=ORIENTED_EDGE('',*,*,#2390,.F.);
#1086=ORIENTED_EDGE('',*,*,#2501,.T.);
#1087=ORIENTED_EDGE('',*,*,#2502,.T.);
#1088=ORIENTED_EDGE('',*,*,#2500,.F.);
#1089=ORIENTED_EDGE('',*,*,#2389,.F.);
#1090=ORIENTED_EDGE('',*,*,#2503,.T.);
#1091=ORIENTED_EDGE('',*,*,#2504,.T.);
#1092=ORIENTED_EDGE('',*,*,#2501,.F.);
#1093=ORIENTED_EDGE('',*,*,#2388,.F.);
#1094=ORIENTED_EDGE('',*,*,#2505,.T.);
#1095=ORIENTED_EDGE('',*,*,#2506,.T.);
#1096=ORIENTED_EDGE('',*,*,#2503,.F.);
#1097=ORIENTED_EDGE('',*,*,#2387,.F.);
#1098=ORIENTED_EDGE('',*,*,#2464,.T.);
#1099=ORIENTED_EDGE('',*,*,#2507,.T.);
#1100=ORIENTED_EDGE('',*,*,#2505,.F.);
#1101=ORIENTED_EDGE('',*,*,#2460,.F.);
#1102=ORIENTED_EDGE('',*,*,#2508,.T.);
#1103=ORIENTED_EDGE('',*,*,#2407,.T.);
#1104=ORIENTED_EDGE('',*,*,#2509,.F.);
#1105=ORIENTED_EDGE('',*,*,#2510,.F.);
#1106=ORIENTED_EDGE('',*,*,#2338,.T.);
#1107=ORIENTED_EDGE('',*,*,#2428,.T.);
#1108=ORIENTED_EDGE('',*,*,#2431,.T.);
#1109=ORIENTED_EDGE('',*,*,#2434,.T.);
#1110=ORIENTED_EDGE('',*,*,#2437,.T.);
#1111=ORIENTED_EDGE('',*,*,#2440,.T.);
#1112=ORIENTED_EDGE('',*,*,#2443,.T.);
#1113=ORIENTED_EDGE('',*,*,#2446,.T.);
#1114=ORIENTED_EDGE('',*,*,#2449,.T.);
#1115=ORIENTED_EDGE('',*,*,#2452,.T.);
#1116=ORIENTED_EDGE('',*,*,#2455,.T.);
#1117=ORIENTED_EDGE('',*,*,#2458,.T.);
#1118=ORIENTED_EDGE('',*,*,#2461,.T.);
#1119=ORIENTED_EDGE('',*,*,#2509,.T.);
#1120=ORIENTED_EDGE('',*,*,#2410,.T.);
#1121=ORIENTED_EDGE('',*,*,#2413,.T.);
#1122=ORIENTED_EDGE('',*,*,#2416,.T.);
#1123=ORIENTED_EDGE('',*,*,#2419,.T.);
#1124=ORIENTED_EDGE('',*,*,#2422,.T.);
#1125=ORIENTED_EDGE('',*,*,#2425,.T.);
#1126=ORIENTED_EDGE('',*,*,#2511,.T.);
#1127=ORIENTED_EDGE('',*,*,#2342,.F.);
#1128=ORIENTED_EDGE('',*,*,#2512,.F.);
#1129=ORIENTED_EDGE('',*,*,#2498,.F.);
#1130=ORIENTED_EDGE('',*,*,#2502,.F.);
#1131=ORIENTED_EDGE('',*,*,#2504,.F.);
#1132=ORIENTED_EDGE('',*,*,#2506,.F.);
#1133=ORIENTED_EDGE('',*,*,#2507,.F.);
#1134=ORIENTED_EDGE('',*,*,#2463,.F.);
#1135=ORIENTED_EDGE('',*,*,#2466,.F.);
#1136=ORIENTED_EDGE('',*,*,#2468,.F.);
#1137=ORIENTED_EDGE('',*,*,#2470,.F.);
#1138=ORIENTED_EDGE('',*,*,#2472,.F.);
#1139=ORIENTED_EDGE('',*,*,#2474,.F.);
#1140=ORIENTED_EDGE('',*,*,#2476,.F.);
#1141=ORIENTED_EDGE('',*,*,#2478,.F.);
#1142=ORIENTED_EDGE('',*,*,#2480,.F.);
#1143=ORIENTED_EDGE('',*,*,#2482,.F.);
#1144=ORIENTED_EDGE('',*,*,#2484,.F.);
#1145=ORIENTED_EDGE('',*,*,#2486,.F.);
#1146=ORIENTED_EDGE('',*,*,#2488,.F.);
#1147=ORIENTED_EDGE('',*,*,#2490,.F.);
#1148=ORIENTED_EDGE('',*,*,#2513,.F.);
#1149=ORIENTED_EDGE('',*,*,#2491,.F.);
#1150=ORIENTED_EDGE('',*,*,#2495,.F.);
#1151=ORIENTED_EDGE('',*,*,#2497,.F.);
#1152=ORIENTED_EDGE('',*,*,#2514,.F.);
#1153=ORIENTED_EDGE('',*,*,#2515,.F.);
#1154=ORIENTED_EDGE('',*,*,#2516,.F.);
#1155=ORIENTED_EDGE('',*,*,#2517,.F.);
#1156=ORIENTED_EDGE('',*,*,#2517,.T.);
#1157=ORIENTED_EDGE('',*,*,#2201,.T.);
#1158=ORIENTED_EDGE('',*,*,#2518,.T.);
#1159=ORIENTED_EDGE('',*,*,#2516,.T.);
#1160=ORIENTED_EDGE('',*,*,#2172,.T.);
#1161=ORIENTED_EDGE('',*,*,#2519,.T.);
#1162=ORIENTED_EDGE('',*,*,#2515,.T.);
#1163=ORIENTED_EDGE('',*,*,#2177,.T.);
#1164=ORIENTED_EDGE('',*,*,#2520,.T.);
#1165=ORIENTED_EDGE('',*,*,#2514,.T.);
#1166=ORIENTED_EDGE('',*,*,#2181,.T.);
#1167=ORIENTED_EDGE('',*,*,#2521,.T.);
#1168=ORIENTED_EDGE('',*,*,#2372,.T.);
#1169=ORIENTED_EDGE('',*,*,#2492,.F.);
#1170=ORIENTED_EDGE('',*,*,#2513,.T.);
#1171=ORIENTED_EDGE('',*,*,#2489,.F.);
#1172=ORIENTED_EDGE('',*,*,#2522,.T.);
#1173=ORIENTED_EDGE('',*,*,#2523,.T.);
#1174=ORIENTED_EDGE('',*,*,#2185,.T.);
#1175=ORIENTED_EDGE('',*,*,#2392,.T.);
#1176=ORIENTED_EDGE('',*,*,#2499,.F.);
#1177=ORIENTED_EDGE('',*,*,#2512,.T.);
#1178=ORIENTED_EDGE('',*,*,#2341,.F.);
#1179=ORIENTED_EDGE('',*,*,#2524,.T.);
#1180=ORIENTED_EDGE('',*,*,#2525,.T.);
#1181=ORIENTED_EDGE('',*,*,#2193,.T.);
#1182=ORIENTED_EDGE('',*,*,#2526,.T.);
#1183=ORIENTED_EDGE('',*,*,#2527,.T.);
#1184=ORIENTED_EDGE('',*,*,#2346,.F.);
#1185=ORIENTED_EDGE('',*,*,#2404,.F.);
#1186=ORIENTED_EDGE('',*,*,#2344,.F.);
#1187=ORIENTED_EDGE('',*,*,#2528,.T.);
#1188=ORIENTED_EDGE('',*,*,#2110,.F.);
#1189=ORIENTED_EDGE('',*,*,#2405,.F.);
#1190=ORIENTED_EDGE('',*,*,#2158,.T.);
#1191=ORIENTED_EDGE('',*,*,#2529,.T.);
#1192=ORIENTED_EDGE('',*,*,#2350,.F.);
#1193=ORIENTED_EDGE('',*,*,#2406,.F.);
#1194=ORIENTED_EDGE('',*,*,#2161,.F.);
#1195=ORIENTED_EDGE('',*,*,#2530,.T.);
#1196=ORIENTED_EDGE('',*,*,#2114,.F.);
#1197=ORIENTED_EDGE('',*,*,#2394,.F.);
#1198=ORIENTED_EDGE('',*,*,#2122,.F.);
#1199=ORIENTED_EDGE('',*,*,#2531,.T.);
#1200=ORIENTED_EDGE('',*,*,#2532,.T.);
#1201=ORIENTED_EDGE('',*,*,#2395,.F.);
#1202=ORIENTED_EDGE('',*,*,#2533,.T.);
#1203=ORIENTED_EDGE('',*,*,#2534,.T.);
#1204=ORIENTED_EDGE('',*,*,#2124,.F.);
#1205=ORIENTED_EDGE('',*,*,#2397,.F.);
#1206=ORIENTED_EDGE('',*,*,#2132,.F.);
#1207=ORIENTED_EDGE('',*,*,#2535,.T.);
#1208=ORIENTED_EDGE('',*,*,#2354,.F.);
#1209=ORIENTED_EDGE('',*,*,#2398,.F.);
#1210=ORIENTED_EDGE('',*,*,#2359,.F.);
#1211=ORIENTED_EDGE('',*,*,#2536,.T.);
#1212=ORIENTED_EDGE('',*,*,#2537,.T.);
#1213=ORIENTED_EDGE('',*,*,#2402,.F.);
#1214=ORIENTED_EDGE('',*,*,#2151,.F.);
#1215=ORIENTED_EDGE('',*,*,#2538,.T.);
#1216=ORIENTED_EDGE('',*,*,#2361,.F.);
#1217=ORIENTED_EDGE('',*,*,#2401,.F.);
#1218=ORIENTED_EDGE('',*,*,#2143,.F.);
#1219=ORIENTED_EDGE('',*,*,#2539,.T.);
#1220=ORIENTED_EDGE('',*,*,#2146,.F.);
#1221=ORIENTED_EDGE('',*,*,#2400,.F.);
#1222=ORIENTED_EDGE('',*,*,#2356,.F.);
#1223=ORIENTED_EDGE('',*,*,#2540,.T.);
#1224=ORIENTED_EDGE('',*,*,#2137,.F.);
#1225=ORIENTED_EDGE('',*,*,#2399,.F.);
#1226=ORIENTED_EDGE('',*,*,#2541,.F.);
#1227=ORIENTED_EDGE('',*,*,#2526,.F.);
#1228=ORIENTED_EDGE('',*,*,#2403,.F.);
#1229=ORIENTED_EDGE('',*,*,#2537,.F.);
#1230=ORIENTED_EDGE('',*,*,#2542,.F.);
#1231=ORIENTED_EDGE('',*,*,#2533,.F.);
#1232=ORIENTED_EDGE('',*,*,#2396,.F.);
#1233=ORIENTED_EDGE('',*,*,#2532,.F.);
#1234=ORIENTED_EDGE('',*,*,#2424,.T.);
#1235=ORIENTED_EDGE('',*,*,#2543,.T.);
#1236=ORIENTED_EDGE('',*,*,#2191,.F.);
#1237=ORIENTED_EDGE('',*,*,#2544,.F.);
#1238=ORIENTED_EDGE('',*,*,#2163,.F.);
#1239=ORIENTED_EDGE('',*,*,#2393,.F.);
#1240=ORIENTED_EDGE('',*,*,#2339,.T.);
#1241=ORIENTED_EDGE('',*,*,#2511,.F.);
#1242=ORIENTED_EDGE('',*,*,#2189,.T.);
#1243=ORIENTED_EDGE('',*,*,#2545,.T.);
#1244=ORIENTED_EDGE('',*,*,#2335,.F.);
#1245=ORIENTED_EDGE('',*,*,#2510,.T.);
#1246=ORIENTED_EDGE('',*,*,#2496,.F.);
#1247=ORIENTED_EDGE('',*,*,#2368,.T.);
#1248=ORIENTED_EDGE('',*,*,#2348,.T.);
#1249=ORIENTED_EDGE('',*,*,#2546,.T.);
#1250=ORIENTED_EDGE('',*,*,#2547,.F.);
#1251=ORIENTED_EDGE('',*,*,#2544,.T.);
#1252=ORIENTED_EDGE('',*,*,#2190,.T.);
#1253=ORIENTED_EDGE('',*,*,#2546,.F.);
#1254=ORIENTED_EDGE('',*,*,#2331,.T.);
#1255=ORIENTED_EDGE('',*,*,#2548,.F.);
#1256=ORIENTED_EDGE('',*,*,#2549,.F.);
#1257=ORIENTED_EDGE('',*,*,#2550,.T.);
#1258=ORIENTED_EDGE('',*,*,#2332,.F.);
#1259=ORIENTED_EDGE('',*,*,#2550,.F.);
#1260=ORIENTED_EDGE('',*,*,#2551,.T.);
#1261=ORIENTED_EDGE('',*,*,#2552,.T.);
#1262=ORIENTED_EDGE('',*,*,#2333,.F.);
#1263=ORIENTED_EDGE('',*,*,#2552,.F.);
#1264=ORIENTED_EDGE('',*,*,#2553,.T.);
#1265=ORIENTED_EDGE('',*,*,#2554,.T.);
#1266=ORIENTED_EDGE('',*,*,#2323,.T.);
#1267=ORIENTED_EDGE('',*,*,#2555,.F.);
#1268=ORIENTED_EDGE('',*,*,#2556,.F.);
#1269=ORIENTED_EDGE('',*,*,#2557,.T.);
#1270=ORIENTED_EDGE('',*,*,#2324,.F.);
#1271=ORIENTED_EDGE('',*,*,#2557,.F.);
#1272=ORIENTED_EDGE('',*,*,#2558,.T.);
#1273=ORIENTED_EDGE('',*,*,#2559,.T.);
#1274=ORIENTED_EDGE('',*,*,#2325,.T.);
#1275=ORIENTED_EDGE('',*,*,#2559,.F.);
#1276=ORIENTED_EDGE('',*,*,#2560,.F.);
#1277=ORIENTED_EDGE('',*,*,#2561,.T.);
#1278=ORIENTED_EDGE('',*,*,#2326,.F.);
#1279=ORIENTED_EDGE('',*,*,#2561,.F.);
#1280=ORIENTED_EDGE('',*,*,#2562,.T.);
#1281=ORIENTED_EDGE('',*,*,#2563,.T.);
#1282=ORIENTED_EDGE('',*,*,#2327,.T.);
#1283=ORIENTED_EDGE('',*,*,#2563,.F.);
#1284=ORIENTED_EDGE('',*,*,#2564,.F.);
#1285=ORIENTED_EDGE('',*,*,#2565,.T.);
#1286=ORIENTED_EDGE('',*,*,#2328,.T.);
#1287=ORIENTED_EDGE('',*,*,#2565,.F.);
#1288=ORIENTED_EDGE('',*,*,#2566,.F.);
#1289=ORIENTED_EDGE('',*,*,#2567,.T.);
#1290=ORIENTED_EDGE('',*,*,#2329,.T.);
#1291=ORIENTED_EDGE('',*,*,#2567,.F.);
#1292=ORIENTED_EDGE('',*,*,#2568,.F.);
#1293=ORIENTED_EDGE('',*,*,#2569,.T.);
#1294=ORIENTED_EDGE('',*,*,#2315,.T.);
#1295=ORIENTED_EDGE('',*,*,#2570,.F.);
#1296=ORIENTED_EDGE('',*,*,#2571,.F.);
#1297=ORIENTED_EDGE('',*,*,#2572,.T.);
#1298=ORIENTED_EDGE('',*,*,#2316,.F.);
#1299=ORIENTED_EDGE('',*,*,#2572,.F.);
#1300=ORIENTED_EDGE('',*,*,#2573,.T.);
#1301=ORIENTED_EDGE('',*,*,#2574,.T.);
#1302=ORIENTED_EDGE('',*,*,#2317,.T.);
#1303=ORIENTED_EDGE('',*,*,#2574,.F.);
#1304=ORIENTED_EDGE('',*,*,#2575,.F.);
#1305=ORIENTED_EDGE('',*,*,#2576,.T.);
#1306=ORIENTED_EDGE('',*,*,#2318,.F.);
#1307=ORIENTED_EDGE('',*,*,#2576,.F.);
#1308=ORIENTED_EDGE('',*,*,#2577,.T.);
#1309=ORIENTED_EDGE('',*,*,#2578,.T.);
#1310=ORIENTED_EDGE('',*,*,#2319,.T.);
#1311=ORIENTED_EDGE('',*,*,#2578,.F.);
#1312=ORIENTED_EDGE('',*,*,#2579,.F.);
#1313=ORIENTED_EDGE('',*,*,#2580,.T.);
#1314=ORIENTED_EDGE('',*,*,#2320,.T.);
#1315=ORIENTED_EDGE('',*,*,#2580,.F.);
#1316=ORIENTED_EDGE('',*,*,#2581,.F.);
#1317=ORIENTED_EDGE('',*,*,#2582,.T.);
#1318=ORIENTED_EDGE('',*,*,#2321,.T.);
#1319=ORIENTED_EDGE('',*,*,#2582,.F.);
#1320=ORIENTED_EDGE('',*,*,#2583,.F.);
#1321=ORIENTED_EDGE('',*,*,#2584,.T.);
#1322=ORIENTED_EDGE('',*,*,#2307,.T.);
#1323=ORIENTED_EDGE('',*,*,#2585,.F.);
#1324=ORIENTED_EDGE('',*,*,#2586,.F.);
#1325=ORIENTED_EDGE('',*,*,#2587,.T.);
#1326=ORIENTED_EDGE('',*,*,#2308,.F.);
#1327=ORIENTED_EDGE('',*,*,#2587,.F.);
#1328=ORIENTED_EDGE('',*,*,#2588,.T.);
#1329=ORIENTED_EDGE('',*,*,#2589,.T.);
#1330=ORIENTED_EDGE('',*,*,#2309,.T.);
#1331=ORIENTED_EDGE('',*,*,#2589,.F.);
#1332=ORIENTED_EDGE('',*,*,#2590,.F.);
#1333=ORIENTED_EDGE('',*,*,#2591,.T.);
#1334=ORIENTED_EDGE('',*,*,#2310,.F.);
#1335=ORIENTED_EDGE('',*,*,#2591,.F.);
#1336=ORIENTED_EDGE('',*,*,#2592,.T.);
#1337=ORIENTED_EDGE('',*,*,#2593,.T.);
#1338=ORIENTED_EDGE('',*,*,#2311,.T.);
#1339=ORIENTED_EDGE('',*,*,#2593,.F.);
#1340=ORIENTED_EDGE('',*,*,#2594,.F.);
#1341=ORIENTED_EDGE('',*,*,#2595,.T.);
#1342=ORIENTED_EDGE('',*,*,#2312,.T.);
#1343=ORIENTED_EDGE('',*,*,#2595,.F.);
#1344=ORIENTED_EDGE('',*,*,#2596,.F.);
#1345=ORIENTED_EDGE('',*,*,#2597,.T.);
#1346=ORIENTED_EDGE('',*,*,#2313,.T.);
#1347=ORIENTED_EDGE('',*,*,#2597,.F.);
#1348=ORIENTED_EDGE('',*,*,#2598,.F.);
#1349=ORIENTED_EDGE('',*,*,#2599,.T.);
#1350=ORIENTED_EDGE('',*,*,#2299,.T.);
#1351=ORIENTED_EDGE('',*,*,#2600,.F.);
#1352=ORIENTED_EDGE('',*,*,#2601,.F.);
#1353=ORIENTED_EDGE('',*,*,#2602,.T.);
#1354=ORIENTED_EDGE('',*,*,#2300,.F.);
#1355=ORIENTED_EDGE('',*,*,#2602,.F.);
#1356=ORIENTED_EDGE('',*,*,#2603,.T.);
#1357=ORIENTED_EDGE('',*,*,#2604,.T.);
#1358=ORIENTED_EDGE('',*,*,#2301,.T.);
#1359=ORIENTED_EDGE('',*,*,#2604,.F.);
#1360=ORIENTED_EDGE('',*,*,#2605,.F.);
#1361=ORIENTED_EDGE('',*,*,#2606,.T.);
#1362=ORIENTED_EDGE('',*,*,#2302,.F.);
#1363=ORIENTED_EDGE('',*,*,#2606,.F.);
#1364=ORIENTED_EDGE('',*,*,#2607,.T.);
#1365=ORIENTED_EDGE('',*,*,#2608,.T.);
#1366=ORIENTED_EDGE('',*,*,#2303,.T.);
#1367=ORIENTED_EDGE('',*,*,#2608,.F.);
#1368=ORIENTED_EDGE('',*,*,#2609,.F.);
#1369=ORIENTED_EDGE('',*,*,#2610,.T.);
#1370=ORIENTED_EDGE('',*,*,#2304,.T.);
#1371=ORIENTED_EDGE('',*,*,#2610,.F.);
#1372=ORIENTED_EDGE('',*,*,#2611,.F.);
#1373=ORIENTED_EDGE('',*,*,#2612,.T.);
#1374=ORIENTED_EDGE('',*,*,#2305,.T.);
#1375=ORIENTED_EDGE('',*,*,#2612,.F.);
#1376=ORIENTED_EDGE('',*,*,#2613,.F.);
#1377=ORIENTED_EDGE('',*,*,#2614,.T.);
#1378=ORIENTED_EDGE('',*,*,#2291,.T.);
#1379=ORIENTED_EDGE('',*,*,#2615,.F.);
#1380=ORIENTED_EDGE('',*,*,#2616,.F.);
#1381=ORIENTED_EDGE('',*,*,#2617,.T.);
#1382=ORIENTED_EDGE('',*,*,#2292,.F.);
#1383=ORIENTED_EDGE('',*,*,#2617,.F.);
#1384=ORIENTED_EDGE('',*,*,#2618,.T.);
#1385=ORIENTED_EDGE('',*,*,#2619,.T.);
#1386=ORIENTED_EDGE('',*,*,#2293,.T.);
#1387=ORIENTED_EDGE('',*,*,#2619,.F.);
#1388=ORIENTED_EDGE('',*,*,#2620,.F.);
#1389=ORIENTED_EDGE('',*,*,#2621,.T.);
#1390=ORIENTED_EDGE('',*,*,#2294,.F.);
#1391=ORIENTED_EDGE('',*,*,#2621,.F.);
#1392=ORIENTED_EDGE('',*,*,#2622,.T.);
#1393=ORIENTED_EDGE('',*,*,#2623,.T.);
#1394=ORIENTED_EDGE('',*,*,#2295,.T.);
#1395=ORIENTED_EDGE('',*,*,#2623,.F.);
#1396=ORIENTED_EDGE('',*,*,#2624,.F.);
#1397=ORIENTED_EDGE('',*,*,#2625,.T.);
#1398=ORIENTED_EDGE('',*,*,#2296,.T.);
#1399=ORIENTED_EDGE('',*,*,#2625,.F.);
#1400=ORIENTED_EDGE('',*,*,#2626,.F.);
#1401=ORIENTED_EDGE('',*,*,#2627,.T.);
#1402=ORIENTED_EDGE('',*,*,#2297,.T.);
#1403=ORIENTED_EDGE('',*,*,#2627,.F.);
#1404=ORIENTED_EDGE('',*,*,#2628,.F.);
#1405=ORIENTED_EDGE('',*,*,#2629,.T.);
#1406=ORIENTED_EDGE('',*,*,#2283,.T.);
#1407=ORIENTED_EDGE('',*,*,#2630,.F.);
#1408=ORIENTED_EDGE('',*,*,#2631,.F.);
#1409=ORIENTED_EDGE('',*,*,#2632,.T.);
#1410=ORIENTED_EDGE('',*,*,#2284,.F.);
#1411=ORIENTED_EDGE('',*,*,#2632,.F.);
#1412=ORIENTED_EDGE('',*,*,#2633,.T.);
#1413=ORIENTED_EDGE('',*,*,#2634,.T.);
#1414=ORIENTED_EDGE('',*,*,#2285,.T.);
#1415=ORIENTED_EDGE('',*,*,#2634,.F.);
#1416=ORIENTED_EDGE('',*,*,#2635,.F.);
#1417=ORIENTED_EDGE('',*,*,#2636,.T.);
#1418=ORIENTED_EDGE('',*,*,#2286,.F.);
#1419=ORIENTED_EDGE('',*,*,#2636,.F.);
#1420=ORIENTED_EDGE('',*,*,#2637,.T.);
#1421=ORIENTED_EDGE('',*,*,#2638,.T.);
#1422=ORIENTED_EDGE('',*,*,#2287,.T.);
#1423=ORIENTED_EDGE('',*,*,#2638,.F.);
#1424=ORIENTED_EDGE('',*,*,#2639,.F.);
#1425=ORIENTED_EDGE('',*,*,#2640,.T.);
#1426=ORIENTED_EDGE('',*,*,#2288,.T.);
#1427=ORIENTED_EDGE('',*,*,#2640,.F.);
#1428=ORIENTED_EDGE('',*,*,#2641,.F.);
#1429=ORIENTED_EDGE('',*,*,#2642,.T.);
#1430=ORIENTED_EDGE('',*,*,#2289,.T.);
#1431=ORIENTED_EDGE('',*,*,#2642,.F.);
#1432=ORIENTED_EDGE('',*,*,#2643,.F.);
#1433=ORIENTED_EDGE('',*,*,#2644,.T.);
#1434=ORIENTED_EDGE('',*,*,#2275,.T.);
#1435=ORIENTED_EDGE('',*,*,#2645,.F.);
#1436=ORIENTED_EDGE('',*,*,#2646,.F.);
#1437=ORIENTED_EDGE('',*,*,#2647,.T.);
#1438=ORIENTED_EDGE('',*,*,#2276,.F.);
#1439=ORIENTED_EDGE('',*,*,#2647,.F.);
#1440=ORIENTED_EDGE('',*,*,#2648,.T.);
#1441=ORIENTED_EDGE('',*,*,#2649,.T.);
#1442=ORIENTED_EDGE('',*,*,#2277,.T.);
#1443=ORIENTED_EDGE('',*,*,#2649,.F.);
#1444=ORIENTED_EDGE('',*,*,#2650,.F.);
#1445=ORIENTED_EDGE('',*,*,#2651,.T.);
#1446=ORIENTED_EDGE('',*,*,#2278,.F.);
#1447=ORIENTED_EDGE('',*,*,#2651,.F.);
#1448=ORIENTED_EDGE('',*,*,#2652,.T.);
#1449=ORIENTED_EDGE('',*,*,#2653,.T.);
#1450=ORIENTED_EDGE('',*,*,#2279,.T.);
#1451=ORIENTED_EDGE('',*,*,#2653,.F.);
#1452=ORIENTED_EDGE('',*,*,#2654,.F.);
#1453=ORIENTED_EDGE('',*,*,#2655,.T.);
#1454=ORIENTED_EDGE('',*,*,#2280,.T.);
#1455=ORIENTED_EDGE('',*,*,#2655,.F.);
#1456=ORIENTED_EDGE('',*,*,#2656,.F.);
#1457=ORIENTED_EDGE('',*,*,#2657,.T.);
#1458=ORIENTED_EDGE('',*,*,#2281,.T.);
#1459=ORIENTED_EDGE('',*,*,#2657,.F.);
#1460=ORIENTED_EDGE('',*,*,#2658,.F.);
#1461=ORIENTED_EDGE('',*,*,#2659,.T.);
#1462=ORIENTED_EDGE('',*,*,#2267,.T.);
#1463=ORIENTED_EDGE('',*,*,#2660,.F.);
#1464=ORIENTED_EDGE('',*,*,#2661,.F.);
#1465=ORIENTED_EDGE('',*,*,#2662,.T.);
#1466=ORIENTED_EDGE('',*,*,#2268,.F.);
#1467=ORIENTED_EDGE('',*,*,#2662,.F.);
#1468=ORIENTED_EDGE('',*,*,#2663,.T.);
#1469=ORIENTED_EDGE('',*,*,#2664,.T.);
#1470=ORIENTED_EDGE('',*,*,#2269,.T.);
#1471=ORIENTED_EDGE('',*,*,#2664,.F.);
#1472=ORIENTED_EDGE('',*,*,#2665,.F.);
#1473=ORIENTED_EDGE('',*,*,#2666,.T.);
#1474=ORIENTED_EDGE('',*,*,#2270,.F.);
#1475=ORIENTED_EDGE('',*,*,#2666,.F.);
#1476=ORIENTED_EDGE('',*,*,#2667,.T.);
#1477=ORIENTED_EDGE('',*,*,#2668,.T.);
#1478=ORIENTED_EDGE('',*,*,#2271,.T.);
#1479=ORIENTED_EDGE('',*,*,#2668,.F.);
#1480=ORIENTED_EDGE('',*,*,#2669,.F.);
#1481=ORIENTED_EDGE('',*,*,#2670,.T.);
#1482=ORIENTED_EDGE('',*,*,#2272,.T.);
#1483=ORIENTED_EDGE('',*,*,#2670,.F.);
#1484=ORIENTED_EDGE('',*,*,#2671,.F.);
#1485=ORIENTED_EDGE('',*,*,#2672,.T.);
#1486=ORIENTED_EDGE('',*,*,#2273,.T.);
#1487=ORIENTED_EDGE('',*,*,#2672,.F.);
#1488=ORIENTED_EDGE('',*,*,#2673,.F.);
#1489=ORIENTED_EDGE('',*,*,#2674,.T.);
#1490=ORIENTED_EDGE('',*,*,#2259,.T.);
#1491=ORIENTED_EDGE('',*,*,#2675,.F.);
#1492=ORIENTED_EDGE('',*,*,#2676,.F.);
#1493=ORIENTED_EDGE('',*,*,#2677,.T.);
#1494=ORIENTED_EDGE('',*,*,#2260,.F.);
#1495=ORIENTED_EDGE('',*,*,#2677,.F.);
#1496=ORIENTED_EDGE('',*,*,#2678,.T.);
#1497=ORIENTED_EDGE('',*,*,#2679,.T.);
#1498=ORIENTED_EDGE('',*,*,#2261,.T.);
#1499=ORIENTED_EDGE('',*,*,#2679,.F.);
#1500=ORIENTED_EDGE('',*,*,#2680,.F.);
#1501=ORIENTED_EDGE('',*,*,#2681,.T.);
#1502=ORIENTED_EDGE('',*,*,#2262,.F.);
#1503=ORIENTED_EDGE('',*,*,#2681,.F.);
#1504=ORIENTED_EDGE('',*,*,#2682,.T.);
#1505=ORIENTED_EDGE('',*,*,#2683,.T.);
#1506=ORIENTED_EDGE('',*,*,#2263,.T.);
#1507=ORIENTED_EDGE('',*,*,#2683,.F.);
#1508=ORIENTED_EDGE('',*,*,#2684,.F.);
#1509=ORIENTED_EDGE('',*,*,#2685,.T.);
#1510=ORIENTED_EDGE('',*,*,#2264,.T.);
#1511=ORIENTED_EDGE('',*,*,#2685,.F.);
#1512=ORIENTED_EDGE('',*,*,#2686,.F.);
#1513=ORIENTED_EDGE('',*,*,#2687,.T.);
#1514=ORIENTED_EDGE('',*,*,#2265,.T.);
#1515=ORIENTED_EDGE('',*,*,#2687,.F.);
#1516=ORIENTED_EDGE('',*,*,#2688,.F.);
#1517=ORIENTED_EDGE('',*,*,#2689,.T.);
#1518=ORIENTED_EDGE('',*,*,#2251,.T.);
#1519=ORIENTED_EDGE('',*,*,#2690,.F.);
#1520=ORIENTED_EDGE('',*,*,#2691,.F.);
#1521=ORIENTED_EDGE('',*,*,#2692,.T.);
#1522=ORIENTED_EDGE('',*,*,#2252,.F.);
#1523=ORIENTED_EDGE('',*,*,#2692,.F.);
#1524=ORIENTED_EDGE('',*,*,#2693,.T.);
#1525=ORIENTED_EDGE('',*,*,#2694,.T.);
#1526=ORIENTED_EDGE('',*,*,#2253,.T.);
#1527=ORIENTED_EDGE('',*,*,#2694,.F.);
#1528=ORIENTED_EDGE('',*,*,#2695,.F.);
#1529=ORIENTED_EDGE('',*,*,#2696,.T.);
#1530=ORIENTED_EDGE('',*,*,#2254,.F.);
#1531=ORIENTED_EDGE('',*,*,#2696,.F.);
#1532=ORIENTED_EDGE('',*,*,#2697,.T.);
#1533=ORIENTED_EDGE('',*,*,#2698,.T.);
#1534=ORIENTED_EDGE('',*,*,#2255,.T.);
#1535=ORIENTED_EDGE('',*,*,#2698,.F.);
#1536=ORIENTED_EDGE('',*,*,#2699,.F.);
#1537=ORIENTED_EDGE('',*,*,#2700,.T.);
#1538=ORIENTED_EDGE('',*,*,#2256,.T.);
#1539=ORIENTED_EDGE('',*,*,#2700,.F.);
#1540=ORIENTED_EDGE('',*,*,#2701,.F.);
#1541=ORIENTED_EDGE('',*,*,#2702,.T.);
#1542=ORIENTED_EDGE('',*,*,#2257,.T.);
#1543=ORIENTED_EDGE('',*,*,#2702,.F.);
#1544=ORIENTED_EDGE('',*,*,#2703,.F.);
#1545=ORIENTED_EDGE('',*,*,#2704,.T.);
#1546=ORIENTED_EDGE('',*,*,#2243,.T.);
#1547=ORIENTED_EDGE('',*,*,#2705,.F.);
#1548=ORIENTED_EDGE('',*,*,#2706,.F.);
#1549=ORIENTED_EDGE('',*,*,#2707,.T.);
#1550=ORIENTED_EDGE('',*,*,#2244,.F.);
#1551=ORIENTED_EDGE('',*,*,#2707,.F.);
#1552=ORIENTED_EDGE('',*,*,#2708,.T.);
#1553=ORIENTED_EDGE('',*,*,#2709,.T.);
#1554=ORIENTED_EDGE('',*,*,#2245,.T.);
#1555=ORIENTED_EDGE('',*,*,#2709,.F.);
#1556=ORIENTED_EDGE('',*,*,#2710,.F.);
#1557=ORIENTED_EDGE('',*,*,#2711,.T.);
#1558=ORIENTED_EDGE('',*,*,#2246,.F.);
#1559=ORIENTED_EDGE('',*,*,#2711,.F.);
#1560=ORIENTED_EDGE('',*,*,#2712,.T.);
#1561=ORIENTED_EDGE('',*,*,#2713,.T.);
#1562=ORIENTED_EDGE('',*,*,#2247,.T.);
#1563=ORIENTED_EDGE('',*,*,#2713,.F.);
#1564=ORIENTED_EDGE('',*,*,#2714,.F.);
#1565=ORIENTED_EDGE('',*,*,#2715,.T.);
#1566=ORIENTED_EDGE('',*,*,#2248,.T.);
#1567=ORIENTED_EDGE('',*,*,#2715,.F.);
#1568=ORIENTED_EDGE('',*,*,#2716,.F.);
#1569=ORIENTED_EDGE('',*,*,#2717,.T.);
#1570=ORIENTED_EDGE('',*,*,#2249,.T.);
#1571=ORIENTED_EDGE('',*,*,#2717,.F.);
#1572=ORIENTED_EDGE('',*,*,#2718,.F.);
#1573=ORIENTED_EDGE('',*,*,#2719,.T.);
#1574=ORIENTED_EDGE('',*,*,#2235,.T.);
#1575=ORIENTED_EDGE('',*,*,#2720,.F.);
#1576=ORIENTED_EDGE('',*,*,#2721,.F.);
#1577=ORIENTED_EDGE('',*,*,#2722,.T.);
#1578=ORIENTED_EDGE('',*,*,#2236,.F.);
#1579=ORIENTED_EDGE('',*,*,#2722,.F.);
#1580=ORIENTED_EDGE('',*,*,#2723,.T.);
#1581=ORIENTED_EDGE('',*,*,#2724,.T.);
#1582=ORIENTED_EDGE('',*,*,#2237,.T.);
#1583=ORIENTED_EDGE('',*,*,#2724,.F.);
#1584=ORIENTED_EDGE('',*,*,#2725,.F.);
#1585=ORIENTED_EDGE('',*,*,#2726,.T.);
#1586=ORIENTED_EDGE('',*,*,#2238,.F.);
#1587=ORIENTED_EDGE('',*,*,#2726,.F.);
#1588=ORIENTED_EDGE('',*,*,#2727,.T.);
#1589=ORIENTED_EDGE('',*,*,#2728,.T.);
#1590=ORIENTED_EDGE('',*,*,#2239,.T.);
#1591=ORIENTED_EDGE('',*,*,#2728,.F.);
#1592=ORIENTED_EDGE('',*,*,#2729,.F.);
#1593=ORIENTED_EDGE('',*,*,#2730,.T.);
#1594=ORIENTED_EDGE('',*,*,#2240,.T.);
#1595=ORIENTED_EDGE('',*,*,#2730,.F.);
#1596=ORIENTED_EDGE('',*,*,#2731,.F.);
#1597=ORIENTED_EDGE('',*,*,#2732,.T.);
#1598=ORIENTED_EDGE('',*,*,#2241,.T.);
#1599=ORIENTED_EDGE('',*,*,#2732,.F.);
#1600=ORIENTED_EDGE('',*,*,#2733,.F.);
#1601=ORIENTED_EDGE('',*,*,#2734,.T.);
#1602=ORIENTED_EDGE('',*,*,#2227,.T.);
#1603=ORIENTED_EDGE('',*,*,#2735,.F.);
#1604=ORIENTED_EDGE('',*,*,#2736,.F.);
#1605=ORIENTED_EDGE('',*,*,#2737,.T.);
#1606=ORIENTED_EDGE('',*,*,#2228,.F.);
#1607=ORIENTED_EDGE('',*,*,#2737,.F.);
#1608=ORIENTED_EDGE('',*,*,#2738,.T.);
#1609=ORIENTED_EDGE('',*,*,#2739,.T.);
#1610=ORIENTED_EDGE('',*,*,#2229,.T.);
#1611=ORIENTED_EDGE('',*,*,#2739,.F.);
#1612=ORIENTED_EDGE('',*,*,#2740,.F.);
#1613=ORIENTED_EDGE('',*,*,#2741,.T.);
#1614=ORIENTED_EDGE('',*,*,#2230,.F.);
#1615=ORIENTED_EDGE('',*,*,#2741,.F.);
#1616=ORIENTED_EDGE('',*,*,#2742,.T.);
#1617=ORIENTED_EDGE('',*,*,#2743,.T.);
#1618=ORIENTED_EDGE('',*,*,#2231,.T.);
#1619=ORIENTED_EDGE('',*,*,#2743,.F.);
#1620=ORIENTED_EDGE('',*,*,#2744,.F.);
#1621=ORIENTED_EDGE('',*,*,#2745,.T.);
#1622=ORIENTED_EDGE('',*,*,#2232,.T.);
#1623=ORIENTED_EDGE('',*,*,#2745,.F.);
#1624=ORIENTED_EDGE('',*,*,#2746,.F.);
#1625=ORIENTED_EDGE('',*,*,#2747,.T.);
#1626=ORIENTED_EDGE('',*,*,#2233,.T.);
#1627=ORIENTED_EDGE('',*,*,#2747,.F.);
#1628=ORIENTED_EDGE('',*,*,#2748,.F.);
#1629=ORIENTED_EDGE('',*,*,#2749,.T.);
#1630=ORIENTED_EDGE('',*,*,#2219,.T.);
#1631=ORIENTED_EDGE('',*,*,#2750,.F.);
#1632=ORIENTED_EDGE('',*,*,#2751,.F.);
#1633=ORIENTED_EDGE('',*,*,#2752,.T.);
#1634=ORIENTED_EDGE('',*,*,#2220,.F.);
#1635=ORIENTED_EDGE('',*,*,#2752,.F.);
#1636=ORIENTED_EDGE('',*,*,#2753,.T.);
#1637=ORIENTED_EDGE('',*,*,#2754,.T.);
#1638=ORIENTED_EDGE('',*,*,#2221,.T.);
#1639=ORIENTED_EDGE('',*,*,#2754,.F.);
#1640=ORIENTED_EDGE('',*,*,#2755,.F.);
#1641=ORIENTED_EDGE('',*,*,#2756,.T.);
#1642=ORIENTED_EDGE('',*,*,#2222,.F.);
#1643=ORIENTED_EDGE('',*,*,#2756,.F.);
#1644=ORIENTED_EDGE('',*,*,#2757,.T.);
#1645=ORIENTED_EDGE('',*,*,#2758,.T.);
#1646=ORIENTED_EDGE('',*,*,#2223,.T.);
#1647=ORIENTED_EDGE('',*,*,#2758,.F.);
#1648=ORIENTED_EDGE('',*,*,#2759,.F.);
#1649=ORIENTED_EDGE('',*,*,#2760,.T.);
#1650=ORIENTED_EDGE('',*,*,#2224,.T.);
#1651=ORIENTED_EDGE('',*,*,#2760,.F.);
#1652=ORIENTED_EDGE('',*,*,#2761,.F.);
#1653=ORIENTED_EDGE('',*,*,#2762,.T.);
#1654=ORIENTED_EDGE('',*,*,#2225,.T.);
#1655=ORIENTED_EDGE('',*,*,#2762,.F.);
#1656=ORIENTED_EDGE('',*,*,#2763,.F.);
#1657=ORIENTED_EDGE('',*,*,#2764,.T.);
#1658=ORIENTED_EDGE('',*,*,#2211,.T.);
#1659=ORIENTED_EDGE('',*,*,#2765,.F.);
#1660=ORIENTED_EDGE('',*,*,#2766,.F.);
#1661=ORIENTED_EDGE('',*,*,#2767,.T.);
#1662=ORIENTED_EDGE('',*,*,#2212,.F.);
#1663=ORIENTED_EDGE('',*,*,#2767,.F.);
#1664=ORIENTED_EDGE('',*,*,#2768,.T.);
#1665=ORIENTED_EDGE('',*,*,#2769,.T.);
#1666=ORIENTED_EDGE('',*,*,#2213,.T.);
#1667=ORIENTED_EDGE('',*,*,#2769,.F.);
#1668=ORIENTED_EDGE('',*,*,#2770,.F.);
#1669=ORIENTED_EDGE('',*,*,#2771,.T.);
#1670=ORIENTED_EDGE('',*,*,#2214,.F.);
#1671=ORIENTED_EDGE('',*,*,#2771,.F.);
#1672=ORIENTED_EDGE('',*,*,#2772,.T.);
#1673=ORIENTED_EDGE('',*,*,#2773,.T.);
#1674=ORIENTED_EDGE('',*,*,#2215,.T.);
#1675=ORIENTED_EDGE('',*,*,#2773,.F.);
#1676=ORIENTED_EDGE('',*,*,#2774,.F.);
#1677=ORIENTED_EDGE('',*,*,#2775,.T.);
#1678=ORIENTED_EDGE('',*,*,#2216,.T.);
#1679=ORIENTED_EDGE('',*,*,#2775,.F.);
#1680=ORIENTED_EDGE('',*,*,#2776,.F.);
#1681=ORIENTED_EDGE('',*,*,#2777,.T.);
#1682=ORIENTED_EDGE('',*,*,#2217,.T.);
#1683=ORIENTED_EDGE('',*,*,#2777,.F.);
#1684=ORIENTED_EDGE('',*,*,#2778,.F.);
#1685=ORIENTED_EDGE('',*,*,#2779,.T.);
#1686=ORIENTED_EDGE('',*,*,#2203,.T.);
#1687=ORIENTED_EDGE('',*,*,#2780,.F.);
#1688=ORIENTED_EDGE('',*,*,#2781,.F.);
#1689=ORIENTED_EDGE('',*,*,#2782,.T.);
#1690=ORIENTED_EDGE('',*,*,#2204,.F.);
#1691=ORIENTED_EDGE('',*,*,#2782,.F.);
#1692=ORIENTED_EDGE('',*,*,#2783,.T.);
#1693=ORIENTED_EDGE('',*,*,#2784,.T.);
#1694=ORIENTED_EDGE('',*,*,#2205,.T.);
#1695=ORIENTED_EDGE('',*,*,#2784,.F.);
#1696=ORIENTED_EDGE('',*,*,#2785,.F.);
#1697=ORIENTED_EDGE('',*,*,#2786,.T.);
#1698=ORIENTED_EDGE('',*,*,#2206,.F.);
#1699=ORIENTED_EDGE('',*,*,#2786,.F.);
#1700=ORIENTED_EDGE('',*,*,#2787,.T.);
#1701=ORIENTED_EDGE('',*,*,#2788,.T.);
#1702=ORIENTED_EDGE('',*,*,#2207,.T.);
#1703=ORIENTED_EDGE('',*,*,#2788,.F.);
#1704=ORIENTED_EDGE('',*,*,#2789,.F.);
#1705=ORIENTED_EDGE('',*,*,#2790,.T.);
#1706=ORIENTED_EDGE('',*,*,#2208,.T.);
#1707=ORIENTED_EDGE('',*,*,#2790,.F.);
#1708=ORIENTED_EDGE('',*,*,#2791,.F.);
#1709=ORIENTED_EDGE('',*,*,#2792,.T.);
#1710=ORIENTED_EDGE('',*,*,#2209,.T.);
#1711=ORIENTED_EDGE('',*,*,#2792,.F.);
#1712=ORIENTED_EDGE('',*,*,#2793,.F.);
#1713=ORIENTED_EDGE('',*,*,#2794,.T.);
#1714=ORIENTED_EDGE('',*,*,#2330,.T.);
#1715=ORIENTED_EDGE('',*,*,#2569,.F.);
#1716=ORIENTED_EDGE('',*,*,#2795,.F.);
#1717=ORIENTED_EDGE('',*,*,#2555,.T.);
#1718=ORIENTED_EDGE('',*,*,#2322,.T.);
#1719=ORIENTED_EDGE('',*,*,#2584,.F.);
#1720=ORIENTED_EDGE('',*,*,#2796,.F.);
#1721=ORIENTED_EDGE('',*,*,#2570,.T.);
#1722=ORIENTED_EDGE('',*,*,#2314,.T.);
#1723=ORIENTED_EDGE('',*,*,#2599,.F.);
#1724=ORIENTED_EDGE('',*,*,#2797,.F.);
#1725=ORIENTED_EDGE('',*,*,#2585,.T.);
#1726=ORIENTED_EDGE('',*,*,#2306,.T.);
#1727=ORIENTED_EDGE('',*,*,#2614,.F.);
#1728=ORIENTED_EDGE('',*,*,#2798,.F.);
#1729=ORIENTED_EDGE('',*,*,#2600,.T.);
#1730=ORIENTED_EDGE('',*,*,#2298,.T.);
#1731=ORIENTED_EDGE('',*,*,#2629,.F.);
#1732=ORIENTED_EDGE('',*,*,#2799,.F.);
#1733=ORIENTED_EDGE('',*,*,#2615,.T.);
#1734=ORIENTED_EDGE('',*,*,#2290,.T.);
#1735=ORIENTED_EDGE('',*,*,#2644,.F.);
#1736=ORIENTED_EDGE('',*,*,#2800,.F.);
#1737=ORIENTED_EDGE('',*,*,#2630,.T.);
#1738=ORIENTED_EDGE('',*,*,#2282,.T.);
#1739=ORIENTED_EDGE('',*,*,#2659,.F.);
#1740=ORIENTED_EDGE('',*,*,#2801,.F.);
#1741=ORIENTED_EDGE('',*,*,#2645,.T.);
#1742=ORIENTED_EDGE('',*,*,#2274,.T.);
#1743=ORIENTED_EDGE('',*,*,#2674,.F.);
#1744=ORIENTED_EDGE('',*,*,#2802,.F.);
#1745=ORIENTED_EDGE('',*,*,#2660,.T.);
#1746=ORIENTED_EDGE('',*,*,#2266,.T.);
#1747=ORIENTED_EDGE('',*,*,#2689,.F.);
#1748=ORIENTED_EDGE('',*,*,#2803,.F.);
#1749=ORIENTED_EDGE('',*,*,#2675,.T.);
#1750=ORIENTED_EDGE('',*,*,#2258,.T.);
#1751=ORIENTED_EDGE('',*,*,#2704,.F.);
#1752=ORIENTED_EDGE('',*,*,#2804,.F.);
#1753=ORIENTED_EDGE('',*,*,#2690,.T.);
#1754=ORIENTED_EDGE('',*,*,#2250,.T.);
#1755=ORIENTED_EDGE('',*,*,#2719,.F.);
#1756=ORIENTED_EDGE('',*,*,#2805,.F.);
#1757=ORIENTED_EDGE('',*,*,#2705,.T.);
#1758=ORIENTED_EDGE('',*,*,#2242,.T.);
#1759=ORIENTED_EDGE('',*,*,#2734,.F.);
#1760=ORIENTED_EDGE('',*,*,#2806,.F.);
#1761=ORIENTED_EDGE('',*,*,#2720,.T.);
#1762=ORIENTED_EDGE('',*,*,#2234,.T.);
#1763=ORIENTED_EDGE('',*,*,#2749,.F.);
#1764=ORIENTED_EDGE('',*,*,#2807,.F.);
#1765=ORIENTED_EDGE('',*,*,#2735,.T.);
#1766=ORIENTED_EDGE('',*,*,#2226,.T.);
#1767=ORIENTED_EDGE('',*,*,#2764,.F.);
#1768=ORIENTED_EDGE('',*,*,#2808,.F.);
#1769=ORIENTED_EDGE('',*,*,#2750,.T.);
#1770=ORIENTED_EDGE('',*,*,#2218,.T.);
#1771=ORIENTED_EDGE('',*,*,#2779,.F.);
#1772=ORIENTED_EDGE('',*,*,#2809,.F.);
#1773=ORIENTED_EDGE('',*,*,#2765,.T.);
#1774=ORIENTED_EDGE('',*,*,#2210,.T.);
#1775=ORIENTED_EDGE('',*,*,#2794,.F.);
#1776=ORIENTED_EDGE('',*,*,#2810,.F.);
#1777=ORIENTED_EDGE('',*,*,#2780,.T.);
#1778=ORIENTED_EDGE('',*,*,#2334,.T.);
#1779=ORIENTED_EDGE('',*,*,#2554,.F.);
#1780=ORIENTED_EDGE('',*,*,#2811,.F.);
#1781=ORIENTED_EDGE('',*,*,#2548,.T.);
#1782=ORIENTED_EDGE('',*,*,#2542,.T.);
#1783=ORIENTED_EDGE('',*,*,#2531,.F.);
#1784=ORIENTED_EDGE('',*,*,#2121,.T.);
#1785=ORIENTED_EDGE('',*,*,#2118,.T.);
#1786=ORIENTED_EDGE('',*,*,#2115,.T.);
#1787=ORIENTED_EDGE('',*,*,#2530,.F.);
#1788=ORIENTED_EDGE('',*,*,#2160,.T.);
#1789=ORIENTED_EDGE('',*,*,#2547,.T.);
#1790=ORIENTED_EDGE('',*,*,#2347,.T.);
#1791=ORIENTED_EDGE('',*,*,#2529,.F.);
#1792=ORIENTED_EDGE('',*,*,#2157,.T.);
#1793=ORIENTED_EDGE('',*,*,#2111,.T.);
#1794=ORIENTED_EDGE('',*,*,#2528,.F.);
#1795=ORIENTED_EDGE('',*,*,#2343,.T.);
#1796=ORIENTED_EDGE('',*,*,#2527,.F.);
#1797=ORIENTED_EDGE('',*,*,#2541,.T.);
#1798=ORIENTED_EDGE('',*,*,#2536,.F.);
#1799=ORIENTED_EDGE('',*,*,#2358,.T.);
#1800=ORIENTED_EDGE('',*,*,#2538,.F.);
#1801=ORIENTED_EDGE('',*,*,#2150,.T.);
#1802=ORIENTED_EDGE('',*,*,#2147,.T.);
#1803=ORIENTED_EDGE('',*,*,#2539,.F.);
#1804=ORIENTED_EDGE('',*,*,#2142,.T.);
#1805=ORIENTED_EDGE('',*,*,#2153,.T.);
#1806=ORIENTED_EDGE('',*,*,#2138,.T.);
#1807=ORIENTED_EDGE('',*,*,#2155,.T.);
#1808=ORIENTED_EDGE('',*,*,#2134,.T.);
#1809=ORIENTED_EDGE('',*,*,#2540,.F.);
#1810=ORIENTED_EDGE('',*,*,#2355,.T.);
#1811=ORIENTED_EDGE('',*,*,#2351,.T.);
#1812=ORIENTED_EDGE('',*,*,#2535,.F.);
#1813=ORIENTED_EDGE('',*,*,#2131,.T.);
#1814=ORIENTED_EDGE('',*,*,#2128,.T.);
#1815=ORIENTED_EDGE('',*,*,#2125,.T.);
#1816=ORIENTED_EDGE('',*,*,#2534,.F.);
#1817=ORIENTED_EDGE('',*,*,#2781,.T.);
#1818=ORIENTED_EDGE('',*,*,#2810,.T.);
#1819=ORIENTED_EDGE('',*,*,#2793,.T.);
#1820=ORIENTED_EDGE('',*,*,#2791,.T.);
#1821=ORIENTED_EDGE('',*,*,#2789,.T.);
#1822=ORIENTED_EDGE('',*,*,#2787,.F.);
#1823=ORIENTED_EDGE('',*,*,#2785,.T.);
#1824=ORIENTED_EDGE('',*,*,#2783,.F.);
#1825=ORIENTED_EDGE('',*,*,#2766,.T.);
#1826=ORIENTED_EDGE('',*,*,#2809,.T.);
#1827=ORIENTED_EDGE('',*,*,#2778,.T.);
#1828=ORIENTED_EDGE('',*,*,#2776,.T.);
#1829=ORIENTED_EDGE('',*,*,#2774,.T.);
#1830=ORIENTED_EDGE('',*,*,#2772,.F.);
#1831=ORIENTED_EDGE('',*,*,#2770,.T.);
#1832=ORIENTED_EDGE('',*,*,#2768,.F.);
#1833=ORIENTED_EDGE('',*,*,#2751,.T.);
#1834=ORIENTED_EDGE('',*,*,#2808,.T.);
#1835=ORIENTED_EDGE('',*,*,#2763,.T.);
#1836=ORIENTED_EDGE('',*,*,#2761,.T.);
#1837=ORIENTED_EDGE('',*,*,#2759,.T.);
#1838=ORIENTED_EDGE('',*,*,#2757,.F.);
#1839=ORIENTED_EDGE('',*,*,#2755,.T.);
#1840=ORIENTED_EDGE('',*,*,#2753,.F.);
#1841=ORIENTED_EDGE('',*,*,#2736,.T.);
#1842=ORIENTED_EDGE('',*,*,#2807,.T.);
#1843=ORIENTED_EDGE('',*,*,#2748,.T.);
#1844=ORIENTED_EDGE('',*,*,#2746,.T.);
#1845=ORIENTED_EDGE('',*,*,#2744,.T.);
#1846=ORIENTED_EDGE('',*,*,#2742,.F.);
#1847=ORIENTED_EDGE('',*,*,#2740,.T.);
#1848=ORIENTED_EDGE('',*,*,#2738,.F.);
#1849=ORIENTED_EDGE('',*,*,#2721,.T.);
#1850=ORIENTED_EDGE('',*,*,#2806,.T.);
#1851=ORIENTED_EDGE('',*,*,#2733,.T.);
#1852=ORIENTED_EDGE('',*,*,#2731,.T.);
#1853=ORIENTED_EDGE('',*,*,#2729,.T.);
#1854=ORIENTED_EDGE('',*,*,#2727,.F.);
#1855=ORIENTED_EDGE('',*,*,#2725,.T.);
#1856=ORIENTED_EDGE('',*,*,#2723,.F.);
#1857=ORIENTED_EDGE('',*,*,#2706,.T.);
#1858=ORIENTED_EDGE('',*,*,#2805,.T.);
#1859=ORIENTED_EDGE('',*,*,#2718,.T.);
#1860=ORIENTED_EDGE('',*,*,#2716,.T.);
#1861=ORIENTED_EDGE('',*,*,#2714,.T.);
#1862=ORIENTED_EDGE('',*,*,#2712,.F.);
#1863=ORIENTED_EDGE('',*,*,#2710,.T.);
#1864=ORIENTED_EDGE('',*,*,#2708,.F.);
#1865=ORIENTED_EDGE('',*,*,#2691,.T.);
#1866=ORIENTED_EDGE('',*,*,#2804,.T.);
#1867=ORIENTED_EDGE('',*,*,#2703,.T.);
#1868=ORIENTED_EDGE('',*,*,#2701,.T.);
#1869=ORIENTED_EDGE('',*,*,#2699,.T.);
#1870=ORIENTED_EDGE('',*,*,#2697,.F.);
#1871=ORIENTED_EDGE('',*,*,#2695,.T.);
#1872=ORIENTED_EDGE('',*,*,#2693,.F.);
#1873=ORIENTED_EDGE('',*,*,#2676,.T.);
#1874=ORIENTED_EDGE('',*,*,#2803,.T.);
#1875=ORIENTED_EDGE('',*,*,#2688,.T.);
#1876=ORIENTED_EDGE('',*,*,#2686,.T.);
#1877=ORIENTED_EDGE('',*,*,#2684,.T.);
#1878=ORIENTED_EDGE('',*,*,#2682,.F.);
#1879=ORIENTED_EDGE('',*,*,#2680,.T.);
#1880=ORIENTED_EDGE('',*,*,#2678,.F.);
#1881=ORIENTED_EDGE('',*,*,#2661,.T.);
#1882=ORIENTED_EDGE('',*,*,#2802,.T.);
#1883=ORIENTED_EDGE('',*,*,#2673,.T.);
#1884=ORIENTED_EDGE('',*,*,#2671,.T.);
#1885=ORIENTED_EDGE('',*,*,#2669,.T.);
#1886=ORIENTED_EDGE('',*,*,#2667,.F.);
#1887=ORIENTED_EDGE('',*,*,#2665,.T.);
#1888=ORIENTED_EDGE('',*,*,#2663,.F.);
#1889=ORIENTED_EDGE('',*,*,#2646,.T.);
#1890=ORIENTED_EDGE('',*,*,#2801,.T.);
#1891=ORIENTED_EDGE('',*,*,#2658,.T.);
#1892=ORIENTED_EDGE('',*,*,#2656,.T.);
#1893=ORIENTED_EDGE('',*,*,#2654,.T.);
#1894=ORIENTED_EDGE('',*,*,#2652,.F.);
#1895=ORIENTED_EDGE('',*,*,#2650,.T.);
#1896=ORIENTED_EDGE('',*,*,#2648,.F.);
#1897=ORIENTED_EDGE('',*,*,#2631,.T.);
#1898=ORIENTED_EDGE('',*,*,#2800,.T.);
#1899=ORIENTED_EDGE('',*,*,#2643,.T.);
#1900=ORIENTED_EDGE('',*,*,#2641,.T.);
#1901=ORIENTED_EDGE('',*,*,#2639,.T.);
#1902=ORIENTED_EDGE('',*,*,#2637,.F.);
#1903=ORIENTED_EDGE('',*,*,#2635,.T.);
#1904=ORIENTED_EDGE('',*,*,#2633,.F.);
#1905=ORIENTED_EDGE('',*,*,#2616,.T.);
#1906=ORIENTED_EDGE('',*,*,#2799,.T.);
#1907=ORIENTED_EDGE('',*,*,#2628,.T.);
#1908=ORIENTED_EDGE('',*,*,#2626,.T.);
#1909=ORIENTED_EDGE('',*,*,#2624,.T.);
#1910=ORIENTED_EDGE('',*,*,#2622,.F.);
#1911=ORIENTED_EDGE('',*,*,#2620,.T.);
#1912=ORIENTED_EDGE('',*,*,#2618,.F.);
#1913=ORIENTED_EDGE('',*,*,#2601,.T.);
#1914=ORIENTED_EDGE('',*,*,#2798,.T.);
#1915=ORIENTED_EDGE('',*,*,#2613,.T.);
#1916=ORIENTED_EDGE('',*,*,#2611,.T.);
#1917=ORIENTED_EDGE('',*,*,#2609,.T.);
#1918=ORIENTED_EDGE('',*,*,#2607,.F.);
#1919=ORIENTED_EDGE('',*,*,#2605,.T.);
#1920=ORIENTED_EDGE('',*,*,#2603,.F.);
#1921=ORIENTED_EDGE('',*,*,#2586,.T.);
#1922=ORIENTED_EDGE('',*,*,#2797,.T.);
#1923=ORIENTED_EDGE('',*,*,#2598,.T.);
#1924=ORIENTED_EDGE('',*,*,#2596,.T.);
#1925=ORIENTED_EDGE('',*,*,#2594,.T.);
#1926=ORIENTED_EDGE('',*,*,#2592,.F.);
#1927=ORIENTED_EDGE('',*,*,#2590,.T.);
#1928=ORIENTED_EDGE('',*,*,#2588,.F.);
#1929=ORIENTED_EDGE('',*,*,#2571,.T.);
#1930=ORIENTED_EDGE('',*,*,#2796,.T.);
#1931=ORIENTED_EDGE('',*,*,#2583,.T.);
#1932=ORIENTED_EDGE('',*,*,#2581,.T.);
#1933=ORIENTED_EDGE('',*,*,#2579,.T.);
#1934=ORIENTED_EDGE('',*,*,#2577,.F.);
#1935=ORIENTED_EDGE('',*,*,#2575,.T.);
#1936=ORIENTED_EDGE('',*,*,#2573,.F.);
#1937=ORIENTED_EDGE('',*,*,#2556,.T.);
#1938=ORIENTED_EDGE('',*,*,#2795,.T.);
#1939=ORIENTED_EDGE('',*,*,#2568,.T.);
#1940=ORIENTED_EDGE('',*,*,#2566,.T.);
#1941=ORIENTED_EDGE('',*,*,#2564,.T.);
#1942=ORIENTED_EDGE('',*,*,#2562,.F.);
#1943=ORIENTED_EDGE('',*,*,#2560,.T.);
#1944=ORIENTED_EDGE('',*,*,#2558,.F.);
#1945=ORIENTED_EDGE('',*,*,#2549,.T.);
#1946=ORIENTED_EDGE('',*,*,#2811,.T.);
#1947=ORIENTED_EDGE('',*,*,#2553,.F.);
#1948=ORIENTED_EDGE('',*,*,#2551,.F.);
#1949=ORIENTED_EDGE('',*,*,#2543,.F.);
#1950=ORIENTED_EDGE('',*,*,#2423,.F.);
#1951=ORIENTED_EDGE('',*,*,#2812,.F.);
#1952=ORIENTED_EDGE('',*,*,#2524,.F.);
#1953=ORIENTED_EDGE('',*,*,#2192,.F.);
#1954=ORIENTED_EDGE('',*,*,#2545,.F.);
#1955=ORIENTED_EDGE('',*,*,#2188,.F.);
#1956=ORIENTED_EDGE('',*,*,#2813,.F.);
#1957=ORIENTED_EDGE('',*,*,#2336,.F.);
#1958=ORIENTED_EDGE('',*,*,#2812,.T.);
#1959=ORIENTED_EDGE('',*,*,#2420,.F.);
#1960=ORIENTED_EDGE('',*,*,#2814,.F.);
#1961=ORIENTED_EDGE('',*,*,#2194,.F.);
#1962=ORIENTED_EDGE('',*,*,#2525,.F.);
#1963=ORIENTED_EDGE('',*,*,#2813,.T.);
#1964=ORIENTED_EDGE('',*,*,#2187,.F.);
#1965=ORIENTED_EDGE('',*,*,#2815,.F.);
#1966=ORIENTED_EDGE('',*,*,#2426,.F.);
#1967=ORIENTED_EDGE('',*,*,#2814,.T.);
#1968=ORIENTED_EDGE('',*,*,#2417,.F.);
#1969=ORIENTED_EDGE('',*,*,#2816,.F.);
#1970=ORIENTED_EDGE('',*,*,#2195,.F.);
#1971=ORIENTED_EDGE('',*,*,#2186,.F.);
#1972=ORIENTED_EDGE('',*,*,#2523,.F.);
#1973=ORIENTED_EDGE('',*,*,#2817,.F.);
#1974=ORIENTED_EDGE('',*,*,#2429,.F.);
#1975=ORIENTED_EDGE('',*,*,#2815,.T.);
#1976=ORIENTED_EDGE('',*,*,#2816,.T.);
#1977=ORIENTED_EDGE('',*,*,#2414,.F.);
#1978=ORIENTED_EDGE('',*,*,#2818,.F.);
#1979=ORIENTED_EDGE('',*,*,#2196,.F.);
#1980=ORIENTED_EDGE('',*,*,#2522,.F.);
#1981=ORIENTED_EDGE('',*,*,#2184,.F.);
#1982=ORIENTED_EDGE('',*,*,#2819,.F.);
#1983=ORIENTED_EDGE('',*,*,#2432,.F.);
#1984=ORIENTED_EDGE('',*,*,#2817,.T.);
#1985=ORIENTED_EDGE('',*,*,#2818,.T.);
#1986=ORIENTED_EDGE('',*,*,#2411,.F.);
#1987=ORIENTED_EDGE('',*,*,#2820,.F.);
#1988=ORIENTED_EDGE('',*,*,#2197,.F.);
#1989=ORIENTED_EDGE('',*,*,#2819,.T.);
#1990=ORIENTED_EDGE('',*,*,#2183,.F.);
#1991=ORIENTED_EDGE('',*,*,#2821,.F.);
#1992=ORIENTED_EDGE('',*,*,#2435,.F.);
#1993=ORIENTED_EDGE('',*,*,#2820,.T.);
#1994=ORIENTED_EDGE('',*,*,#2408,.F.);
#1995=ORIENTED_EDGE('',*,*,#2822,.F.);
#1996=ORIENTED_EDGE('',*,*,#2198,.F.);
#1997=ORIENTED_EDGE('',*,*,#2521,.F.);
#1998=ORIENTED_EDGE('',*,*,#2180,.F.);
#1999=ORIENTED_EDGE('',*,*,#2823,.F.);
#2000=ORIENTED_EDGE('',*,*,#2438,.F.);
#2001=ORIENTED_EDGE('',*,*,#2821,.T.);
#2002=ORIENTED_EDGE('',*,*,#2182,.F.);
#2003=ORIENTED_EDGE('',*,*,#2822,.T.);
#2004=ORIENTED_EDGE('',*,*,#2508,.F.);
#2005=ORIENTED_EDGE('',*,*,#2824,.F.);
#2006=ORIENTED_EDGE('',*,*,#2199,.F.);
#2007=ORIENTED_EDGE('',*,*,#2823,.T.);
#2008=ORIENTED_EDGE('',*,*,#2179,.F.);
#2009=ORIENTED_EDGE('',*,*,#2825,.F.);
#2010=ORIENTED_EDGE('',*,*,#2441,.F.);
#2011=ORIENTED_EDGE('',*,*,#2824,.T.);
#2012=ORIENTED_EDGE('',*,*,#2459,.F.);
#2013=ORIENTED_EDGE('',*,*,#2826,.F.);
#2014=ORIENTED_EDGE('',*,*,#2202,.F.);
#2015=ORIENTED_EDGE('',*,*,#2518,.F.);
#2016=ORIENTED_EDGE('',*,*,#2200,.F.);
#2017=ORIENTED_EDGE('',*,*,#2520,.F.);
#2018=ORIENTED_EDGE('',*,*,#2176,.F.);
#2019=ORIENTED_EDGE('',*,*,#2827,.F.);
#2020=ORIENTED_EDGE('',*,*,#2444,.F.);
#2021=ORIENTED_EDGE('',*,*,#2825,.T.);
#2022=ORIENTED_EDGE('',*,*,#2178,.F.);
#2023=ORIENTED_EDGE('',*,*,#2826,.T.);
#2024=ORIENTED_EDGE('',*,*,#2456,.F.);
#2025=ORIENTED_EDGE('',*,*,#2828,.F.);
#2026=ORIENTED_EDGE('',*,*,#2170,.F.);
#2027=ORIENTED_EDGE('',*,*,#2827,.T.);
#2028=ORIENTED_EDGE('',*,*,#2175,.F.);
#2029=ORIENTED_EDGE('',*,*,#2829,.F.);
#2030=ORIENTED_EDGE('',*,*,#2447,.F.);
#2031=ORIENTED_EDGE('',*,*,#2828,.T.);
#2032=ORIENTED_EDGE('',*,*,#2453,.F.);
#2033=ORIENTED_EDGE('',*,*,#2830,.F.);
#2034=ORIENTED_EDGE('',*,*,#2173,.F.);
#2035=ORIENTED_EDGE('',*,*,#2519,.F.);
#2036=ORIENTED_EDGE('',*,*,#2171,.F.);
#2037=ORIENTED_EDGE('',*,*,#2829,.T.);
#2038=ORIENTED_EDGE('',*,*,#2174,.F.);
#2039=ORIENTED_EDGE('',*,*,#2830,.T.);
#2040=ORIENTED_EDGE('',*,*,#2450,.F.);
#2041=EDGE_CURVE('',#2831,#2832,#3360,.T.);
#2042=EDGE_CURVE('',#2833,#2832,#3361,.T.);
#2043=EDGE_CURVE('',#2834,#2833,#3362,.T.);
#2044=EDGE_CURVE('',#2834,#2831,#3363,.T.);
#2045=EDGE_CURVE('',#2832,#2835,#40,.T.);
#2046=EDGE_CURVE('',#2836,#2835,#3364,.T.);
#2047=EDGE_CURVE('',#2833,#2836,#41,.T.);
#2048=EDGE_CURVE('',#2835,#2837,#3365,.T.);
#2049=EDGE_CURVE('',#2838,#2837,#3366,.T.);
#2050=EDGE_CURVE('',#2836,#2838,#3367,.T.);
#2051=EDGE_CURVE('',#2837,#2839,#3368,.T.);
#2052=EDGE_CURVE('',#2840,#2839,#3369,.T.);
#2053=EDGE_CURVE('',#2838,#2840,#3370,.T.);
#2054=EDGE_CURVE('',#2839,#2841,#42,.T.);
#2055=EDGE_CURVE('',#2842,#2841,#3371,.T.);
#2056=EDGE_CURVE('',#2840,#2842,#43,.T.);
#2057=EDGE_CURVE('',#2841,#2843,#3372,.T.);
#2058=EDGE_CURVE('',#2844,#2843,#3373,.T.);
#2059=EDGE_CURVE('',#2842,#2844,#3374,.T.);
#2060=EDGE_CURVE('',#2843,#2845,#44,.T.);
#2061=EDGE_CURVE('',#2846,#2845,#3375,.T.);
#2062=EDGE_CURVE('',#2844,#2846,#45,.T.);
#2063=EDGE_CURVE('',#2845,#2847,#3376,.T.);
#2064=EDGE_CURVE('',#2848,#2847,#3377,.T.);
#2065=EDGE_CURVE('',#2846,#2848,#3378,.T.);
#2066=EDGE_CURVE('',#2847,#2849,#46,.T.);
#2067=EDGE_CURVE('',#2850,#2849,#3379,.T.);
#2068=EDGE_CURVE('',#2848,#2850,#47,.T.);
#2069=EDGE_CURVE('',#2849,#2851,#3380,.T.);
#2070=EDGE_CURVE('',#2852,#2851,#3381,.T.);
#2071=EDGE_CURVE('',#2850,#2852,#3382,.T.);
#2072=EDGE_CURVE('',#2851,#2853,#48,.T.);
#2073=EDGE_CURVE('',#2854,#2853,#3383,.T.);
#2074=EDGE_CURVE('',#2852,#2854,#49,.T.);
#2075=EDGE_CURVE('',#2853,#2855,#3384,.T.);
#2076=EDGE_CURVE('',#2856,#2855,#3385,.T.);
#2077=EDGE_CURVE('',#2854,#2856,#3386,.T.);
#2078=EDGE_CURVE('',#2855,#2857,#50,.T.);
#2079=EDGE_CURVE('',#2858,#2857,#3387,.T.);
#2080=EDGE_CURVE('',#2856,#2858,#51,.T.);
#2081=EDGE_CURVE('',#2857,#2859,#3388,.T.);
#2082=EDGE_CURVE('',#2860,#2859,#3389,.T.);
#2083=EDGE_CURVE('',#2858,#2860,#3390,.T.);
#2084=EDGE_CURVE('',#2859,#2861,#3391,.T.);
#2085=EDGE_CURVE('',#2862,#2861,#3392,.T.);
#2086=EDGE_CURVE('',#2860,#2862,#3393,.T.);
#2087=EDGE_CURVE('',#2861,#2863,#52,.T.);
#2088=EDGE_CURVE('',#2864,#2863,#3394,.T.);
#2089=EDGE_CURVE('',#2862,#2864,#53,.T.);
#2090=EDGE_CURVE('',#2863,#2865,#3395,.T.);
#2091=EDGE_CURVE('',#2866,#2865,#3396,.T.);
#2092=EDGE_CURVE('',#2864,#2866,#3397,.T.);
#2093=EDGE_CURVE('',#2865,#2867,#54,.T.);
#2094=EDGE_CURVE('',#2868,#2867,#3398,.T.);
#2095=EDGE_CURVE('',#2866,#2868,#55,.T.);
#2096=EDGE_CURVE('',#2867,#2831,#3399,.T.);
#2097=EDGE_CURVE('',#2868,#2834,#3400,.T.);
#2098=EDGE_CURVE('',#2869,#2869,#56,.T.);
#2099=EDGE_CURVE('',#2870,#2870,#57,.T.);
#2100=EDGE_CURVE('',#2871,#2871,#58,.T.);
#2101=EDGE_CURVE('',#2872,#2872,#59,.T.);
#2102=EDGE_CURVE('',#2873,#2873,#60,.T.);
#2103=EDGE_CURVE('',#2874,#2874,#61,.T.);
#2104=EDGE_CURVE('',#2875,#2875,#62,.T.);
#2105=EDGE_CURVE('',#2876,#2876,#63,.T.);
#2106=EDGE_CURVE('',#2877,#2877,#64,.T.);
#2107=EDGE_CURVE('',#2878,#2878,#65,.T.);
#2108=EDGE_CURVE('',#2879,#2879,#66,.T.);
#2109=EDGE_CURVE('',#2880,#2880,#67,.T.);
#2110=EDGE_CURVE('',#2881,#2882,#3401,.T.);
#2111=EDGE_CURVE('',#2883,#2882,#3402,.T.);
#2112=EDGE_CURVE('',#2883,#2884,#3403,.F.);
#2113=EDGE_CURVE('',#2884,#2881,#3404,.T.);
#2114=EDGE_CURVE('',#2885,#2886,#3405,.T.);
#2115=EDGE_CURVE('',#2887,#2886,#3406,.T.);
#2116=EDGE_CURVE('',#2888,#2887,#3407,.T.);
#2117=EDGE_CURVE('',#2888,#2885,#3408,.T.);
#2118=EDGE_CURVE('',#2889,#2887,#68,.T.);
#2119=EDGE_CURVE('',#2890,#2889,#3409,.T.);
#2120=EDGE_CURVE('',#2890,#2888,#69,.T.);
#2121=EDGE_CURVE('',#2891,#2889,#3410,.T.);
#2122=EDGE_CURVE('',#2891,#2892,#3411,.F.);
#2123=EDGE_CURVE('',#2892,#2890,#3412,.T.);
#2124=EDGE_CURVE('',#2893,#2894,#3413,.T.);
#2125=EDGE_CURVE('',#2895,#2894,#3414,.T.);
#2126=EDGE_CURVE('',#2896,#2895,#3415,.T.);
#2127=EDGE_CURVE('',#2896,#2893,#3416,.T.);
#2128=EDGE_CURVE('',#2897,#2895,#70,.T.);
#2129=EDGE_CURVE('',#2898,#2897,#3417,.T.);
#2130=EDGE_CURVE('',#2898,#2896,#71,.T.);
#2131=EDGE_CURVE('',#2899,#2897,#3418,.T.);
#2132=EDGE_CURVE('',#2899,#2900,#3419,.F.);
#2133=EDGE_CURVE('',#2900,#2898,#3420,.T.);
#2134=EDGE_CURVE('',#2901,#2902,#3421,.T.);
#2135=EDGE_CURVE('',#2901,#2903,#3422,.F.);
#2136=EDGE_CURVE('',#2904,#2903,#3423,.T.);
#2137=EDGE_CURVE('',#2904,#2902,#3424,.T.);
#2138=EDGE_CURVE('',#2905,#2906,#3425,.T.);
#2139=EDGE_CURVE('',#2905,#2907,#3426,.F.);
#2140=EDGE_CURVE('',#2908,#2907,#3427,.T.);
#2141=EDGE_CURVE('',#2908,#2906,#3428,.T.);
#2142=EDGE_CURVE('',#2909,#2910,#3429,.T.);
#2143=EDGE_CURVE('',#2909,#2911,#3430,.F.);
#2144=EDGE_CURVE('',#2912,#2911,#3431,.T.);
#2145=EDGE_CURVE('',#2912,#2910,#3432,.T.);
#2146=EDGE_CURVE('',#2913,#2914,#3433,.T.);
#2147=EDGE_CURVE('',#2915,#2914,#72,.T.);
#2148=EDGE_CURVE('',#2916,#2915,#3434,.T.);
#2149=EDGE_CURVE('',#2916,#2913,#73,.T.);
#2150=EDGE_CURVE('',#2917,#2915,#3435,.T.);
#2151=EDGE_CURVE('',#2917,#2918,#3436,.F.);
#2152=EDGE_CURVE('',#2918,#2916,#3437,.T.);
#2153=EDGE_CURVE('',#2910,#2905,#74,.T.);
#2154=EDGE_CURVE('',#2907,#2912,#75,.T.);
#2155=EDGE_CURVE('',#2906,#2901,#76,.T.);
#2156=EDGE_CURVE('',#2903,#2908,#77,.T.);
#2157=EDGE_CURVE('',#2919,#2883,#78,.T.);
#2158=EDGE_CURVE('',#2920,#2919,#3438,.F.);
#2159=EDGE_CURVE('',#2884,#2920,#79,.T.);
#2160=EDGE_CURVE('',#2921,#2922,#3439,.T.);
#2161=EDGE_CURVE('',#2921,#2923,#3440,.F.);
#2162=EDGE_CURVE('',#2923,#2924,#3441,.T.);
#2163=EDGE_CURVE('',#2924,#2922,#3442,.T.);
#2164=EDGE_CURVE('',#2925,#2925,#80,.T.);
#2165=EDGE_CURVE('',#2926,#2926,#81,.T.);
#2166=EDGE_CURVE('',#2927,#2927,#82,.T.);
#2167=EDGE_CURVE('',#2928,#2928,#83,.T.);
#2168=EDGE_CURVE('',#2929,#2929,#84,.T.);
#2169=EDGE_CURVE('',#2930,#2930,#85,.T.);
#2170=EDGE_CURVE('',#2931,#2932,#3443,.F.);
#2171=EDGE_CURVE('',#2932,#2933,#86,.F.);
#2172=EDGE_CURVE('',#2934,#2933,#87,.T.);
#2173=EDGE_CURVE('',#2934,#2935,#88,.F.);
#2174=EDGE_CURVE('',#2935,#2936,#3444,.F.);
#2175=EDGE_CURVE('',#2936,#2937,#3445,.F.);
#2176=EDGE_CURVE('',#2937,#2938,#89,.F.);
#2177=EDGE_CURVE('',#2939,#2938,#90,.T.);
#2178=EDGE_CURVE('',#2939,#2940,#91,.F.);
#2179=EDGE_CURVE('',#2940,#2941,#3446,.F.);
#2180=EDGE_CURVE('',#2941,#2942,#92,.F.);
#2181=EDGE_CURVE('',#2943,#2942,#93,.T.);
#2182=EDGE_CURVE('',#2943,#2944,#94,.F.);
#2183=EDGE_CURVE('',#2944,#2945,#3447,.F.);
#2184=EDGE_CURVE('',#2945,#2946,#95,.F.);
#2185=EDGE_CURVE('',#2947,#2946,#96,.T.);
#2186=EDGE_CURVE('',#2947,#2948,#3448,.F.);
#2187=EDGE_CURVE('',#2948,#2949,#97,.F.);
#2188=EDGE_CURVE('',#2949,#2950,#3449,.F.);
#2189=EDGE_CURVE('',#2951,#2950,#3450,.T.);
#2190=EDGE_CURVE('',#2952,#2951,#3451,.T.);
#2191=EDGE_CURVE('',#2952,#2953,#3452,.T.);
#2192=EDGE_CURVE('',#2953,#2954,#3453,.F.);
#2193=EDGE_CURVE('',#2955,#2954,#98,.T.);
#2194=EDGE_CURVE('',#2955,#2956,#99,.F.);
#2195=EDGE_CURVE('',#2956,#2957,#3454,.F.);
#2196=EDGE_CURVE('',#2957,#2958,#3455,.F.);
#2197=EDGE_CURVE('',#2958,#2959,#100,.F.);
#2198=EDGE_CURVE('',#2959,#2960,#3456,.F.);
#2199=EDGE_CURVE('',#2960,#2961,#3457,.F.);
#2200=EDGE_CURVE('',#2961,#2962,#101,.F.);
#2201=EDGE_CURVE('',#2963,#2962,#102,.T.);
#2202=EDGE_CURVE('',#2963,#2931,#103,.F.);
#2203=EDGE_CURVE('',#2964,#2965,#104,.T.);
#2204=EDGE_CURVE('',#2964,#2966,#3458,.T.);
#2205=EDGE_CURVE('',#2967,#2966,#105,.T.);
#2206=EDGE_CURVE('',#2967,#2968,#3459,.T.);
#2207=EDGE_CURVE('',#2969,#2968,#106,.T.);
#2208=EDGE_CURVE('',#2970,#2969,#3460,.T.);
#2209=EDGE_CURVE('',#2971,#2970,#107,.T.);
#2210=EDGE_CURVE('',#2965,#2971,#3461,.T.);
#2211=EDGE_CURVE('',#2972,#2973,#108,.T.);
#2212=EDGE_CURVE('',#2972,#2974,#3462,.T.);
#2213=EDGE_CURVE('',#2975,#2974,#109,.T.);
#2214=EDGE_CURVE('',#2975,#2976,#3463,.T.);
#2215=EDGE_CURVE('',#2977,#2976,#110,.T.);
#2216=EDGE_CURVE('',#2978,#2977,#3464,.T.);
#2217=EDGE_CURVE('',#2979,#2978,#111,.T.);
#2218=EDGE_CURVE('',#2973,#2979,#3465,.T.);
#2219=EDGE_CURVE('',#2980,#2981,#112,.T.);
#2220=EDGE_CURVE('',#2980,#2982,#3466,.T.);
#2221=EDGE_CURVE('',#2983,#2982,#113,.T.);
#2222=EDGE_CURVE('',#2983,#2984,#3467,.T.);
#2223=EDGE_CURVE('',#2985,#2984,#114,.T.);
#2224=EDGE_CURVE('',#2986,#2985,#3468,.T.);
#2225=EDGE_CURVE('',#2987,#2986,#115,.T.);
#2226=EDGE_CURVE('',#2981,#2987,#3469,.T.);
#2227=EDGE_CURVE('',#2988,#2989,#116,.T.);
#2228=EDGE_CURVE('',#2988,#2990,#3470,.T.);
#2229=EDGE_CURVE('',#2991,#2990,#117,.T.);
#2230=EDGE_CURVE('',#2991,#2992,#3471,.T.);
#2231=EDGE_CURVE('',#2993,#2992,#118,.T.);
#2232=EDGE_CURVE('',#2994,#2993,#3472,.T.);
#2233=EDGE_CURVE('',#2995,#2994,#119,.T.);
#2234=EDGE_CURVE('',#2989,#2995,#3473,.T.);
#2235=EDGE_CURVE('',#2996,#2997,#120,.T.);
#2236=EDGE_CURVE('',#2996,#2998,#3474,.T.);
#2237=EDGE_CURVE('',#2999,#2998,#121,.T.);
#2238=EDGE_CURVE('',#2999,#3000,#3475,.T.);
#2239=EDGE_CURVE('',#3001,#3000,#122,.T.);
#2240=EDGE_CURVE('',#3002,#3001,#3476,.T.);
#2241=EDGE_CURVE('',#3003,#3002,#123,.T.);
#2242=EDGE_CURVE('',#2997,#3003,#3477,.T.);
#2243=EDGE_CURVE('',#3004,#3005,#124,.T.);
#2244=EDGE_CURVE('',#3004,#3006,#3478,.T.);
#2245=EDGE_CURVE('',#3007,#3006,#125,.T.);
#2246=EDGE_CURVE('',#3007,#3008,#3479,.T.);
#2247=EDGE_CURVE('',#3009,#3008,#126,.T.);
#2248=EDGE_CURVE('',#3010,#3009,#3480,.T.);
#2249=EDGE_CURVE('',#3011,#3010,#127,.T.);
#2250=EDGE_CURVE('',#3005,#3011,#3481,.T.);
#2251=EDGE_CURVE('',#3012,#3013,#128,.T.);
#2252=EDGE_CURVE('',#3012,#3014,#3482,.T.);
#2253=EDGE_CURVE('',#3015,#3014,#129,.T.);
#2254=EDGE_CURVE('',#3015,#3016,#3483,.T.);
#2255=EDGE_CURVE('',#3017,#3016,#130,.T.);
#2256=EDGE_CURVE('',#3018,#3017,#3484,.T.);
#2257=EDGE_CURVE('',#3019,#3018,#131,.T.);
#2258=EDGE_CURVE('',#3013,#3019,#3485,.T.);
#2259=EDGE_CURVE('',#3020,#3021,#132,.T.);
#2260=EDGE_CURVE('',#3020,#3022,#3486,.T.);
#2261=EDGE_CURVE('',#3023,#3022,#133,.T.);
#2262=EDGE_CURVE('',#3023,#3024,#3487,.T.);
#2263=EDGE_CURVE('',#3025,#3024,#134,.T.);
#2264=EDGE_CURVE('',#3026,#3025,#3488,.T.);
#2265=EDGE_CURVE('',#3027,#3026,#135,.T.);
#2266=EDGE_CURVE('',#3021,#3027,#3489,.T.);
#2267=EDGE_CURVE('',#3028,#3029,#136,.T.);
#2268=EDGE_CURVE('',#3028,#3030,#3490,.T.);
#2269=EDGE_CURVE('',#3031,#3030,#137,.T.);
#2270=EDGE_CURVE('',#3031,#3032,#3491,.T.);
#2271=EDGE_CURVE('',#3033,#3032,#138,.T.);
#2272=EDGE_CURVE('',#3034,#3033,#3492,.T.);
#2273=EDGE_CURVE('',#3035,#3034,#139,.T.);
#2274=EDGE_CURVE('',#3029,#3035,#3493,.T.);
#2275=EDGE_CURVE('',#3036,#3037,#140,.T.);
#2276=EDGE_CURVE('',#3036,#3038,#3494,.T.);
#2277=EDGE_CURVE('',#3039,#3038,#141,.T.);
#2278=EDGE_CURVE('',#3039,#3040,#3495,.T.);
#2279=EDGE_CURVE('',#3041,#3040,#142,.T.);
#2280=EDGE_CURVE('',#3042,#3041,#3496,.T.);
#2281=EDGE_CURVE('',#3043,#3042,#143,.T.);
#2282=EDGE_CURVE('',#3037,#3043,#3497,.T.);
#2283=EDGE_CURVE('',#3044,#3045,#144,.T.);
#2284=EDGE_CURVE('',#3044,#3046,#3498,.T.);
#2285=EDGE_CURVE('',#3047,#3046,#145,.T.);
#2286=EDGE_CURVE('',#3047,#3048,#3499,.T.);
#2287=EDGE_CURVE('',#3049,#3048,#146,.T.);
#2288=EDGE_CURVE('',#3050,#3049,#3500,.T.);
#2289=EDGE_CURVE('',#3051,#3050,#147,.T.);
#2290=EDGE_CURVE('',#3045,#3051,#3501,.T.);
#2291=EDGE_CURVE('',#3052,#3053,#148,.T.);
#2292=EDGE_CURVE('',#3052,#3054,#3502,.T.);
#2293=EDGE_CURVE('',#3055,#3054,#149,.T.);
#2294=EDGE_CURVE('',#3055,#3056,#3503,.T.);
#2295=EDGE_CURVE('',#3057,#3056,#150,.T.);
#2296=EDGE_CURVE('',#3058,#3057,#3504,.T.);
#2297=EDGE_CURVE('',#3059,#3058,#151,.T.);
#2298=EDGE_CURVE('',#3053,#3059,#3505,.T.);
#2299=EDGE_CURVE('',#3060,#3061,#152,.T.);
#2300=EDGE_CURVE('',#3060,#3062,#3506,.T.);
#2301=EDGE_CURVE('',#3063,#3062,#153,.T.);
#2302=EDGE_CURVE('',#3063,#3064,#3507,.T.);
#2303=EDGE_CURVE('',#3065,#3064,#154,.T.);
#2304=EDGE_CURVE('',#3066,#3065,#3508,.T.);
#2305=EDGE_CURVE('',#3067,#3066,#155,.T.);
#2306=EDGE_CURVE('',#3061,#3067,#3509,.T.);
#2307=EDGE_CURVE('',#3068,#3069,#156,.T.);
#2308=EDGE_CURVE('',#3068,#3070,#3510,.T.);
#2309=EDGE_CURVE('',#3071,#3070,#157,.T.);
#2310=EDGE_CURVE('',#3071,#3072,#3511,.T.);
#2311=EDGE_CURVE('',#3073,#3072,#158,.T.);
#2312=EDGE_CURVE('',#3074,#3073,#3512,.T.);
#2313=EDGE_CURVE('',#3075,#3074,#159,.T.);
#2314=EDGE_CURVE('',#3069,#3075,#3513,.T.);
#2315=EDGE_CURVE('',#3076,#3077,#160,.T.);
#2316=EDGE_CURVE('',#3076,#3078,#3514,.T.);
#2317=EDGE_CURVE('',#3079,#3078,#161,.T.);
#2318=EDGE_CURVE('',#3079,#3080,#3515,.T.);
#2319=EDGE_CURVE('',#3081,#3080,#162,.T.);
#2320=EDGE_CURVE('',#3082,#3081,#3516,.T.);
#2321=EDGE_CURVE('',#3083,#3082,#163,.T.);
#2322=EDGE_CURVE('',#3077,#3083,#3517,.T.);
#2323=EDGE_CURVE('',#3084,#3085,#164,.T.);
#2324=EDGE_CURVE('',#3084,#3086,#3518,.T.);
#2325=EDGE_CURVE('',#3087,#3086,#165,.T.);
#2326=EDGE_CURVE('',#3087,#3088,#3519,.T.);
#2327=EDGE_CURVE('',#3089,#3088,#166,.T.);
#2328=EDGE_CURVE('',#3090,#3089,#3520,.T.);
#2329=EDGE_CURVE('',#3091,#3090,#167,.T.);
#2330=EDGE_CURVE('',#3085,#3091,#3521,.T.);
#2331=EDGE_CURVE('',#3092,#3093,#3522,.T.);
#2332=EDGE_CURVE('',#3092,#3094,#3523,.T.);
#2333=EDGE_CURVE('',#3094,#3095,#3524,.T.);
#2334=EDGE_CURVE('',#3093,#3095,#3525,.T.);
#2335=EDGE_CURVE('',#3096,#3097,#3526,.T.);
#2336=EDGE_CURVE('',#3097,#3098,#3527,.T.);
#2337=EDGE_CURVE('',#3098,#3099,#3528,.T.);
#2338=EDGE_CURVE('',#3096,#3099,#3529,.T.);
#2339=EDGE_CURVE('',#3100,#3101,#3530,.T.);
#2340=EDGE_CURVE('',#3102,#3100,#3531,.T.);
#2341=EDGE_CURVE('',#3102,#3103,#3532,.F.);
#2342=EDGE_CURVE('',#3103,#3101,#3533,.T.);
#2343=EDGE_CURVE('',#3104,#3105,#3534,.T.);
#2344=EDGE_CURVE('',#3104,#3106,#3535,.F.);
#2345=EDGE_CURVE('',#3106,#3107,#3536,.T.);
#2346=EDGE_CURVE('',#3107,#3105,#3537,.T.);
#2347=EDGE_CURVE('',#3108,#3109,#3538,.T.);
#2348=EDGE_CURVE('',#3110,#3108,#3539,.T.);
#2349=EDGE_CURVE('',#3110,#3111,#3540,.T.);
#2350=EDGE_CURVE('',#3111,#3109,#3541,.T.);
#2351=EDGE_CURVE('',#3112,#3113,#3542,.T.);
#2352=EDGE_CURVE('',#3114,#3112,#3543,.T.);
#2353=EDGE_CURVE('',#3114,#3115,#3544,.T.);
#2354=EDGE_CURVE('',#3115,#3113,#3545,.T.);
#2355=EDGE_CURVE('',#3116,#3112,#3546,.T.);
#2356=EDGE_CURVE('',#3116,#3117,#3547,.F.);
#2357=EDGE_CURVE('',#3117,#3114,#3548,.T.);
#2358=EDGE_CURVE('',#3118,#3119,#3549,.T.);
#2359=EDGE_CURVE('',#3118,#3120,#3550,.F.);
#2360=EDGE_CURVE('',#3120,#3121,#3551,.T.);
#2361=EDGE_CURVE('',#3121,#3119,#3552,.T.);
#2362=EDGE_CURVE('',#3122,#3122,#168,.T.);
#2363=EDGE_CURVE('',#3123,#3123,#169,.T.);
#2364=EDGE_CURVE('',#3124,#3124,#170,.T.);
#2365=EDGE_CURVE('',#3125,#3125,#171,.T.);
#2366=EDGE_CURVE('',#3126,#3126,#172,.T.);
#2367=EDGE_CURVE('',#3127,#3127,#173,.T.);
#2368=EDGE_CURVE('',#3128,#3110,#3553,.T.);
#2369=EDGE_CURVE('',#3128,#3129,#3554,.T.);
#2370=EDGE_CURVE('',#3129,#3130,#174,.T.);
#2371=EDGE_CURVE('',#3130,#3131,#3555,.T.);
#2372=EDGE_CURVE('',#3132,#3131,#175,.T.);
#2373=EDGE_CURVE('',#3132,#3133,#176,.F.);
#2374=EDGE_CURVE('',#3133,#3134,#3556,.T.);
#2375=EDGE_CURVE('',#3134,#3135,#177,.T.);
#2376=EDGE_CURVE('',#3135,#3136,#3557,.T.);
#2377=EDGE_CURVE('',#3136,#3137,#178,.T.);
#2378=EDGE_CURVE('',#3137,#3138,#3558,.T.);
#2379=EDGE_CURVE('',#3138,#3139,#179,.T.);
#2380=EDGE_CURVE('',#3139,#3140,#3559,.T.);
#2381=EDGE_CURVE('',#3140,#3141,#180,.T.);
#2382=EDGE_CURVE('',#3141,#3142,#3560,.T.);
#2383=EDGE_CURVE('',#3142,#3143,#181,.T.);
#2384=EDGE_CURVE('',#3143,#3144,#3561,.T.);
#2385=EDGE_CURVE('',#3144,#3145,#182,.T.);
#2386=EDGE_CURVE('',#3145,#3146,#3562,.T.);
#2387=EDGE_CURVE('',#3146,#3147,#183,.F.);
#2388=EDGE_CURVE('',#3147,#3148,#3563,.T.);
#2389=EDGE_CURVE('',#3148,#3149,#184,.T.);
#2390=EDGE_CURVE('',#3149,#3150,#3564,.T.);
#2391=EDGE_CURVE('',#3150,#3151,#185,.T.);
#2392=EDGE_CURVE('',#3102,#3151,#186,.T.);
#2393=EDGE_CURVE('',#3100,#2924,#3565,.T.);
#2394=EDGE_CURVE('',#2923,#2885,#187,.F.);
#2395=EDGE_CURVE('',#2892,#3152,#188,.F.);
#2396=EDGE_CURVE('',#3152,#3153,#189,.T.);
#2397=EDGE_CURVE('',#3153,#2893,#190,.F.);
#2398=EDGE_CURVE('',#2900,#3115,#191,.F.);
#2399=EDGE_CURVE('',#3117,#2904,#192,.F.);
#2400=EDGE_CURVE('',#2911,#2913,#193,.F.);
#2401=EDGE_CURVE('',#2918,#3121,#194,.F.);
#2402=EDGE_CURVE('',#3120,#3154,#195,.F.);
#2403=EDGE_CURVE('',#3154,#3155,#196,.T.);
#2404=EDGE_CURVE('',#3155,#3107,#197,.F.);
#2405=EDGE_CURVE('',#3106,#2881,#198,.F.);
#2406=EDGE_CURVE('',#2920,#3111,#199,.F.);
#2407=EDGE_CURVE('',#3156,#3157,#3566,.T.);
#2408=EDGE_CURVE('',#3156,#3158,#3567,.T.);
#2409=EDGE_CURVE('',#3158,#3159,#3568,.T.);
#2410=EDGE_CURVE('',#3157,#3159,#3569,.T.);
#2411=EDGE_CURVE('',#3158,#3160,#200,.T.);
#2412=EDGE_CURVE('',#3160,#3161,#3570,.T.);
#2413=EDGE_CURVE('',#3159,#3161,#201,.T.);
#2414=EDGE_CURVE('',#3160,#3162,#3571,.T.);
#2415=EDGE_CURVE('',#3162,#3163,#3572,.T.);
#2416=EDGE_CURVE('',#3161,#3163,#3573,.T.);
#2417=EDGE_CURVE('',#3162,#3164,#3574,.T.);
#2418=EDGE_CURVE('',#3164,#3165,#3575,.T.);
#2419=EDGE_CURVE('',#3163,#3165,#3576,.T.);
#2420=EDGE_CURVE('',#3164,#3166,#202,.T.);
#2421=EDGE_CURVE('',#3166,#3167,#3577,.T.);
#2422=EDGE_CURVE('',#3165,#3167,#203,.T.);
#2423=EDGE_CURVE('',#3166,#3168,#3578,.T.);
#2424=EDGE_CURVE('',#3169,#3168,#3579,.T.);
#2425=EDGE_CURVE('',#3167,#3169,#3580,.T.);
#2426=EDGE_CURVE('',#3098,#3170,#204,.T.);
#2427=EDGE_CURVE('',#3170,#3171,#3581,.T.);
#2428=EDGE_CURVE('',#3099,#3171,#205,.T.);
#2429=EDGE_CURVE('',#3170,#3172,#3582,.T.);
#2430=EDGE_CURVE('',#3172,#3173,#3583,.T.);
#2431=EDGE_CURVE('',#3171,#3173,#3584,.T.);
#2432=EDGE_CURVE('',#3172,#3174,#206,.T.);
#2433=EDGE_CURVE('',#3174,#3175,#3585,.T.);
#2434=EDGE_CURVE('',#3173,#3175,#207,.T.);
#2435=EDGE_CURVE('',#3174,#3176,#3586,.T.);
#2436=EDGE_CURVE('',#3176,#3177,#3587,.T.);
#2437=EDGE_CURVE('',#3175,#3177,#3588,.T.);
#2438=EDGE_CURVE('',#3176,#3178,#208,.T.);
#2439=EDGE_CURVE('',#3178,#3179,#3589,.T.);
#2440=EDGE_CURVE('',#3177,#3179,#209,.T.);
#2441=EDGE_CURVE('',#3178,#3180,#3590,.T.);
#2442=EDGE_CURVE('',#3180,#3181,#3591,.T.);
#2443=EDGE_CURVE('',#3179,#3181,#3592,.T.);
#2444=EDGE_CURVE('',#3180,#3182,#210,.T.);
#2445=EDGE_CURVE('',#3182,#3183,#3593,.T.);
#2446=EDGE_CURVE('',#3181,#3183,#211,.T.);
#2447=EDGE_CURVE('',#3182,#3184,#3594,.T.);
#2448=EDGE_CURVE('',#3184,#3185,#3595,.T.);
#2449=EDGE_CURVE('',#3183,#3185,#3596,.T.);
#2450=EDGE_CURVE('',#3184,#3186,#3597,.T.);
#2451=EDGE_CURVE('',#3186,#3187,#3598,.T.);
#2452=EDGE_CURVE('',#3185,#3187,#3599,.T.);
#2453=EDGE_CURVE('',#3186,#3188,#212,.T.);
#2454=EDGE_CURVE('',#3188,#3189,#3600,.T.);
#2455=EDGE_CURVE('',#3187,#3189,#213,.T.);
#2456=EDGE_CURVE('',#3188,#3190,#3601,.T.);
#2457=EDGE_CURVE('',#3190,#3191,#3602,.T.);
#2458=EDGE_CURVE('',#3189,#3191,#3603,.T.);
#2459=EDGE_CURVE('',#3190,#3192,#214,.T.);
#2460=EDGE_CURVE('',#3192,#3193,#3604,.T.);
#2461=EDGE_CURVE('',#3191,#3193,#215,.T.);
#2462=EDGE_CURVE('',#3145,#3194,#3605,.T.);
#2463=EDGE_CURVE('',#3194,#3195,#3606,.T.);
#2464=EDGE_CURVE('',#3146,#3195,#3607,.T.);
#2465=EDGE_CURVE('',#3144,#3196,#3608,.T.);
#2466=EDGE_CURVE('',#3196,#3194,#216,.T.);
#2467=EDGE_CURVE('',#3143,#3197,#3609,.T.);
#2468=EDGE_CURVE('',#3197,#3196,#3610,.T.);
#2469=EDGE_CURVE('',#3142,#3198,#3611,.T.);
#2470=EDGE_CURVE('',#3198,#3197,#217,.T.);
#2471=EDGE_CURVE('',#3141,#3199,#3612,.T.);
#2472=EDGE_CURVE('',#3199,#3198,#3613,.T.);
#2473=EDGE_CURVE('',#3140,#3200,#3614,.T.);
#2474=EDGE_CURVE('',#3200,#3199,#218,.T.);
#2475=EDGE_CURVE('',#3139,#3201,#3615,.T.);
#2476=EDGE_CURVE('',#3201,#3200,#3616,.T.);
#2477=EDGE_CURVE('',#3138,#3202,#3617,.T.);
#2478=EDGE_CURVE('',#3202,#3201,#219,.T.);
#2479=EDGE_CURVE('',#3137,#3203,#3618,.T.);
#2480=EDGE_CURVE('',#3203,#3202,#3619,.T.);
#2481=EDGE_CURVE('',#3136,#3204,#3620,.T.);
#2482=EDGE_CURVE('',#3204,#3203,#220,.T.);
#2483=EDGE_CURVE('',#3135,#3205,#3621,.T.);
#2484=EDGE_CURVE('',#3205,#3204,#3622,.T.);
#2485=EDGE_CURVE('',#3134,#3206,#3623,.T.);
#2486=EDGE_CURVE('',#3206,#3205,#221,.T.);
#2487=EDGE_CURVE('',#3133,#3207,#3624,.T.);
#2488=EDGE_CURVE('',#3207,#3206,#3625,.T.);
#2489=EDGE_CURVE('',#3132,#3208,#3626,.F.);
#2490=EDGE_CURVE('',#3208,#3207,#222,.F.);
#2491=EDGE_CURVE('',#3209,#3210,#3627,.T.);
#2492=EDGE_CURVE('',#3210,#3131,#3628,.T.);
#2493=EDGE_CURVE('',#3130,#3209,#3629,.T.);
#2494=EDGE_CURVE('',#3129,#3211,#3630,.T.);
#2495=EDGE_CURVE('',#3211,#3209,#223,.T.);
#2496=EDGE_CURVE('',#3128,#3212,#3631,.T.);
#2497=EDGE_CURVE('',#3212,#3211,#3632,.T.);
#2498=EDGE_CURVE('',#3213,#3214,#224,.T.);
#2499=EDGE_CURVE('',#3214,#3151,#3633,.T.);
#2500=EDGE_CURVE('',#3150,#3213,#3634,.T.);
#2501=EDGE_CURVE('',#3149,#3215,#3635,.T.);
#2502=EDGE_CURVE('',#3215,#3213,#3636,.T.);
#2503=EDGE_CURVE('',#3148,#3216,#3637,.T.);
#2504=EDGE_CURVE('',#3216,#3215,#225,.T.);
#2505=EDGE_CURVE('',#3147,#3217,#3638,.T.);
#2506=EDGE_CURVE('',#3217,#3216,#3639,.T.);
#2507=EDGE_CURVE('',#3195,#3217,#226,.F.);
#2508=EDGE_CURVE('',#3192,#3156,#3640,.T.);
#2509=EDGE_CURVE('',#3193,#3157,#3641,.T.);
#2510=EDGE_CURVE('',#3096,#3212,#3642,.T.);
#2511=EDGE_CURVE('',#3169,#3101,#3643,.T.);
#2512=EDGE_CURVE('',#3214,#3103,#227,.T.);
#2513=EDGE_CURVE('',#3210,#3208,#228,.T.);
#2514=EDGE_CURVE('',#3218,#3218,#229,.T.);
#2515=EDGE_CURVE('',#3219,#3219,#230,.T.);
#2516=EDGE_CURVE('',#3220,#3220,#231,.T.);
#2517=EDGE_CURVE('',#3221,#3221,#232,.T.);
#2518=EDGE_CURVE('',#2962,#2963,#21,.T.);
#2519=EDGE_CURVE('',#2933,#2934,#22,.T.);
#2520=EDGE_CURVE('',#2938,#2939,#23,.T.);
#2521=EDGE_CURVE('',#2942,#2943,#24,.T.);
#2522=EDGE_CURVE('',#2946,#3222,#25,.T.);
#2523=EDGE_CURVE('',#3222,#2947,#26,.T.);
#2524=EDGE_CURVE('',#2954,#3223,#27,.T.);
#2525=EDGE_CURVE('',#3223,#2955,#28,.T.);
#2526=EDGE_CURVE('',#3155,#3224,#3644,.T.);
#2527=EDGE_CURVE('',#3224,#3105,#233,.T.);
#2528=EDGE_CURVE('',#3104,#2882,#234,.T.);
#2529=EDGE_CURVE('',#2919,#3109,#235,.T.);
#2530=EDGE_CURVE('',#2921,#2886,#236,.T.);
#2531=EDGE_CURVE('',#2891,#3225,#237,.T.);
#2532=EDGE_CURVE('',#3225,#3152,#3645,.T.);
#2533=EDGE_CURVE('',#3153,#3226,#3646,.F.);
#2534=EDGE_CURVE('',#3226,#2894,#238,.T.);
#2535=EDGE_CURVE('',#2899,#3113,#239,.T.);
#2536=EDGE_CURVE('',#3118,#3227,#240,.T.);
#2537=EDGE_CURVE('',#3227,#3154,#3647,.F.);
#2538=EDGE_CURVE('',#2917,#3119,#241,.T.);
#2539=EDGE_CURVE('',#2909,#2914,#242,.T.);
#2540=EDGE_CURVE('',#3116,#2902,#243,.T.);
#2541=EDGE_CURVE('',#3224,#3227,#244,.T.);
#2542=EDGE_CURVE('',#3226,#3225,#245,.T.);
#2543=EDGE_CURVE('',#3168,#2953,#246,.T.);
#2544=EDGE_CURVE('',#2922,#2952,#3648,.T.);
#2545=EDGE_CURVE('',#2950,#3097,#247,.F.);
#2546=EDGE_CURVE('',#3108,#2951,#3649,.T.);
#2547=EDGE_CURVE('',#2922,#3108,#3650,.T.);
#2548=EDGE_CURVE('',#3228,#3093,#3651,.T.);
#2549=EDGE_CURVE('',#3229,#3228,#3652,.T.);
#2550=EDGE_CURVE('',#3229,#3092,#3653,.T.);
#2551=EDGE_CURVE('',#3229,#3230,#3654,.T.);
#2552=EDGE_CURVE('',#3230,#3094,#3655,.T.);
#2553=EDGE_CURVE('',#3230,#3231,#3656,.T.);
#2554=EDGE_CURVE('',#3231,#3095,#3657,.T.);
#2555=EDGE_CURVE('',#3232,#3085,#3658,.T.);
#2556=EDGE_CURVE('',#3233,#3232,#248,.T.);
#2557=EDGE_CURVE('',#3233,#3084,#3659,.T.);
#2558=EDGE_CURVE('',#3233,#3234,#3660,.T.);
#2559=EDGE_CURVE('',#3234,#3086,#3661,.T.);
#2560=EDGE_CURVE('',#3235,#3234,#249,.T.);
#2561=EDGE_CURVE('',#3235,#3087,#3662,.T.);
#2562=EDGE_CURVE('',#3235,#3236,#3663,.T.);
#2563=EDGE_CURVE('',#3236,#3088,#3664,.T.);
#2564=EDGE_CURVE('',#3237,#3236,#250,.T.);
#2565=EDGE_CURVE('',#3237,#3089,#3665,.T.);
#2566=EDGE_CURVE('',#3238,#3237,#3666,.T.);
#2567=EDGE_CURVE('',#3238,#3090,#3667,.T.);
#2568=EDGE_CURVE('',#3239,#3238,#251,.T.);
#2569=EDGE_CURVE('',#3239,#3091,#3668,.T.);
#2570=EDGE_CURVE('',#3240,#3077,#3669,.T.);
#2571=EDGE_CURVE('',#3241,#3240,#252,.T.);
#2572=EDGE_CURVE('',#3241,#3076,#3670,.T.);
#2573=EDGE_CURVE('',#3241,#3242,#3671,.T.);
#2574=EDGE_CURVE('',#3242,#3078,#3672,.T.);
#2575=EDGE_CURVE('',#3243,#3242,#253,.T.);
#2576=EDGE_CURVE('',#3243,#3079,#3673,.T.);
#2577=EDGE_CURVE('',#3243,#3244,#3674,.T.);
#2578=EDGE_CURVE('',#3244,#3080,#3675,.T.);
#2579=EDGE_CURVE('',#3245,#3244,#254,.T.);
#2580=EDGE_CURVE('',#3245,#3081,#3676,.T.);
#2581=EDGE_CURVE('',#3246,#3245,#3677,.T.);
#2582=EDGE_CURVE('',#3246,#3082,#3678,.T.);
#2583=EDGE_CURVE('',#3247,#3246,#255,.T.);
#2584=EDGE_CURVE('',#3247,#3083,#3679,.T.);
#2585=EDGE_CURVE('',#3248,#3069,#3680,.T.);
#2586=EDGE_CURVE('',#3249,#3248,#256,.T.);
#2587=EDGE_CURVE('',#3249,#3068,#3681,.T.);
#2588=EDGE_CURVE('',#3249,#3250,#3682,.T.);
#2589=EDGE_CURVE('',#3250,#3070,#3683,.T.);
#2590=EDGE_CURVE('',#3251,#3250,#257,.T.);
#2591=EDGE_CURVE('',#3251,#3071,#3684,.T.);
#2592=EDGE_CURVE('',#3251,#3252,#3685,.T.);
#2593=EDGE_CURVE('',#3252,#3072,#3686,.T.);
#2594=EDGE_CURVE('',#3253,#3252,#258,.T.);
#2595=EDGE_CURVE('',#3253,#3073,#3687,.T.);
#2596=EDGE_CURVE('',#3254,#3253,#3688,.T.);
#2597=EDGE_CURVE('',#3254,#3074,#3689,.T.);
#2598=EDGE_CURVE('',#3255,#3254,#259,.T.);
#2599=EDGE_CURVE('',#3255,#3075,#3690,.T.);
#2600=EDGE_CURVE('',#3256,#3061,#3691,.T.);
#2601=EDGE_CURVE('',#3257,#3256,#260,.T.);
#2602=EDGE_CURVE('',#3257,#3060,#3692,.T.);
#2603=EDGE_CURVE('',#3257,#3258,#3693,.T.);
#2604=EDGE_CURVE('',#3258,#3062,#3694,.T.);
#2605=EDGE_CURVE('',#3259,#3258,#261,.T.);
#2606=EDGE_CURVE('',#3259,#3063,#3695,.T.);
#2607=EDGE_CURVE('',#3259,#3260,#3696,.T.);
#2608=EDGE_CURVE('',#3260,#3064,#3697,.T.);
#2609=EDGE_CURVE('',#3261,#3260,#262,.T.);
#2610=EDGE_CURVE('',#3261,#3065,#3698,.T.);
#2611=EDGE_CURVE('',#3262,#3261,#3699,.T.);
#2612=EDGE_CURVE('',#3262,#3066,#3700,.T.);
#2613=EDGE_CURVE('',#3263,#3262,#263,.T.);
#2614=EDGE_CURVE('',#3263,#3067,#3701,.T.);
#2615=EDGE_CURVE('',#3264,#3053,#3702,.T.);
#2616=EDGE_CURVE('',#3265,#3264,#264,.T.);
#2617=EDGE_CURVE('',#3265,#3052,#3703,.T.);
#2618=EDGE_CURVE('',#3265,#3266,#3704,.T.);
#2619=EDGE_CURVE('',#3266,#3054,#3705,.T.);
#2620=EDGE_CURVE('',#3267,#3266,#265,.T.);
#2621=EDGE_CURVE('',#3267,#3055,#3706,.T.);
#2622=EDGE_CURVE('',#3267,#3268,#3707,.T.);
#2623=EDGE_CURVE('',#3268,#3056,#3708,.T.);
#2624=EDGE_CURVE('',#3269,#3268,#266,.T.);
#2625=EDGE_CURVE('',#3269,#3057,#3709,.T.);
#2626=EDGE_CURVE('',#3270,#3269,#3710,.T.);
#2627=EDGE_CURVE('',#3270,#3058,#3711,.T.);
#2628=EDGE_CURVE('',#3271,#3270,#267,.T.);
#2629=EDGE_CURVE('',#3271,#3059,#3712,.T.);
#2630=EDGE_CURVE('',#3272,#3045,#3713,.T.);
#2631=EDGE_CURVE('',#3273,#3272,#268,.T.);
#2632=EDGE_CURVE('',#3273,#3044,#3714,.T.);
#2633=EDGE_CURVE('',#3273,#3274,#3715,.T.);
#2634=EDGE_CURVE('',#3274,#3046,#3716,.T.);
#2635=EDGE_CURVE('',#3275,#3274,#269,.T.);
#2636=EDGE_CURVE('',#3275,#3047,#3717,.T.);
#2637=EDGE_CURVE('',#3275,#3276,#3718,.T.);
#2638=EDGE_CURVE('',#3276,#3048,#3719,.T.);
#2639=EDGE_CURVE('',#3277,#3276,#270,.T.);
#2640=EDGE_CURVE('',#3277,#3049,#3720,.T.);
#2641=EDGE_CURVE('',#3278,#3277,#3721,.T.);
#2642=EDGE_CURVE('',#3278,#3050,#3722,.T.);
#2643=EDGE_CURVE('',#3279,#3278,#271,.T.);
#2644=EDGE_CURVE('',#3279,#3051,#3723,.T.);
#2645=EDGE_CURVE('',#3280,#3037,#3724,.T.);
#2646=EDGE_CURVE('',#3281,#3280,#272,.T.);
#2647=EDGE_CURVE('',#3281,#3036,#3725,.T.);
#2648=EDGE_CURVE('',#3281,#3282,#3726,.T.);
#2649=EDGE_CURVE('',#3282,#3038,#3727,.T.);
#2650=EDGE_CURVE('',#3283,#3282,#273,.T.);
#2651=EDGE_CURVE('',#3283,#3039,#3728,.T.);
#2652=EDGE_CURVE('',#3283,#3284,#3729,.T.);
#2653=EDGE_CURVE('',#3284,#3040,#3730,.T.);
#2654=EDGE_CURVE('',#3285,#3284,#274,.T.);
#2655=EDGE_CURVE('',#3285,#3041,#3731,.T.);
#2656=EDGE_CURVE('',#3286,#3285,#3732,.T.);
#2657=EDGE_CURVE('',#3286,#3042,#3733,.T.);
#2658=EDGE_CURVE('',#3287,#3286,#275,.T.);
#2659=EDGE_CURVE('',#3287,#3043,#3734,.T.);
#2660=EDGE_CURVE('',#3288,#3029,#3735,.T.);
#2661=EDGE_CURVE('',#3289,#3288,#276,.T.);
#2662=EDGE_CURVE('',#3289,#3028,#3736,.T.);
#2663=EDGE_CURVE('',#3289,#3290,#3737,.T.);
#2664=EDGE_CURVE('',#3290,#3030,#3738,.T.);
#2665=EDGE_CURVE('',#3291,#3290,#277,.T.);
#2666=EDGE_CURVE('',#3291,#3031,#3739,.T.);
#2667=EDGE_CURVE('',#3291,#3292,#3740,.T.);
#2668=EDGE_CURVE('',#3292,#3032,#3741,.T.);
#2669=EDGE_CURVE('',#3293,#3292,#278,.T.);
#2670=EDGE_CURVE('',#3293,#3033,#3742,.T.);
#2671=EDGE_CURVE('',#3294,#3293,#3743,.T.);
#2672=EDGE_CURVE('',#3294,#3034,#3744,.T.);
#2673=EDGE_CURVE('',#3295,#3294,#279,.T.);
#2674=EDGE_CURVE('',#3295,#3035,#3745,.T.);
#2675=EDGE_CURVE('',#3296,#3021,#3746,.T.);
#2676=EDGE_CURVE('',#3297,#3296,#280,.T.);
#2677=EDGE_CURVE('',#3297,#3020,#3747,.T.);
#2678=EDGE_CURVE('',#3297,#3298,#3748,.T.);
#2679=EDGE_CURVE('',#3298,#3022,#3749,.T.);
#2680=EDGE_CURVE('',#3299,#3298,#281,.T.);
#2681=EDGE_CURVE('',#3299,#3023,#3750,.T.);
#2682=EDGE_CURVE('',#3299,#3300,#3751,.T.);
#2683=EDGE_CURVE('',#3300,#3024,#3752,.T.);
#2684=EDGE_CURVE('',#3301,#3300,#282,.T.);
#2685=EDGE_CURVE('',#3301,#3025,#3753,.T.);
#2686=EDGE_CURVE('',#3302,#3301,#3754,.T.);
#2687=EDGE_CURVE('',#3302,#3026,#3755,.T.);
#2688=EDGE_CURVE('',#3303,#3302,#283,.T.);
#2689=EDGE_CURVE('',#3303,#3027,#3756,.T.);
#2690=EDGE_CURVE('',#3304,#3013,#3757,.T.);
#2691=EDGE_CURVE('',#3305,#3304,#284,.T.);
#2692=EDGE_CURVE('',#3305,#3012,#3758,.T.);
#2693=EDGE_CURVE('',#3305,#3306,#3759,.T.);
#2694=EDGE_CURVE('',#3306,#3014,#3760,.T.);
#2695=EDGE_CURVE('',#3307,#3306,#285,.T.);
#2696=EDGE_CURVE('',#3307,#3015,#3761,.T.);
#2697=EDGE_CURVE('',#3307,#3308,#3762,.T.);
#2698=EDGE_CURVE('',#3308,#3016,#3763,.T.);
#2699=EDGE_CURVE('',#3309,#3308,#286,.T.);
#2700=EDGE_CURVE('',#3309,#3017,#3764,.T.);
#2701=EDGE_CURVE('',#3310,#3309,#3765,.T.);
#2702=EDGE_CURVE('',#3310,#3018,#3766,.T.);
#2703=EDGE_CURVE('',#3311,#3310,#287,.T.);
#2704=EDGE_CURVE('',#3311,#3019,#3767,.T.);
#2705=EDGE_CURVE('',#3312,#3005,#3768,.T.);
#2706=EDGE_CURVE('',#3313,#3312,#288,.T.);
#2707=EDGE_CURVE('',#3313,#3004,#3769,.T.);
#2708=EDGE_CURVE('',#3313,#3314,#3770,.T.);
#2709=EDGE_CURVE('',#3314,#3006,#3771,.T.);
#2710=EDGE_CURVE('',#3315,#3314,#289,.T.);
#2711=EDGE_CURVE('',#3315,#3007,#3772,.T.);
#2712=EDGE_CURVE('',#3315,#3316,#3773,.T.);
#2713=EDGE_CURVE('',#3316,#3008,#3774,.T.);
#2714=EDGE_CURVE('',#3317,#3316,#290,.T.);
#2715=EDGE_CURVE('',#3317,#3009,#3775,.T.);
#2716=EDGE_CURVE('',#3318,#3317,#3776,.T.);
#2717=EDGE_CURVE('',#3318,#3010,#3777,.T.);
#2718=EDGE_CURVE('',#3319,#3318,#291,.T.);
#2719=EDGE_CURVE('',#3319,#3011,#3778,.T.);
#2720=EDGE_CURVE('',#3320,#2997,#3779,.T.);
#2721=EDGE_CURVE('',#3321,#3320,#292,.T.);
#2722=EDGE_CURVE('',#3321,#2996,#3780,.T.);
#2723=EDGE_CURVE('',#3321,#3322,#3781,.T.);
#2724=EDGE_CURVE('',#3322,#2998,#3782,.T.);
#2725=EDGE_CURVE('',#3323,#3322,#293,.T.);
#2726=EDGE_CURVE('',#3323,#2999,#3783,.T.);
#2727=EDGE_CURVE('',#3323,#3324,#3784,.T.);
#2728=EDGE_CURVE('',#3324,#3000,#3785,.T.);
#2729=EDGE_CURVE('',#3325,#3324,#294,.T.);
#2730=EDGE_CURVE('',#3325,#3001,#3786,.T.);
#2731=EDGE_CURVE('',#3326,#3325,#3787,.T.);
#2732=EDGE_CURVE('',#3326,#3002,#3788,.T.);
#2733=EDGE_CURVE('',#3327,#3326,#295,.T.);
#2734=EDGE_CURVE('',#3327,#3003,#3789,.T.);
#2735=EDGE_CURVE('',#3328,#2989,#3790,.T.);
#2736=EDGE_CURVE('',#3329,#3328,#296,.T.);
#2737=EDGE_CURVE('',#3329,#2988,#3791,.T.);
#2738=EDGE_CURVE('',#3329,#3330,#3792,.T.);
#2739=EDGE_CURVE('',#3330,#2990,#3793,.T.);
#2740=EDGE_CURVE('',#3331,#3330,#297,.T.);
#2741=EDGE_CURVE('',#3331,#2991,#3794,.T.);
#2742=EDGE_CURVE('',#3331,#3332,#3795,.T.);
#2743=EDGE_CURVE('',#3332,#2992,#3796,.T.);
#2744=EDGE_CURVE('',#3333,#3332,#298,.T.);
#2745=EDGE_CURVE('',#3333,#2993,#3797,.T.);
#2746=EDGE_CURVE('',#3334,#3333,#3798,.T.);
#2747=EDGE_CURVE('',#3334,#2994,#3799,.T.);
#2748=EDGE_CURVE('',#3335,#3334,#299,.T.);
#2749=EDGE_CURVE('',#3335,#2995,#3800,.T.);
#2750=EDGE_CURVE('',#3336,#2981,#3801,.T.);
#2751=EDGE_CURVE('',#3337,#3336,#300,.T.);
#2752=EDGE_CURVE('',#3337,#2980,#3802,.T.);
#2753=EDGE_CURVE('',#3337,#3338,#3803,.T.);
#2754=EDGE_CURVE('',#3338,#2982,#3804,.T.);
#2755=EDGE_CURVE('',#3339,#3338,#301,.T.);
#2756=EDGE_CURVE('',#3339,#2983,#3805,.T.);
#2757=EDGE_CURVE('',#3339,#3340,#3806,.T.);
#2758=EDGE_CURVE('',#3340,#2984,#3807,.T.);
#2759=EDGE_CURVE('',#3341,#3340,#302,.T.);
#2760=EDGE_CURVE('',#3341,#2985,#3808,.T.);
#2761=EDGE_CURVE('',#3342,#3341,#3809,.T.);
#2762=EDGE_CURVE('',#3342,#2986,#3810,.T.);
#2763=EDGE_CURVE('',#3343,#3342,#303,.T.);
#2764=EDGE_CURVE('',#3343,#2987,#3811,.T.);
#2765=EDGE_CURVE('',#3344,#2973,#3812,.T.);
#2766=EDGE_CURVE('',#3345,#3344,#304,.T.);
#2767=EDGE_CURVE('',#3345,#2972,#3813,.T.);
#2768=EDGE_CURVE('',#3345,#3346,#3814,.T.);
#2769=EDGE_CURVE('',#3346,#2974,#3815,.T.);
#2770=EDGE_CURVE('',#3347,#3346,#305,.T.);
#2771=EDGE_CURVE('',#3347,#2975,#3816,.T.);
#2772=EDGE_CURVE('',#3347,#3348,#3817,.T.);
#2773=EDGE_CURVE('',#3348,#2976,#3818,.T.);
#2774=EDGE_CURVE('',#3349,#3348,#306,.T.);
#2775=EDGE_CURVE('',#3349,#2977,#3819,.T.);
#2776=EDGE_CURVE('',#3350,#3349,#3820,.T.);
#2777=EDGE_CURVE('',#3350,#2978,#3821,.T.);
#2778=EDGE_CURVE('',#3351,#3350,#307,.T.);
#2779=EDGE_CURVE('',#3351,#2979,#3822,.T.);
#2780=EDGE_CURVE('',#3352,#2965,#3823,.T.);
#2781=EDGE_CURVE('',#3353,#3352,#308,.T.);
#2782=EDGE_CURVE('',#3353,#2964,#3824,.T.);
#2783=EDGE_CURVE('',#3353,#3354,#3825,.T.);
#2784=EDGE_CURVE('',#3354,#2966,#3826,.T.);
#2785=EDGE_CURVE('',#3355,#3354,#309,.T.);
#2786=EDGE_CURVE('',#3355,#2967,#3827,.T.);
#2787=EDGE_CURVE('',#3355,#3356,#3828,.T.);
#2788=EDGE_CURVE('',#3356,#2968,#3829,.T.);
#2789=EDGE_CURVE('',#3357,#3356,#310,.T.);
#2790=EDGE_CURVE('',#3357,#2969,#3830,.T.);
#2791=EDGE_CURVE('',#3358,#3357,#3831,.T.);
#2792=EDGE_CURVE('',#3358,#2970,#3832,.T.);
#2793=EDGE_CURVE('',#3359,#3358,#311,.T.);
#2794=EDGE_CURVE('',#3359,#2971,#3833,.T.);
#2795=EDGE_CURVE('',#3232,#3239,#3834,.T.);
#2796=EDGE_CURVE('',#3240,#3247,#3835,.T.);
#2797=EDGE_CURVE('',#3248,#3255,#3836,.T.);
#2798=EDGE_CURVE('',#3256,#3263,#3837,.T.);
#2799=EDGE_CURVE('',#3264,#3271,#3838,.T.);
#2800=EDGE_CURVE('',#3272,#3279,#3839,.T.);
#2801=EDGE_CURVE('',#3280,#3287,#3840,.T.);
#2802=EDGE_CURVE('',#3288,#3295,#3841,.T.);
#2803=EDGE_CURVE('',#3296,#3303,#3842,.T.);
#2804=EDGE_CURVE('',#3304,#3311,#3843,.T.);
#2805=EDGE_CURVE('',#3312,#3319,#3844,.T.);
#2806=EDGE_CURVE('',#3320,#3327,#3845,.T.);
#2807=EDGE_CURVE('',#3328,#3335,#3846,.T.);
#2808=EDGE_CURVE('',#3336,#3343,#3847,.T.);
#2809=EDGE_CURVE('',#3344,#3351,#3848,.T.);
#2810=EDGE_CURVE('',#3352,#3359,#3849,.T.);
#2811=EDGE_CURVE('',#3228,#3231,#3850,.T.);
#2812=EDGE_CURVE('',#3223,#3166,#29,.F.);
#2813=EDGE_CURVE('',#3098,#2949,#30,.T.);
#2814=EDGE_CURVE('',#2956,#3164,#31,.F.);
#2815=EDGE_CURVE('',#3170,#2948,#32,.T.);
#2816=EDGE_CURVE('',#2957,#3162,#10,.T.);
#2817=EDGE_CURVE('',#3172,#3222,#33,.T.);
#2818=EDGE_CURVE('',#2958,#3160,#312,.T.);
#2819=EDGE_CURVE('',#3174,#2945,#34,.T.);
#2820=EDGE_CURVE('',#2959,#3158,#313,.T.);
#2821=EDGE_CURVE('',#3176,#2944,#314,.T.);
#2822=EDGE_CURVE('',#2960,#3156,#11,.T.);
#2823=EDGE_CURVE('',#3178,#2941,#315,.T.);
#2824=EDGE_CURVE('',#2961,#3192,#35,.F.);
#2825=EDGE_CURVE('',#3180,#2940,#316,.T.);
#2826=EDGE_CURVE('',#2931,#3190,#317,.T.);
#2827=EDGE_CURVE('',#3182,#2937,#318,.T.);
#2828=EDGE_CURVE('',#2932,#3188,#319,.T.);
#2829=EDGE_CURVE('',#3184,#2936,#12,.F.);
#2830=EDGE_CURVE('',#2935,#3186,#320,.T.);
#2831=VERTEX_POINT('',#7654);
#2832=VERTEX_POINT('',#7655);
#2833=VERTEX_POINT('',#7657);
#2834=VERTEX_POINT('',#7659);
#2835=VERTEX_POINT('',#7663);
#2836=VERTEX_POINT('',#7665);
#2837=VERTEX_POINT('',#7669);
#2838=VERTEX_POINT('',#7671);
#2839=VERTEX_POINT('',#7675);
#2840=VERTEX_POINT('',#7677);
#2841=VERTEX_POINT('',#7681);
#2842=VERTEX_POINT('',#7683);
#2843=VERTEX_POINT('',#7687);
#2844=VERTEX_POINT('',#7689);
#2845=VERTEX_POINT('',#7693);
#2846=VERTEX_POINT('',#7695);
#2847=VERTEX_POINT('',#7699);
#2848=VERTEX_POINT('',#7701);
#2849=VERTEX_POINT('',#7705);
#2850=VERTEX_POINT('',#7707);
#2851=VERTEX_POINT('',#7711);
#2852=VERTEX_POINT('',#7713);
#2853=VERTEX_POINT('',#7717);
#2854=VERTEX_POINT('',#7719);
#2855=VERTEX_POINT('',#7723);
#2856=VERTEX_POINT('',#7725);
#2857=VERTEX_POINT('',#7729);
#2858=VERTEX_POINT('',#7731);
#2859=VERTEX_POINT('',#7735);
#2860=VERTEX_POINT('',#7737);
#2861=VERTEX_POINT('',#7741);
#2862=VERTEX_POINT('',#7743);
#2863=VERTEX_POINT('',#7747);
#2864=VERTEX_POINT('',#7749);
#2865=VERTEX_POINT('',#7753);
#2866=VERTEX_POINT('',#7755);
#2867=VERTEX_POINT('',#7759);
#2868=VERTEX_POINT('',#7761);
#2869=VERTEX_POINT('',#7768);
#2870=VERTEX_POINT('',#7770);
#2871=VERTEX_POINT('',#7772);
#2872=VERTEX_POINT('',#7774);
#2873=VERTEX_POINT('',#7776);
#2874=VERTEX_POINT('',#7778);
#2875=VERTEX_POINT('',#7781);
#2876=VERTEX_POINT('',#7783);
#2877=VERTEX_POINT('',#7785);
#2878=VERTEX_POINT('',#7787);
#2879=VERTEX_POINT('',#7789);
#2880=VERTEX_POINT('',#7791);
#2881=VERTEX_POINT('',#7801);
#2882=VERTEX_POINT('',#7802);
#2883=VERTEX_POINT('',#7804);
#2884=VERTEX_POINT('',#7806);
#2885=VERTEX_POINT('',#7810);
#2886=VERTEX_POINT('',#7811);
#2887=VERTEX_POINT('',#7813);
#2888=VERTEX_POINT('',#7815);
#2889=VERTEX_POINT('',#7819);
#2890=VERTEX_POINT('',#7821);
#2891=VERTEX_POINT('',#7825);
#2892=VERTEX_POINT('',#7827);
#2893=VERTEX_POINT('',#7831);
#2894=VERTEX_POINT('',#7832);
#2895=VERTEX_POINT('',#7834);
#2896=VERTEX_POINT('',#7836);
#2897=VERTEX_POINT('',#7840);
#2898=VERTEX_POINT('',#7842);
#2899=VERTEX_POINT('',#7846);
#2900=VERTEX_POINT('',#7848);
#2901=VERTEX_POINT('',#7852);
#2902=VERTEX_POINT('',#7853);
#2903=VERTEX_POINT('',#7855);
#2904=VERTEX_POINT('',#7857);
#2905=VERTEX_POINT('',#7861);
#2906=VERTEX_POINT('',#7862);
#2907=VERTEX_POINT('',#7864);
#2908=VERTEX_POINT('',#7866);
#2909=VERTEX_POINT('',#7870);
#2910=VERTEX_POINT('',#7871);
#2911=VERTEX_POINT('',#7873);
#2912=VERTEX_POINT('',#7875);
#2913=VERTEX_POINT('',#7879);
#2914=VERTEX_POINT('',#7880);
#2915=VERTEX_POINT('',#7882);
#2916=VERTEX_POINT('',#7884);
#2917=VERTEX_POINT('',#7888);
#2918=VERTEX_POINT('',#7890);
#2919=VERTEX_POINT('',#7900);
#2920=VERTEX_POINT('',#7902);
#2921=VERTEX_POINT('',#7906);
#2922=VERTEX_POINT('',#7907);
#2923=VERTEX_POINT('',#7909);
#2924=VERTEX_POINT('',#7911);
#2925=VERTEX_POINT('',#7915);
#2926=VERTEX_POINT('',#7917);
#2927=VERTEX_POINT('',#7919);
#2928=VERTEX_POINT('',#7921);
#2929=VERTEX_POINT('',#7923);
#2930=VERTEX_POINT('',#7925);
#2931=VERTEX_POINT('',#7927);
#2932=VERTEX_POINT('',#7928);
#2933=VERTEX_POINT('',#7930);
#2934=VERTEX_POINT('',#7932);
#2935=VERTEX_POINT('',#7934);
#2936=VERTEX_POINT('',#7936);
#2937=VERTEX_POINT('',#7938);
#2938=VERTEX_POINT('',#7940);
#2939=VERTEX_POINT('',#7942);
#2940=VERTEX_POINT('',#7944);
#2941=VERTEX_POINT('',#7946);
#2942=VERTEX_POINT('',#7948);
#2943=VERTEX_POINT('',#7950);
#2944=VERTEX_POINT('',#7952);
#2945=VERTEX_POINT('',#7954);
#2946=VERTEX_POINT('',#7956);
#2947=VERTEX_POINT('',#7958);
#2948=VERTEX_POINT('',#7960);
#2949=VERTEX_POINT('',#7962);
#2950=VERTEX_POINT('',#7964);
#2951=VERTEX_POINT('',#7966);
#2952=VERTEX_POINT('',#7968);
#2953=VERTEX_POINT('',#7970);
#2954=VERTEX_POINT('',#7972);
#2955=VERTEX_POINT('',#7974);
#2956=VERTEX_POINT('',#7976);
#2957=VERTEX_POINT('',#7978);
#2958=VERTEX_POINT('',#7980);
#2959=VERTEX_POINT('',#7982);
#2960=VERTEX_POINT('',#7984);
#2961=VERTEX_POINT('',#7986);
#2962=VERTEX_POINT('',#7988);
#2963=VERTEX_POINT('',#7990);
#2964=VERTEX_POINT('',#7993);
#2965=VERTEX_POINT('',#7994);
#2966=VERTEX_POINT('',#7996);
#2967=VERTEX_POINT('',#7998);
#2968=VERTEX_POINT('',#8000);
#2969=VERTEX_POINT('',#8002);
#2970=VERTEX_POINT('',#8004);
#2971=VERTEX_POINT('',#8006);
#2972=VERTEX_POINT('',#8009);
#2973=VERTEX_POINT('',#8010);
#2974=VERTEX_POINT('',#8012);
#2975=VERTEX_POINT('',#8014);
#2976=VERTEX_POINT('',#8016);
#2977=VERTEX_POINT('',#8018);
#2978=VERTEX_POINT('',#8020);
#2979=VERTEX_POINT('',#8022);
#2980=VERTEX_POINT('',#8025);
#2981=VERTEX_POINT('',#8026);
#2982=VERTEX_POINT('',#8028);
#2983=VERTEX_POINT('',#8030);
#2984=VERTEX_POINT('',#8032);
#2985=VERTEX_POINT('',#8034);
#2986=VERTEX_POINT('',#8036);
#2987=VERTEX_POINT('',#8038);
#2988=VERTEX_POINT('',#8041);
#2989=VERTEX_POINT('',#8042);
#2990=VERTEX_POINT('',#8044);
#2991=VERTEX_POINT('',#8046);
#2992=VERTEX_POINT('',#8048);
#2993=VERTEX_POINT('',#8050);
#2994=VERTEX_POINT('',#8052);
#2995=VERTEX_POINT('',#8054);
#2996=VERTEX_POINT('',#8057);
#2997=VERTEX_POINT('',#8058);
#2998=VERTEX_POINT('',#8060);
#2999=VERTEX_POINT('',#8062);
#3000=VERTEX_POINT('',#8064);
#3001=VERTEX_POINT('',#8066);
#3002=VERTEX_POINT('',#8068);
#3003=VERTEX_POINT('',#8070);
#3004=VERTEX_POINT('',#8073);
#3005=VERTEX_POINT('',#8074);
#3006=VERTEX_POINT('',#8076);
#3007=VERTEX_POINT('',#8078);
#3008=VERTEX_POINT('',#8080);
#3009=VERTEX_POINT('',#8082);
#3010=VERTEX_POINT('',#8084);
#3011=VERTEX_POINT('',#8086);
#3012=VERTEX_POINT('',#8089);
#3013=VERTEX_POINT('',#8090);
#3014=VERTEX_POINT('',#8092);
#3015=VERTEX_POINT('',#8094);
#3016=VERTEX_POINT('',#8096);
#3017=VERTEX_POINT('',#8098);
#3018=VERTEX_POINT('',#8100);
#3019=VERTEX_POINT('',#8102);
#3020=VERTEX_POINT('',#8105);
#3021=VERTEX_POINT('',#8106);
#3022=VERTEX_POINT('',#8108);
#3023=VERTEX_POINT('',#8110);
#3024=VERTEX_POINT('',#8112);
#3025=VERTEX_POINT('',#8114);
#3026=VERTEX_POINT('',#8116);
#3027=VERTEX_POINT('',#8118);
#3028=VERTEX_POINT('',#8121);
#3029=VERTEX_POINT('',#8122);
#3030=VERTEX_POINT('',#8124);
#3031=VERTEX_POINT('',#8126);
#3032=VERTEX_POINT('',#8128);
#3033=VERTEX_POINT('',#8130);
#3034=VERTEX_POINT('',#8132);
#3035=VERTEX_POINT('',#8134);
#3036=VERTEX_POINT('',#8137);
#3037=VERTEX_POINT('',#8138);
#3038=VERTEX_POINT('',#8140);
#3039=VERTEX_POINT('',#8142);
#3040=VERTEX_POINT('',#8144);
#3041=VERTEX_POINT('',#8146);
#3042=VERTEX_POINT('',#8148);
#3043=VERTEX_POINT('',#8150);
#3044=VERTEX_POINT('',#8153);
#3045=VERTEX_POINT('',#8154);
#3046=VERTEX_POINT('',#8156);
#3047=VERTEX_POINT('',#8158);
#3048=VERTEX_POINT('',#8160);
#3049=VERTEX_POINT('',#8162);
#3050=VERTEX_POINT('',#8164);
#3051=VERTEX_POINT('',#8166);
#3052=VERTEX_POINT('',#8169);
#3053=VERTEX_POINT('',#8170);
#3054=VERTEX_POINT('',#8172);
#3055=VERTEX_POINT('',#8174);
#3056=VERTEX_POINT('',#8176);
#3057=VERTEX_POINT('',#8178);
#3058=VERTEX_POINT('',#8180);
#3059=VERTEX_POINT('',#8182);
#3060=VERTEX_POINT('',#8185);
#3061=VERTEX_POINT('',#8186);
#3062=VERTEX_POINT('',#8188);
#3063=VERTEX_POINT('',#8190);
#3064=VERTEX_POINT('',#8192);
#3065=VERTEX_POINT('',#8194);
#3066=VERTEX_POINT('',#8196);
#3067=VERTEX_POINT('',#8198);
#3068=VERTEX_POINT('',#8201);
#3069=VERTEX_POINT('',#8202);
#3070=VERTEX_POINT('',#8204);
#3071=VERTEX_POINT('',#8206);
#3072=VERTEX_POINT('',#8208);
#3073=VERTEX_POINT('',#8210);
#3074=VERTEX_POINT('',#8212);
#3075=VERTEX_POINT('',#8214);
#3076=VERTEX_POINT('',#8217);
#3077=VERTEX_POINT('',#8218);
#3078=VERTEX_POINT('',#8220);
#3079=VERTEX_POINT('',#8222);
#3080=VERTEX_POINT('',#8224);
#3081=VERTEX_POINT('',#8226);
#3082=VERTEX_POINT('',#8228);
#3083=VERTEX_POINT('',#8230);
#3084=VERTEX_POINT('',#8233);
#3085=VERTEX_POINT('',#8234);
#3086=VERTEX_POINT('',#8236);
#3087=VERTEX_POINT('',#8238);
#3088=VERTEX_POINT('',#8240);
#3089=VERTEX_POINT('',#8242);
#3090=VERTEX_POINT('',#8244);
#3091=VERTEX_POINT('',#8246);
#3092=VERTEX_POINT('',#8249);
#3093=VERTEX_POINT('',#8250);
#3094=VERTEX_POINT('',#8252);
#3095=VERTEX_POINT('',#8254);
#3096=VERTEX_POINT('',#8258);
#3097=VERTEX_POINT('',#8259);
#3098=VERTEX_POINT('',#8261);
#3099=VERTEX_POINT('',#8263);
#3100=VERTEX_POINT('',#8267);
#3101=VERTEX_POINT('',#8268);
#3102=VERTEX_POINT('',#8270);
#3103=VERTEX_POINT('',#8272);
#3104=VERTEX_POINT('',#8276);
#3105=VERTEX_POINT('',#8277);
#3106=VERTEX_POINT('',#8279);
#3107=VERTEX_POINT('',#8281);
#3108=VERTEX_POINT('',#8285);
#3109=VERTEX_POINT('',#8286);
#3110=VERTEX_POINT('',#8288);
#3111=VERTEX_POINT('',#8290);
#3112=VERTEX_POINT('',#8294);
#3113=VERTEX_POINT('',#8295);
#3114=VERTEX_POINT('',#8297);
#3115=VERTEX_POINT('',#8299);
#3116=VERTEX_POINT('',#8303);
#3117=VERTEX_POINT('',#8305);
#3118=VERTEX_POINT('',#8309);
#3119=VERTEX_POINT('',#8310);
#3120=VERTEX_POINT('',#8312);
#3121=VERTEX_POINT('',#8314);
#3122=VERTEX_POINT('',#8318);
#3123=VERTEX_POINT('',#8321);
#3124=VERTEX_POINT('',#8324);
#3125=VERTEX_POINT('',#8327);
#3126=VERTEX_POINT('',#8330);
#3127=VERTEX_POINT('',#8333);
#3128=VERTEX_POINT('',#8336);
#3129=VERTEX_POINT('',#8338);
#3130=VERTEX_POINT('',#8340);
#3131=VERTEX_POINT('',#8342);
#3132=VERTEX_POINT('',#8344);
#3133=VERTEX_POINT('',#8346);
#3134=VERTEX_POINT('',#8348);
#3135=VERTEX_POINT('',#8350);
#3136=VERTEX_POINT('',#8352);
#3137=VERTEX_POINT('',#8354);
#3138=VERTEX_POINT('',#8356);
#3139=VERTEX_POINT('',#8358);
#3140=VERTEX_POINT('',#8360);
#3141=VERTEX_POINT('',#8362);
#3142=VERTEX_POINT('',#8364);
#3143=VERTEX_POINT('',#8366);
#3144=VERTEX_POINT('',#8368);
#3145=VERTEX_POINT('',#8370);
#3146=VERTEX_POINT('',#8372);
#3147=VERTEX_POINT('',#8374);
#3148=VERTEX_POINT('',#8376);
#3149=VERTEX_POINT('',#8378);
#3150=VERTEX_POINT('',#8380);
#3151=VERTEX_POINT('',#8382);
#3152=VERTEX_POINT('',#8387);
#3153=VERTEX_POINT('',#8389);
#3154=VERTEX_POINT('',#8396);
#3155=VERTEX_POINT('',#8398);
#3156=VERTEX_POINT('',#8404);
#3157=VERTEX_POINT('',#8405);
#3158=VERTEX_POINT('',#8407);
#3159=VERTEX_POINT('',#8409);
#3160=VERTEX_POINT('',#8413);
#3161=VERTEX_POINT('',#8415);
#3162=VERTEX_POINT('',#8419);
#3163=VERTEX_POINT('',#8421);
#3164=VERTEX_POINT('',#8425);
#3165=VERTEX_POINT('',#8427);
#3166=VERTEX_POINT('',#8431);
#3167=VERTEX_POINT('',#8433);
#3168=VERTEX_POINT('',#8437);
#3169=VERTEX_POINT('',#8439);
#3170=VERTEX_POINT('',#8443);
#3171=VERTEX_POINT('',#8445);
#3172=VERTEX_POINT('',#8449);
#3173=VERTEX_POINT('',#8451);
#3174=VERTEX_POINT('',#8455);
#3175=VERTEX_POINT('',#8457);
#3176=VERTEX_POINT('',#8461);
#3177=VERTEX_POINT('',#8463);
#3178=VERTEX_POINT('',#8467);
#3179=VERTEX_POINT('',#8469);
#3180=VERTEX_POINT('',#8473);
#3181=VERTEX_POINT('',#8475);
#3182=VERTEX_POINT('',#8479);
#3183=VERTEX_POINT('',#8481);
#3184=VERTEX_POINT('',#8485);
#3185=VERTEX_POINT('',#8487);
#3186=VERTEX_POINT('',#8491);
#3187=VERTEX_POINT('',#8493);
#3188=VERTEX_POINT('',#8497);
#3189=VERTEX_POINT('',#8499);
#3190=VERTEX_POINT('',#8503);
#3191=VERTEX_POINT('',#8505);
#3192=VERTEX_POINT('',#8509);
#3193=VERTEX_POINT('',#8511);
#3194=VERTEX_POINT('',#8515);
#3195=VERTEX_POINT('',#8517);
#3196=VERTEX_POINT('',#8521);
#3197=VERTEX_POINT('',#8525);
#3198=VERTEX_POINT('',#8529);
#3199=VERTEX_POINT('',#8533);
#3200=VERTEX_POINT('',#8537);
#3201=VERTEX_POINT('',#8541);
#3202=VERTEX_POINT('',#8545);
#3203=VERTEX_POINT('',#8549);
#3204=VERTEX_POINT('',#8553);
#3205=VERTEX_POINT('',#8557);
#3206=VERTEX_POINT('',#8561);
#3207=VERTEX_POINT('',#8565);
#3208=VERTEX_POINT('',#8569);
#3209=VERTEX_POINT('',#8573);
#3210=VERTEX_POINT('',#8574);
#3211=VERTEX_POINT('',#8579);
#3212=VERTEX_POINT('',#8583);
#3213=VERTEX_POINT('',#8587);
#3214=VERTEX_POINT('',#8588);
#3215=VERTEX_POINT('',#8593);
#3216=VERTEX_POINT('',#8597);
#3217=VERTEX_POINT('',#8601);
#3218=VERTEX_POINT('',#8614);
#3219=VERTEX_POINT('',#8616);
#3220=VERTEX_POINT('',#8618);
#3221=VERTEX_POINT('',#8620);
#3222=VERTEX_POINT('',#8659);
#3223=VERTEX_POINT('',#8669);
#3224=VERTEX_POINT('',#8677);
#3225=VERTEX_POINT('',#8687);
#3226=VERTEX_POINT('',#8691);
#3227=VERTEX_POINT('',#8697);
#3228=VERTEX_POINT('',#8719);
#3229=VERTEX_POINT('',#8721);
#3230=VERTEX_POINT('',#8725);
#3231=VERTEX_POINT('',#8729);
#3232=VERTEX_POINT('',#8733);
#3233=VERTEX_POINT('',#8735);
#3234=VERTEX_POINT('',#8739);
#3235=VERTEX_POINT('',#8743);
#3236=VERTEX_POINT('',#8747);
#3237=VERTEX_POINT('',#8751);
#3238=VERTEX_POINT('',#8755);
#3239=VERTEX_POINT('',#8759);
#3240=VERTEX_POINT('',#8763);
#3241=VERTEX_POINT('',#8765);
#3242=VERTEX_POINT('',#8769);
#3243=VERTEX_POINT('',#8773);
#3244=VERTEX_POINT('',#8777);
#3245=VERTEX_POINT('',#8781);
#3246=VERTEX_POINT('',#8785);
#3247=VERTEX_POINT('',#8789);
#3248=VERTEX_POINT('',#8793);
#3249=VERTEX_POINT('',#8795);
#3250=VERTEX_POINT('',#8799);
#3251=VERTEX_POINT('',#8803);
#3252=VERTEX_POINT('',#8807);
#3253=VERTEX_POINT('',#8811);
#3254=VERTEX_POINT('',#8815);
#3255=VERTEX_POINT('',#8819);
#3256=VERTEX_POINT('',#8823);
#3257=VERTEX_POINT('',#8825);
#3258=VERTEX_POINT('',#8829);
#3259=VERTEX_POINT('',#8833);
#3260=VERTEX_POINT('',#8837);
#3261=VERTEX_POINT('',#8841);
#3262=VERTEX_POINT('',#8845);
#3263=VERTEX_POINT('',#8849);
#3264=VERTEX_POINT('',#8853);
#3265=VERTEX_POINT('',#8855);
#3266=VERTEX_POINT('',#8859);
#3267=VERTEX_POINT('',#8863);
#3268=VERTEX_POINT('',#8867);
#3269=VERTEX_POINT('',#8871);
#3270=VERTEX_POINT('',#8875);
#3271=VERTEX_POINT('',#8879);
#3272=VERTEX_POINT('',#8883);
#3273=VERTEX_POINT('',#8885);
#3274=VERTEX_POINT('',#8889);
#3275=VERTEX_POINT('',#8893);
#3276=VERTEX_POINT('',#8897);
#3277=VERTEX_POINT('',#8901);
#3278=VERTEX_POINT('',#8905);
#3279=VERTEX_POINT('',#8909);
#3280=VERTEX_POINT('',#8913);
#3281=VERTEX_POINT('',#8915);
#3282=VERTEX_POINT('',#8919);
#3283=VERTEX_POINT('',#8923);
#3284=VERTEX_POINT('',#8927);
#3285=VERTEX_POINT('',#8931);
#3286=VERTEX_POINT('',#8935);
#3287=VERTEX_POINT('',#8939);
#3288=VERTEX_POINT('',#8943);
#3289=VERTEX_POINT('',#8945);
#3290=VERTEX_POINT('',#8949);
#3291=VERTEX_POINT('',#8953);
#3292=VERTEX_POINT('',#8957);
#3293=VERTEX_POINT('',#8961);
#3294=VERTEX_POINT('',#8965);
#3295=VERTEX_POINT('',#8969);
#3296=VERTEX_POINT('',#8973);
#3297=VERTEX_POINT('',#8975);
#3298=VERTEX_POINT('',#8979);
#3299=VERTEX_POINT('',#8983);
#3300=VERTEX_POINT('',#8987);
#3301=VERTEX_POINT('',#8991);
#3302=VERTEX_POINT('',#8995);
#3303=VERTEX_POINT('',#8999);
#3304=VERTEX_POINT('',#9003);
#3305=VERTEX_POINT('',#9005);
#3306=VERTEX_POINT('',#9009);
#3307=VERTEX_POINT('',#9013);
#3308=VERTEX_POINT('',#9017);
#3309=VERTEX_POINT('',#9021);
#3310=VERTEX_POINT('',#9025);
#3311=VERTEX_POINT('',#9029);
#3312=VERTEX_POINT('',#9033);
#3313=VERTEX_POINT('',#9035);
#3314=VERTEX_POINT('',#9039);
#3315=VERTEX_POINT('',#9043);
#3316=VERTEX_POINT('',#9047);
#3317=VERTEX_POINT('',#9051);
#3318=VERTEX_POINT('',#9055);
#3319=VERTEX_POINT('',#9059);
#3320=VERTEX_POINT('',#9063);
#3321=VERTEX_POINT('',#9065);
#3322=VERTEX_POINT('',#9069);
#3323=VERTEX_POINT('',#9073);
#3324=VERTEX_POINT('',#9077);
#3325=VERTEX_POINT('',#9081);
#3326=VERTEX_POINT('',#9085);
#3327=VERTEX_POINT('',#9089);
#3328=VERTEX_POINT('',#9093);
#3329=VERTEX_POINT('',#9095);
#3330=VERTEX_POINT('',#9099);
#3331=VERTEX_POINT('',#9103);
#3332=VERTEX_POINT('',#9107);
#3333=VERTEX_POINT('',#9111);
#3334=VERTEX_POINT('',#9115);
#3335=VERTEX_POINT('',#9119);
#3336=VERTEX_POINT('',#9123);
#3337=VERTEX_POINT('',#9125);
#3338=VERTEX_POINT('',#9129);
#3339=VERTEX_POINT('',#9133);
#3340=VERTEX_POINT('',#9137);
#3341=VERTEX_POINT('',#9141);
#3342=VERTEX_POINT('',#9145);
#3343=VERTEX_POINT('',#9149);
#3344=VERTEX_POINT('',#9153);
#3345=VERTEX_POINT('',#9155);
#3346=VERTEX_POINT('',#9159);
#3347=VERTEX_POINT('',#9163);
#3348=VERTEX_POINT('',#9167);
#3349=VERTEX_POINT('',#9171);
#3350=VERTEX_POINT('',#9175);
#3351=VERTEX_POINT('',#9179);
#3352=VERTEX_POINT('',#9183);
#3353=VERTEX_POINT('',#9185);
#3354=VERTEX_POINT('',#9189);
#3355=VERTEX_POINT('',#9193);
#3356=VERTEX_POINT('',#9197);
#3357=VERTEX_POINT('',#9201);
#3358=VERTEX_POINT('',#9205);
#3359=VERTEX_POINT('',#9209);
#3360=LINE('',#7653,#3851);
#3361=LINE('',#7656,#3852);
#3362=LINE('',#7658,#3853);
#3363=LINE('',#7660,#3854);
#3364=LINE('',#7664,#3855);
#3365=LINE('',#7668,#3856);
#3366=LINE('',#7670,#3857);
#3367=LINE('',#7672,#3858);
#3368=LINE('',#7674,#3859);
#3369=LINE('',#7676,#3860);
#3370=LINE('',#7678,#3861);
#3371=LINE('',#7682,#3862);
#3372=LINE('',#7686,#3863);
#3373=LINE('',#7688,#3864);
#3374=LINE('',#7690,#3865);
#3375=LINE('',#7694,#3866);
#3376=LINE('',#7698,#3867);
#3377=LINE('',#7700,#3868);
#3378=LINE('',#7702,#3869);
#3379=LINE('',#7706,#3870);
#3380=LINE('',#7710,#3871);
#3381=LINE('',#7712,#3872);
#3382=LINE('',#7714,#3873);
#3383=LINE('',#7718,#3874);
#3384=LINE('',#7722,#3875);
#3385=LINE('',#7724,#3876);
#3386=LINE('',#7726,#3877);
#3387=LINE('',#7730,#3878);
#3388=LINE('',#7734,#3879);
#3389=LINE('',#7736,#3880);
#3390=LINE('',#7738,#3881);
#3391=LINE('',#7740,#3882);
#3392=LINE('',#7742,#3883);
#3393=LINE('',#7744,#3884);
#3394=LINE('',#7748,#3885);
#3395=LINE('',#7752,#3886);
#3396=LINE('',#7754,#3887);
#3397=LINE('',#7756,#3888);
#3398=LINE('',#7760,#3889);
#3399=LINE('',#7764,#3890);
#3400=LINE('',#7765,#3891);
#3401=LINE('',#7800,#3892);
#3402=LINE('',#7803,#3893);
#3403=LINE('',#7805,#3894);
#3404=LINE('',#7807,#3895);
#3405=LINE('',#7809,#3896);
#3406=LINE('',#7812,#3897);
#3407=LINE('',#7814,#3898);
#3408=LINE('',#7816,#3899);
#3409=LINE('',#7820,#3900);
#3410=LINE('',#7824,#3901);
#3411=LINE('',#7826,#3902);
#3412=LINE('',#7828,#3903);
#3413=LINE('',#7830,#3904);
#3414=LINE('',#7833,#3905);
#3415=LINE('',#7835,#3906);
#3416=LINE('',#7837,#3907);
#3417=LINE('',#7841,#3908);
#3418=LINE('',#7845,#3909);
#3419=LINE('',#7847,#3910);
#3420=LINE('',#7849,#3911);
#3421=LINE('',#7851,#3912);
#3422=LINE('',#7854,#3913);
#3423=LINE('',#7856,#3914);
#3424=LINE('',#7858,#3915);
#3425=LINE('',#7860,#3916);
#3426=LINE('',#7863,#3917);
#3427=LINE('',#7865,#3918);
#3428=LINE('',#7867,#3919);
#3429=LINE('',#7869,#3920);
#3430=LINE('',#7872,#3921);
#3431=LINE('',#7874,#3922);
#3432=LINE('',#7876,#3923);
#3433=LINE('',#7878,#3924);
#3434=LINE('',#7883,#3925);
#3435=LINE('',#7887,#3926);
#3436=LINE('',#7889,#3927);
#3437=LINE('',#7891,#3928);
#3438=LINE('',#7901,#3929);
#3439=LINE('',#7905,#3930);
#3440=LINE('',#7908,#3931);
#3441=LINE('',#7910,#3932);
#3442=LINE('',#7912,#3933);
#3443=LINE('',#7926,#3934);
#3444=LINE('',#7935,#3935);
#3445=LINE('',#7937,#3936);
#3446=LINE('',#7945,#3937);
#3447=LINE('',#7953,#3938);
#3448=LINE('',#7959,#3939);
#3449=LINE('',#7963,#3940);
#3450=LINE('',#7965,#3941);
#3451=LINE('',#7967,#3942);
#3452=LINE('',#7969,#3943);
#3453=LINE('',#7971,#3944);
#3454=LINE('',#7977,#3945);
#3455=LINE('',#7979,#3946);
#3456=LINE('',#7983,#3947);
#3457=LINE('',#7985,#3948);
#3458=LINE('',#7995,#3949);
#3459=LINE('',#7999,#3950);
#3460=LINE('',#8003,#3951);
#3461=LINE('',#8007,#3952);
#3462=LINE('',#8011,#3953);
#3463=LINE('',#8015,#3954);
#3464=LINE('',#8019,#3955);
#3465=LINE('',#8023,#3956);
#3466=LINE('',#8027,#3957);
#3467=LINE('',#8031,#3958);
#3468=LINE('',#8035,#3959);
#3469=LINE('',#8039,#3960);
#3470=LINE('',#8043,#3961);
#3471=LINE('',#8047,#3962);
#3472=LINE('',#8051,#3963);
#3473=LINE('',#8055,#3964);
#3474=LINE('',#8059,#3965);
#3475=LINE('',#8063,#3966);
#3476=LINE('',#8067,#3967);
#3477=LINE('',#8071,#3968);
#3478=LINE('',#8075,#3969);
#3479=LINE('',#8079,#3970);
#3480=LINE('',#8083,#3971);
#3481=LINE('',#8087,#3972);
#3482=LINE('',#8091,#3973);
#3483=LINE('',#8095,#3974);
#3484=LINE('',#8099,#3975);
#3485=LINE('',#8103,#3976);
#3486=LINE('',#8107,#3977);
#3487=LINE('',#8111,#3978);
#3488=LINE('',#8115,#3979);
#3489=LINE('',#8119,#3980);
#3490=LINE('',#8123,#3981);
#3491=LINE('',#8127,#3982);
#3492=LINE('',#8131,#3983);
#3493=LINE('',#8135,#3984);
#3494=LINE('',#8139,#3985);
#3495=LINE('',#8143,#3986);
#3496=LINE('',#8147,#3987);
#3497=LINE('',#8151,#3988);
#3498=LINE('',#8155,#3989);
#3499=LINE('',#8159,#3990);
#3500=LINE('',#8163,#3991);
#3501=LINE('',#8167,#3992);
#3502=LINE('',#8171,#3993);
#3503=LINE('',#8175,#3994);
#3504=LINE('',#8179,#3995);
#3505=LINE('',#8183,#3996);
#3506=LINE('',#8187,#3997);
#3507=LINE('',#8191,#3998);
#3508=LINE('',#8195,#3999);
#3509=LINE('',#8199,#4000);
#3510=LINE('',#8203,#4001);
#3511=LINE('',#8207,#4002);
#3512=LINE('',#8211,#4003);
#3513=LINE('',#8215,#4004);
#3514=LINE('',#8219,#4005);
#3515=LINE('',#8223,#4006);
#3516=LINE('',#8227,#4007);
#3517=LINE('',#8231,#4008);
#3518=LINE('',#8235,#4009);
#3519=LINE('',#8239,#4010);
#3520=LINE('',#8243,#4011);
#3521=LINE('',#8247,#4012);
#3522=LINE('',#8248,#4013);
#3523=LINE('',#8251,#4014);
#3524=LINE('',#8253,#4015);
#3525=LINE('',#8255,#4016);
#3526=LINE('',#8257,#4017);
#3527=LINE('',#8260,#4018);
#3528=LINE('',#8262,#4019);
#3529=LINE('',#8264,#4020);
#3530=LINE('',#8266,#4021);
#3531=LINE('',#8269,#4022);
#3532=LINE('',#8271,#4023);
#3533=LINE('',#8273,#4024);
#3534=LINE('',#8275,#4025);
#3535=LINE('',#8278,#4026);
#3536=LINE('',#8280,#4027);
#3537=LINE('',#8282,#4028);
#3538=LINE('',#8284,#4029);
#3539=LINE('',#8287,#4030);
#3540=LINE('',#8289,#4031);
#3541=LINE('',#8291,#4032);
#3542=LINE('',#8293,#4033);
#3543=LINE('',#8296,#4034);
#3544=LINE('',#8298,#4035);
#3545=LINE('',#8300,#4036);
#3546=LINE('',#8302,#4037);
#3547=LINE('',#8304,#4038);
#3548=LINE('',#8306,#4039);
#3549=LINE('',#8308,#4040);
#3550=LINE('',#8311,#4041);
#3551=LINE('',#8313,#4042);
#3552=LINE('',#8315,#4043);
#3553=LINE('',#8335,#4044);
#3554=LINE('',#8337,#4045);
#3555=LINE('',#8341,#4046);
#3556=LINE('',#8347,#4047);
#3557=LINE('',#8351,#4048);
#3558=LINE('',#8355,#4049);
#3559=LINE('',#8359,#4050);
#3560=LINE('',#8363,#4051);
#3561=LINE('',#8367,#4052);
#3562=LINE('',#8371,#4053);
#3563=LINE('',#8375,#4054);
#3564=LINE('',#8379,#4055);
#3565=LINE('',#8384,#4056);
#3566=LINE('',#8403,#4057);
#3567=LINE('',#8406,#4058);
#3568=LINE('',#8408,#4059);
#3569=LINE('',#8410,#4060);
#3570=LINE('',#8414,#4061);
#3571=LINE('',#8418,#4062);
#3572=LINE('',#8420,#4063);
#3573=LINE('',#8422,#4064);
#3574=LINE('',#8424,#4065);
#3575=LINE('',#8426,#4066);
#3576=LINE('',#8428,#4067);
#3577=LINE('',#8432,#4068);
#3578=LINE('',#8436,#4069);
#3579=LINE('',#8438,#4070);
#3580=LINE('',#8440,#4071);
#3581=LINE('',#8444,#4072);
#3582=LINE('',#8448,#4073);
#3583=LINE('',#8450,#4074);
#3584=LINE('',#8452,#4075);
#3585=LINE('',#8456,#4076);
#3586=LINE('',#8460,#4077);
#3587=LINE('',#8462,#4078);
#3588=LINE('',#8464,#4079);
#3589=LINE('',#8468,#4080);
#3590=LINE('',#8472,#4081);
#3591=LINE('',#8474,#4082);
#3592=LINE('',#8476,#4083);
#3593=LINE('',#8480,#4084);
#3594=LINE('',#8484,#4085);
#3595=LINE('',#8486,#4086);
#3596=LINE('',#8488,#4087);
#3597=LINE('',#8490,#4088);
#3598=LINE('',#8492,#4089);
#3599=LINE('',#8494,#4090);
#3600=LINE('',#8498,#4091);
#3601=LINE('',#8502,#4092);
#3602=LINE('',#8504,#4093);
#3603=LINE('',#8506,#4094);
#3604=LINE('',#8510,#4095);
#3605=LINE('',#8514,#4096);
#3606=LINE('',#8516,#4097);
#3607=LINE('',#8518,#4098);
#3608=LINE('',#8520,#4099);
#3609=LINE('',#8524,#4100);
#3610=LINE('',#8526,#4101);
#3611=LINE('',#8528,#4102);
#3612=LINE('',#8532,#4103);
#3613=LINE('',#8534,#4104);
#3614=LINE('',#8536,#4105);
#3615=LINE('',#8540,#4106);
#3616=LINE('',#8542,#4107);
#3617=LINE('',#8544,#4108);
#3618=LINE('',#8548,#4109);
#3619=LINE('',#8550,#4110);
#3620=LINE('',#8552,#4111);
#3621=LINE('',#8556,#4112);
#3622=LINE('',#8558,#4113);
#3623=LINE('',#8560,#4114);
#3624=LINE('',#8564,#4115);
#3625=LINE('',#8566,#4116);
#3626=LINE('',#8568,#4117);
#3627=LINE('',#8572,#4118);
#3628=LINE('',#8575,#4119);
#3629=LINE('',#8576,#4120);
#3630=LINE('',#8578,#4121);
#3631=LINE('',#8582,#4122);
#3632=LINE('',#8584,#4123);
#3633=LINE('',#8589,#4124);
#3634=LINE('',#8590,#4125);
#3635=LINE('',#8592,#4126);
#3636=LINE('',#8594,#4127);
#3637=LINE('',#8596,#4128);
#3638=LINE('',#8600,#4129);
#3639=LINE('',#8602,#4130);
#3640=LINE('',#8606,#4131);
#3641=LINE('',#8607,#4132);
#3642=LINE('',#8609,#4133);
#3643=LINE('',#8610,#4134);
#3644=LINE('',#8676,#4135);
#3645=LINE('',#8688,#4136);
#3646=LINE('',#8690,#4137);
#3647=LINE('',#8698,#4138);
#3648=LINE('',#8711,#4139);
#3649=LINE('',#8714,#4140);
#3650=LINE('',#8716,#4141);
#3651=LINE('',#8718,#4142);
#3652=LINE('',#8720,#4143);
#3653=LINE('',#8722,#4144);
#3654=LINE('',#8724,#4145);
#3655=LINE('',#8726,#4146);
#3656=LINE('',#8728,#4147);
#3657=LINE('',#8730,#4148);
#3658=LINE('',#8732,#4149);
#3659=LINE('',#8736,#4150);
#3660=LINE('',#8738,#4151);
#3661=LINE('',#8740,#4152);
#3662=LINE('',#8744,#4153);
#3663=LINE('',#8746,#4154);
#3664=LINE('',#8748,#4155);
#3665=LINE('',#8752,#4156);
#3666=LINE('',#8754,#4157);
#3667=LINE('',#8756,#4158);
#3668=LINE('',#8760,#4159);
#3669=LINE('',#8762,#4160);
#3670=LINE('',#8766,#4161);
#3671=LINE('',#8768,#4162);
#3672=LINE('',#8770,#4163);
#3673=LINE('',#8774,#4164);
#3674=LINE('',#8776,#4165);
#3675=LINE('',#8778,#4166);
#3676=LINE('',#8782,#4167);
#3677=LINE('',#8784,#4168);
#3678=LINE('',#8786,#4169);
#3679=LINE('',#8790,#4170);
#3680=LINE('',#8792,#4171);
#3681=LINE('',#8796,#4172);
#3682=LINE('',#8798,#4173);
#3683=LINE('',#8800,#4174);
#3684=LINE('',#8804,#4175);
#3685=LINE('',#8806,#4176);
#3686=LINE('',#8808,#4177);
#3687=LINE('',#8812,#4178);
#3688=LINE('',#8814,#4179);
#3689=LINE('',#8816,#4180);
#3690=LINE('',#8820,#4181);
#3691=LINE('',#8822,#4182);
#3692=LINE('',#8826,#4183);
#3693=LINE('',#8828,#4184);
#3694=LINE('',#8830,#4185);
#3695=LINE('',#8834,#4186);
#3696=LINE('',#8836,#4187);
#3697=LINE('',#8838,#4188);
#3698=LINE('',#8842,#4189);
#3699=LINE('',#8844,#4190);
#3700=LINE('',#8846,#4191);
#3701=LINE('',#8850,#4192);
#3702=LINE('',#8852,#4193);
#3703=LINE('',#8856,#4194);
#3704=LINE('',#8858,#4195);
#3705=LINE('',#8860,#4196);
#3706=LINE('',#8864,#4197);
#3707=LINE('',#8866,#4198);
#3708=LINE('',#8868,#4199);
#3709=LINE('',#8872,#4200);
#3710=LINE('',#8874,#4201);
#3711=LINE('',#8876,#4202);
#3712=LINE('',#8880,#4203);
#3713=LINE('',#8882,#4204);
#3714=LINE('',#8886,#4205);
#3715=LINE('',#8888,#4206);
#3716=LINE('',#8890,#4207);
#3717=LINE('',#8894,#4208);
#3718=LINE('',#8896,#4209);
#3719=LINE('',#8898,#4210);
#3720=LINE('',#8902,#4211);
#3721=LINE('',#8904,#4212);
#3722=LINE('',#8906,#4213);
#3723=LINE('',#8910,#4214);
#3724=LINE('',#8912,#4215);
#3725=LINE('',#8916,#4216);
#3726=LINE('',#8918,#4217);
#3727=LINE('',#8920,#4218);
#3728=LINE('',#8924,#4219);
#3729=LINE('',#8926,#4220);
#3730=LINE('',#8928,#4221);
#3731=LINE('',#8932,#4222);
#3732=LINE('',#8934,#4223);
#3733=LINE('',#8936,#4224);
#3734=LINE('',#8940,#4225);
#3735=LINE('',#8942,#4226);
#3736=LINE('',#8946,#4227);
#3737=LINE('',#8948,#4228);
#3738=LINE('',#8950,#4229);
#3739=LINE('',#8954,#4230);
#3740=LINE('',#8956,#4231);
#3741=LINE('',#8958,#4232);
#3742=LINE('',#8962,#4233);
#3743=LINE('',#8964,#4234);
#3744=LINE('',#8966,#4235);
#3745=LINE('',#8970,#4236);
#3746=LINE('',#8972,#4237);
#3747=LINE('',#8976,#4238);
#3748=LINE('',#8978,#4239);
#3749=LINE('',#8980,#4240);
#3750=LINE('',#8984,#4241);
#3751=LINE('',#8986,#4242);
#3752=LINE('',#8988,#4243);
#3753=LINE('',#8992,#4244);
#3754=LINE('',#8994,#4245);
#3755=LINE('',#8996,#4246);
#3756=LINE('',#9000,#4247);
#3757=LINE('',#9002,#4248);
#3758=LINE('',#9006,#4249);
#3759=LINE('',#9008,#4250);
#3760=LINE('',#9010,#4251);
#3761=LINE('',#9014,#4252);
#3762=LINE('',#9016,#4253);
#3763=LINE('',#9018,#4254);
#3764=LINE('',#9022,#4255);
#3765=LINE('',#9024,#4256);
#3766=LINE('',#9026,#4257);
#3767=LINE('',#9030,#4258);
#3768=LINE('',#9032,#4259);
#3769=LINE('',#9036,#4260);
#3770=LINE('',#9038,#4261);
#3771=LINE('',#9040,#4262);
#3772=LINE('',#9044,#4263);
#3773=LINE('',#9046,#4264);
#3774=LINE('',#9048,#4265);
#3775=LINE('',#9052,#4266);
#3776=LINE('',#9054,#4267);
#3777=LINE('',#9056,#4268);
#3778=LINE('',#9060,#4269);
#3779=LINE('',#9062,#4270);
#3780=LINE('',#9066,#4271);
#3781=LINE('',#9068,#4272);
#3782=LINE('',#9070,#4273);
#3783=LINE('',#9074,#4274);
#3784=LINE('',#9076,#4275);
#3785=LINE('',#9078,#4276);
#3786=LINE('',#9082,#4277);
#3787=LINE('',#9084,#4278);
#3788=LINE('',#9086,#4279);
#3789=LINE('',#9090,#4280);
#3790=LINE('',#9092,#4281);
#3791=LINE('',#9096,#4282);
#3792=LINE('',#9098,#4283);
#3793=LINE('',#9100,#4284);
#3794=LINE('',#9104,#4285);
#3795=LINE('',#9106,#4286);
#3796=LINE('',#9108,#4287);
#3797=LINE('',#9112,#4288);
#3798=LINE('',#9114,#4289);
#3799=LINE('',#9116,#4290);
#3800=LINE('',#9120,#4291);
#3801=LINE('',#9122,#4292);
#3802=LINE('',#9126,#4293);
#3803=LINE('',#9128,#4294);
#3804=LINE('',#9130,#4295);
#3805=LINE('',#9134,#4296);
#3806=LINE('',#9136,#4297);
#3807=LINE('',#9138,#4298);
#3808=LINE('',#9142,#4299);
#3809=LINE('',#9144,#4300);
#3810=LINE('',#9146,#4301);
#3811=LINE('',#9150,#4302);
#3812=LINE('',#9152,#4303);
#3813=LINE('',#9156,#4304);
#3814=LINE('',#9158,#4305);
#3815=LINE('',#9160,#4306);
#3816=LINE('',#9164,#4307);
#3817=LINE('',#9166,#4308);
#3818=LINE('',#9168,#4309);
#3819=LINE('',#9172,#4310);
#3820=LINE('',#9174,#4311);
#3821=LINE('',#9176,#4312);
#3822=LINE('',#9180,#4313);
#3823=LINE('',#9182,#4314);
#3824=LINE('',#9186,#4315);
#3825=LINE('',#9188,#4316);
#3826=LINE('',#9190,#4317);
#3827=LINE('',#9194,#4318);
#3828=LINE('',#9196,#4319);
#3829=LINE('',#9198,#4320);
#3830=LINE('',#9202,#4321);
#3831=LINE('',#9204,#4322);
#3832=LINE('',#9206,#4323);
#3833=LINE('',#9210,#4324);
#3834=LINE('',#9212,#4325);
#3835=LINE('',#9214,#4326);
#3836=LINE('',#9216,#4327);
#3837=LINE('',#9218,#4328);
#3838=LINE('',#9220,#4329);
#3839=LINE('',#9222,#4330);
#3840=LINE('',#9224,#4331);
#3841=LINE('',#9226,#4332);
#3842=LINE('',#9228,#4333);
#3843=LINE('',#9230,#4334);
#3844=LINE('',#9232,#4335);
#3845=LINE('',#9234,#4336);
#3846=LINE('',#9236,#4337);
#3847=LINE('',#9238,#4338);
#3848=LINE('',#9240,#4339);
#3849=LINE('',#9242,#4340);
#3850=LINE('',#9244,#4341);
#3851=VECTOR('',#6042,1.);
#3852=VECTOR('',#6043,1.);
#3853=VECTOR('',#6044,1.);
#3854=VECTOR('',#6045,1.);
#3855=VECTOR('',#6050,1.);
#3856=VECTOR('',#6055,1.);
#3857=VECTOR('',#6056,1.);
#3858=VECTOR('',#6057,1.);
#3859=VECTOR('',#6060,1.);
#3860=VECTOR('',#6061,1.);
#3861=VECTOR('',#6062,1.);
#3862=VECTOR('',#6067,1.);
#3863=VECTOR('',#6072,1.);
#3864=VECTOR('',#6073,1.);
#3865=VECTOR('',#6074,1.);
#3866=VECTOR('',#6079,1.);
#3867=VECTOR('',#6084,1.);
#3868=VECTOR('',#6085,1.);
#3869=VECTOR('',#6086,1.);
#3870=VECTOR('',#6091,1.);
#3871=VECTOR('',#6096,1.);
#3872=VECTOR('',#6097,1.);
#3873=VECTOR('',#6098,1.);
#3874=VECTOR('',#6103,1.);
#3875=VECTOR('',#6108,1.);
#3876=VECTOR('',#6109,1.);
#3877=VECTOR('',#6110,1.);
#3878=VECTOR('',#6115,1.);
#3879=VECTOR('',#6120,1.);
#3880=VECTOR('',#6121,1.);
#3881=VECTOR('',#6122,1.);
#3882=VECTOR('',#6125,1.);
#3883=VECTOR('',#6126,1.);
#3884=VECTOR('',#6127,1.);
#3885=VECTOR('',#6132,1.);
#3886=VECTOR('',#6137,1.);
#3887=VECTOR('',#6138,1.);
#3888=VECTOR('',#6139,1.);
#3889=VECTOR('',#6144,1.);
#3890=VECTOR('',#6149,1.);
#3891=VECTOR('',#6150,1.);
#3892=VECTOR('',#6195,1.);
#3893=VECTOR('',#6196,1.);
#3894=VECTOR('',#6197,1.);
#3895=VECTOR('',#6198,1.);
#3896=VECTOR('',#6201,1.);
#3897=VECTOR('',#6202,1.);
#3898=VECTOR('',#6203,1.);
#3899=VECTOR('',#6204,1.);
#3900=VECTOR('',#6209,1.);
#3901=VECTOR('',#6214,1.);
#3902=VECTOR('',#6215,1.);
#3903=VECTOR('',#6216,1.);
#3904=VECTOR('',#6219,1.);
#3905=VECTOR('',#6220,1.);
#3906=VECTOR('',#6221,1.);
#3907=VECTOR('',#6222,1.);
#3908=VECTOR('',#6227,1.);
#3909=VECTOR('',#6232,1.);
#3910=VECTOR('',#6233,1.);
#3911=VECTOR('',#6234,1.);
#3912=VECTOR('',#6237,1.);
#3913=VECTOR('',#6238,1.);
#3914=VECTOR('',#6239,1.);
#3915=VECTOR('',#6240,1.);
#3916=VECTOR('',#6243,1.);
#3917=VECTOR('',#6244,1.);
#3918=VECTOR('',#6245,1.);
#3919=VECTOR('',#6246,1.);
#3920=VECTOR('',#6249,1.);
#3921=VECTOR('',#6250,1.);
#3922=VECTOR('',#6251,1.);
#3923=VECTOR('',#6252,1.);
#3924=VECTOR('',#6255,1.);
#3925=VECTOR('',#6258,1.);
#3926=VECTOR('',#6263,1.);
#3927=VECTOR('',#6264,1.);
#3928=VECTOR('',#6265,1.);
#3929=VECTOR('',#6282,1.);
#3930=VECTOR('',#6287,1.);
#3931=VECTOR('',#6288,1.);
#3932=VECTOR('',#6289,1.);
#3933=VECTOR('',#6290,1.);
#3934=VECTOR('',#6305,1.);
#3935=VECTOR('',#6312,1.);
#3936=VECTOR('',#6313,1.);
#3937=VECTOR('',#6320,1.);
#3938=VECTOR('',#6327,1.);
#3939=VECTOR('',#6332,1.);
#3940=VECTOR('',#6335,1.);
#3941=VECTOR('',#6336,1.);
#3942=VECTOR('',#6337,1.);
#3943=VECTOR('',#6338,1.);
#3944=VECTOR('',#6339,1.);
#3945=VECTOR('',#6344,1.);
#3946=VECTOR('',#6345,1.);
#3947=VECTOR('',#6348,1.);
#3948=VECTOR('',#6349,1.);
#3949=VECTOR('',#6358,1.);
#3950=VECTOR('',#6361,1.);
#3951=VECTOR('',#6364,1.);
#3952=VECTOR('',#6367,1.);
#3953=VECTOR('',#6370,1.);
#3954=VECTOR('',#6373,1.);
#3955=VECTOR('',#6376,1.);
#3956=VECTOR('',#6379,1.);
#3957=VECTOR('',#6382,1.);
#3958=VECTOR('',#6385,1.);
#3959=VECTOR('',#6388,1.);
#3960=VECTOR('',#6391,1.);
#3961=VECTOR('',#6394,1.);
#3962=VECTOR('',#6397,1.);
#3963=VECTOR('',#6400,1.);
#3964=VECTOR('',#6403,1.);
#3965=VECTOR('',#6406,1.);
#3966=VECTOR('',#6409,1.);
#3967=VECTOR('',#6412,1.);
#3968=VECTOR('',#6415,1.);
#3969=VECTOR('',#6418,1.);
#3970=VECTOR('',#6421,1.);
#3971=VECTOR('',#6424,1.);
#3972=VECTOR('',#6427,1.);
#3973=VECTOR('',#6430,1.);
#3974=VECTOR('',#6433,1.);
#3975=VECTOR('',#6436,1.);
#3976=VECTOR('',#6439,1.);
#3977=VECTOR('',#6442,1.);
#3978=VECTOR('',#6445,1.);
#3979=VECTOR('',#6448,1.);
#3980=VECTOR('',#6451,1.);
#3981=VECTOR('',#6454,1.);
#3982=VECTOR('',#6457,1.);
#3983=VECTOR('',#6460,1.);
#3984=VECTOR('',#6463,1.);
#3985=VECTOR('',#6466,1.);
#3986=VECTOR('',#6469,1.);
#3987=VECTOR('',#6472,1.);
#3988=VECTOR('',#6475,1.);
#3989=VECTOR('',#6478,1.);
#3990=VECTOR('',#6481,1.);
#3991=VECTOR('',#6484,1.);
#3992=VECTOR('',#6487,1.);
#3993=VECTOR('',#6490,1.);
#3994=VECTOR('',#6493,1.);
#3995=VECTOR('',#6496,1.);
#3996=VECTOR('',#6499,1.);
#3997=VECTOR('',#6502,1.);
#3998=VECTOR('',#6505,1.);
#3999=VECTOR('',#6508,1.);
#4000=VECTOR('',#6511,1.);
#4001=VECTOR('',#6514,1.);
#4002=VECTOR('',#6517,1.);
#4003=VECTOR('',#6520,1.);
#4004=VECTOR('',#6523,1.);
#4005=VECTOR('',#6526,1.);
#4006=VECTOR('',#6529,1.);
#4007=VECTOR('',#6532,1.);
#4008=VECTOR('',#6535,1.);
#4009=VECTOR('',#6538,1.);
#4010=VECTOR('',#6541,1.);
#4011=VECTOR('',#6544,1.);
#4012=VECTOR('',#6547,1.);
#4013=VECTOR('',#6548,1.);
#4014=VECTOR('',#6549,1.);
#4015=VECTOR('',#6550,1.);
#4016=VECTOR('',#6551,1.);
#4017=VECTOR('',#6554,1.);
#4018=VECTOR('',#6555,1.);
#4019=VECTOR('',#6556,1.);
#4020=VECTOR('',#6557,1.);
#4021=VECTOR('',#6560,1.);
#4022=VECTOR('',#6561,1.);
#4023=VECTOR('',#6562,1.);
#4024=VECTOR('',#6563,1.);
#4025=VECTOR('',#6566,1.);
#4026=VECTOR('',#6567,1.);
#4027=VECTOR('',#6568,1.);
#4028=VECTOR('',#6569,1.);
#4029=VECTOR('',#6572,1.);
#4030=VECTOR('',#6573,1.);
#4031=VECTOR('',#6574,1.);
#4032=VECTOR('',#6575,1.);
#4033=VECTOR('',#6578,1.);
#4034=VECTOR('',#6579,1.);
#4035=VECTOR('',#6580,1.);
#4036=VECTOR('',#6581,1.);
#4037=VECTOR('',#6584,1.);
#4038=VECTOR('',#6585,1.);
#4039=VECTOR('',#6586,1.);
#4040=VECTOR('',#6589,1.);
#4041=VECTOR('',#6590,1.);
#4042=VECTOR('',#6591,1.);
#4043=VECTOR('',#6592,1.);
#4044=VECTOR('',#6619,1.);
#4045=VECTOR('',#6620,1.);
#4046=VECTOR('',#6623,1.);
#4047=VECTOR('',#6628,1.);
#4048=VECTOR('',#6631,1.);
#4049=VECTOR('',#6634,1.);
#4050=VECTOR('',#6637,1.);
#4051=VECTOR('',#6640,1.);
#4052=VECTOR('',#6643,1.);
#4053=VECTOR('',#6646,1.);
#4054=VECTOR('',#6649,1.);
#4055=VECTOR('',#6652,1.);
#4056=VECTOR('',#6657,1.);
#4057=VECTOR('',#6686,1.);
#4058=VECTOR('',#6687,1.);
#4059=VECTOR('',#6688,1.);
#4060=VECTOR('',#6689,1.);
#4061=VECTOR('',#6694,1.);
#4062=VECTOR('',#6699,1.);
#4063=VECTOR('',#6700,1.);
#4064=VECTOR('',#6701,1.);
#4065=VECTOR('',#6704,1.);
#4066=VECTOR('',#6705,1.);
#4067=VECTOR('',#6706,1.);
#4068=VECTOR('',#6711,1.);
#4069=VECTOR('',#6716,1.);
#4070=VECTOR('',#6717,1.);
#4071=VECTOR('',#6718,1.);
#4072=VECTOR('',#6723,1.);
#4073=VECTOR('',#6728,1.);
#4074=VECTOR('',#6729,1.);
#4075=VECTOR('',#6730,1.);
#4076=VECTOR('',#6735,1.);
#4077=VECTOR('',#6740,1.);
#4078=VECTOR('',#6741,1.);
#4079=VECTOR('',#6742,1.);
#4080=VECTOR('',#6747,1.);
#4081=VECTOR('',#6752,1.);
#4082=VECTOR('',#6753,1.);
#4083=VECTOR('',#6754,1.);
#4084=VECTOR('',#6759,1.);
#4085=VECTOR('',#6764,1.);
#4086=VECTOR('',#6765,1.);
#4087=VECTOR('',#6766,1.);
#4088=VECTOR('',#6769,1.);
#4089=VECTOR('',#6770,1.);
#4090=VECTOR('',#6771,1.);
#4091=VECTOR('',#6776,1.);
#4092=VECTOR('',#6781,1.);
#4093=VECTOR('',#6782,1.);
#4094=VECTOR('',#6783,1.);
#4095=VECTOR('',#6788,1.);
#4096=VECTOR('',#6793,1.);
#4097=VECTOR('',#6794,1.);
#4098=VECTOR('',#6795,1.);
#4099=VECTOR('',#6798,1.);
#4100=VECTOR('',#6803,1.);
#4101=VECTOR('',#6804,1.);
#4102=VECTOR('',#6807,1.);
#4103=VECTOR('',#6812,1.);
#4104=VECTOR('',#6813,1.);
#4105=VECTOR('',#6816,1.);
#4106=VECTOR('',#6821,1.);
#4107=VECTOR('',#6822,1.);
#4108=VECTOR('',#6825,1.);
#4109=VECTOR('',#6830,1.);
#4110=VECTOR('',#6831,1.);
#4111=VECTOR('',#6834,1.);
#4112=VECTOR('',#6839,1.);
#4113=VECTOR('',#6840,1.);
#4114=VECTOR('',#6843,1.);
#4115=VECTOR('',#6848,1.);
#4116=VECTOR('',#6849,1.);
#4117=VECTOR('',#6852,1.);
#4118=VECTOR('',#6857,1.);
#4119=VECTOR('',#6858,1.);
#4120=VECTOR('',#6859,1.);
#4121=VECTOR('',#6862,1.);
#4122=VECTOR('',#6867,1.);
#4123=VECTOR('',#6868,1.);
#4124=VECTOR('',#6873,1.);
#4125=VECTOR('',#6874,1.);
#4126=VECTOR('',#6877,1.);
#4127=VECTOR('',#6878,1.);
#4128=VECTOR('',#6881,1.);
#4129=VECTOR('',#6886,1.);
#4130=VECTOR('',#6887,1.);
#4131=VECTOR('',#6894,1.);
#4132=VECTOR('',#6895,1.);
#4133=VECTOR('',#6898,1.);
#4134=VECTOR('',#6899,1.);
#4135=VECTOR('',#6926,1.);
#4136=VECTOR('',#6945,1.);
#4137=VECTOR('',#6948,1.);
#4138=VECTOR('',#6959,1.);
#4139=VECTOR('',#6984,1.);
#4140=VECTOR('',#6989,1.);
#4141=VECTOR('',#6992,1.);
#4142=VECTOR('',#6995,1.);
#4143=VECTOR('',#6996,1.);
#4144=VECTOR('',#6997,1.);
#4145=VECTOR('',#7000,1.);
#4146=VECTOR('',#7001,1.);
#4147=VECTOR('',#7004,1.);
#4148=VECTOR('',#7005,1.);
#4149=VECTOR('',#7008,1.);
#4150=VECTOR('',#7011,1.);
#4151=VECTOR('',#7014,1.);
#4152=VECTOR('',#7015,1.);
#4153=VECTOR('',#7020,1.);
#4154=VECTOR('',#7023,1.);
#4155=VECTOR('',#7024,1.);
#4156=VECTOR('',#7029,1.);
#4157=VECTOR('',#7032,1.);
#4158=VECTOR('',#7033,1.);
#4159=VECTOR('',#7038,1.);
#4160=VECTOR('',#7041,1.);
#4161=VECTOR('',#7044,1.);
#4162=VECTOR('',#7047,1.);
#4163=VECTOR('',#7048,1.);
#4164=VECTOR('',#7053,1.);
#4165=VECTOR('',#7056,1.);
#4166=VECTOR('',#7057,1.);
#4167=VECTOR('',#7062,1.);
#4168=VECTOR('',#7065,1.);
#4169=VECTOR('',#7066,1.);
#4170=VECTOR('',#7071,1.);
#4171=VECTOR('',#7074,1.);
#4172=VECTOR('',#7077,1.);
#4173=VECTOR('',#7080,1.);
#4174=VECTOR('',#7081,1.);
#4175=VECTOR('',#7086,1.);
#4176=VECTOR('',#7089,1.);
#4177=VECTOR('',#7090,1.);
#4178=VECTOR('',#7095,1.);
#4179=VECTOR('',#7098,1.);
#4180=VECTOR('',#7099,1.);
#4181=VECTOR('',#7104,1.);
#4182=VECTOR('',#7107,1.);
#4183=VECTOR('',#7110,1.);
#4184=VECTOR('',#7113,1.);
#4185=VECTOR('',#7114,1.);
#4186=VECTOR('',#7119,1.);
#4187=VECTOR('',#7122,1.);
#4188=VECTOR('',#7123,1.);
#4189=VECTOR('',#7128,1.);
#4190=VECTOR('',#7131,1.);
#4191=VECTOR('',#7132,1.);
#4192=VECTOR('',#7137,1.);
#4193=VECTOR('',#7140,1.);
#4194=VECTOR('',#7143,1.);
#4195=VECTOR('',#7146,1.);
#4196=VECTOR('',#7147,1.);
#4197=VECTOR('',#7152,1.);
#4198=VECTOR('',#7155,1.);
#4199=VECTOR('',#7156,1.);
#4200=VECTOR('',#7161,1.);
#4201=VECTOR('',#7164,1.);
#4202=VECTOR('',#7165,1.);
#4203=VECTOR('',#7170,1.);
#4204=VECTOR('',#7173,1.);
#4205=VECTOR('',#7176,1.);
#4206=VECTOR('',#7179,1.);
#4207=VECTOR('',#7180,1.);
#4208=VECTOR('',#7185,1.);
#4209=VECTOR('',#7188,1.);
#4210=VECTOR('',#7189,1.);
#4211=VECTOR('',#7194,1.);
#4212=VECTOR('',#7197,1.);
#4213=VECTOR('',#7198,1.);
#4214=VECTOR('',#7203,1.);
#4215=VECTOR('',#7206,1.);
#4216=VECTOR('',#7209,1.);
#4217=VECTOR('',#7212,1.);
#4218=VECTOR('',#7213,1.);
#4219=VECTOR('',#7218,1.);
#4220=VECTOR('',#7221,1.);
#4221=VECTOR('',#7222,1.);
#4222=VECTOR('',#7227,1.);
#4223=VECTOR('',#7230,1.);
#4224=VECTOR('',#7231,1.);
#4225=VECTOR('',#7236,1.);
#4226=VECTOR('',#7239,1.);
#4227=VECTOR('',#7242,1.);
#4228=VECTOR('',#7245,1.);
#4229=VECTOR('',#7246,1.);
#4230=VECTOR('',#7251,1.);
#4231=VECTOR('',#7254,1.);
#4232=VECTOR('',#7255,1.);
#4233=VECTOR('',#7260,1.);
#4234=VECTOR('',#7263,1.);
#4235=VECTOR('',#7264,1.);
#4236=VECTOR('',#7269,1.);
#4237=VECTOR('',#7272,1.);
#4238=VECTOR('',#7275,1.);
#4239=VECTOR('',#7278,1.);
#4240=VECTOR('',#7279,1.);
#4241=VECTOR('',#7284,1.);
#4242=VECTOR('',#7287,1.);
#4243=VECTOR('',#7288,1.);
#4244=VECTOR('',#7293,1.);
#4245=VECTOR('',#7296,1.);
#4246=VECTOR('',#7297,1.);
#4247=VECTOR('',#7302,1.);
#4248=VECTOR('',#7305,1.);
#4249=VECTOR('',#7308,1.);
#4250=VECTOR('',#7311,1.);
#4251=VECTOR('',#7312,1.);
#4252=VECTOR('',#7317,1.);
#4253=VECTOR('',#7320,1.);
#4254=VECTOR('',#7321,1.);
#4255=VECTOR('',#7326,1.);
#4256=VECTOR('',#7329,1.);
#4257=VECTOR('',#7330,1.);
#4258=VECTOR('',#7335,1.);
#4259=VECTOR('',#7338,1.);
#4260=VECTOR('',#7341,1.);
#4261=VECTOR('',#7344,1.);
#4262=VECTOR('',#7345,1.);
#4263=VECTOR('',#7350,1.);
#4264=VECTOR('',#7353,1.);
#4265=VECTOR('',#7354,1.);
#4266=VECTOR('',#7359,1.);
#4267=VECTOR('',#7362,1.);
#4268=VECTOR('',#7363,1.);
#4269=VECTOR('',#7368,1.);
#4270=VECTOR('',#7371,1.);
#4271=VECTOR('',#7374,1.);
#4272=VECTOR('',#7377,1.);
#4273=VECTOR('',#7378,1.);
#4274=VECTOR('',#7383,1.);
#4275=VECTOR('',#7386,1.);
#4276=VECTOR('',#7387,1.);
#4277=VECTOR('',#7392,1.);
#4278=VECTOR('',#7395,1.);
#4279=VECTOR('',#7396,1.);
#4280=VECTOR('',#7401,1.);
#4281=VECTOR('',#7404,1.);
#4282=VECTOR('',#7407,1.);
#4283=VECTOR('',#7410,1.);
#4284=VECTOR('',#7411,1.);
#4285=VECTOR('',#7416,1.);
#4286=VECTOR('',#7419,1.);
#4287=VECTOR('',#7420,1.);
#4288=VECTOR('',#7425,1.);
#4289=VECTOR('',#7428,1.);
#4290=VECTOR('',#7429,1.);
#4291=VECTOR('',#7434,1.);
#4292=VECTOR('',#7437,1.);
#4293=VECTOR('',#7440,1.);
#4294=VECTOR('',#7443,1.);
#4295=VECTOR('',#7444,1.);
#4296=VECTOR('',#7449,1.);
#4297=VECTOR('',#7452,1.);
#4298=VECTOR('',#7453,1.);
#4299=VECTOR('',#7458,1.);
#4300=VECTOR('',#7461,1.);
#4301=VECTOR('',#7462,1.);
#4302=VECTOR('',#7467,1.);
#4303=VECTOR('',#7470,1.);
#4304=VECTOR('',#7473,1.);
#4305=VECTOR('',#7476,1.);
#4306=VECTOR('',#7477,1.);
#4307=VECTOR('',#7482,1.);
#4308=VECTOR('',#7485,1.);
#4309=VECTOR('',#7486,1.);
#4310=VECTOR('',#7491,1.);
#4311=VECTOR('',#7494,1.);
#4312=VECTOR('',#7495,1.);
#4313=VECTOR('',#7500,1.);
#4314=VECTOR('',#7503,1.);
#4315=VECTOR('',#7506,1.);
#4316=VECTOR('',#7509,1.);
#4317=VECTOR('',#7510,1.);
#4318=VECTOR('',#7515,1.);
#4319=VECTOR('',#7518,1.);
#4320=VECTOR('',#7519,1.);
#4321=VECTOR('',#7524,1.);
#4322=VECTOR('',#7527,1.);
#4323=VECTOR('',#7528,1.);
#4324=VECTOR('',#7533,1.);
#4325=VECTOR('',#7536,1.);
#4326=VECTOR('',#7539,1.);
#4327=VECTOR('',#7542,1.);
#4328=VECTOR('',#7545,1.);
#4329=VECTOR('',#7548,1.);
#4330=VECTOR('',#7551,1.);
#4331=VECTOR('',#7554,1.);
#4332=VECTOR('',#7557,1.);
#4333=VECTOR('',#7560,1.);
#4334=VECTOR('',#7563,1.);
#4335=VECTOR('',#7566,1.);
#4336=VECTOR('',#7569,1.);
#4337=VECTOR('',#7572,1.);
#4338=VECTOR('',#7575,1.);
#4339=VECTOR('',#7578,1.);
#4340=VECTOR('',#7581,1.);
#4341=VECTOR('',#7584,1.);
#4342=EDGE_LOOP('',(#461,#462,#463,#464));
#4343=EDGE_LOOP('',(#465,#466,#467,#468));
#4344=EDGE_LOOP('',(#469,#470,#471,#472));
#4345=EDGE_LOOP('',(#473,#474,#475,#476));
#4346=EDGE_LOOP('',(#477,#478,#479,#480));
#4347=EDGE_LOOP('',(#481,#482,#483,#484));
#4348=EDGE_LOOP('',(#485,#486,#487,#488));
#4349=EDGE_LOOP('',(#489,#490,#491,#492));
#4350=EDGE_LOOP('',(#493,#494,#495,#496));
#4351=EDGE_LOOP('',(#497,#498,#499,#500));
#4352=EDGE_LOOP('',(#501,#502,#503,#504));
#4353=EDGE_LOOP('',(#505,#506,#507,#508));
#4354=EDGE_LOOP('',(#509,#510,#511,#512));
#4355=EDGE_LOOP('',(#513,#514,#515,#516));
#4356=EDGE_LOOP('',(#517,#518,#519,#520));
#4357=EDGE_LOOP('',(#521,#522,#523,#524));
#4358=EDGE_LOOP('',(#525,#526,#527,#528));
#4359=EDGE_LOOP('',(#529,#530,#531,#532));
#4360=EDGE_LOOP('',(#533,#534,#535,#536));
#4361=EDGE_LOOP('',(#537));
#4362=EDGE_LOOP('',(#538));
#4363=EDGE_LOOP('',(#539));
#4364=EDGE_LOOP('',(#540));
#4365=EDGE_LOOP('',(#541));
#4366=EDGE_LOOP('',(#542));
#4367=EDGE_LOOP('',(#543,#544,#545,#546,#547,#548,#549,#550,#551,#552,#553,
#554,#555,#556,#557,#558,#559,#560,#561));
#4368=EDGE_LOOP('',(#562));
#4369=EDGE_LOOP('',(#563));
#4370=EDGE_LOOP('',(#564));
#4371=EDGE_LOOP('',(#565));
#4372=EDGE_LOOP('',(#566));
#4373=EDGE_LOOP('',(#567));
#4374=EDGE_LOOP('',(#568,#569,#570,#571,#572,#573,#574,#575,#576,#577,#578,
#579,#580,#581,#582,#583,#584,#585,#586));
#4375=EDGE_LOOP('',(#587));
#4376=EDGE_LOOP('',(#588));
#4377=EDGE_LOOP('',(#589));
#4378=EDGE_LOOP('',(#590));
#4379=EDGE_LOOP('',(#591));
#4380=EDGE_LOOP('',(#592));
#4381=EDGE_LOOP('',(#593));
#4382=EDGE_LOOP('',(#594));
#4383=EDGE_LOOP('',(#595));
#4384=EDGE_LOOP('',(#596));
#4385=EDGE_LOOP('',(#597));
#4386=EDGE_LOOP('',(#598));
#4387=EDGE_LOOP('',(#599,#600,#601,#602));
#4388=EDGE_LOOP('',(#603,#604,#605,#606));
#4389=EDGE_LOOP('',(#607,#608,#609,#610));
#4390=EDGE_LOOP('',(#611,#612,#613,#614));
#4391=EDGE_LOOP('',(#615,#616,#617,#618));
#4392=EDGE_LOOP('',(#619,#620,#621,#622));
#4393=EDGE_LOOP('',(#623,#624,#625,#626));
#4394=EDGE_LOOP('',(#627,#628,#629,#630));
#4395=EDGE_LOOP('',(#631,#632,#633,#634));
#4396=EDGE_LOOP('',(#635,#636,#637,#638));
#4397=EDGE_LOOP('',(#639,#640,#641,#642));
#4398=EDGE_LOOP('',(#643,#644,#645,#646));
#4399=EDGE_LOOP('',(#647,#648,#649,#650));
#4400=EDGE_LOOP('',(#651,#652,#653,#654));
#4401=EDGE_LOOP('',(#655,#656,#657,#658));
#4402=EDGE_LOOP('',(#659,#660,#661,#662));
#4403=EDGE_LOOP('',(#663));
#4404=EDGE_LOOP('',(#664));
#4405=EDGE_LOOP('',(#665));
#4406=EDGE_LOOP('',(#666));
#4407=EDGE_LOOP('',(#667));
#4408=EDGE_LOOP('',(#668));
#4409=EDGE_LOOP('',(#669,#670,#671,#672,#673,#674,#675,#676,#677,#678,#679,
#680,#681,#682,#683,#684,#685,#686,#687,#688,#689,#690,#691,#692,#693,#694,
#695,#696,#697,#698,#699,#700,#701));
#4410=EDGE_LOOP('',(#702,#703,#704,#705,#706,#707,#708,#709));
#4411=EDGE_LOOP('',(#710,#711,#712,#713,#714,#715,#716,#717));
#4412=EDGE_LOOP('',(#718,#719,#720,#721,#722,#723,#724,#725));
#4413=EDGE_LOOP('',(#726,#727,#728,#729,#730,#731,#732,#733));
#4414=EDGE_LOOP('',(#734,#735,#736,#737,#738,#739,#740,#741));
#4415=EDGE_LOOP('',(#742,#743,#744,#745,#746,#747,#748,#749));
#4416=EDGE_LOOP('',(#750,#751,#752,#753,#754,#755,#756,#757));
#4417=EDGE_LOOP('',(#758,#759,#760,#761,#762,#763,#764,#765));
#4418=EDGE_LOOP('',(#766,#767,#768,#769,#770,#771,#772,#773));
#4419=EDGE_LOOP('',(#774,#775,#776,#777,#778,#779,#780,#781));
#4420=EDGE_LOOP('',(#782,#783,#784,#785,#786,#787,#788,#789));
#4421=EDGE_LOOP('',(#790,#791,#792,#793,#794,#795,#796,#797));
#4422=EDGE_LOOP('',(#798,#799,#800,#801,#802,#803,#804,#805));
#4423=EDGE_LOOP('',(#806,#807,#808,#809,#810,#811,#812,#813));
#4424=EDGE_LOOP('',(#814,#815,#816,#817,#818,#819,#820,#821));
#4425=EDGE_LOOP('',(#822,#823,#824,#825,#826,#827,#828,#829));
#4426=EDGE_LOOP('',(#830,#831,#832,#833));
#4427=EDGE_LOOP('',(#834,#835,#836,#837));
#4428=EDGE_LOOP('',(#838,#839,#840,#841));
#4429=EDGE_LOOP('',(#842,#843,#844,#845));
#4430=EDGE_LOOP('',(#846,#847,#848,#849));
#4431=EDGE_LOOP('',(#850,#851,#852,#853));
#4432=EDGE_LOOP('',(#854,#855,#856,#857));
#4433=EDGE_LOOP('',(#858,#859,#860,#861));
#4434=EDGE_LOOP('',(#862));
#4435=EDGE_LOOP('',(#863));
#4436=EDGE_LOOP('',(#864));
#4437=EDGE_LOOP('',(#865));
#4438=EDGE_LOOP('',(#866));
#4439=EDGE_LOOP('',(#867));
#4440=EDGE_LOOP('',(#868));
#4441=EDGE_LOOP('',(#869));
#4442=EDGE_LOOP('',(#870));
#4443=EDGE_LOOP('',(#871));
#4444=EDGE_LOOP('',(#872));
#4445=EDGE_LOOP('',(#873));
#4446=EDGE_LOOP('',(#874,#875,#876,#877,#878,#879,#880,#881,#882,#883,#884,
#885,#886,#887,#888,#889,#890,#891,#892,#893,#894,#895,#896,#897,#898,#899,
#900,#901,#902,#903,#904,#905,#906,#907,#908,#909,#910,#911,#912,#913,#914,
#915,#916,#917,#918,#919,#920,#921,#922,#923,#924,#925,#926,#927,#928,#929,
#930,#931,#932,#933,#934));
#4447=EDGE_LOOP('',(#935));
#4448=EDGE_LOOP('',(#936));
#4449=EDGE_LOOP('',(#937));
#4450=EDGE_LOOP('',(#938));
#4451=EDGE_LOOP('',(#939));
#4452=EDGE_LOOP('',(#940));
#4453=EDGE_LOOP('',(#941,#942,#943,#944));
#4454=EDGE_LOOP('',(#945,#946,#947,#948));
#4455=EDGE_LOOP('',(#949,#950,#951,#952));
#4456=EDGE_LOOP('',(#953,#954,#955,#956));
#4457=EDGE_LOOP('',(#957,#958,#959,#960));
#4458=EDGE_LOOP('',(#961,#962,#963,#964));
#4459=EDGE_LOOP('',(#965,#966,#967,#968));
#4460=EDGE_LOOP('',(#969,#970,#971,#972));
#4461=EDGE_LOOP('',(#973,#974,#975,#976));
#4462=EDGE_LOOP('',(#977,#978,#979,#980));
#4463=EDGE_LOOP('',(#981,#982,#983,#984));
#4464=EDGE_LOOP('',(#985,#986,#987,#988));
#4465=EDGE_LOOP('',(#989,#990,#991,#992));
#4466=EDGE_LOOP('',(#993,#994,#995,#996));
#4467=EDGE_LOOP('',(#997,#998,#999,#1000));
#4468=EDGE_LOOP('',(#1001,#1002,#1003,#1004));
#4469=EDGE_LOOP('',(#1005,#1006,#1007,#1008));
#4470=EDGE_LOOP('',(#1009,#1010,#1011,#1012));
#4471=EDGE_LOOP('',(#1013,#1014,#1015,#1016));
#4472=EDGE_LOOP('',(#1017,#1018,#1019,#1020));
#4473=EDGE_LOOP('',(#1021,#1022,#1023,#1024));
#4474=EDGE_LOOP('',(#1025,#1026,#1027,#1028));
#4475=EDGE_LOOP('',(#1029,#1030,#1031,#1032));
#4476=EDGE_LOOP('',(#1033,#1034,#1035,#1036));
#4477=EDGE_LOOP('',(#1037,#1038,#1039,#1040));
#4478=EDGE_LOOP('',(#1041,#1042,#1043,#1044));
#4479=EDGE_LOOP('',(#1045,#1046,#1047,#1048));
#4480=EDGE_LOOP('',(#1049,#1050,#1051,#1052));
#4481=EDGE_LOOP('',(#1053,#1054,#1055,#1056));
#4482=EDGE_LOOP('',(#1057,#1058,#1059,#1060));
#4483=EDGE_LOOP('',(#1061,#1062,#1063,#1064));
#4484=EDGE_LOOP('',(#1065,#1066,#1067,#1068));
#4485=EDGE_LOOP('',(#1069,#1070,#1071,#1072));
#4486=EDGE_LOOP('',(#1073,#1074,#1075,#1076));
#4487=EDGE_LOOP('',(#1077,#1078,#1079,#1080));
#4488=EDGE_LOOP('',(#1081,#1082,#1083,#1084));
#4489=EDGE_LOOP('',(#1085,#1086,#1087,#1088));
#4490=EDGE_LOOP('',(#1089,#1090,#1091,#1092));
#4491=EDGE_LOOP('',(#1093,#1094,#1095,#1096));
#4492=EDGE_LOOP('',(#1097,#1098,#1099,#1100));
#4493=EDGE_LOOP('',(#1101,#1102,#1103,#1104));
#4494=EDGE_LOOP('',(#1105,#1106,#1107,#1108,#1109,#1110,#1111,#1112,#1113,
#1114,#1115,#1116,#1117,#1118,#1119,#1120,#1121,#1122,#1123,#1124,#1125,
#1126,#1127,#1128,#1129,#1130,#1131,#1132,#1133,#1134,#1135,#1136,#1137,
#1138,#1139,#1140,#1141,#1142,#1143,#1144,#1145,#1146,#1147,#1148,#1149,
#1150,#1151));
#4495=EDGE_LOOP('',(#1152));
#4496=EDGE_LOOP('',(#1153));
#4497=EDGE_LOOP('',(#1154));
#4498=EDGE_LOOP('',(#1155));
#4499=EDGE_LOOP('',(#1156));
#4500=EDGE_LOOP('',(#1157,#1158));
#4501=EDGE_LOOP('',(#1159));
#4502=EDGE_LOOP('',(#1160,#1161));
#4503=EDGE_LOOP('',(#1162));
#4504=EDGE_LOOP('',(#1163,#1164));
#4505=EDGE_LOOP('',(#1165));
#4506=EDGE_LOOP('',(#1166,#1167));
#4507=EDGE_LOOP('',(#1168,#1169,#1170,#1171));
#4508=EDGE_LOOP('',(#1172,#1173,#1174));
#4509=EDGE_LOOP('',(#1175,#1176,#1177,#1178));
#4510=EDGE_LOOP('',(#1179,#1180,#1181));
#4511=EDGE_LOOP('',(#1182,#1183,#1184,#1185));
#4512=EDGE_LOOP('',(#1186,#1187,#1188,#1189));
#4513=EDGE_LOOP('',(#1190,#1191,#1192,#1193));
#4514=EDGE_LOOP('',(#1194,#1195,#1196,#1197));
#4515=EDGE_LOOP('',(#1198,#1199,#1200,#1201));
#4516=EDGE_LOOP('',(#1202,#1203,#1204,#1205));
#4517=EDGE_LOOP('',(#1206,#1207,#1208,#1209));
#4518=EDGE_LOOP('',(#1210,#1211,#1212,#1213));
#4519=EDGE_LOOP('',(#1214,#1215,#1216,#1217));
#4520=EDGE_LOOP('',(#1218,#1219,#1220,#1221));
#4521=EDGE_LOOP('',(#1222,#1223,#1224,#1225));
#4522=EDGE_LOOP('',(#1226,#1227,#1228,#1229));
#4523=EDGE_LOOP('',(#1230,#1231,#1232,#1233));
#4524=EDGE_LOOP('',(#1234,#1235,#1236,#1237,#1238,#1239,#1240,#1241));
#4525=EDGE_LOOP('',(#1242,#1243,#1244,#1245,#1246,#1247,#1248,#1249));
#4526=EDGE_LOOP('',(#1250,#1251,#1252,#1253));
#4527=EDGE_LOOP('',(#1254,#1255,#1256,#1257));
#4528=EDGE_LOOP('',(#1258,#1259,#1260,#1261));
#4529=EDGE_LOOP('',(#1262,#1263,#1264,#1265));
#4530=EDGE_LOOP('',(#1266,#1267,#1268,#1269));
#4531=EDGE_LOOP('',(#1270,#1271,#1272,#1273));
#4532=EDGE_LOOP('',(#1274,#1275,#1276,#1277));
#4533=EDGE_LOOP('',(#1278,#1279,#1280,#1281));
#4534=EDGE_LOOP('',(#1282,#1283,#1284,#1285));
#4535=EDGE_LOOP('',(#1286,#1287,#1288,#1289));
#4536=EDGE_LOOP('',(#1290,#1291,#1292,#1293));
#4537=EDGE_LOOP('',(#1294,#1295,#1296,#1297));
#4538=EDGE_LOOP('',(#1298,#1299,#1300,#1301));
#4539=EDGE_LOOP('',(#1302,#1303,#1304,#1305));
#4540=EDGE_LOOP('',(#1306,#1307,#1308,#1309));
#4541=EDGE_LOOP('',(#1310,#1311,#1312,#1313));
#4542=EDGE_LOOP('',(#1314,#1315,#1316,#1317));
#4543=EDGE_LOOP('',(#1318,#1319,#1320,#1321));
#4544=EDGE_LOOP('',(#1322,#1323,#1324,#1325));
#4545=EDGE_LOOP('',(#1326,#1327,#1328,#1329));
#4546=EDGE_LOOP('',(#1330,#1331,#1332,#1333));
#4547=EDGE_LOOP('',(#1334,#1335,#1336,#1337));
#4548=EDGE_LOOP('',(#1338,#1339,#1340,#1341));
#4549=EDGE_LOOP('',(#1342,#1343,#1344,#1345));
#4550=EDGE_LOOP('',(#1346,#1347,#1348,#1349));
#4551=EDGE_LOOP('',(#1350,#1351,#1352,#1353));
#4552=EDGE_LOOP('',(#1354,#1355,#1356,#1357));
#4553=EDGE_LOOP('',(#1358,#1359,#1360,#1361));
#4554=EDGE_LOOP('',(#1362,#1363,#1364,#1365));
#4555=EDGE_LOOP('',(#1366,#1367,#1368,#1369));
#4556=EDGE_LOOP('',(#1370,#1371,#1372,#1373));
#4557=EDGE_LOOP('',(#1374,#1375,#1376,#1377));
#4558=EDGE_LOOP('',(#1378,#1379,#1380,#1381));
#4559=EDGE_LOOP('',(#1382,#1383,#1384,#1385));
#4560=EDGE_LOOP('',(#1386,#1387,#1388,#1389));
#4561=EDGE_LOOP('',(#1390,#1391,#1392,#1393));
#4562=EDGE_LOOP('',(#1394,#1395,#1396,#1397));
#4563=EDGE_LOOP('',(#1398,#1399,#1400,#1401));
#4564=EDGE_LOOP('',(#1402,#1403,#1404,#1405));
#4565=EDGE_LOOP('',(#1406,#1407,#1408,#1409));
#4566=EDGE_LOOP('',(#1410,#1411,#1412,#1413));
#4567=EDGE_LOOP('',(#1414,#1415,#1416,#1417));
#4568=EDGE_LOOP('',(#1418,#1419,#1420,#1421));
#4569=EDGE_LOOP('',(#1422,#1423,#1424,#1425));
#4570=EDGE_LOOP('',(#1426,#1427,#1428,#1429));
#4571=EDGE_LOOP('',(#1430,#1431,#1432,#1433));
#4572=EDGE_LOOP('',(#1434,#1435,#1436,#1437));
#4573=EDGE_LOOP('',(#1438,#1439,#1440,#1441));
#4574=EDGE_LOOP('',(#1442,#1443,#1444,#1445));
#4575=EDGE_LOOP('',(#1446,#1447,#1448,#1449));
#4576=EDGE_LOOP('',(#1450,#1451,#1452,#1453));
#4577=EDGE_LOOP('',(#1454,#1455,#1456,#1457));
#4578=EDGE_LOOP('',(#1458,#1459,#1460,#1461));
#4579=EDGE_LOOP('',(#1462,#1463,#1464,#1465));
#4580=EDGE_LOOP('',(#1466,#1467,#1468,#1469));
#4581=EDGE_LOOP('',(#1470,#1471,#1472,#1473));
#4582=EDGE_LOOP('',(#1474,#1475,#1476,#1477));
#4583=EDGE_LOOP('',(#1478,#1479,#1480,#1481));
#4584=EDGE_LOOP('',(#1482,#1483,#1484,#1485));
#4585=EDGE_LOOP('',(#1486,#1487,#1488,#1489));
#4586=EDGE_LOOP('',(#1490,#1491,#1492,#1493));
#4587=EDGE_LOOP('',(#1494,#1495,#1496,#1497));
#4588=EDGE_LOOP('',(#1498,#1499,#1500,#1501));
#4589=EDGE_LOOP('',(#1502,#1503,#1504,#1505));
#4590=EDGE_LOOP('',(#1506,#1507,#1508,#1509));
#4591=EDGE_LOOP('',(#1510,#1511,#1512,#1513));
#4592=EDGE_LOOP('',(#1514,#1515,#1516,#1517));
#4593=EDGE_LOOP('',(#1518,#1519,#1520,#1521));
#4594=EDGE_LOOP('',(#1522,#1523,#1524,#1525));
#4595=EDGE_LOOP('',(#1526,#1527,#1528,#1529));
#4596=EDGE_LOOP('',(#1530,#1531,#1532,#1533));
#4597=EDGE_LOOP('',(#1534,#1535,#1536,#1537));
#4598=EDGE_LOOP('',(#1538,#1539,#1540,#1541));
#4599=EDGE_LOOP('',(#1542,#1543,#1544,#1545));
#4600=EDGE_LOOP('',(#1546,#1547,#1548,#1549));
#4601=EDGE_LOOP('',(#1550,#1551,#1552,#1553));
#4602=EDGE_LOOP('',(#1554,#1555,#1556,#1557));
#4603=EDGE_LOOP('',(#1558,#1559,#1560,#1561));
#4604=EDGE_LOOP('',(#1562,#1563,#1564,#1565));
#4605=EDGE_LOOP('',(#1566,#1567,#1568,#1569));
#4606=EDGE_LOOP('',(#1570,#1571,#1572,#1573));
#4607=EDGE_LOOP('',(#1574,#1575,#1576,#1577));
#4608=EDGE_LOOP('',(#1578,#1579,#1580,#1581));
#4609=EDGE_LOOP('',(#1582,#1583,#1584,#1585));
#4610=EDGE_LOOP('',(#1586,#1587,#1588,#1589));
#4611=EDGE_LOOP('',(#1590,#1591,#1592,#1593));
#4612=EDGE_LOOP('',(#1594,#1595,#1596,#1597));
#4613=EDGE_LOOP('',(#1598,#1599,#1600,#1601));
#4614=EDGE_LOOP('',(#1602,#1603,#1604,#1605));
#4615=EDGE_LOOP('',(#1606,#1607,#1608,#1609));
#4616=EDGE_LOOP('',(#1610,#1611,#1612,#1613));
#4617=EDGE_LOOP('',(#1614,#1615,#1616,#1617));
#4618=EDGE_LOOP('',(#1618,#1619,#1620,#1621));
#4619=EDGE_LOOP('',(#1622,#1623,#1624,#1625));
#4620=EDGE_LOOP('',(#1626,#1627,#1628,#1629));
#4621=EDGE_LOOP('',(#1630,#1631,#1632,#1633));
#4622=EDGE_LOOP('',(#1634,#1635,#1636,#1637));
#4623=EDGE_LOOP('',(#1638,#1639,#1640,#1641));
#4624=EDGE_LOOP('',(#1642,#1643,#1644,#1645));
#4625=EDGE_LOOP('',(#1646,#1647,#1648,#1649));
#4626=EDGE_LOOP('',(#1650,#1651,#1652,#1653));
#4627=EDGE_LOOP('',(#1654,#1655,#1656,#1657));
#4628=EDGE_LOOP('',(#1658,#1659,#1660,#1661));
#4629=EDGE_LOOP('',(#1662,#1663,#1664,#1665));
#4630=EDGE_LOOP('',(#1666,#1667,#1668,#1669));
#4631=EDGE_LOOP('',(#1670,#1671,#1672,#1673));
#4632=EDGE_LOOP('',(#1674,#1675,#1676,#1677));
#4633=EDGE_LOOP('',(#1678,#1679,#1680,#1681));
#4634=EDGE_LOOP('',(#1682,#1683,#1684,#1685));
#4635=EDGE_LOOP('',(#1686,#1687,#1688,#1689));
#4636=EDGE_LOOP('',(#1690,#1691,#1692,#1693));
#4637=EDGE_LOOP('',(#1694,#1695,#1696,#1697));
#4638=EDGE_LOOP('',(#1698,#1699,#1700,#1701));
#4639=EDGE_LOOP('',(#1702,#1703,#1704,#1705));
#4640=EDGE_LOOP('',(#1706,#1707,#1708,#1709));
#4641=EDGE_LOOP('',(#1710,#1711,#1712,#1713));
#4642=EDGE_LOOP('',(#1714,#1715,#1716,#1717));
#4643=EDGE_LOOP('',(#1718,#1719,#1720,#1721));
#4644=EDGE_LOOP('',(#1722,#1723,#1724,#1725));
#4645=EDGE_LOOP('',(#1726,#1727,#1728,#1729));
#4646=EDGE_LOOP('',(#1730,#1731,#1732,#1733));
#4647=EDGE_LOOP('',(#1734,#1735,#1736,#1737));
#4648=EDGE_LOOP('',(#1738,#1739,#1740,#1741));
#4649=EDGE_LOOP('',(#1742,#1743,#1744,#1745));
#4650=EDGE_LOOP('',(#1746,#1747,#1748,#1749));
#4651=EDGE_LOOP('',(#1750,#1751,#1752,#1753));
#4652=EDGE_LOOP('',(#1754,#1755,#1756,#1757));
#4653=EDGE_LOOP('',(#1758,#1759,#1760,#1761));
#4654=EDGE_LOOP('',(#1762,#1763,#1764,#1765));
#4655=EDGE_LOOP('',(#1766,#1767,#1768,#1769));
#4656=EDGE_LOOP('',(#1770,#1771,#1772,#1773));
#4657=EDGE_LOOP('',(#1774,#1775,#1776,#1777));
#4658=EDGE_LOOP('',(#1778,#1779,#1780,#1781));
#4659=EDGE_LOOP('',(#1782,#1783,#1784,#1785,#1786,#1787,#1788,#1789,#1790,
#1791,#1792,#1793,#1794,#1795,#1796,#1797,#1798,#1799,#1800,#1801,#1802,
#1803,#1804,#1805,#1806,#1807,#1808,#1809,#1810,#1811,#1812,#1813,#1814,
#1815,#1816));
#4660=EDGE_LOOP('',(#1817,#1818,#1819,#1820,#1821,#1822,#1823,#1824));
#4661=EDGE_LOOP('',(#1825,#1826,#1827,#1828,#1829,#1830,#1831,#1832));
#4662=EDGE_LOOP('',(#1833,#1834,#1835,#1836,#1837,#1838,#1839,#1840));
#4663=EDGE_LOOP('',(#1841,#1842,#1843,#1844,#1845,#1846,#1847,#1848));
#4664=EDGE_LOOP('',(#1849,#1850,#1851,#1852,#1853,#1854,#1855,#1856));
#4665=EDGE_LOOP('',(#1857,#1858,#1859,#1860,#1861,#1862,#1863,#1864));
#4666=EDGE_LOOP('',(#1865,#1866,#1867,#1868,#1869,#1870,#1871,#1872));
#4667=EDGE_LOOP('',(#1873,#1874,#1875,#1876,#1877,#1878,#1879,#1880));
#4668=EDGE_LOOP('',(#1881,#1882,#1883,#1884,#1885,#1886,#1887,#1888));
#4669=EDGE_LOOP('',(#1889,#1890,#1891,#1892,#1893,#1894,#1895,#1896));
#4670=EDGE_LOOP('',(#1897,#1898,#1899,#1900,#1901,#1902,#1903,#1904));
#4671=EDGE_LOOP('',(#1905,#1906,#1907,#1908,#1909,#1910,#1911,#1912));
#4672=EDGE_LOOP('',(#1913,#1914,#1915,#1916,#1917,#1918,#1919,#1920));
#4673=EDGE_LOOP('',(#1921,#1922,#1923,#1924,#1925,#1926,#1927,#1928));
#4674=EDGE_LOOP('',(#1929,#1930,#1931,#1932,#1933,#1934,#1935,#1936));
#4675=EDGE_LOOP('',(#1937,#1938,#1939,#1940,#1941,#1942,#1943,#1944));
#4676=EDGE_LOOP('',(#1945,#1946,#1947,#1948));
#4677=EDGE_LOOP('',(#1949,#1950,#1951,#1952,#1953));
#4678=EDGE_LOOP('',(#1954,#1955,#1956,#1957));
#4679=EDGE_LOOP('',(#1958,#1959,#1960,#1961,#1962));
#4680=EDGE_LOOP('',(#1963,#1964,#1965,#1966));
#4681=EDGE_LOOP('',(#1967,#1968,#1969,#1970));
#4682=EDGE_LOOP('',(#1971,#1972,#1973,#1974,#1975));
#4683=EDGE_LOOP('',(#1976,#1977,#1978,#1979));
#4684=EDGE_LOOP('',(#1980,#1981,#1982,#1983,#1984));
#4685=EDGE_LOOP('',(#1985,#1986,#1987,#1988));
#4686=EDGE_LOOP('',(#1989,#1990,#1991,#1992));
#4687=EDGE_LOOP('',(#1993,#1994,#1995,#1996));
#4688=EDGE_LOOP('',(#1997,#1998,#1999,#2000,#2001,#2002));
#4689=EDGE_LOOP('',(#2003,#2004,#2005,#2006));
#4690=EDGE_LOOP('',(#2007,#2008,#2009,#2010));
#4691=EDGE_LOOP('',(#2011,#2012,#2013,#2014,#2015,#2016));
#4692=EDGE_LOOP('',(#2017,#2018,#2019,#2020,#2021,#2022));
#4693=EDGE_LOOP('',(#2023,#2024,#2025,#2026));
#4694=EDGE_LOOP('',(#2027,#2028,#2029,#2030));
#4695=EDGE_LOOP('',(#2031,#2032,#2033,#2034,#2035,#2036));
#4696=EDGE_LOOP('',(#2037,#2038,#2039,#2040));
#4697=FACE_BOUND('',#4342,.T.);
#4698=FACE_BOUND('',#4343,.T.);
#4699=FACE_BOUND('',#4344,.T.);
#4700=FACE_BOUND('',#4345,.T.);
#4701=FACE_BOUND('',#4346,.T.);
#4702=FACE_BOUND('',#4347,.T.);
#4703=FACE_BOUND('',#4348,.T.);
#4704=FACE_BOUND('',#4349,.T.);
#4705=FACE_BOUND('',#4350,.T.);
#4706=FACE_BOUND('',#4351,.T.);
#4707=FACE_BOUND('',#4352,.T.);
#4708=FACE_BOUND('',#4353,.T.);
#4709=FACE_BOUND('',#4354,.T.);
#4710=FACE_BOUND('',#4355,.T.);
#4711=FACE_BOUND('',#4356,.T.);
#4712=FACE_BOUND('',#4357,.T.);
#4713=FACE_BOUND('',#4358,.T.);
#4714=FACE_BOUND('',#4359,.T.);
#4715=FACE_BOUND('',#4360,.T.);
#4716=FACE_BOUND('',#4361,.T.);
#4717=FACE_BOUND('',#4362,.T.);
#4718=FACE_BOUND('',#4363,.T.);
#4719=FACE_BOUND('',#4364,.T.);
#4720=FACE_BOUND('',#4365,.T.);
#4721=FACE_BOUND('',#4366,.T.);
#4722=FACE_BOUND('',#4367,.T.);
#4723=FACE_BOUND('',#4368,.T.);
#4724=FACE_BOUND('',#4369,.T.);
#4725=FACE_BOUND('',#4370,.T.);
#4726=FACE_BOUND('',#4371,.T.);
#4727=FACE_BOUND('',#4372,.T.);
#4728=FACE_BOUND('',#4373,.T.);
#4729=FACE_BOUND('',#4374,.T.);
#4730=FACE_BOUND('',#4375,.T.);
#4731=FACE_BOUND('',#4376,.T.);
#4732=FACE_BOUND('',#4377,.T.);
#4733=FACE_BOUND('',#4378,.T.);
#4734=FACE_BOUND('',#4379,.T.);
#4735=FACE_BOUND('',#4380,.T.);
#4736=FACE_BOUND('',#4381,.T.);
#4737=FACE_BOUND('',#4382,.T.);
#4738=FACE_BOUND('',#4383,.T.);
#4739=FACE_BOUND('',#4384,.T.);
#4740=FACE_BOUND('',#4385,.T.);
#4741=FACE_BOUND('',#4386,.T.);
#4742=FACE_BOUND('',#4387,.T.);
#4743=FACE_BOUND('',#4388,.T.);
#4744=FACE_BOUND('',#4389,.T.);
#4745=FACE_BOUND('',#4390,.T.);
#4746=FACE_BOUND('',#4391,.T.);
#4747=FACE_BOUND('',#4392,.T.);
#4748=FACE_BOUND('',#4393,.T.);
#4749=FACE_BOUND('',#4394,.T.);
#4750=FACE_BOUND('',#4395,.T.);
#4751=FACE_BOUND('',#4396,.T.);
#4752=FACE_BOUND('',#4397,.T.);
#4753=FACE_BOUND('',#4398,.T.);
#4754=FACE_BOUND('',#4399,.T.);
#4755=FACE_BOUND('',#4400,.T.);
#4756=FACE_BOUND('',#4401,.T.);
#4757=FACE_BOUND('',#4402,.T.);
#4758=FACE_BOUND('',#4403,.T.);
#4759=FACE_BOUND('',#4404,.T.);
#4760=FACE_BOUND('',#4405,.T.);
#4761=FACE_BOUND('',#4406,.T.);
#4762=FACE_BOUND('',#4407,.T.);
#4763=FACE_BOUND('',#4408,.T.);
#4764=FACE_BOUND('',#4409,.T.);
#4765=FACE_BOUND('',#4410,.T.);
#4766=FACE_BOUND('',#4411,.T.);
#4767=FACE_BOUND('',#4412,.T.);
#4768=FACE_BOUND('',#4413,.T.);
#4769=FACE_BOUND('',#4414,.T.);
#4770=FACE_BOUND('',#4415,.T.);
#4771=FACE_BOUND('',#4416,.T.);
#4772=FACE_BOUND('',#4417,.T.);
#4773=FACE_BOUND('',#4418,.T.);
#4774=FACE_BOUND('',#4419,.T.);
#4775=FACE_BOUND('',#4420,.T.);
#4776=FACE_BOUND('',#4421,.T.);
#4777=FACE_BOUND('',#4422,.T.);
#4778=FACE_BOUND('',#4423,.T.);
#4779=FACE_BOUND('',#4424,.T.);
#4780=FACE_BOUND('',#4425,.T.);
#4781=FACE_BOUND('',#4426,.T.);
#4782=FACE_BOUND('',#4427,.T.);
#4783=FACE_BOUND('',#4428,.T.);
#4784=FACE_BOUND('',#4429,.T.);
#4785=FACE_BOUND('',#4430,.T.);
#4786=FACE_BOUND('',#4431,.T.);
#4787=FACE_BOUND('',#4432,.T.);
#4788=FACE_BOUND('',#4433,.T.);
#4789=FACE_BOUND('',#4434,.T.);
#4790=FACE_BOUND('',#4435,.T.);
#4791=FACE_BOUND('',#4436,.T.);
#4792=FACE_BOUND('',#4437,.T.);
#4793=FACE_BOUND('',#4438,.T.);
#4794=FACE_BOUND('',#4439,.T.);
#4795=FACE_BOUND('',#4440,.T.);
#4796=FACE_BOUND('',#4441,.T.);
#4797=FACE_BOUND('',#4442,.T.);
#4798=FACE_BOUND('',#4443,.T.);
#4799=FACE_BOUND('',#4444,.T.);
#4800=FACE_BOUND('',#4445,.T.);
#4801=FACE_BOUND('',#4446,.T.);
#4802=FACE_BOUND('',#4447,.T.);
#4803=FACE_BOUND('',#4448,.T.);
#4804=FACE_BOUND('',#4449,.T.);
#4805=FACE_BOUND('',#4450,.T.);
#4806=FACE_BOUND('',#4451,.T.);
#4807=FACE_BOUND('',#4452,.T.);
#4808=FACE_BOUND('',#4453,.T.);
#4809=FACE_BOUND('',#4454,.T.);
#4810=FACE_BOUND('',#4455,.T.);
#4811=FACE_BOUND('',#4456,.T.);
#4812=FACE_BOUND('',#4457,.T.);
#4813=FACE_BOUND('',#4458,.T.);
#4814=FACE_BOUND('',#4459,.T.);
#4815=FACE_BOUND('',#4460,.T.);
#4816=FACE_BOUND('',#4461,.T.);
#4817=FACE_BOUND('',#4462,.T.);
#4818=FACE_BOUND('',#4463,.T.);
#4819=FACE_BOUND('',#4464,.T.);
#4820=FACE_BOUND('',#4465,.T.);
#4821=FACE_BOUND('',#4466,.T.);
#4822=FACE_BOUND('',#4467,.T.);
#4823=FACE_BOUND('',#4468,.T.);
#4824=FACE_BOUND('',#4469,.T.);
#4825=FACE_BOUND('',#4470,.T.);
#4826=FACE_BOUND('',#4471,.T.);
#4827=FACE_BOUND('',#4472,.T.);
#4828=FACE_BOUND('',#4473,.T.);
#4829=FACE_BOUND('',#4474,.T.);
#4830=FACE_BOUND('',#4475,.T.);
#4831=FACE_BOUND('',#4476,.T.);
#4832=FACE_BOUND('',#4477,.T.);
#4833=FACE_BOUND('',#4478,.T.);
#4834=FACE_BOUND('',#4479,.T.);
#4835=FACE_BOUND('',#4480,.T.);
#4836=FACE_BOUND('',#4481,.T.);
#4837=FACE_BOUND('',#4482,.T.);
#4838=FACE_BOUND('',#4483,.T.);
#4839=FACE_BOUND('',#4484,.T.);
#4840=FACE_BOUND('',#4485,.T.);
#4841=FACE_BOUND('',#4486,.T.);
#4842=FACE_BOUND('',#4487,.T.);
#4843=FACE_BOUND('',#4488,.T.);
#4844=FACE_BOUND('',#4489,.T.);
#4845=FACE_BOUND('',#4490,.T.);
#4846=FACE_BOUND('',#4491,.T.);
#4847=FACE_BOUND('',#4492,.T.);
#4848=FACE_BOUND('',#4493,.T.);
#4849=FACE_BOUND('',#4494,.T.);
#4850=FACE_BOUND('',#4495,.T.);
#4851=FACE_BOUND('',#4496,.T.);
#4852=FACE_BOUND('',#4497,.T.);
#4853=FACE_BOUND('',#4498,.T.);
#4854=FACE_BOUND('',#4499,.T.);
#4855=FACE_BOUND('',#4500,.T.);
#4856=FACE_BOUND('',#4501,.T.);
#4857=FACE_BOUND('',#4502,.T.);
#4858=FACE_BOUND('',#4503,.T.);
#4859=FACE_BOUND('',#4504,.T.);
#4860=FACE_BOUND('',#4505,.T.);
#4861=FACE_BOUND('',#4506,.T.);
#4862=FACE_BOUND('',#4507,.T.);
#4863=FACE_BOUND('',#4508,.T.);
#4864=FACE_BOUND('',#4509,.T.);
#4865=FACE_BOUND('',#4510,.T.);
#4866=FACE_BOUND('',#4511,.T.);
#4867=FACE_BOUND('',#4512,.T.);
#4868=FACE_BOUND('',#4513,.T.);
#4869=FACE_BOUND('',#4514,.T.);
#4870=FACE_BOUND('',#4515,.T.);
#4871=FACE_BOUND('',#4516,.T.);
#4872=FACE_BOUND('',#4517,.T.);
#4873=FACE_BOUND('',#4518,.T.);
#4874=FACE_BOUND('',#4519,.T.);
#4875=FACE_BOUND('',#4520,.T.);
#4876=FACE_BOUND('',#4521,.T.);
#4877=FACE_BOUND('',#4522,.T.);
#4878=FACE_BOUND('',#4523,.T.);
#4879=FACE_BOUND('',#4524,.T.);
#4880=FACE_BOUND('',#4525,.T.);
#4881=FACE_BOUND('',#4526,.T.);
#4882=FACE_BOUND('',#4527,.T.);
#4883=FACE_BOUND('',#4528,.T.);
#4884=FACE_BOUND('',#4529,.T.);
#4885=FACE_BOUND('',#4530,.T.);
#4886=FACE_BOUND('',#4531,.T.);
#4887=FACE_BOUND('',#4532,.T.);
#4888=FACE_BOUND('',#4533,.T.);
#4889=FACE_BOUND('',#4534,.T.);
#4890=FACE_BOUND('',#4535,.T.);
#4891=FACE_BOUND('',#4536,.T.);
#4892=FACE_BOUND('',#4537,.T.);
#4893=FACE_BOUND('',#4538,.T.);
#4894=FACE_BOUND('',#4539,.T.);
#4895=FACE_BOUND('',#4540,.T.);
#4896=FACE_BOUND('',#4541,.T.);
#4897=FACE_BOUND('',#4542,.T.);
#4898=FACE_BOUND('',#4543,.T.);
#4899=FACE_BOUND('',#4544,.T.);
#4900=FACE_BOUND('',#4545,.T.);
#4901=FACE_BOUND('',#4546,.T.);
#4902=FACE_BOUND('',#4547,.T.);
#4903=FACE_BOUND('',#4548,.T.);
#4904=FACE_BOUND('',#4549,.T.);
#4905=FACE_BOUND('',#4550,.T.);
#4906=FACE_BOUND('',#4551,.T.);
#4907=FACE_BOUND('',#4552,.T.);
#4908=FACE_BOUND('',#4553,.T.);
#4909=FACE_BOUND('',#4554,.T.);
#4910=FACE_BOUND('',#4555,.T.);
#4911=FACE_BOUND('',#4556,.T.);
#4912=FACE_BOUND('',#4557,.T.);
#4913=FACE_BOUND('',#4558,.T.);
#4914=FACE_BOUND('',#4559,.T.);
#4915=FACE_BOUND('',#4560,.T.);
#4916=FACE_BOUND('',#4561,.T.);
#4917=FACE_BOUND('',#4562,.T.);
#4918=FACE_BOUND('',#4563,.T.);
#4919=FACE_BOUND('',#4564,.T.);
#4920=FACE_BOUND('',#4565,.T.);
#4921=FACE_BOUND('',#4566,.T.);
#4922=FACE_BOUND('',#4567,.T.);
#4923=FACE_BOUND('',#4568,.T.);
#4924=FACE_BOUND('',#4569,.T.);
#4925=FACE_BOUND('',#4570,.T.);
#4926=FACE_BOUND('',#4571,.T.);
#4927=FACE_BOUND('',#4572,.T.);
#4928=FACE_BOUND('',#4573,.T.);
#4929=FACE_BOUND('',#4574,.T.);
#4930=FACE_BOUND('',#4575,.T.);
#4931=FACE_BOUND('',#4576,.T.);
#4932=FACE_BOUND('',#4577,.T.);
#4933=FACE_BOUND('',#4578,.T.);
#4934=FACE_BOUND('',#4579,.T.);
#4935=FACE_BOUND('',#4580,.T.);
#4936=FACE_BOUND('',#4581,.T.);
#4937=FACE_BOUND('',#4582,.T.);
#4938=FACE_BOUND('',#4583,.T.);
#4939=FACE_BOUND('',#4584,.T.);
#4940=FACE_BOUND('',#4585,.T.);
#4941=FACE_BOUND('',#4586,.T.);
#4942=FACE_BOUND('',#4587,.T.);
#4943=FACE_BOUND('',#4588,.T.);
#4944=FACE_BOUND('',#4589,.T.);
#4945=FACE_BOUND('',#4590,.T.);
#4946=FACE_BOUND('',#4591,.T.);
#4947=FACE_BOUND('',#4592,.T.);
#4948=FACE_BOUND('',#4593,.T.);
#4949=FACE_BOUND('',#4594,.T.);
#4950=FACE_BOUND('',#4595,.T.);
#4951=FACE_BOUND('',#4596,.T.);
#4952=FACE_BOUND('',#4597,.T.);
#4953=FACE_BOUND('',#4598,.T.);
#4954=FACE_BOUND('',#4599,.T.);
#4955=FACE_BOUND('',#4600,.T.);
#4956=FACE_BOUND('',#4601,.T.);
#4957=FACE_BOUND('',#4602,.T.);
#4958=FACE_BOUND('',#4603,.T.);
#4959=FACE_BOUND('',#4604,.T.);
#4960=FACE_BOUND('',#4605,.T.);
#4961=FACE_BOUND('',#4606,.T.);
#4962=FACE_BOUND('',#4607,.T.);
#4963=FACE_BOUND('',#4608,.T.);
#4964=FACE_BOUND('',#4609,.T.);
#4965=FACE_BOUND('',#4610,.T.);
#4966=FACE_BOUND('',#4611,.T.);
#4967=FACE_BOUND('',#4612,.T.);
#4968=FACE_BOUND('',#4613,.T.);
#4969=FACE_BOUND('',#4614,.T.);
#4970=FACE_BOUND('',#4615,.T.);
#4971=FACE_BOUND('',#4616,.T.);
#4972=FACE_BOUND('',#4617,.T.);
#4973=FACE_BOUND('',#4618,.T.);
#4974=FACE_BOUND('',#4619,.T.);
#4975=FACE_BOUND('',#4620,.T.);
#4976=FACE_BOUND('',#4621,.T.);
#4977=FACE_BOUND('',#4622,.T.);
#4978=FACE_BOUND('',#4623,.T.);
#4979=FACE_BOUND('',#4624,.T.);
#4980=FACE_BOUND('',#4625,.T.);
#4981=FACE_BOUND('',#4626,.T.);
#4982=FACE_BOUND('',#4627,.T.);
#4983=FACE_BOUND('',#4628,.T.);
#4984=FACE_BOUND('',#4629,.T.);
#4985=FACE_BOUND('',#4630,.T.);
#4986=FACE_BOUND('',#4631,.T.);
#4987=FACE_BOUND('',#4632,.T.);
#4988=FACE_BOUND('',#4633,.T.);
#4989=FACE_BOUND('',#4634,.T.);
#4990=FACE_BOUND('',#4635,.T.);
#4991=FACE_BOUND('',#4636,.T.);
#4992=FACE_BOUND('',#4637,.T.);
#4993=FACE_BOUND('',#4638,.T.);
#4994=FACE_BOUND('',#4639,.T.);
#4995=FACE_BOUND('',#4640,.T.);
#4996=FACE_BOUND('',#4641,.T.);
#4997=FACE_BOUND('',#4642,.T.);
#4998=FACE_BOUND('',#4643,.T.);
#4999=FACE_BOUND('',#4644,.T.);
#5000=FACE_BOUND('',#4645,.T.);
#5001=FACE_BOUND('',#4646,.T.);
#5002=FACE_BOUND('',#4647,.T.);
#5003=FACE_BOUND('',#4648,.T.);
#5004=FACE_BOUND('',#4649,.T.);
#5005=FACE_BOUND('',#4650,.T.);
#5006=FACE_BOUND('',#4651,.T.);
#5007=FACE_BOUND('',#4652,.T.);
#5008=FACE_BOUND('',#4653,.T.);
#5009=FACE_BOUND('',#4654,.T.);
#5010=FACE_BOUND('',#4655,.T.);
#5011=FACE_BOUND('',#4656,.T.);
#5012=FACE_BOUND('',#4657,.T.);
#5013=FACE_BOUND('',#4658,.T.);
#5014=FACE_BOUND('',#4659,.T.);
#5015=FACE_BOUND('',#4660,.T.);
#5016=FACE_BOUND('',#4661,.T.);
#5017=FACE_BOUND('',#4662,.T.);
#5018=FACE_BOUND('',#4663,.T.);
#5019=FACE_BOUND('',#4664,.T.);
#5020=FACE_BOUND('',#4665,.T.);
#5021=FACE_BOUND('',#4666,.T.);
#5022=FACE_BOUND('',#4667,.T.);
#5023=FACE_BOUND('',#4668,.T.);
#5024=FACE_BOUND('',#4669,.T.);
#5025=FACE_BOUND('',#4670,.T.);
#5026=FACE_BOUND('',#4671,.T.);
#5027=FACE_BOUND('',#4672,.T.);
#5028=FACE_BOUND('',#4673,.T.);
#5029=FACE_BOUND('',#4674,.T.);
#5030=FACE_BOUND('',#4675,.T.);
#5031=FACE_BOUND('',#4676,.T.);
#5032=FACE_BOUND('',#4677,.T.);
#5033=FACE_BOUND('',#4678,.T.);
#5034=FACE_BOUND('',#4679,.T.);
#5035=FACE_BOUND('',#4680,.T.);
#5036=FACE_BOUND('',#4681,.T.);
#5037=FACE_BOUND('',#4682,.T.);
#5038=FACE_BOUND('',#4683,.T.);
#5039=FACE_BOUND('',#4684,.T.);
#5040=FACE_BOUND('',#4685,.T.);
#5041=FACE_BOUND('',#4686,.T.);
#5042=FACE_BOUND('',#4687,.T.);
#5043=FACE_BOUND('',#4688,.T.);
#5044=FACE_BOUND('',#4689,.T.);
#5045=FACE_BOUND('',#4690,.T.);
#5046=FACE_BOUND('',#4691,.T.);
#5047=FACE_BOUND('',#4692,.T.);
#5048=FACE_BOUND('',#4693,.T.);
#5049=FACE_BOUND('',#4694,.T.);
#5050=FACE_BOUND('',#4695,.T.);
#5051=FACE_BOUND('',#4696,.T.);
#5052=PLANE('',#5478);
#5053=PLANE('',#5482);
#5054=PLANE('',#5483);
#5055=PLANE('',#5487);
#5056=PLANE('',#5491);
#5057=PLANE('',#5495);
#5058=PLANE('',#5499);
#5059=PLANE('',#5503);
#5060=PLANE('',#5504);
#5061=PLANE('',#5508);
#5062=PLANE('',#5512);
#5063=PLANE('',#5513);
#5064=PLANE('',#5520);
#5065=PLANE('',#5534);
#5066=PLANE('',#5535);
#5067=PLANE('',#5539);
#5068=PLANE('',#5540);
#5069=PLANE('',#5544);
#5070=PLANE('',#5545);
#5071=PLANE('',#5546);
#5072=PLANE('',#5547);
#5073=PLANE('',#5551);
#5074=PLANE('',#5561);
#5075=PLANE('',#5562);
#5076=PLANE('',#5651);
#5077=PLANE('',#5652);
#5078=PLANE('',#5653);
#5079=PLANE('',#5654);
#5080=PLANE('',#5655);
#5081=PLANE('',#5656);
#5082=PLANE('',#5657);
#5083=PLANE('',#5670);
#5084=PLANE('',#5697);
#5085=PLANE('',#5701);
#5086=PLANE('',#5702);
#5087=PLANE('',#5706);
#5088=PLANE('',#5710);
#5089=PLANE('',#5714);
#5090=PLANE('',#5718);
#5091=PLANE('',#5722);
#5092=PLANE('',#5723);
#5093=PLANE('',#5727);
#5094=PLANE('',#5731);
#5095=PLANE('',#5734);
#5096=PLANE('',#5737);
#5097=PLANE('',#5740);
#5098=PLANE('',#5743);
#5099=PLANE('',#5746);
#5100=PLANE('',#5749);
#5101=PLANE('',#5752);
#5102=PLANE('',#5755);
#5103=PLANE('',#5758);
#5104=PLANE('',#5761);
#5105=PLANE('',#5764);
#5106=PLANE('',#5765);
#5107=PLANE('',#5804);
#5108=PLANE('',#5806);
#5109=PLANE('',#5808);
#5110=PLANE('',#5809);
#5111=PLANE('',#5810);
#5112=PLANE('',#5811);
#5113=PLANE('',#5814);
#5114=PLANE('',#5817);
#5115=PLANE('',#5820);
#5116=PLANE('',#5825);
#5117=PLANE('',#5828);
#5118=PLANE('',#5831);
#5119=PLANE('',#5836);
#5120=PLANE('',#5839);
#5121=PLANE('',#5842);
#5122=PLANE('',#5847);
#5123=PLANE('',#5850);
#5124=PLANE('',#5853);
#5125=PLANE('',#5858);
#5126=PLANE('',#5861);
#5127=PLANE('',#5864);
#5128=PLANE('',#5869);
#5129=PLANE('',#5872);
#5130=PLANE('',#5875);
#5131=PLANE('',#5880);
#5132=PLANE('',#5883);
#5133=PLANE('',#5886);
#5134=PLANE('',#5891);
#5135=PLANE('',#5894);
#5136=PLANE('',#5897);
#5137=PLANE('',#5902);
#5138=PLANE('',#5905);
#5139=PLANE('',#5908);
#5140=PLANE('',#5913);
#5141=PLANE('',#5916);
#5142=PLANE('',#5919);
#5143=PLANE('',#5924);
#5144=PLANE('',#5927);
#5145=PLANE('',#5930);
#5146=PLANE('',#5935);
#5147=PLANE('',#5938);
#5148=PLANE('',#5941);
#5149=PLANE('',#5946);
#5150=PLANE('',#5949);
#5151=PLANE('',#5952);
#5152=PLANE('',#5957);
#5153=PLANE('',#5960);
#5154=PLANE('',#5963);
#5155=PLANE('',#5968);
#5156=PLANE('',#5971);
#5157=PLANE('',#5974);
#5158=PLANE('',#5979);
#5159=PLANE('',#5982);
#5160=PLANE('',#5985);
#5161=PLANE('',#5988);
#5162=PLANE('',#5989);
#5163=PLANE('',#5990);
#5164=PLANE('',#5991);
#5165=PLANE('',#5992);
#5166=PLANE('',#5993);
#5167=PLANE('',#5994);
#5168=PLANE('',#5995);
#5169=PLANE('',#5996);
#5170=PLANE('',#5997);
#5171=PLANE('',#5998);
#5172=PLANE('',#5999);
#5173=PLANE('',#6000);
#5174=PLANE('',#6001);
#5175=PLANE('',#6002);
#5176=PLANE('',#6003);
#5177=PLANE('',#6004);
#5178=PLANE('',#6005);
#5179=ADVANCED_FACE('',(#4697),#5052,.F.);
#5180=ADVANCED_FACE('',(#4698),#321,.T.);
#5181=ADVANCED_FACE('',(#4699),#5053,.F.);
#5182=ADVANCED_FACE('',(#4700),#5054,.F.);
#5183=ADVANCED_FACE('',(#4701),#322,.T.);
#5184=ADVANCED_FACE('',(#4702),#5055,.F.);
#5185=ADVANCED_FACE('',(#4703),#323,.T.);
#5186=ADVANCED_FACE('',(#4704),#5056,.F.);
#5187=ADVANCED_FACE('',(#4705),#324,.T.);
#5188=ADVANCED_FACE('',(#4706),#5057,.F.);
#5189=ADVANCED_FACE('',(#4707),#325,.T.);
#5190=ADVANCED_FACE('',(#4708),#5058,.F.);
#5191=ADVANCED_FACE('',(#4709),#326,.T.);
#5192=ADVANCED_FACE('',(#4710),#5059,.F.);
#5193=ADVANCED_FACE('',(#4711),#5060,.F.);
#5194=ADVANCED_FACE('',(#4712),#327,.T.);
#5195=ADVANCED_FACE('',(#4713),#5061,.F.);
#5196=ADVANCED_FACE('',(#4714),#328,.T.);
#5197=ADVANCED_FACE('',(#4715),#5062,.F.);
#5198=ADVANCED_FACE('',(#4716,#4717,#4718,#4719,#4720,#4721,#4722),#5063,
 .T.);
#5199=ADVANCED_FACE('',(#4723,#4724,#4725,#4726,#4727,#4728,#4729),#5064,
 .F.);
#5200=ADVANCED_FACE('',(#4730,#4731),#329,.F.);
#5201=ADVANCED_FACE('',(#4732,#4733),#330,.F.);
#5202=ADVANCED_FACE('',(#4734,#4735),#331,.F.);
#5203=ADVANCED_FACE('',(#4736,#4737),#332,.F.);
#5204=ADVANCED_FACE('',(#4738,#4739),#333,.F.);
#5205=ADVANCED_FACE('',(#4740,#4741),#334,.F.);
#5206=ADVANCED_FACE('',(#4742),#5065,.T.);
#5207=ADVANCED_FACE('',(#4743),#5066,.T.);
#5208=ADVANCED_FACE('',(#4744),#335,.T.);
#5209=ADVANCED_FACE('',(#4745),#5067,.T.);
#5210=ADVANCED_FACE('',(#4746),#5068,.T.);
#5211=ADVANCED_FACE('',(#4747),#336,.T.);
#5212=ADVANCED_FACE('',(#4748),#5069,.T.);
#5213=ADVANCED_FACE('',(#4749),#5070,.F.);
#5214=ADVANCED_FACE('',(#4750),#5071,.F.);
#5215=ADVANCED_FACE('',(#4751),#5072,.F.);
#5216=ADVANCED_FACE('',(#4752),#337,.T.);
#5217=ADVANCED_FACE('',(#4753),#5073,.T.);
#5218=ADVANCED_FACE('',(#4754),#338,.T.);
#5219=ADVANCED_FACE('',(#4755),#339,.T.);
#5220=ADVANCED_FACE('',(#4756),#340,.T.);
#5221=ADVANCED_FACE('',(#4757),#5074,.T.);
#5222=ADVANCED_FACE('',(#4758,#4759,#4760,#4761,#4762,#4763,#4764,#4765,
#4766,#4767,#4768,#4769,#4770,#4771,#4772,#4773,#4774,#4775,#4776,#4777,
#4778,#4779,#4780,#4781),#5075,.F.);
#5223=ADVANCED_FACE('',(#4782),#5076,.T.);
#5224=ADVANCED_FACE('',(#4783),#5077,.F.);
#5225=ADVANCED_FACE('',(#4784),#5078,.T.);
#5226=ADVANCED_FACE('',(#4785),#5079,.T.);
#5227=ADVANCED_FACE('',(#4786),#5080,.T.);
#5228=ADVANCED_FACE('',(#4787),#5081,.T.);
#5229=ADVANCED_FACE('',(#4788),#5082,.T.);
#5230=ADVANCED_FACE('',(#4789,#4790),#341,.F.);
#5231=ADVANCED_FACE('',(#4791,#4792),#342,.F.);
#5232=ADVANCED_FACE('',(#4793,#4794),#343,.F.);
#5233=ADVANCED_FACE('',(#4795,#4796),#344,.F.);
#5234=ADVANCED_FACE('',(#4797,#4798),#345,.F.);
#5235=ADVANCED_FACE('',(#4799,#4800),#346,.F.);
#5236=ADVANCED_FACE('',(#4801,#4802,#4803,#4804,#4805,#4806,#4807),#5083,
 .T.);
#5237=ADVANCED_FACE('',(#4808),#5084,.T.);
#5238=ADVANCED_FACE('',(#4809),#347,.T.);
#5239=ADVANCED_FACE('',(#4810),#5085,.T.);
#5240=ADVANCED_FACE('',(#4811),#5086,.T.);
#5241=ADVANCED_FACE('',(#4812),#348,.T.);
#5242=ADVANCED_FACE('',(#4813),#5087,.T.);
#5243=ADVANCED_FACE('',(#4814),#349,.T.);
#5244=ADVANCED_FACE('',(#4815),#5088,.T.);
#5245=ADVANCED_FACE('',(#4816),#350,.T.);
#5246=ADVANCED_FACE('',(#4817),#5089,.T.);
#5247=ADVANCED_FACE('',(#4818),#351,.T.);
#5248=ADVANCED_FACE('',(#4819),#5090,.T.);
#5249=ADVANCED_FACE('',(#4820),#352,.T.);
#5250=ADVANCED_FACE('',(#4821),#5091,.T.);
#5251=ADVANCED_FACE('',(#4822),#5092,.T.);
#5252=ADVANCED_FACE('',(#4823),#353,.T.);
#5253=ADVANCED_FACE('',(#4824),#5093,.T.);
#5254=ADVANCED_FACE('',(#4825),#354,.T.);
#5255=ADVANCED_FACE('',(#4826),#5094,.F.);
#5256=ADVANCED_FACE('',(#4827),#355,.T.);
#5257=ADVANCED_FACE('',(#4828),#5095,.F.);
#5258=ADVANCED_FACE('',(#4829),#356,.F.);
#5259=ADVANCED_FACE('',(#4830),#5096,.F.);
#5260=ADVANCED_FACE('',(#4831),#357,.F.);
#5261=ADVANCED_FACE('',(#4832),#5097,.F.);
#5262=ADVANCED_FACE('',(#4833),#358,.T.);
#5263=ADVANCED_FACE('',(#4834),#5098,.F.);
#5264=ADVANCED_FACE('',(#4835),#359,.F.);
#5265=ADVANCED_FACE('',(#4836),#5099,.F.);
#5266=ADVANCED_FACE('',(#4837),#360,.F.);
#5267=ADVANCED_FACE('',(#4838),#5100,.F.);
#5268=ADVANCED_FACE('',(#4839),#361,.F.);
#5269=ADVANCED_FACE('',(#4840),#5101,.F.);
#5270=ADVANCED_FACE('',(#4841),#362,.F.);
#5271=ADVANCED_FACE('',(#4842),#5102,.F.);
#5272=ADVANCED_FACE('',(#4843),#363,.F.);
#5273=ADVANCED_FACE('',(#4844),#5103,.F.);
#5274=ADVANCED_FACE('',(#4845),#364,.T.);
#5275=ADVANCED_FACE('',(#4846),#5104,.F.);
#5276=ADVANCED_FACE('',(#4847),#365,.F.);
#5277=ADVANCED_FACE('',(#4848),#5105,.T.);
#5278=ADVANCED_FACE('',(#4849,#4850,#4851,#4852,#4853),#5106,.T.);
#5279=ADVANCED_FACE('',(#4854,#4855),#366,.F.);
#5280=ADVANCED_FACE('',(#4856,#4857),#367,.F.);
#5281=ADVANCED_FACE('',(#4858,#4859),#368,.F.);
#5282=ADVANCED_FACE('',(#4860,#4861),#369,.F.);
#5283=ADVANCED_FACE('',(#4862,#4863),#370,.F.);
#5284=ADVANCED_FACE('',(#4864,#4865),#371,.F.);
#5285=ADVANCED_FACE('',(#4866),#372,.F.);
#5286=ADVANCED_FACE('',(#4867),#373,.F.);
#5287=ADVANCED_FACE('',(#4868),#374,.F.);
#5288=ADVANCED_FACE('',(#4869),#375,.F.);
#5289=ADVANCED_FACE('',(#4870),#376,.F.);
#5290=ADVANCED_FACE('',(#4871),#377,.F.);
#5291=ADVANCED_FACE('',(#4872),#378,.F.);
#5292=ADVANCED_FACE('',(#4873),#379,.F.);
#5293=ADVANCED_FACE('',(#4874),#380,.F.);
#5294=ADVANCED_FACE('',(#4875),#381,.F.);
#5295=ADVANCED_FACE('',(#4876),#382,.F.);
#5296=ADVANCED_FACE('',(#4877),#383,.T.);
#5297=ADVANCED_FACE('',(#4878),#384,.T.);
#5298=ADVANCED_FACE('',(#4879),#5107,.T.);
#5299=ADVANCED_FACE('',(#4880),#5108,.F.);
#5300=ADVANCED_FACE('',(#4881),#5109,.F.);
#5301=ADVANCED_FACE('',(#4882),#5110,.F.);
#5302=ADVANCED_FACE('',(#4883),#5111,.T.);
#5303=ADVANCED_FACE('',(#4884),#5112,.T.);
#5304=ADVANCED_FACE('',(#4885),#385,.F.);
#5305=ADVANCED_FACE('',(#4886),#5113,.T.);
#5306=ADVANCED_FACE('',(#4887),#386,.F.);
#5307=ADVANCED_FACE('',(#4888),#5114,.T.);
#5308=ADVANCED_FACE('',(#4889),#387,.F.);
#5309=ADVANCED_FACE('',(#4890),#5115,.F.);
#5310=ADVANCED_FACE('',(#4891),#388,.F.);
#5311=ADVANCED_FACE('',(#4892),#389,.F.);
#5312=ADVANCED_FACE('',(#4893),#5116,.T.);
#5313=ADVANCED_FACE('',(#4894),#390,.F.);
#5314=ADVANCED_FACE('',(#4895),#5117,.T.);
#5315=ADVANCED_FACE('',(#4896),#391,.F.);
#5316=ADVANCED_FACE('',(#4897),#5118,.F.);
#5317=ADVANCED_FACE('',(#4898),#392,.F.);
#5318=ADVANCED_FACE('',(#4899),#393,.F.);
#5319=ADVANCED_FACE('',(#4900),#5119,.T.);
#5320=ADVANCED_FACE('',(#4901),#394,.F.);
#5321=ADVANCED_FACE('',(#4902),#5120,.T.);
#5322=ADVANCED_FACE('',(#4903),#395,.F.);
#5323=ADVANCED_FACE('',(#4904),#5121,.F.);
#5324=ADVANCED_FACE('',(#4905),#396,.F.);
#5325=ADVANCED_FACE('',(#4906),#397,.F.);
#5326=ADVANCED_FACE('',(#4907),#5122,.T.);
#5327=ADVANCED_FACE('',(#4908),#398,.F.);
#5328=ADVANCED_FACE('',(#4909),#5123,.T.);
#5329=ADVANCED_FACE('',(#4910),#399,.F.);
#5330=ADVANCED_FACE('',(#4911),#5124,.F.);
#5331=ADVANCED_FACE('',(#4912),#400,.F.);
#5332=ADVANCED_FACE('',(#4913),#401,.F.);
#5333=ADVANCED_FACE('',(#4914),#5125,.T.);
#5334=ADVANCED_FACE('',(#4915),#402,.F.);
#5335=ADVANCED_FACE('',(#4916),#5126,.T.);
#5336=ADVANCED_FACE('',(#4917),#403,.F.);
#5337=ADVANCED_FACE('',(#4918),#5127,.F.);
#5338=ADVANCED_FACE('',(#4919),#404,.F.);
#5339=ADVANCED_FACE('',(#4920),#405,.F.);
#5340=ADVANCED_FACE('',(#4921),#5128,.T.);
#5341=ADVANCED_FACE('',(#4922),#406,.F.);
#5342=ADVANCED_FACE('',(#4923),#5129,.T.);
#5343=ADVANCED_FACE('',(#4924),#407,.F.);
#5344=ADVANCED_FACE('',(#4925),#5130,.F.);
#5345=ADVANCED_FACE('',(#4926),#408,.F.);
#5346=ADVANCED_FACE('',(#4927),#409,.F.);
#5347=ADVANCED_FACE('',(#4928),#5131,.T.);
#5348=ADVANCED_FACE('',(#4929),#410,.F.);
#5349=ADVANCED_FACE('',(#4930),#5132,.T.);
#5350=ADVANCED_FACE('',(#4931),#411,.F.);
#5351=ADVANCED_FACE('',(#4932),#5133,.F.);
#5352=ADVANCED_FACE('',(#4933),#412,.F.);
#5353=ADVANCED_FACE('',(#4934),#413,.F.);
#5354=ADVANCED_FACE('',(#4935),#5134,.T.);
#5355=ADVANCED_FACE('',(#4936),#414,.F.);
#5356=ADVANCED_FACE('',(#4937),#5135,.T.);
#5357=ADVANCED_FACE('',(#4938),#415,.F.);
#5358=ADVANCED_FACE('',(#4939),#5136,.F.);
#5359=ADVANCED_FACE('',(#4940),#416,.F.);
#5360=ADVANCED_FACE('',(#4941),#417,.F.);
#5361=ADVANCED_FACE('',(#4942),#5137,.T.);
#5362=ADVANCED_FACE('',(#4943),#418,.F.);
#5363=ADVANCED_FACE('',(#4944),#5138,.T.);
#5364=ADVANCED_FACE('',(#4945),#419,.F.);
#5365=ADVANCED_FACE('',(#4946),#5139,.F.);
#5366=ADVANCED_FACE('',(#4947),#420,.F.);
#5367=ADVANCED_FACE('',(#4948),#421,.F.);
#5368=ADVANCED_FACE('',(#4949),#5140,.T.);
#5369=ADVANCED_FACE('',(#4950),#422,.F.);
#5370=ADVANCED_FACE('',(#4951),#5141,.T.);
#5371=ADVANCED_FACE('',(#4952),#423,.F.);
#5372=ADVANCED_FACE('',(#4953),#5142,.F.);
#5373=ADVANCED_FACE('',(#4954),#424,.F.);
#5374=ADVANCED_FACE('',(#4955),#425,.F.);
#5375=ADVANCED_FACE('',(#4956),#5143,.T.);
#5376=ADVANCED_FACE('',(#4957),#426,.F.);
#5377=ADVANCED_FACE('',(#4958),#5144,.T.);
#5378=ADVANCED_FACE('',(#4959),#427,.F.);
#5379=ADVANCED_FACE('',(#4960),#5145,.F.);
#5380=ADVANCED_FACE('',(#4961),#428,.F.);
#5381=ADVANCED_FACE('',(#4962),#429,.F.);
#5382=ADVANCED_FACE('',(#4963),#5146,.T.);
#5383=ADVANCED_FACE('',(#4964),#430,.F.);
#5384=ADVANCED_FACE('',(#4965),#5147,.T.);
#5385=ADVANCED_FACE('',(#4966),#431,.F.);
#5386=ADVANCED_FACE('',(#4967),#5148,.F.);
#5387=ADVANCED_FACE('',(#4968),#432,.F.);
#5388=ADVANCED_FACE('',(#4969),#433,.F.);
#5389=ADVANCED_FACE('',(#4970),#5149,.T.);
#5390=ADVANCED_FACE('',(#4971),#434,.F.);
#5391=ADVANCED_FACE('',(#4972),#5150,.T.);
#5392=ADVANCED_FACE('',(#4973),#435,.F.);
#5393=ADVANCED_FACE('',(#4974),#5151,.F.);
#5394=ADVANCED_FACE('',(#4975),#436,.F.);
#5395=ADVANCED_FACE('',(#4976),#437,.F.);
#5396=ADVANCED_FACE('',(#4977),#5152,.T.);
#5397=ADVANCED_FACE('',(#4978),#438,.F.);
#5398=ADVANCED_FACE('',(#4979),#5153,.T.);
#5399=ADVANCED_FACE('',(#4980),#439,.F.);
#5400=ADVANCED_FACE('',(#4981),#5154,.F.);
#5401=ADVANCED_FACE('',(#4982),#440,.F.);
#5402=ADVANCED_FACE('',(#4983),#441,.F.);
#5403=ADVANCED_FACE('',(#4984),#5155,.T.);
#5404=ADVANCED_FACE('',(#4985),#442,.F.);
#5405=ADVANCED_FACE('',(#4986),#5156,.T.);
#5406=ADVANCED_FACE('',(#4987),#443,.F.);
#5407=ADVANCED_FACE('',(#4988),#5157,.F.);
#5408=ADVANCED_FACE('',(#4989),#444,.F.);
#5409=ADVANCED_FACE('',(#4990),#445,.F.);
#5410=ADVANCED_FACE('',(#4991),#5158,.T.);
#5411=ADVANCED_FACE('',(#4992),#446,.F.);
#5412=ADVANCED_FACE('',(#4993),#5159,.T.);
#5413=ADVANCED_FACE('',(#4994),#447,.F.);
#5414=ADVANCED_FACE('',(#4995),#5160,.F.);
#5415=ADVANCED_FACE('',(#4996),#448,.F.);
#5416=ADVANCED_FACE('',(#4997),#5161,.F.);
#5417=ADVANCED_FACE('',(#4998),#5162,.F.);
#5418=ADVANCED_FACE('',(#4999),#5163,.F.);
#5419=ADVANCED_FACE('',(#5000),#5164,.F.);
#5420=ADVANCED_FACE('',(#5001),#5165,.F.);
#5421=ADVANCED_FACE('',(#5002),#5166,.F.);
#5422=ADVANCED_FACE('',(#5003),#5167,.F.);
#5423=ADVANCED_FACE('',(#5004),#5168,.F.);
#5424=ADVANCED_FACE('',(#5005),#5169,.F.);
#5425=ADVANCED_FACE('',(#5006),#5170,.F.);
#5426=ADVANCED_FACE('',(#5007),#5171,.F.);
#5427=ADVANCED_FACE('',(#5008),#5172,.F.);
#5428=ADVANCED_FACE('',(#5009),#5173,.F.);
#5429=ADVANCED_FACE('',(#5010),#5174,.F.);
#5430=ADVANCED_FACE('',(#5011),#5175,.F.);
#5431=ADVANCED_FACE('',(#5012),#5176,.F.);
#5432=ADVANCED_FACE('',(#5013),#5177,.F.);
#5433=ADVANCED_FACE('',(#5014,#5015,#5016,#5017,#5018,#5019,#5020,#5021,
#5022,#5023,#5024,#5025,#5026,#5027,#5028,#5029,#5030,#5031),#5178,.F.);
#5434=ADVANCED_FACE('',(#5032),#449,.T.);
#5435=ADVANCED_FACE('',(#5033),#450,.T.);
#5436=ADVANCED_FACE('',(#5034),#13,.T.);
#5437=ADVANCED_FACE('',(#5035),#14,.T.);
#5438=ADVANCED_FACE('',(#5036),#451,.T.);
#5439=ADVANCED_FACE('',(#5037),#452,.T.);
#5440=ADVANCED_FACE('',(#5038),#453,.T.);
#5441=ADVANCED_FACE('',(#5039),#15,.T.);
#5442=ADVANCED_FACE('',(#5040),#16,.T.);
#5443=ADVANCED_FACE('',(#5041),#454,.T.);
#5444=ADVANCED_FACE('',(#5042),#455,.T.);
#5445=ADVANCED_FACE('',(#5043),#17,.T.);
#5446=ADVANCED_FACE('',(#5044),#456,.T.);
#5447=ADVANCED_FACE('',(#5045),#457,.T.);
#5448=ADVANCED_FACE('',(#5046),#18,.T.);
#5449=ADVANCED_FACE('',(#5047),#19,.T.);
#5450=ADVANCED_FACE('',(#5048),#458,.T.);
#5451=ADVANCED_FACE('',(#5049),#459,.T.);
#5452=ADVANCED_FACE('',(#5050),#20,.T.);
#5453=ADVANCED_FACE('',(#5051),#460,.T.);
#5454=CLOSED_SHELL('',(#5179,#5180,#5181,#5182,#5183,#5184,#5185,#5186,
#5187,#5188,#5189,#5190,#5191,#5192,#5193,#5194,#5195,#5196,#5197,#5198,
#5199,#5200,#5201,#5202,#5203,#5204,#5205));
#5455=CLOSED_SHELL('',(#5206,#5207,#5208,#5209,#5210,#5211,#5212,#5213,
#5214,#5215,#5216,#5217,#5218,#5219,#5220,#5221,#5222,#5223,#5224,#5225,
#5226,#5227,#5228,#5229,#5230,#5231,#5232,#5233,#5234,#5235,#5236,#5237,
#5238,#5239,#5240,#5241,#5242,#5243,#5244,#5245,#5246,#5247,#5248,#5249,
#5250,#5251,#5252,#5253,#5254,#5255,#5256,#5257,#5258,#5259,#5260,#5261,
#5262,#5263,#5264,#5265,#5266,#5267,#5268,#5269,#5270,#5271,#5272,#5273,
#5274,#5275,#5276,#5277,#5278,#5279,#5280,#5281,#5282,#5283,#5284,#5285,
#5286,#5287,#5288,#5289,#5290,#5291,#5292,#5293,#5294,#5295,#5296,#5297,
#5298,#5299,#5300,#5301,#5302,#5303,#5304,#5305,#5306,#5307,#5308,#5309,
#5310,#5311,#5312,#5313,#5314,#5315,#5316,#5317,#5318,#5319,#5320,#5321,
#5322,#5323,#5324,#5325,#5326,#5327,#5328,#5329,#5330,#5331,#5332,#5333,
#5334,#5335,#5336,#5337,#5338,#5339,#5340,#5341,#5342,#5343,#5344,#5345,
#5346,#5347,#5348,#5349,#5350,#5351,#5352,#5353,#5354,#5355,#5356,#5357,
#5358,#5359,#5360,#5361,#5362,#5363,#5364,#5365,#5366,#5367,#5368,#5369,
#5370,#5371,#5372,#5373,#5374,#5375,#5376,#5377,#5378,#5379,#5380,#5381,
#5382,#5383,#5384,#5385,#5386,#5387,#5388,#5389,#5390,#5391,#5392,#5393,
#5394,#5395,#5396,#5397,#5398,#5399,#5400,#5401,#5402,#5403,#5404,#5405,
#5406,#5407,#5408,#5409,#5410,#5411,#5412,#5413,#5414,#5415,#5416,#5417,
#5418,#5419,#5420,#5421,#5422,#5423,#5424,#5425,#5426,#5427,#5428,#5429,
#5430,#5431,#5432,#5433,#5434,#5435,#5436,#5437,#5438,#5439,#5440,#5441,
#5442,#5443,#5444,#5445,#5446,#5447,#5448,#5449,#5450,#5451,#5452,#5453));
#5456=STYLED_ITEM('',(#5458),#5471);
#5457=STYLED_ITEM('',(#5459),#5472);
#5458=PRESENTATION_STYLE_ASSIGNMENT((#5460));
#5459=PRESENTATION_STYLE_ASSIGNMENT((#5461));
#5460=SURFACE_STYLE_USAGE(.BOTH.,#5462);
#5461=SURFACE_STYLE_USAGE(.BOTH.,#5463);
#5462=SURFACE_SIDE_STYLE('',(#5464));
#5463=SURFACE_SIDE_STYLE('',(#5465));
#5464=SURFACE_STYLE_FILL_AREA(#5466);
#5465=SURFACE_STYLE_FILL_AREA(#5467);
#5466=FILL_AREA_STYLE('',(#5468));
#5467=FILL_AREA_STYLE('',(#5469));
#5468=FILL_AREA_STYLE_COLOUR('',#5470);
#5469=FILL_AREA_STYLE_COLOUR('',#5470);
#5470=COLOUR_RGB('',0.647058823529412,0.647058823529412,0.647058823529412);
#5471=MANIFOLD_SOLID_BREP('Left Bottom Mount',#5454);
#5472=MANIFOLD_SOLID_BREP('Left Top Mount',#5455);
#5473=SHAPE_DEFINITION_REPRESENTATION(#9325,#5475);
#5474=SHAPE_DEFINITION_REPRESENTATION(#9326,#5476);
#5475=SHAPE_REPRESENTATION('Left Bottom Mount',(#5477),#9315);
#5476=SHAPE_REPRESENTATION('Left Top Mount',(#5533),#9316);
#5477=AXIS2_PLACEMENT_3D('',#7651,#6038,#6039);
#5478=AXIS2_PLACEMENT_3D('',#7652,#6040,#6041);
#5479=AXIS2_PLACEMENT_3D('',#7661,#6046,#6047);
#5480=AXIS2_PLACEMENT_3D('',#7662,#6048,#6049);
#5481=AXIS2_PLACEMENT_3D('',#7666,#6051,#6052);
#5482=AXIS2_PLACEMENT_3D('',#7667,#6053,#6054);
#5483=AXIS2_PLACEMENT_3D('',#7673,#6058,#6059);
#5484=AXIS2_PLACEMENT_3D('',#7679,#6063,#6064);
#5485=AXIS2_PLACEMENT_3D('',#7680,#6065,#6066);
#5486=AXIS2_PLACEMENT_3D('',#7684,#6068,#6069);
#5487=AXIS2_PLACEMENT_3D('',#7685,#6070,#6071);
#5488=AXIS2_PLACEMENT_3D('',#7691,#6075,#6076);
#5489=AXIS2_PLACEMENT_3D('',#7692,#6077,#6078);
#5490=AXIS2_PLACEMENT_3D('',#7696,#6080,#6081);
#5491=AXIS2_PLACEMENT_3D('',#7697,#6082,#6083);
#5492=AXIS2_PLACEMENT_3D('',#7703,#6087,#6088);
#5493=AXIS2_PLACEMENT_3D('',#7704,#6089,#6090);
#5494=AXIS2_PLACEMENT_3D('',#7708,#6092,#6093);
#5495=AXIS2_PLACEMENT_3D('',#7709,#6094,#6095);
#5496=AXIS2_PLACEMENT_3D('',#7715,#6099,#6100);
#5497=AXIS2_PLACEMENT_3D('',#7716,#6101,#6102);
#5498=AXIS2_PLACEMENT_3D('',#7720,#6104,#6105);
#5499=AXIS2_PLACEMENT_3D('',#7721,#6106,#6107);
#5500=AXIS2_PLACEMENT_3D('',#7727,#6111,#6112);
#5501=AXIS2_PLACEMENT_3D('',#7728,#6113,#6114);
#5502=AXIS2_PLACEMENT_3D('',#7732,#6116,#6117);
#5503=AXIS2_PLACEMENT_3D('',#7733,#6118,#6119);
#5504=AXIS2_PLACEMENT_3D('',#7739,#6123,#6124);
#5505=AXIS2_PLACEMENT_3D('',#7745,#6128,#6129);
#5506=AXIS2_PLACEMENT_3D('',#7746,#6130,#6131);
#5507=AXIS2_PLACEMENT_3D('',#7750,#6133,#6134);
#5508=AXIS2_PLACEMENT_3D('',#7751,#6135,#6136);
#5509=AXIS2_PLACEMENT_3D('',#7757,#6140,#6141);
#5510=AXIS2_PLACEMENT_3D('',#7758,#6142,#6143);
#5511=AXIS2_PLACEMENT_3D('',#7762,#6145,#6146);
#5512=AXIS2_PLACEMENT_3D('',#7763,#6147,#6148);
#5513=AXIS2_PLACEMENT_3D('',#7766,#6151,#6152);
#5514=AXIS2_PLACEMENT_3D('',#7767,#6153,#6154);
#5515=AXIS2_PLACEMENT_3D('',#7769,#6155,#6156);
#5516=AXIS2_PLACEMENT_3D('',#7771,#6157,#6158);
#5517=AXIS2_PLACEMENT_3D('',#7773,#6159,#6160);
#5518=AXIS2_PLACEMENT_3D('',#7775,#6161,#6162);
#5519=AXIS2_PLACEMENT_3D('',#7777,#6163,#6164);
#5520=AXIS2_PLACEMENT_3D('',#7779,#6165,#6166);
#5521=AXIS2_PLACEMENT_3D('',#7780,#6167,#6168);
#5522=AXIS2_PLACEMENT_3D('',#7782,#6169,#6170);
#5523=AXIS2_PLACEMENT_3D('',#7784,#6171,#6172);
#5524=AXIS2_PLACEMENT_3D('',#7786,#6173,#6174);
#5525=AXIS2_PLACEMENT_3D('',#7788,#6175,#6176);
#5526=AXIS2_PLACEMENT_3D('',#7790,#6177,#6178);
#5527=AXIS2_PLACEMENT_3D('',#7792,#6179,#6180);
#5528=AXIS2_PLACEMENT_3D('',#7793,#6181,#6182);
#5529=AXIS2_PLACEMENT_3D('',#7794,#6183,#6184);
#5530=AXIS2_PLACEMENT_3D('',#7795,#6185,#6186);
#5531=AXIS2_PLACEMENT_3D('',#7796,#6187,#6188);
#5532=AXIS2_PLACEMENT_3D('',#7797,#6189,#6190);
#5533=AXIS2_PLACEMENT_3D('',#7798,#6191,#6192);
#5534=AXIS2_PLACEMENT_3D('',#7799,#6193,#6194);
#5535=AXIS2_PLACEMENT_3D('',#7808,#6199,#6200);
#5536=AXIS2_PLACEMENT_3D('',#7817,#6205,#6206);
#5537=AXIS2_PLACEMENT_3D('',#7818,#6207,#6208);
#5538=AXIS2_PLACEMENT_3D('',#7822,#6210,#6211);
#5539=AXIS2_PLACEMENT_3D('',#7823,#6212,#6213);
#5540=AXIS2_PLACEMENT_3D('',#7829,#6217,#6218);
#5541=AXIS2_PLACEMENT_3D('',#7838,#6223,#6224);
#5542=AXIS2_PLACEMENT_3D('',#7839,#6225,#6226);
#5543=AXIS2_PLACEMENT_3D('',#7843,#6228,#6229);
#5544=AXIS2_PLACEMENT_3D('',#7844,#6230,#6231);
#5545=AXIS2_PLACEMENT_3D('',#7850,#6235,#6236);
#5546=AXIS2_PLACEMENT_3D('',#7859,#6241,#6242);
#5547=AXIS2_PLACEMENT_3D('',#7868,#6247,#6248);
#5548=AXIS2_PLACEMENT_3D('',#7877,#6253,#6254);
#5549=AXIS2_PLACEMENT_3D('',#7881,#6256,#6257);
#5550=AXIS2_PLACEMENT_3D('',#7885,#6259,#6260);
#5551=AXIS2_PLACEMENT_3D('',#7886,#6261,#6262);
#5552=AXIS2_PLACEMENT_3D('',#7892,#6266,#6267);
#5553=AXIS2_PLACEMENT_3D('',#7893,#6268,#6269);
#5554=AXIS2_PLACEMENT_3D('',#7894,#6270,#6271);
#5555=AXIS2_PLACEMENT_3D('',#7895,#6272,#6273);
#5556=AXIS2_PLACEMENT_3D('',#7896,#6274,#6275);
#5557=AXIS2_PLACEMENT_3D('',#7897,#6276,#6277);
#5558=AXIS2_PLACEMENT_3D('',#7898,#6278,#6279);
#5559=AXIS2_PLACEMENT_3D('',#7899,#6280,#6281);
#5560=AXIS2_PLACEMENT_3D('',#7903,#6283,#6284);
#5561=AXIS2_PLACEMENT_3D('',#7904,#6285,#6286);
#5562=AXIS2_PLACEMENT_3D('',#7913,#6291,#6292);
#5563=AXIS2_PLACEMENT_3D('',#7914,#6293,#6294);
#5564=AXIS2_PLACEMENT_3D('',#7916,#6295,#6296);
#5565=AXIS2_PLACEMENT_3D('',#7918,#6297,#6298);
#5566=AXIS2_PLACEMENT_3D('',#7920,#6299,#6300);
#5567=AXIS2_PLACEMENT_3D('',#7922,#6301,#6302);
#5568=AXIS2_PLACEMENT_3D('',#7924,#6303,#6304);
#5569=AXIS2_PLACEMENT_3D('',#7929,#6306,#6307);
#5570=AXIS2_PLACEMENT_3D('',#7931,#6308,#6309);
#5571=AXIS2_PLACEMENT_3D('',#7933,#6310,#6311);
#5572=AXIS2_PLACEMENT_3D('',#7939,#6314,#6315);
#5573=AXIS2_PLACEMENT_3D('',#7941,#6316,#6317);
#5574=AXIS2_PLACEMENT_3D('',#7943,#6318,#6319);
#5575=AXIS2_PLACEMENT_3D('',#7947,#6321,#6322);
#5576=AXIS2_PLACEMENT_3D('',#7949,#6323,#6324);
#5577=AXIS2_PLACEMENT_3D('',#7951,#6325,#6326);
#5578=AXIS2_PLACEMENT_3D('',#7955,#6328,#6329);
#5579=AXIS2_PLACEMENT_3D('',#7957,#6330,#6331);
#5580=AXIS2_PLACEMENT_3D('',#7961,#6333,#6334);
#5581=AXIS2_PLACEMENT_3D('',#7973,#6340,#6341);
#5582=AXIS2_PLACEMENT_3D('',#7975,#6342,#6343);
#5583=AXIS2_PLACEMENT_3D('',#7981,#6346,#6347);
#5584=AXIS2_PLACEMENT_3D('',#7987,#6350,#6351);
#5585=AXIS2_PLACEMENT_3D('',#7989,#6352,#6353);
#5586=AXIS2_PLACEMENT_3D('',#7991,#6354,#6355);
#5587=AXIS2_PLACEMENT_3D('',#7992,#6356,#6357);
#5588=AXIS2_PLACEMENT_3D('',#7997,#6359,#6360);
#5589=AXIS2_PLACEMENT_3D('',#8001,#6362,#6363);
#5590=AXIS2_PLACEMENT_3D('',#8005,#6365,#6366);
#5591=AXIS2_PLACEMENT_3D('',#8008,#6368,#6369);
#5592=AXIS2_PLACEMENT_3D('',#8013,#6371,#6372);
#5593=AXIS2_PLACEMENT_3D('',#8017,#6374,#6375);
#5594=AXIS2_PLACEMENT_3D('',#8021,#6377,#6378);
#5595=AXIS2_PLACEMENT_3D('',#8024,#6380,#6381);
#5596=AXIS2_PLACEMENT_3D('',#8029,#6383,#6384);
#5597=AXIS2_PLACEMENT_3D('',#8033,#6386,#6387);
#5598=AXIS2_PLACEMENT_3D('',#8037,#6389,#6390);
#5599=AXIS2_PLACEMENT_3D('',#8040,#6392,#6393);
#5600=AXIS2_PLACEMENT_3D('',#8045,#6395,#6396);
#5601=AXIS2_PLACEMENT_3D('',#8049,#6398,#6399);
#5602=AXIS2_PLACEMENT_3D('',#8053,#6401,#6402);
#5603=AXIS2_PLACEMENT_3D('',#8056,#6404,#6405);
#5604=AXIS2_PLACEMENT_3D('',#8061,#6407,#6408);
#5605=AXIS2_PLACEMENT_3D('',#8065,#6410,#6411);
#5606=AXIS2_PLACEMENT_3D('',#8069,#6413,#6414);
#5607=AXIS2_PLACEMENT_3D('',#8072,#6416,#6417);
#5608=AXIS2_PLACEMENT_3D('',#8077,#6419,#6420);
#5609=AXIS2_PLACEMENT_3D('',#8081,#6422,#6423);
#5610=AXIS2_PLACEMENT_3D('',#8085,#6425,#6426);
#5611=AXIS2_PLACEMENT_3D('',#8088,#6428,#6429);
#5612=AXIS2_PLACEMENT_3D('',#8093,#6431,#6432);
#5613=AXIS2_PLACEMENT_3D('',#8097,#6434,#6435);
#5614=AXIS2_PLACEMENT_3D('',#8101,#6437,#6438);
#5615=AXIS2_PLACEMENT_3D('',#8104,#6440,#6441);
#5616=AXIS2_PLACEMENT_3D('',#8109,#6443,#6444);
#5617=AXIS2_PLACEMENT_3D('',#8113,#6446,#6447);
#5618=AXIS2_PLACEMENT_3D('',#8117,#6449,#6450);
#5619=AXIS2_PLACEMENT_3D('',#8120,#6452,#6453);
#5620=AXIS2_PLACEMENT_3D('',#8125,#6455,#6456);
#5621=AXIS2_PLACEMENT_3D('',#8129,#6458,#6459);
#5622=AXIS2_PLACEMENT_3D('',#8133,#6461,#6462);
#5623=AXIS2_PLACEMENT_3D('',#8136,#6464,#6465);
#5624=AXIS2_PLACEMENT_3D('',#8141,#6467,#6468);
#5625=AXIS2_PLACEMENT_3D('',#8145,#6470,#6471);
#5626=AXIS2_PLACEMENT_3D('',#8149,#6473,#6474);
#5627=AXIS2_PLACEMENT_3D('',#8152,#6476,#6477);
#5628=AXIS2_PLACEMENT_3D('',#8157,#6479,#6480);
#5629=AXIS2_PLACEMENT_3D('',#8161,#6482,#6483);
#5630=AXIS2_PLACEMENT_3D('',#8165,#6485,#6486);
#5631=AXIS2_PLACEMENT_3D('',#8168,#6488,#6489);
#5632=AXIS2_PLACEMENT_3D('',#8173,#6491,#6492);
#5633=AXIS2_PLACEMENT_3D('',#8177,#6494,#6495);
#5634=AXIS2_PLACEMENT_3D('',#8181,#6497,#6498);
#5635=AXIS2_PLACEMENT_3D('',#8184,#6500,#6501);
#5636=AXIS2_PLACEMENT_3D('',#8189,#6503,#6504);
#5637=AXIS2_PLACEMENT_3D('',#8193,#6506,#6507);
#5638=AXIS2_PLACEMENT_3D('',#8197,#6509,#6510);
#5639=AXIS2_PLACEMENT_3D('',#8200,#6512,#6513);
#5640=AXIS2_PLACEMENT_3D('',#8205,#6515,#6516);
#5641=AXIS2_PLACEMENT_3D('',#8209,#6518,#6519);
#5642=AXIS2_PLACEMENT_3D('',#8213,#6521,#6522);
#5643=AXIS2_PLACEMENT_3D('',#8216,#6524,#6525);
#5644=AXIS2_PLACEMENT_3D('',#8221,#6527,#6528);
#5645=AXIS2_PLACEMENT_3D('',#8225,#6530,#6531);
#5646=AXIS2_PLACEMENT_3D('',#8229,#6533,#6534);
#5647=AXIS2_PLACEMENT_3D('',#8232,#6536,#6537);
#5648=AXIS2_PLACEMENT_3D('',#8237,#6539,#6540);
#5649=AXIS2_PLACEMENT_3D('',#8241,#6542,#6543);
#5650=AXIS2_PLACEMENT_3D('',#8245,#6545,#6546);
#5651=AXIS2_PLACEMENT_3D('',#8256,#6552,#6553);
#5652=AXIS2_PLACEMENT_3D('',#8265,#6558,#6559);
#5653=AXIS2_PLACEMENT_3D('',#8274,#6564,#6565);
#5654=AXIS2_PLACEMENT_3D('',#8283,#6570,#6571);
#5655=AXIS2_PLACEMENT_3D('',#8292,#6576,#6577);
#5656=AXIS2_PLACEMENT_3D('',#8301,#6582,#6583);
#5657=AXIS2_PLACEMENT_3D('',#8307,#6587,#6588);
#5658=AXIS2_PLACEMENT_3D('',#8316,#6593,#6594);
#5659=AXIS2_PLACEMENT_3D('',#8317,#6595,#6596);
#5660=AXIS2_PLACEMENT_3D('',#8319,#6597,#6598);
#5661=AXIS2_PLACEMENT_3D('',#8320,#6599,#6600);
#5662=AXIS2_PLACEMENT_3D('',#8322,#6601,#6602);
#5663=AXIS2_PLACEMENT_3D('',#8323,#6603,#6604);
#5664=AXIS2_PLACEMENT_3D('',#8325,#6605,#6606);
#5665=AXIS2_PLACEMENT_3D('',#8326,#6607,#6608);
#5666=AXIS2_PLACEMENT_3D('',#8328,#6609,#6610);
#5667=AXIS2_PLACEMENT_3D('',#8329,#6611,#6612);
#5668=AXIS2_PLACEMENT_3D('',#8331,#6613,#6614);
#5669=AXIS2_PLACEMENT_3D('',#8332,#6615,#6616);
#5670=AXIS2_PLACEMENT_3D('',#8334,#6617,#6618);
#5671=AXIS2_PLACEMENT_3D('',#8339,#6621,#6622);
#5672=AXIS2_PLACEMENT_3D('',#8343,#6624,#6625);
#5673=AXIS2_PLACEMENT_3D('',#8345,#6626,#6627);
#5674=AXIS2_PLACEMENT_3D('',#8349,#6629,#6630);
#5675=AXIS2_PLACEMENT_3D('',#8353,#6632,#6633);
#5676=AXIS2_PLACEMENT_3D('',#8357,#6635,#6636);
#5677=AXIS2_PLACEMENT_3D('',#8361,#6638,#6639);
#5678=AXIS2_PLACEMENT_3D('',#8365,#6641,#6642);
#5679=AXIS2_PLACEMENT_3D('',#8369,#6644,#6645);
#5680=AXIS2_PLACEMENT_3D('',#8373,#6647,#6648);
#5681=AXIS2_PLACEMENT_3D('',#8377,#6650,#6651);
#5682=AXIS2_PLACEMENT_3D('',#8381,#6653,#6654);
#5683=AXIS2_PLACEMENT_3D('',#8383,#6655,#6656);
#5684=AXIS2_PLACEMENT_3D('',#8385,#6658,#6659);
#5685=AXIS2_PLACEMENT_3D('',#8386,#6660,#6661);
#5686=AXIS2_PLACEMENT_3D('',#8388,#6662,#6663);
#5687=AXIS2_PLACEMENT_3D('',#8390,#6664,#6665);
#5688=AXIS2_PLACEMENT_3D('',#8391,#6666,#6667);
#5689=AXIS2_PLACEMENT_3D('',#8392,#6668,#6669);
#5690=AXIS2_PLACEMENT_3D('',#8393,#6670,#6671);
#5691=AXIS2_PLACEMENT_3D('',#8394,#6672,#6673);
#5692=AXIS2_PLACEMENT_3D('',#8395,#6674,#6675);
#5693=AXIS2_PLACEMENT_3D('',#8397,#6676,#6677);
#5694=AXIS2_PLACEMENT_3D('',#8399,#6678,#6679);
#5695=AXIS2_PLACEMENT_3D('',#8400,#6680,#6681);
#5696=AXIS2_PLACEMENT_3D('',#8401,#6682,#6683);
#5697=AXIS2_PLACEMENT_3D('',#8402,#6684,#6685);
#5698=AXIS2_PLACEMENT_3D('',#8411,#6690,#6691);
#5699=AXIS2_PLACEMENT_3D('',#8412,#6692,#6693);
#5700=AXIS2_PLACEMENT_3D('',#8416,#6695,#6696);
#5701=AXIS2_PLACEMENT_3D('',#8417,#6697,#6698);
#5702=AXIS2_PLACEMENT_3D('',#8423,#6702,#6703);
#5703=AXIS2_PLACEMENT_3D('',#8429,#6707,#6708);
#5704=AXIS2_PLACEMENT_3D('',#8430,#6709,#6710);
#5705=AXIS2_PLACEMENT_3D('',#8434,#6712,#6713);
#5706=AXIS2_PLACEMENT_3D('',#8435,#6714,#6715);
#5707=AXIS2_PLACEMENT_3D('',#8441,#6719,#6720);
#5708=AXIS2_PLACEMENT_3D('',#8442,#6721,#6722);
#5709=AXIS2_PLACEMENT_3D('',#8446,#6724,#6725);
#5710=AXIS2_PLACEMENT_3D('',#8447,#6726,#6727);
#5711=AXIS2_PLACEMENT_3D('',#8453,#6731,#6732);
#5712=AXIS2_PLACEMENT_3D('',#8454,#6733,#6734);
#5713=AXIS2_PLACEMENT_3D('',#8458,#6736,#6737);
#5714=AXIS2_PLACEMENT_3D('',#8459,#6738,#6739);
#5715=AXIS2_PLACEMENT_3D('',#8465,#6743,#6744);
#5716=AXIS2_PLACEMENT_3D('',#8466,#6745,#6746);
#5717=AXIS2_PLACEMENT_3D('',#8470,#6748,#6749);
#5718=AXIS2_PLACEMENT_3D('',#8471,#6750,#6751);
#5719=AXIS2_PLACEMENT_3D('',#8477,#6755,#6756);
#5720=AXIS2_PLACEMENT_3D('',#8478,#6757,#6758);
#5721=AXIS2_PLACEMENT_3D('',#8482,#6760,#6761);
#5722=AXIS2_PLACEMENT_3D('',#8483,#6762,#6763);
#5723=AXIS2_PLACEMENT_3D('',#8489,#6767,#6768);
#5724=AXIS2_PLACEMENT_3D('',#8495,#6772,#6773);
#5725=AXIS2_PLACEMENT_3D('',#8496,#6774,#6775);
#5726=AXIS2_PLACEMENT_3D('',#8500,#6777,#6778);
#5727=AXIS2_PLACEMENT_3D('',#8501,#6779,#6780);
#5728=AXIS2_PLACEMENT_3D('',#8507,#6784,#6785);
#5729=AXIS2_PLACEMENT_3D('',#8508,#6786,#6787);
#5730=AXIS2_PLACEMENT_3D('',#8512,#6789,#6790);
#5731=AXIS2_PLACEMENT_3D('',#8513,#6791,#6792);
#5732=AXIS2_PLACEMENT_3D('',#8519,#6796,#6797);
#5733=AXIS2_PLACEMENT_3D('',#8522,#6799,#6800);
#5734=AXIS2_PLACEMENT_3D('',#8523,#6801,#6802);
#5735=AXIS2_PLACEMENT_3D('',#8527,#6805,#6806);
#5736=AXIS2_PLACEMENT_3D('',#8530,#6808,#6809);
#5737=AXIS2_PLACEMENT_3D('',#8531,#6810,#6811);
#5738=AXIS2_PLACEMENT_3D('',#8535,#6814,#6815);
#5739=AXIS2_PLACEMENT_3D('',#8538,#6817,#6818);
#5740=AXIS2_PLACEMENT_3D('',#8539,#6819,#6820);
#5741=AXIS2_PLACEMENT_3D('',#8543,#6823,#6824);
#5742=AXIS2_PLACEMENT_3D('',#8546,#6826,#6827);
#5743=AXIS2_PLACEMENT_3D('',#8547,#6828,#6829);
#5744=AXIS2_PLACEMENT_3D('',#8551,#6832,#6833);
#5745=AXIS2_PLACEMENT_3D('',#8554,#6835,#6836);
#5746=AXIS2_PLACEMENT_3D('',#8555,#6837,#6838);
#5747=AXIS2_PLACEMENT_3D('',#8559,#6841,#6842);
#5748=AXIS2_PLACEMENT_3D('',#8562,#6844,#6845);
#5749=AXIS2_PLACEMENT_3D('',#8563,#6846,#6847);
#5750=AXIS2_PLACEMENT_3D('',#8567,#6850,#6851);
#5751=AXIS2_PLACEMENT_3D('',#8570,#6853,#6854);
#5752=AXIS2_PLACEMENT_3D('',#8571,#6855,#6856);
#5753=AXIS2_PLACEMENT_3D('',#8577,#6860,#6861);
#5754=AXIS2_PLACEMENT_3D('',#8580,#6863,#6864);
#5755=AXIS2_PLACEMENT_3D('',#8581,#6865,#6866);
#5756=AXIS2_PLACEMENT_3D('',#8585,#6869,#6870);
#5757=AXIS2_PLACEMENT_3D('',#8586,#6871,#6872);
#5758=AXIS2_PLACEMENT_3D('',#8591,#6875,#6876);
#5759=AXIS2_PLACEMENT_3D('',#8595,#6879,#6880);
#5760=AXIS2_PLACEMENT_3D('',#8598,#6882,#6883);
#5761=AXIS2_PLACEMENT_3D('',#8599,#6884,#6885);
#5762=AXIS2_PLACEMENT_3D('',#8603,#6888,#6889);
#5763=AXIS2_PLACEMENT_3D('',#8604,#6890,#6891);
#5764=AXIS2_PLACEMENT_3D('',#8605,#6892,#6893);
#5765=AXIS2_PLACEMENT_3D('',#8608,#6896,#6897);
#5766=AXIS2_PLACEMENT_3D('',#8611,#6900,#6901);
#5767=AXIS2_PLACEMENT_3D('',#8612,#6902,#6903);
#5768=AXIS2_PLACEMENT_3D('',#8613,#6904,#6905);
#5769=AXIS2_PLACEMENT_3D('',#8615,#6906,#6907);
#5770=AXIS2_PLACEMENT_3D('',#8617,#6908,#6909);
#5771=AXIS2_PLACEMENT_3D('',#8619,#6910,#6911);
#5772=AXIS2_PLACEMENT_3D('',#8621,#6912,#6913);
#5773=AXIS2_PLACEMENT_3D('',#8629,#6914,#6915);
#5774=AXIS2_PLACEMENT_3D('',#8637,#6916,#6917);
#5775=AXIS2_PLACEMENT_3D('',#8645,#6918,#6919);
#5776=AXIS2_PLACEMENT_3D('',#8653,#6920,#6921);
#5777=AXIS2_PLACEMENT_3D('',#8664,#6922,#6923);
#5778=AXIS2_PLACEMENT_3D('',#8675,#6924,#6925);
#5779=AXIS2_PLACEMENT_3D('',#8678,#6927,#6928);
#5780=AXIS2_PLACEMENT_3D('',#8679,#6929,#6930);
#5781=AXIS2_PLACEMENT_3D('',#8680,#6931,#6932);
#5782=AXIS2_PLACEMENT_3D('',#8681,#6933,#6934);
#5783=AXIS2_PLACEMENT_3D('',#8682,#6935,#6936);
#5784=AXIS2_PLACEMENT_3D('',#8683,#6937,#6938);
#5785=AXIS2_PLACEMENT_3D('',#8684,#6939,#6940);
#5786=AXIS2_PLACEMENT_3D('',#8685,#6941,#6942);
#5787=AXIS2_PLACEMENT_3D('',#8686,#6943,#6944);
#5788=AXIS2_PLACEMENT_3D('',#8689,#6946,#6947);
#5789=AXIS2_PLACEMENT_3D('',#8692,#6949,#6950);
#5790=AXIS2_PLACEMENT_3D('',#8693,#6951,#6952);
#5791=AXIS2_PLACEMENT_3D('',#8694,#6953,#6954);
#5792=AXIS2_PLACEMENT_3D('',#8695,#6955,#6956);
#5793=AXIS2_PLACEMENT_3D('',#8696,#6957,#6958);
#5794=AXIS2_PLACEMENT_3D('',#8699,#6960,#6961);
#5795=AXIS2_PLACEMENT_3D('',#8700,#6962,#6963);
#5796=AXIS2_PLACEMENT_3D('',#8701,#6964,#6965);
#5797=AXIS2_PLACEMENT_3D('',#8702,#6966,#6967);
#5798=AXIS2_PLACEMENT_3D('',#8703,#6968,#6969);
#5799=AXIS2_PLACEMENT_3D('',#8704,#6970,#6971);
#5800=AXIS2_PLACEMENT_3D('',#8705,#6972,#6973);
#5801=AXIS2_PLACEMENT_3D('',#8706,#6974,#6975);
#5802=AXIS2_PLACEMENT_3D('',#8707,#6976,#6977);
#5803=AXIS2_PLACEMENT_3D('',#8708,#6978,#6979);
#5804=AXIS2_PLACEMENT_3D('',#8709,#6980,#6981);
#5805=AXIS2_PLACEMENT_3D('',#8710,#6982,#6983);
#5806=AXIS2_PLACEMENT_3D('',#8712,#6985,#6986);
#5807=AXIS2_PLACEMENT_3D('',#8713,#6987,#6988);
#5808=AXIS2_PLACEMENT_3D('',#8715,#6990,#6991);
#5809=AXIS2_PLACEMENT_3D('',#8717,#6993,#6994);
#5810=AXIS2_PLACEMENT_3D('',#8723,#6998,#6999);
#5811=AXIS2_PLACEMENT_3D('',#8727,#7002,#7003);
#5812=AXIS2_PLACEMENT_3D('',#8731,#7006,#7007);
#5813=AXIS2_PLACEMENT_3D('',#8734,#7009,#7010);
#5814=AXIS2_PLACEMENT_3D('',#8737,#7012,#7013);
#5815=AXIS2_PLACEMENT_3D('',#8741,#7016,#7017);
#5816=AXIS2_PLACEMENT_3D('',#8742,#7018,#7019);
#5817=AXIS2_PLACEMENT_3D('',#8745,#7021,#7022);
#5818=AXIS2_PLACEMENT_3D('',#8749,#7025,#7026);
#5819=AXIS2_PLACEMENT_3D('',#8750,#7027,#7028);
#5820=AXIS2_PLACEMENT_3D('',#8753,#7030,#7031);
#5821=AXIS2_PLACEMENT_3D('',#8757,#7034,#7035);
#5822=AXIS2_PLACEMENT_3D('',#8758,#7036,#7037);
#5823=AXIS2_PLACEMENT_3D('',#8761,#7039,#7040);
#5824=AXIS2_PLACEMENT_3D('',#8764,#7042,#7043);
#5825=AXIS2_PLACEMENT_3D('',#8767,#7045,#7046);
#5826=AXIS2_PLACEMENT_3D('',#8771,#7049,#7050);
#5827=AXIS2_PLACEMENT_3D('',#8772,#7051,#7052);
#5828=AXIS2_PLACEMENT_3D('',#8775,#7054,#7055);
#5829=AXIS2_PLACEMENT_3D('',#8779,#7058,#7059);
#5830=AXIS2_PLACEMENT_3D('',#8780,#7060,#7061);
#5831=AXIS2_PLACEMENT_3D('',#8783,#7063,#7064);
#5832=AXIS2_PLACEMENT_3D('',#8787,#7067,#7068);
#5833=AXIS2_PLACEMENT_3D('',#8788,#7069,#7070);
#5834=AXIS2_PLACEMENT_3D('',#8791,#7072,#7073);
#5835=AXIS2_PLACEMENT_3D('',#8794,#7075,#7076);
#5836=AXIS2_PLACEMENT_3D('',#8797,#7078,#7079);
#5837=AXIS2_PLACEMENT_3D('',#8801,#7082,#7083);
#5838=AXIS2_PLACEMENT_3D('',#8802,#7084,#7085);
#5839=AXIS2_PLACEMENT_3D('',#8805,#7087,#7088);
#5840=AXIS2_PLACEMENT_3D('',#8809,#7091,#7092);
#5841=AXIS2_PLACEMENT_3D('',#8810,#7093,#7094);
#5842=AXIS2_PLACEMENT_3D('',#8813,#7096,#7097);
#5843=AXIS2_PLACEMENT_3D('',#8817,#7100,#7101);
#5844=AXIS2_PLACEMENT_3D('',#8818,#7102,#7103);
#5845=AXIS2_PLACEMENT_3D('',#8821,#7105,#7106);
#5846=AXIS2_PLACEMENT_3D('',#8824,#7108,#7109);
#5847=AXIS2_PLACEMENT_3D('',#8827,#7111,#7112);
#5848=AXIS2_PLACEMENT_3D('',#8831,#7115,#7116);
#5849=AXIS2_PLACEMENT_3D('',#8832,#7117,#7118);
#5850=AXIS2_PLACEMENT_3D('',#8835,#7120,#7121);
#5851=AXIS2_PLACEMENT_3D('',#8839,#7124,#7125);
#5852=AXIS2_PLACEMENT_3D('',#8840,#7126,#7127);
#5853=AXIS2_PLACEMENT_3D('',#8843,#7129,#7130);
#5854=AXIS2_PLACEMENT_3D('',#8847,#7133,#7134);
#5855=AXIS2_PLACEMENT_3D('',#8848,#7135,#7136);
#5856=AXIS2_PLACEMENT_3D('',#8851,#7138,#7139);
#5857=AXIS2_PLACEMENT_3D('',#8854,#7141,#7142);
#5858=AXIS2_PLACEMENT_3D('',#8857,#7144,#7145);
#5859=AXIS2_PLACEMENT_3D('',#8861,#7148,#7149);
#5860=AXIS2_PLACEMENT_3D('',#8862,#7150,#7151);
#5861=AXIS2_PLACEMENT_3D('',#8865,#7153,#7154);
#5862=AXIS2_PLACEMENT_3D('',#8869,#7157,#7158);
#5863=AXIS2_PLACEMENT_3D('',#8870,#7159,#7160);
#5864=AXIS2_PLACEMENT_3D('',#8873,#7162,#7163);
#5865=AXIS2_PLACEMENT_3D('',#8877,#7166,#7167);
#5866=AXIS2_PLACEMENT_3D('',#8878,#7168,#7169);
#5867=AXIS2_PLACEMENT_3D('',#8881,#7171,#7172);
#5868=AXIS2_PLACEMENT_3D('',#8884,#7174,#7175);
#5869=AXIS2_PLACEMENT_3D('',#8887,#7177,#7178);
#5870=AXIS2_PLACEMENT_3D('',#8891,#7181,#7182);
#5871=AXIS2_PLACEMENT_3D('',#8892,#7183,#7184);
#5872=AXIS2_PLACEMENT_3D('',#8895,#7186,#7187);
#5873=AXIS2_PLACEMENT_3D('',#8899,#7190,#7191);
#5874=AXIS2_PLACEMENT_3D('',#8900,#7192,#7193);
#5875=AXIS2_PLACEMENT_3D('',#8903,#7195,#7196);
#5876=AXIS2_PLACEMENT_3D('',#8907,#7199,#7200);
#5877=AXIS2_PLACEMENT_3D('',#8908,#7201,#7202);
#5878=AXIS2_PLACEMENT_3D('',#8911,#7204,#7205);
#5879=AXIS2_PLACEMENT_3D('',#8914,#7207,#7208);
#5880=AXIS2_PLACEMENT_3D('',#8917,#7210,#7211);
#5881=AXIS2_PLACEMENT_3D('',#8921,#7214,#7215);
#5882=AXIS2_PLACEMENT_3D('',#8922,#7216,#7217);
#5883=AXIS2_PLACEMENT_3D('',#8925,#7219,#7220);
#5884=AXIS2_PLACEMENT_3D('',#8929,#7223,#7224);
#5885=AXIS2_PLACEMENT_3D('',#8930,#7225,#7226);
#5886=AXIS2_PLACEMENT_3D('',#8933,#7228,#7229);
#5887=AXIS2_PLACEMENT_3D('',#8937,#7232,#7233);
#5888=AXIS2_PLACEMENT_3D('',#8938,#7234,#7235);
#5889=AXIS2_PLACEMENT_3D('',#8941,#7237,#7238);
#5890=AXIS2_PLACEMENT_3D('',#8944,#7240,#7241);
#5891=AXIS2_PLACEMENT_3D('',#8947,#7243,#7244);
#5892=AXIS2_PLACEMENT_3D('',#8951,#7247,#7248);
#5893=AXIS2_PLACEMENT_3D('',#8952,#7249,#7250);
#5894=AXIS2_PLACEMENT_3D('',#8955,#7252,#7253);
#5895=AXIS2_PLACEMENT_3D('',#8959,#7256,#7257);
#5896=AXIS2_PLACEMENT_3D('',#8960,#7258,#7259);
#5897=AXIS2_PLACEMENT_3D('',#8963,#7261,#7262);
#5898=AXIS2_PLACEMENT_3D('',#8967,#7265,#7266);
#5899=AXIS2_PLACEMENT_3D('',#8968,#7267,#7268);
#5900=AXIS2_PLACEMENT_3D('',#8971,#7270,#7271);
#5901=AXIS2_PLACEMENT_3D('',#8974,#7273,#7274);
#5902=AXIS2_PLACEMENT_3D('',#8977,#7276,#7277);
#5903=AXIS2_PLACEMENT_3D('',#8981,#7280,#7281);
#5904=AXIS2_PLACEMENT_3D('',#8982,#7282,#7283);
#5905=AXIS2_PLACEMENT_3D('',#8985,#7285,#7286);
#5906=AXIS2_PLACEMENT_3D('',#8989,#7289,#7290);
#5907=AXIS2_PLACEMENT_3D('',#8990,#7291,#7292);
#5908=AXIS2_PLACEMENT_3D('',#8993,#7294,#7295);
#5909=AXIS2_PLACEMENT_3D('',#8997,#7298,#7299);
#5910=AXIS2_PLACEMENT_3D('',#8998,#7300,#7301);
#5911=AXIS2_PLACEMENT_3D('',#9001,#7303,#7304);
#5912=AXIS2_PLACEMENT_3D('',#9004,#7306,#7307);
#5913=AXIS2_PLACEMENT_3D('',#9007,#7309,#7310);
#5914=AXIS2_PLACEMENT_3D('',#9011,#7313,#7314);
#5915=AXIS2_PLACEMENT_3D('',#9012,#7315,#7316);
#5916=AXIS2_PLACEMENT_3D('',#9015,#7318,#7319);
#5917=AXIS2_PLACEMENT_3D('',#9019,#7322,#7323);
#5918=AXIS2_PLACEMENT_3D('',#9020,#7324,#7325);
#5919=AXIS2_PLACEMENT_3D('',#9023,#7327,#7328);
#5920=AXIS2_PLACEMENT_3D('',#9027,#7331,#7332);
#5921=AXIS2_PLACEMENT_3D('',#9028,#7333,#7334);
#5922=AXIS2_PLACEMENT_3D('',#9031,#7336,#7337);
#5923=AXIS2_PLACEMENT_3D('',#9034,#7339,#7340);
#5924=AXIS2_PLACEMENT_3D('',#9037,#7342,#7343);
#5925=AXIS2_PLACEMENT_3D('',#9041,#7346,#7347);
#5926=AXIS2_PLACEMENT_3D('',#9042,#7348,#7349);
#5927=AXIS2_PLACEMENT_3D('',#9045,#7351,#7352);
#5928=AXIS2_PLACEMENT_3D('',#9049,#7355,#7356);
#5929=AXIS2_PLACEMENT_3D('',#9050,#7357,#7358);
#5930=AXIS2_PLACEMENT_3D('',#9053,#7360,#7361);
#5931=AXIS2_PLACEMENT_3D('',#9057,#7364,#7365);
#5932=AXIS2_PLACEMENT_3D('',#9058,#7366,#7367);
#5933=AXIS2_PLACEMENT_3D('',#9061,#7369,#7370);
#5934=AXIS2_PLACEMENT_3D('',#9064,#7372,#7373);
#5935=AXIS2_PLACEMENT_3D('',#9067,#7375,#7376);
#5936=AXIS2_PLACEMENT_3D('',#9071,#7379,#7380);
#5937=AXIS2_PLACEMENT_3D('',#9072,#7381,#7382);
#5938=AXIS2_PLACEMENT_3D('',#9075,#7384,#7385);
#5939=AXIS2_PLACEMENT_3D('',#9079,#7388,#7389);
#5940=AXIS2_PLACEMENT_3D('',#9080,#7390,#7391);
#5941=AXIS2_PLACEMENT_3D('',#9083,#7393,#7394);
#5942=AXIS2_PLACEMENT_3D('',#9087,#7397,#7398);
#5943=AXIS2_PLACEMENT_3D('',#9088,#7399,#7400);
#5944=AXIS2_PLACEMENT_3D('',#9091,#7402,#7403);
#5945=AXIS2_PLACEMENT_3D('',#9094,#7405,#7406);
#5946=AXIS2_PLACEMENT_3D('',#9097,#7408,#7409);
#5947=AXIS2_PLACEMENT_3D('',#9101,#7412,#7413);
#5948=AXIS2_PLACEMENT_3D('',#9102,#7414,#7415);
#5949=AXIS2_PLACEMENT_3D('',#9105,#7417,#7418);
#5950=AXIS2_PLACEMENT_3D('',#9109,#7421,#7422);
#5951=AXIS2_PLACEMENT_3D('',#9110,#7423,#7424);
#5952=AXIS2_PLACEMENT_3D('',#9113,#7426,#7427);
#5953=AXIS2_PLACEMENT_3D('',#9117,#7430,#7431);
#5954=AXIS2_PLACEMENT_3D('',#9118,#7432,#7433);
#5955=AXIS2_PLACEMENT_3D('',#9121,#7435,#7436);
#5956=AXIS2_PLACEMENT_3D('',#9124,#7438,#7439);
#5957=AXIS2_PLACEMENT_3D('',#9127,#7441,#7442);
#5958=AXIS2_PLACEMENT_3D('',#9131,#7445,#7446);
#5959=AXIS2_PLACEMENT_3D('',#9132,#7447,#7448);
#5960=AXIS2_PLACEMENT_3D('',#9135,#7450,#7451);
#5961=AXIS2_PLACEMENT_3D('',#9139,#7454,#7455);
#5962=AXIS2_PLACEMENT_3D('',#9140,#7456,#7457);
#5963=AXIS2_PLACEMENT_3D('',#9143,#7459,#7460);
#5964=AXIS2_PLACEMENT_3D('',#9147,#7463,#7464);
#5965=AXIS2_PLACEMENT_3D('',#9148,#7465,#7466);
#5966=AXIS2_PLACEMENT_3D('',#9151,#7468,#7469);
#5967=AXIS2_PLACEMENT_3D('',#9154,#7471,#7472);
#5968=AXIS2_PLACEMENT_3D('',#9157,#7474,#7475);
#5969=AXIS2_PLACEMENT_3D('',#9161,#7478,#7479);
#5970=AXIS2_PLACEMENT_3D('',#9162,#7480,#7481);
#5971=AXIS2_PLACEMENT_3D('',#9165,#7483,#7484);
#5972=AXIS2_PLACEMENT_3D('',#9169,#7487,#7488);
#5973=AXIS2_PLACEMENT_3D('',#9170,#7489,#7490);
#5974=AXIS2_PLACEMENT_3D('',#9173,#7492,#7493);
#5975=AXIS2_PLACEMENT_3D('',#9177,#7496,#7497);
#5976=AXIS2_PLACEMENT_3D('',#9178,#7498,#7499);
#5977=AXIS2_PLACEMENT_3D('',#9181,#7501,#7502);
#5978=AXIS2_PLACEMENT_3D('',#9184,#7504,#7505);
#5979=AXIS2_PLACEMENT_3D('',#9187,#7507,#7508);
#5980=AXIS2_PLACEMENT_3D('',#9191,#7511,#7512);
#5981=AXIS2_PLACEMENT_3D('',#9192,#7513,#7514);
#5982=AXIS2_PLACEMENT_3D('',#9195,#7516,#7517);
#5983=AXIS2_PLACEMENT_3D('',#9199,#7520,#7521);
#5984=AXIS2_PLACEMENT_3D('',#9200,#7522,#7523);
#5985=AXIS2_PLACEMENT_3D('',#9203,#7525,#7526);
#5986=AXIS2_PLACEMENT_3D('',#9207,#7529,#7530);
#5987=AXIS2_PLACEMENT_3D('',#9208,#7531,#7532);
#5988=AXIS2_PLACEMENT_3D('',#9211,#7534,#7535);
#5989=AXIS2_PLACEMENT_3D('',#9213,#7537,#7538);
#5990=AXIS2_PLACEMENT_3D('',#9215,#7540,#7541);
#5991=AXIS2_PLACEMENT_3D('',#9217,#7543,#7544);
#5992=AXIS2_PLACEMENT_3D('',#9219,#7546,#7547);
#5993=AXIS2_PLACEMENT_3D('',#9221,#7549,#7550);
#5994=AXIS2_PLACEMENT_3D('',#9223,#7552,#7553);
#5995=AXIS2_PLACEMENT_3D('',#9225,#7555,#7556);
#5996=AXIS2_PLACEMENT_3D('',#9227,#7558,#7559);
#5997=AXIS2_PLACEMENT_3D('',#9229,#7561,#7562);
#5998=AXIS2_PLACEMENT_3D('',#9231,#7564,#7565);
#5999=AXIS2_PLACEMENT_3D('',#9233,#7567,#7568);
#6000=AXIS2_PLACEMENT_3D('',#9235,#7570,#7571);
#6001=AXIS2_PLACEMENT_3D('',#9237,#7573,#7574);
#6002=AXIS2_PLACEMENT_3D('',#9239,#7576,#7577);
#6003=AXIS2_PLACEMENT_3D('',#9241,#7579,#7580);
#6004=AXIS2_PLACEMENT_3D('',#9243,#7582,#7583);
#6005=AXIS2_PLACEMENT_3D('',#9245,#7585,#7586);
#6006=AXIS2_PLACEMENT_3D('',#9246,#7587,#7588);
#6007=AXIS2_PLACEMENT_3D('',#9252,#7589,#7590);
#6008=AXIS2_PLACEMENT_3D('',#9258,#7591,#7592);
#6009=AXIS2_PLACEMENT_3D('',#9264,#7593,#7594);
#6010=AXIS2_PLACEMENT_3D('',#9270,#7595,#7596);
#6011=AXIS2_PLACEMENT_3D('',#9271,#7597,#7598);
#6012=AXIS2_PLACEMENT_3D('',#9272,#7599,#7600);
#6013=AXIS2_PLACEMENT_3D('',#9278,#7601,#7602);
#6014=AXIS2_PLACEMENT_3D('',#9279,#7603,#7604);
#6015=AXIS2_PLACEMENT_3D('',#9280,#7605,#7606);
#6016=AXIS2_PLACEMENT_3D('',#9286,#7607,#7608);
#6017=AXIS2_PLACEMENT_3D('',#9287,#7609,#7610);
#6018=AXIS2_PLACEMENT_3D('',#9288,#7611,#7612);
#6019=AXIS2_PLACEMENT_3D('',#9289,#7613,#7614);
#6020=AXIS2_PLACEMENT_3D('',#9290,#7615,#7616);
#6021=AXIS2_PLACEMENT_3D('',#9291,#7617,#7618);
#6022=AXIS2_PLACEMENT_3D('',#9292,#7619,#7620);
#6023=AXIS2_PLACEMENT_3D('',#9293,#7621,#7622);
#6024=AXIS2_PLACEMENT_3D('',#9294,#7623,#7624);
#6025=AXIS2_PLACEMENT_3D('',#9300,#7625,#7626);
#6026=AXIS2_PLACEMENT_3D('',#9301,#7627,#7628);
#6027=AXIS2_PLACEMENT_3D('',#9302,#7629,#7630);
#6028=AXIS2_PLACEMENT_3D('',#9303,#7631,#7632);
#6029=AXIS2_PLACEMENT_3D('',#9304,#7633,#7634);
#6030=AXIS2_PLACEMENT_3D('',#9305,#7635,#7636);
#6031=AXIS2_PLACEMENT_3D('',#9306,#7637,#7638);
#6032=AXIS2_PLACEMENT_3D('',#9307,#7639,#7640);
#6033=AXIS2_PLACEMENT_3D('',#9308,#7641,#7642);
#6034=AXIS2_PLACEMENT_3D('',#9309,#7643,#7644);
#6035=AXIS2_PLACEMENT_3D('',#9310,#7645,#7646);
#6036=AXIS2_PLACEMENT_3D('',#9311,#7647,#7648);
#6037=AXIS2_PLACEMENT_3D('',#9312,#7649,#7650);
#6038=DIRECTION('',(0.,0.,1.));
#6039=DIRECTION('',(1.,0.,0.));
#6040=DIRECTION('',(1.,0.,0.));
#6041=DIRECTION('',(0.,-1.,0.));
#6042=DIRECTION('',(0.,0.,-1.));
#6043=DIRECTION('',(0.,1.,0.));
#6044=DIRECTION('',(0.,0.,-1.));
#6045=DIRECTION('',(0.,1.,0.));
#6046=DIRECTION('',(0.,1.,0.));
#6047=DIRECTION('',(1.,0.,0.));
#6048=DIRECTION('',(0.,-1.,0.));
#6049=DIRECTION('',(-1.,0.,0.));
#6050=DIRECTION('',(0.,1.,0.));
#6051=DIRECTION('',(0.,-1.,0.));
#6052=DIRECTION('',(-1.,0.,0.));
#6053=DIRECTION('',(-3.96366544426576E-5,0.,0.999999999214468));
#6054=DIRECTION('',(0.999999999214468,0.,3.96366544426576E-5));
#6055=DIRECTION('',(0.999999999214468,0.,3.96366544426576E-5));
#6056=DIRECTION('',(0.,1.,0.));
#6057=DIRECTION('',(0.999999999214468,0.,3.96366544426576E-5));
#6058=DIRECTION('',(0.707065216348996,0.,0.707148343580996));
#6059=DIRECTION('',(0.707148343580996,0.,-0.707065216348996));
#6060=DIRECTION('',(0.707148343580996,0.,-0.707065216348996));
#6061=DIRECTION('',(0.,1.,0.));
#6062=DIRECTION('',(0.707148343580996,0.,-0.707065216348996));
#6063=DIRECTION('',(0.,1.,0.));
#6064=DIRECTION('',(1.,0.,0.));
#6065=DIRECTION('',(0.,-1.,0.));
#6066=DIRECTION('',(-1.,0.,0.));
#6067=DIRECTION('',(0.,1.,0.));
#6068=DIRECTION('',(0.,-1.,0.));
#6069=DIRECTION('',(-1.,0.,0.));
#6070=DIRECTION('',(0.,0.,1.));
#6071=DIRECTION('',(0.,-1.,0.));
#6072=DIRECTION('',(1.,0.,0.));
#6073=DIRECTION('',(0.,1.,0.));
#6074=DIRECTION('',(1.,0.,0.));
#6075=DIRECTION('',(0.,1.,0.));
#6076=DIRECTION('',(1.,0.,0.));
#6077=DIRECTION('',(0.,-1.,0.));
#6078=DIRECTION('',(-1.,0.,0.));
#6079=DIRECTION('',(0.,1.,0.));
#6080=DIRECTION('',(0.,-1.,0.));
#6081=DIRECTION('',(-1.,0.,0.));
#6082=DIRECTION('',(-0.707292993200721,0.,0.706920520121721));
#6083=DIRECTION('',(0.706920520121721,0.,0.707292993200721));
#6084=DIRECTION('',(0.706920520121721,0.,0.707292993200721));
#6085=DIRECTION('',(0.,1.,0.));
#6086=DIRECTION('',(0.706920520121721,0.,0.707292993200721));
#6087=DIRECTION('',(0.,1.,0.));
#6088=DIRECTION('',(1.,0.,0.));
#6089=DIRECTION('',(0.,-1.,0.));
#6090=DIRECTION('',(-1.,0.,0.));
#6091=DIRECTION('',(0.,1.,0.));
#6092=DIRECTION('',(0.,-1.,0.));
#6093=DIRECTION('',(-1.,0.,0.));
#6094=DIRECTION('',(-1.,0.,0.));
#6095=DIRECTION('',(0.,1.,0.));
#6096=DIRECTION('',(0.,0.,1.));
#6097=DIRECTION('',(0.,1.,0.));
#6098=DIRECTION('',(0.,0.,1.));
#6099=DIRECTION('',(0.,1.,0.));
#6100=DIRECTION('',(1.,0.,0.));
#6101=DIRECTION('',(0.,-1.,0.));
#6102=DIRECTION('',(-1.,0.,0.));
#6103=DIRECTION('',(0.,1.,0.));
#6104=DIRECTION('',(0.,-1.,0.));
#6105=DIRECTION('',(-1.,0.,0.));
#6106=DIRECTION('',(0.,0.,-1.));
#6107=DIRECTION('',(0.,1.,0.));
#6108=DIRECTION('',(-1.,0.,0.));
#6109=DIRECTION('',(0.,1.,0.));
#6110=DIRECTION('',(-1.,0.,0.));
#6111=DIRECTION('',(0.,1.,0.));
#6112=DIRECTION('',(1.,0.,0.));
#6113=DIRECTION('',(0.,-1.,0.));
#6114=DIRECTION('',(-1.,0.,0.));
#6115=DIRECTION('',(0.,1.,0.));
#6116=DIRECTION('',(0.,-1.,0.));
#6117=DIRECTION('',(-1.,0.,0.));
#6118=DIRECTION('',(1.,0.,0.));
#6119=DIRECTION('',(0.,-1.,0.));
#6120=DIRECTION('',(0.,0.,-1.));
#6121=DIRECTION('',(0.,1.,0.));
#6122=DIRECTION('',(0.,0.,-1.));
#6123=DIRECTION('',(-0.00027940090006473,0.,-0.999999960967568));
#6124=DIRECTION('',(-0.999999960967568,0.,0.00027940090006473));
#6125=DIRECTION('',(-0.999999960967568,0.,0.00027940090006473));
#6126=DIRECTION('',(0.,1.,0.));
#6127=DIRECTION('',(-0.999999960967568,0.,0.00027940090006473));
#6128=DIRECTION('',(0.,1.,0.));
#6129=DIRECTION('',(1.,0.,0.));
#6130=DIRECTION('',(0.,-1.,0.));
#6131=DIRECTION('',(-1.,0.,0.));
#6132=DIRECTION('',(0.,1.,0.));
#6133=DIRECTION('',(0.,-1.,0.));
#6134=DIRECTION('',(-1.,0.,0.));
#6135=DIRECTION('',(1.,0.,0.));
#6136=DIRECTION('',(0.,-1.,0.));
#6137=DIRECTION('',(0.,0.,-1.));
#6138=DIRECTION('',(0.,1.,0.));
#6139=DIRECTION('',(0.,0.,-1.));
#6140=DIRECTION('',(0.,1.,0.));
#6141=DIRECTION('',(1.,0.,0.));
#6142=DIRECTION('',(0.,-1.,0.));
#6143=DIRECTION('',(-1.,0.,0.));
#6144=DIRECTION('',(0.,1.,0.));
#6145=DIRECTION('',(0.,-1.,0.));
#6146=DIRECTION('',(-1.,0.,0.));
#6147=DIRECTION('',(0.,0.,1.));
#6148=DIRECTION('',(0.,-1.,0.));
#6149=DIRECTION('',(1.,0.,0.));
#6150=DIRECTION('',(1.,0.,0.));
#6151=DIRECTION('',(0.,-1.,0.));
#6152=DIRECTION('',(1.,0.,0.));
#6153=DIRECTION('',(0.,-1.,0.));
#6154=DIRECTION('',(-1.,0.,0.));
#6155=DIRECTION('',(0.,-1.,0.));
#6156=DIRECTION('',(-1.,0.,0.));
#6157=DIRECTION('',(0.,-1.,0.));
#6158=DIRECTION('',(-1.,0.,0.));
#6159=DIRECTION('',(0.,-1.,0.));
#6160=DIRECTION('',(-1.,0.,0.));
#6161=DIRECTION('',(0.,-1.,0.));
#6162=DIRECTION('',(-1.,0.,0.));
#6163=DIRECTION('',(0.,-1.,0.));
#6164=DIRECTION('',(-1.,0.,0.));
#6165=DIRECTION('',(0.,-1.,0.));
#6166=DIRECTION('',(1.,0.,0.));
#6167=DIRECTION('',(0.,-1.,0.));
#6168=DIRECTION('',(-1.,0.,0.));
#6169=DIRECTION('',(0.,-1.,0.));
#6170=DIRECTION('',(-1.,0.,0.));
#6171=DIRECTION('',(0.,-1.,0.));
#6172=DIRECTION('',(-1.,0.,0.));
#6173=DIRECTION('',(0.,-1.,0.));
#6174=DIRECTION('',(-1.,0.,0.));
#6175=DIRECTION('',(0.,-1.,0.));
#6176=DIRECTION('',(-1.,0.,0.));
#6177=DIRECTION('',(0.,-1.,0.));
#6178=DIRECTION('',(-1.,0.,0.));
#6179=DIRECTION('',(0.,1.,0.));
#6180=DIRECTION('',(1.,0.,0.));
#6181=DIRECTION('',(0.,1.,0.));
#6182=DIRECTION('',(1.,0.,0.));
#6183=DIRECTION('',(0.,1.,0.));
#6184=DIRECTION('',(1.,0.,0.));
#6185=DIRECTION('',(0.,1.,0.));
#6186=DIRECTION('',(1.,0.,0.));
#6187=DIRECTION('',(0.,1.,0.));
#6188=DIRECTION('',(1.,0.,0.));
#6189=DIRECTION('',(0.,1.,0.));
#6190=DIRECTION('',(1.,0.,0.));
#6191=DIRECTION('',(0.,0.,1.));
#6192=DIRECTION('',(1.,0.,0.));
#6193=DIRECTION('',(-0.707292993200721,0.,0.706920520121721));
#6194=DIRECTION('',(0.706920520121721,0.,0.707292993200721));
#6195=DIRECTION('',(0.,1.,0.));
#6196=DIRECTION('',(0.706920520121721,0.,0.707292993200722));
#6197=DIRECTION('',(0.,1.,0.));
#6198=DIRECTION('',(0.706920520121721,0.,0.707292993200721));
#6199=DIRECTION('',(0.707065216348997,0.,0.707148343580996));
#6200=DIRECTION('',(0.707148343580996,0.,-0.707065216348997));
#6201=DIRECTION('',(0.,1.,0.));
#6202=DIRECTION('',(0.707148343580996,0.,-0.707065216348997));
#6203=DIRECTION('',(0.,1.,0.));
#6204=DIRECTION('',(0.707148343580996,0.,-0.707065216348997));
#6205=DIRECTION('',(0.,1.,0.));
#6206=DIRECTION('',(1.,0.,0.));
#6207=DIRECTION('',(0.,1.,0.));
#6208=DIRECTION('',(1.,0.,0.));
#6209=DIRECTION('',(0.,1.,0.));
#6210=DIRECTION('',(0.,1.,0.));
#6211=DIRECTION('',(-1.,0.,0.));
#6212=DIRECTION('',(-3.96366544422361E-5,0.,0.999999999214468));
#6213=DIRECTION('',(0.999999999214468,0.,3.96366544422361E-5));
#6214=DIRECTION('',(0.999999999214468,0.,3.96366544420054E-5));
#6215=DIRECTION('',(0.,1.,0.));
#6216=DIRECTION('',(0.999999999214468,0.,3.96366544422361E-5));
#6217=DIRECTION('',(1.,0.,0.));
#6218=DIRECTION('',(0.,-1.,0.));
#6219=DIRECTION('',(0.,1.,0.));
#6220=DIRECTION('',(0.,0.,-1.));
#6221=DIRECTION('',(0.,1.,0.));
#6222=DIRECTION('',(0.,0.,-1.));
#6223=DIRECTION('',(0.,1.,0.));
#6224=DIRECTION('',(1.,0.,0.));
#6225=DIRECTION('',(0.,1.,0.));
#6226=DIRECTION('',(1.,0.,0.));
#6227=DIRECTION('',(0.,1.,0.));
#6228=DIRECTION('',(0.,1.,0.));
#6229=DIRECTION('',(-1.,0.,0.));
#6230=DIRECTION('',(0.,0.,1.));
#6231=DIRECTION('',(0.,-1.,0.));
#6232=DIRECTION('',(1.,0.,0.));
#6233=DIRECTION('',(0.,1.,0.));
#6234=DIRECTION('',(1.,0.,0.));
#6235=DIRECTION('',(0.999999960967568,0.,-0.000279400900066427));
#6236=DIRECTION('',(-0.000279400900066427,0.,-0.999999960967568));
#6237=DIRECTION('',(0.00027940090011387,0.,0.999999960967568));
#6238=DIRECTION('',(0.,1.,0.));
#6239=DIRECTION('',(-0.000279400900066427,0.,-0.999999960967568));
#6240=DIRECTION('',(0.,1.,0.));
#6241=DIRECTION('',(0.00027940090006448,0.,0.999999960967568));
#6242=DIRECTION('',(0.999999960967568,0.,-0.00027940090006448));
#6243=DIRECTION('',(-0.999999960967568,0.,0.000279400900064352));
#6244=DIRECTION('',(0.,1.,0.));
#6245=DIRECTION('',(0.999999960967568,0.,-0.00027940090006448));
#6246=DIRECTION('',(0.,1.,0.));
#6247=DIRECTION('',(-0.999999960967568,0.,0.000279400900061728));
#6248=DIRECTION('',(0.000279400900061728,0.,0.999999960967568));
#6249=DIRECTION('',(-0.000279400900059989,0.,-0.999999960967568));
#6250=DIRECTION('',(0.,1.,0.));
#6251=DIRECTION('',(0.000279400900061728,0.,0.999999960967568));
#6252=DIRECTION('',(0.,1.,0.));
#6253=DIRECTION('',(0.,1.,0.));
#6254=DIRECTION('',(1.,0.,0.));
#6255=DIRECTION('',(0.,1.,0.));
#6256=DIRECTION('',(0.,1.,0.));
#6257=DIRECTION('',(1.,0.,0.));
#6258=DIRECTION('',(0.,1.,0.));
#6259=DIRECTION('',(0.,1.,0.));
#6260=DIRECTION('',(-1.,0.,0.));
#6261=DIRECTION('',(1.,0.,0.));
#6262=DIRECTION('',(0.,-1.,0.));
#6263=DIRECTION('',(0.,0.,-1.));
#6264=DIRECTION('',(0.,1.,0.));
#6265=DIRECTION('',(0.,0.,-1.));
#6266=DIRECTION('',(0.,1.,0.));
#6267=DIRECTION('',(1.,0.,0.));
#6268=DIRECTION('',(0.,1.,0.));
#6269=DIRECTION('',(1.,0.,0.));
#6270=DIRECTION('',(0.,-1.,0.));
#6271=DIRECTION('',(-1.,0.,0.));
#6272=DIRECTION('',(0.,1.,0.));
#6273=DIRECTION('',(1.,0.,0.));
#6274=DIRECTION('',(0.,1.,0.));
#6275=DIRECTION('',(1.,0.,0.));
#6276=DIRECTION('',(0.,-1.,0.));
#6277=DIRECTION('',(-1.,0.,0.));
#6278=DIRECTION('',(0.,-1.,0.));
#6279=DIRECTION('',(-1.,0.,0.));
#6280=DIRECTION('',(0.,1.,0.));
#6281=DIRECTION('',(1.,0.,0.));
#6282=DIRECTION('',(0.,-1.,0.));
#6283=DIRECTION('',(0.,-1.,0.));
#6284=DIRECTION('',(-1.,0.,0.));
#6285=DIRECTION('',(0.,0.,1.));
#6286=DIRECTION('',(0.,-1.,0.));
#6287=DIRECTION('',(1.,0.,0.));
#6288=DIRECTION('',(0.,1.,0.));
#6289=DIRECTION('',(1.,0.,0.));
#6290=DIRECTION('',(0.,1.,0.));
#6291=DIRECTION('',(0.,-1.,0.));
#6292=DIRECTION('',(1.,0.,0.));
#6293=DIRECTION('',(0.,-1.,0.));
#6294=DIRECTION('',(0.,0.,1.));
#6295=DIRECTION('',(0.,-1.,0.));
#6296=DIRECTION('',(0.,0.,1.));
#6297=DIRECTION('',(0.,-1.,0.));
#6298=DIRECTION('',(0.,0.,1.));
#6299=DIRECTION('',(0.,-1.,0.));
#6300=DIRECTION('',(0.,0.,1.));
#6301=DIRECTION('',(0.,-1.,0.));
#6302=DIRECTION('',(0.,0.,1.));
#6303=DIRECTION('',(0.,-1.,0.));
#6304=DIRECTION('',(0.,0.,1.));
#6305=DIRECTION('',(0.,0.,-1.));
#6306=DIRECTION('',(0.,-1.,0.));
#6307=DIRECTION('',(-1.,0.,0.));
#6308=DIRECTION('',(0.,1.,0.));
#6309=DIRECTION('',(1.,0.,0.));
#6310=DIRECTION('',(0.,-1.,0.));
#6311=DIRECTION('',(-1.,0.,0.));
#6312=DIRECTION('',(-0.999999960967568,0.,0.00027940090006473));
#6313=DIRECTION('',(0.,0.,-1.));
#6314=DIRECTION('',(0.,-1.,0.));
#6315=DIRECTION('',(-1.,0.,0.));
#6316=DIRECTION('',(0.,1.,0.));
#6317=DIRECTION('',(1.,0.,0.));
#6318=DIRECTION('',(0.,-1.,0.));
#6319=DIRECTION('',(-1.,0.,0.));
#6320=DIRECTION('',(-1.,0.,0.));
#6321=DIRECTION('',(0.,-1.,0.));
#6322=DIRECTION('',(-1.,0.,0.));
#6323=DIRECTION('',(0.,1.,0.));
#6324=DIRECTION('',(1.,0.,0.));
#6325=DIRECTION('',(0.,-1.,0.));
#6326=DIRECTION('',(-1.,0.,0.));
#6327=DIRECTION('',(0.,0.,1.));
#6328=DIRECTION('',(0.,-1.,0.));
#6329=DIRECTION('',(-1.,0.,0.));
#6330=DIRECTION('',(0.,1.,0.));
#6331=DIRECTION('',(1.,0.,0.));
#6332=DIRECTION('',(0.706920520121721,0.,0.707292993200721));
#6333=DIRECTION('',(0.,-1.,0.));
#6334=DIRECTION('',(-1.,0.,0.));
#6335=DIRECTION('',(1.,0.,0.));
#6336=DIRECTION('',(0.,0.,-1.));
#6337=DIRECTION('',(1.,0.,0.));
#6338=DIRECTION('',(0.,0.,-1.));
#6339=DIRECTION('',(1.,0.,0.));
#6340=DIRECTION('',(0.,1.,0.));
#6341=DIRECTION('',(1.,0.,0.));
#6342=DIRECTION('',(0.,-1.,0.));
#6343=DIRECTION('',(-1.,0.,0.));
#6344=DIRECTION('',(0.707148343580997,0.,-0.707065216348996));
#6345=DIRECTION('',(0.999999999214468,0.,3.96366544426576E-5));
#6346=DIRECTION('',(0.,-1.,0.));
#6347=DIRECTION('',(-1.,0.,0.));
#6348=DIRECTION('',(0.,0.,-1.));
#6349=DIRECTION('',(1.,0.,0.));
#6350=DIRECTION('',(0.,-1.,0.));
#6351=DIRECTION('',(-1.,0.,0.));
#6352=DIRECTION('',(0.,1.,0.));
#6353=DIRECTION('',(1.,0.,0.));
#6354=DIRECTION('',(0.,-1.,0.));
#6355=DIRECTION('',(-1.,0.,0.));
#6356=DIRECTION('',(0.,1.,0.));
#6357=DIRECTION('',(1.,0.,0.));
#6358=DIRECTION('',(1.,0.,0.));
#6359=DIRECTION('',(0.,1.,0.));
#6360=DIRECTION('',(1.,0.,0.));
#6361=DIRECTION('',(0.,0.,1.));
#6362=DIRECTION('',(0.,1.,0.));
#6363=DIRECTION('',(1.,0.,0.));
#6364=DIRECTION('',(1.,0.,0.));
#6365=DIRECTION('',(0.,1.,0.));
#6366=DIRECTION('',(1.,0.,0.));
#6367=DIRECTION('',(0.,0.,1.));
#6368=DIRECTION('',(0.,1.,0.));
#6369=DIRECTION('',(1.,0.,0.));
#6370=DIRECTION('',(1.,0.,0.));
#6371=DIRECTION('',(0.,1.,0.));
#6372=DIRECTION('',(1.,0.,0.));
#6373=DIRECTION('',(0.,0.,1.));
#6374=DIRECTION('',(0.,1.,0.));
#6375=DIRECTION('',(1.,0.,0.));
#6376=DIRECTION('',(1.,0.,0.));
#6377=DIRECTION('',(0.,1.,0.));
#6378=DIRECTION('',(1.,0.,0.));
#6379=DIRECTION('',(0.,0.,1.));
#6380=DIRECTION('',(0.,1.,0.));
#6381=DIRECTION('',(1.,0.,0.));
#6382=DIRECTION('',(1.,0.,0.));
#6383=DIRECTION('',(0.,1.,0.));
#6384=DIRECTION('',(1.,0.,0.));
#6385=DIRECTION('',(0.,0.,1.));
#6386=DIRECTION('',(0.,1.,0.));
#6387=DIRECTION('',(1.,0.,0.));
#6388=DIRECTION('',(1.,0.,0.));
#6389=DIRECTION('',(0.,1.,0.));
#6390=DIRECTION('',(1.,0.,0.));
#6391=DIRECTION('',(0.,0.,1.));
#6392=DIRECTION('',(0.,1.,0.));
#6393=DIRECTION('',(1.,0.,0.));
#6394=DIRECTION('',(1.,0.,0.));
#6395=DIRECTION('',(0.,1.,0.));
#6396=DIRECTION('',(1.,0.,0.));
#6397=DIRECTION('',(0.,0.,1.));
#6398=DIRECTION('',(0.,1.,0.));
#6399=DIRECTION('',(1.,0.,0.));
#6400=DIRECTION('',(1.,0.,0.));
#6401=DIRECTION('',(0.,1.,0.));
#6402=DIRECTION('',(1.,0.,0.));
#6403=DIRECTION('',(0.,0.,1.));
#6404=DIRECTION('',(0.,1.,0.));
#6405=DIRECTION('',(1.,0.,0.));
#6406=DIRECTION('',(1.,0.,0.));
#6407=DIRECTION('',(0.,1.,0.));
#6408=DIRECTION('',(1.,0.,0.));
#6409=DIRECTION('',(0.,0.,1.));
#6410=DIRECTION('',(0.,1.,0.));
#6411=DIRECTION('',(1.,0.,0.));
#6412=DIRECTION('',(1.,0.,0.));
#6413=DIRECTION('',(0.,1.,0.));
#6414=DIRECTION('',(1.,0.,0.));
#6415=DIRECTION('',(0.,0.,1.));
#6416=DIRECTION('',(0.,1.,0.));
#6417=DIRECTION('',(1.,0.,0.));
#6418=DIRECTION('',(1.,0.,0.));
#6419=DIRECTION('',(0.,1.,0.));
#6420=DIRECTION('',(1.,0.,0.));
#6421=DIRECTION('',(0.,0.,1.));
#6422=DIRECTION('',(0.,1.,0.));
#6423=DIRECTION('',(1.,0.,0.));
#6424=DIRECTION('',(1.,0.,0.));
#6425=DIRECTION('',(0.,1.,0.));
#6426=DIRECTION('',(1.,0.,0.));
#6427=DIRECTION('',(0.,0.,1.));
#6428=DIRECTION('',(0.,1.,0.));
#6429=DIRECTION('',(1.,0.,0.));
#6430=DIRECTION('',(1.,0.,0.));
#6431=DIRECTION('',(0.,1.,0.));
#6432=DIRECTION('',(1.,0.,0.));
#6433=DIRECTION('',(0.,0.,1.));
#6434=DIRECTION('',(0.,1.,0.));
#6435=DIRECTION('',(1.,0.,0.));
#6436=DIRECTION('',(1.,0.,0.));
#6437=DIRECTION('',(0.,1.,0.));
#6438=DIRECTION('',(1.,0.,0.));
#6439=DIRECTION('',(0.,0.,1.));
#6440=DIRECTION('',(0.,1.,0.));
#6441=DIRECTION('',(1.,0.,0.));
#6442=DIRECTION('',(1.,0.,0.));
#6443=DIRECTION('',(0.,1.,0.));
#6444=DIRECTION('',(1.,0.,0.));
#6445=DIRECTION('',(0.,0.,1.));
#6446=DIRECTION('',(0.,1.,0.));
#6447=DIRECTION('',(1.,0.,0.));
#6448=DIRECTION('',(1.,0.,0.));
#6449=DIRECTION('',(0.,1.,0.));
#6450=DIRECTION('',(1.,0.,0.));
#6451=DIRECTION('',(0.,0.,1.));
#6452=DIRECTION('',(0.,1.,0.));
#6453=DIRECTION('',(1.,0.,0.));
#6454=DIRECTION('',(1.,0.,0.));
#6455=DIRECTION('',(0.,1.,0.));
#6456=DIRECTION('',(1.,0.,0.));
#6457=DIRECTION('',(0.,0.,1.));
#6458=DIRECTION('',(0.,1.,0.));
#6459=DIRECTION('',(1.,0.,0.));
#6460=DIRECTION('',(1.,0.,0.));
#6461=DIRECTION('',(0.,1.,0.));
#6462=DIRECTION('',(1.,0.,0.));
#6463=DIRECTION('',(0.,0.,1.));
#6464=DIRECTION('',(0.,1.,0.));
#6465=DIRECTION('',(1.,0.,0.));
#6466=DIRECTION('',(1.,0.,0.));
#6467=DIRECTION('',(0.,1.,0.));
#6468=DIRECTION('',(1.,0.,0.));
#6469=DIRECTION('',(0.,0.,1.));
#6470=DIRECTION('',(0.,1.,0.));
#6471=DIRECTION('',(1.,0.,0.));
#6472=DIRECTION('',(1.,0.,0.));
#6473=DIRECTION('',(0.,1.,0.));
#6474=DIRECTION('',(1.,0.,0.));
#6475=DIRECTION('',(0.,0.,1.));
#6476=DIRECTION('',(0.,1.,0.));
#6477=DIRECTION('',(1.,0.,0.));
#6478=DIRECTION('',(1.,0.,0.));
#6479=DIRECTION('',(0.,1.,0.));
#6480=DIRECTION('',(1.,0.,0.));
#6481=DIRECTION('',(0.,0.,1.));
#6482=DIRECTION('',(0.,1.,0.));
#6483=DIRECTION('',(1.,0.,0.));
#6484=DIRECTION('',(1.,0.,0.));
#6485=DIRECTION('',(0.,1.,0.));
#6486=DIRECTION('',(1.,0.,0.));
#6487=DIRECTION('',(0.,0.,1.));
#6488=DIRECTION('',(0.,1.,0.));
#6489=DIRECTION('',(1.,0.,0.));
#6490=DIRECTION('',(1.,0.,0.));
#6491=DIRECTION('',(0.,1.,0.));
#6492=DIRECTION('',(1.,0.,0.));
#6493=DIRECTION('',(0.,0.,1.));
#6494=DIRECTION('',(0.,1.,0.));
#6495=DIRECTION('',(1.,0.,0.));
#6496=DIRECTION('',(1.,0.,0.));
#6497=DIRECTION('',(0.,1.,0.));
#6498=DIRECTION('',(1.,0.,0.));
#6499=DIRECTION('',(0.,0.,1.));
#6500=DIRECTION('',(0.,1.,0.));
#6501=DIRECTION('',(1.,0.,0.));
#6502=DIRECTION('',(1.,0.,0.));
#6503=DIRECTION('',(0.,1.,0.));
#6504=DIRECTION('',(1.,0.,0.));
#6505=DIRECTION('',(0.,0.,1.));
#6506=DIRECTION('',(0.,1.,0.));
#6507=DIRECTION('',(1.,0.,0.));
#6508=DIRECTION('',(1.,0.,0.));
#6509=DIRECTION('',(0.,1.,0.));
#6510=DIRECTION('',(1.,0.,0.));
#6511=DIRECTION('',(0.,0.,1.));
#6512=DIRECTION('',(0.,1.,0.));
#6513=DIRECTION('',(1.,0.,0.));
#6514=DIRECTION('',(1.,0.,0.));
#6515=DIRECTION('',(0.,1.,0.));
#6516=DIRECTION('',(1.,0.,0.));
#6517=DIRECTION('',(0.,0.,1.));
#6518=DIRECTION('',(0.,1.,0.));
#6519=DIRECTION('',(1.,0.,0.));
#6520=DIRECTION('',(1.,0.,0.));
#6521=DIRECTION('',(0.,1.,0.));
#6522=DIRECTION('',(1.,0.,0.));
#6523=DIRECTION('',(0.,0.,1.));
#6524=DIRECTION('',(0.,1.,0.));
#6525=DIRECTION('',(1.,0.,0.));
#6526=DIRECTION('',(0.999999247821105,0.,0.00122652241115455));
#6527=DIRECTION('',(0.,1.,0.));
#6528=DIRECTION('',(1.,0.,0.));
#6529=DIRECTION('',(0.,0.,1.));
#6530=DIRECTION('',(0.,1.,0.));
#6531=DIRECTION('',(1.,0.,0.));
#6532=DIRECTION('',(1.,0.,0.));
#6533=DIRECTION('',(0.,1.,0.));
#6534=DIRECTION('',(1.,0.,0.));
#6535=DIRECTION('',(0.,0.,1.));
#6536=DIRECTION('',(0.,1.,0.));
#6537=DIRECTION('',(1.,0.,0.));
#6538=DIRECTION('',(1.,0.,0.));
#6539=DIRECTION('',(0.,1.,0.));
#6540=DIRECTION('',(1.,0.,0.));
#6541=DIRECTION('',(0.,0.,1.));
#6542=DIRECTION('',(0.,1.,0.));
#6543=DIRECTION('',(1.,0.,0.));
#6544=DIRECTION('',(1.,0.,0.));
#6545=DIRECTION('',(0.,1.,0.));
#6546=DIRECTION('',(1.,0.,0.));
#6547=DIRECTION('',(0.,0.,1.));
#6548=DIRECTION('',(0.,0.,1.));
#6549=DIRECTION('',(1.,0.,0.));
#6550=DIRECTION('',(0.,0.,1.));
#6551=DIRECTION('',(1.,0.,0.));
#6552=DIRECTION('',(0.,0.,-1.));
#6553=DIRECTION('',(0.,1.,0.));
#6554=DIRECTION('',(0.,1.,0.));
#6555=DIRECTION('',(1.,0.,0.));
#6556=DIRECTION('',(0.,-1.,0.));
#6557=DIRECTION('',(1.,0.,0.));
#6558=DIRECTION('',(0.,0.,-1.));
#6559=DIRECTION('',(0.,1.,0.));
#6560=DIRECTION('',(0.,-1.,0.));
#6561=DIRECTION('',(1.,0.,0.));
#6562=DIRECTION('',(0.,1.,0.));
#6563=DIRECTION('',(1.,0.,0.));
#6564=DIRECTION('',(-1.,0.,0.));
#6565=DIRECTION('',(0.,1.,0.));
#6566=DIRECTION('',(0.,0.,1.));
#6567=DIRECTION('',(0.,1.,0.));
#6568=DIRECTION('',(0.,0.,1.));
#6569=DIRECTION('',(0.,1.,0.));
#6570=DIRECTION('',(0.,0.,1.));
#6571=DIRECTION('',(0.,-1.,0.));
#6572=DIRECTION('',(1.,0.,0.));
#6573=DIRECTION('',(0.,1.,0.));
#6574=DIRECTION('',(1.,0.,0.));
#6575=DIRECTION('',(0.,1.,0.));
#6576=DIRECTION('',(1.,0.,0.));
#6577=DIRECTION('',(0.,-1.,0.));
#6578=DIRECTION('',(0.,0.,-1.));
#6579=DIRECTION('',(0.,1.,0.));
#6580=DIRECTION('',(0.,0.,-1.));
#6581=DIRECTION('',(0.,1.,0.));
#6582=DIRECTION('',(-0.00027940090006412,0.,-0.999999960967568));
#6583=DIRECTION('',(-0.999999960967568,0.,0.00027940090006412));
#6584=DIRECTION('',(-0.999999960967568,0.,0.000279400900064399));
#6585=DIRECTION('',(0.,1.,0.));
#6586=DIRECTION('',(-0.999999960967568,0.,0.00027940090006412));
#6587=DIRECTION('',(0.,0.,-1.));
#6588=DIRECTION('',(0.,1.,0.));
#6589=DIRECTION('',(-1.,0.,0.));
#6590=DIRECTION('',(0.,1.,0.));
#6591=DIRECTION('',(-1.,0.,0.));
#6592=DIRECTION('',(0.,1.,0.));
#6593=DIRECTION('',(0.,1.,0.));
#6594=DIRECTION('',(1.,0.,0.));
#6595=DIRECTION('',(0.,-1.,0.));
#6596=DIRECTION('',(0.,0.,1.));
#6597=DIRECTION('',(0.,1.,0.));
#6598=DIRECTION('',(1.,0.,0.));
#6599=DIRECTION('',(0.,-1.,0.));
#6600=DIRECTION('',(0.,0.,1.));
#6601=DIRECTION('',(0.,1.,0.));
#6602=DIRECTION('',(1.,0.,0.));
#6603=DIRECTION('',(0.,-1.,0.));
#6604=DIRECTION('',(0.,0.,1.));
#6605=DIRECTION('',(0.,1.,0.));
#6606=DIRECTION('',(1.,0.,0.));
#6607=DIRECTION('',(0.,-1.,0.));
#6608=DIRECTION('',(0.,0.,1.));
#6609=DIRECTION('',(0.,1.,0.));
#6610=DIRECTION('',(1.,0.,0.));
#6611=DIRECTION('',(0.,-1.,0.));
#6612=DIRECTION('',(0.,0.,1.));
#6613=DIRECTION('',(0.,1.,0.));
#6614=DIRECTION('',(1.,0.,0.));
#6615=DIRECTION('',(0.,-1.,0.));
#6616=DIRECTION('',(0.,0.,1.));
#6617=DIRECTION('',(0.,-1.,0.));
#6618=DIRECTION('',(1.,0.,0.));
#6619=DIRECTION('',(0.,0.,1.));
#6620=DIRECTION('',(1.,0.,0.));
#6621=DIRECTION('',(0.,-1.,0.));
#6622=DIRECTION('',(0.0431399658871518,0.,-0.999069038326809));
#6623=DIRECTION('',(0.706920520121721,0.,0.707292993200721));
#6624=DIRECTION('',(0.,-1.,0.));
#6625=DIRECTION('',(-1.,0.,0.));
#6626=DIRECTION('',(0.,1.,0.));
#6627=DIRECTION('',(1.,0.,0.));
#6628=DIRECTION('',(6.96133253188997E-23,0.,1.));
#6629=DIRECTION('',(0.,-1.,0.));
#6630=DIRECTION('',(0.999996024381661,0.,-0.00281979092708305));
#6631=DIRECTION('',(-1.,0.,0.));
#6632=DIRECTION('',(0.,-1.,0.));
#6633=DIRECTION('',(7.47075763375392E-7,0.,0.999999999999721));
#6634=DIRECTION('',(0.,0.,-1.));
#6635=DIRECTION('',(0.,1.,0.));
#6636=DIRECTION('',(0.999999999999721,0.,7.47075727848292E-7));
#6637=DIRECTION('',(-0.999999960967568,0.,0.00027940090006478));
#6638=DIRECTION('',(0.,-1.,0.));
#6639=DIRECTION('',(7.47075742059092E-7,0.,0.999999999999721));
#6640=DIRECTION('',(0.,0.,-1.));
#6641=DIRECTION('',(0.,-1.,0.));
#6642=DIRECTION('',(-0.999999947120777,0.,0.000325205231752628));
#6643=DIRECTION('',(1.,0.,0.));
#6644=DIRECTION('',(0.,1.,0.));
#6645=DIRECTION('',(-7.47075749164592E-7,0.,0.999999999999721));
#6646=DIRECTION('',(0.,0.,-1.));
#6647=DIRECTION('',(0.,1.,0.));
#6648=DIRECTION('',(1.,0.,0.));
#6649=DIRECTION('',(0.999999999214468,0.,3.96366544425685E-5));
#6650=DIRECTION('',(0.,1.,0.));
#6651=DIRECTION('',(1.,0.,0.));
#6652=DIRECTION('',(0.707148343580996,0.,-0.707065216348996));
#6653=DIRECTION('',(0.,-1.,0.));
#6654=DIRECTION('',(-0.780515041402364,0.,-0.625137001100292));
#6655=DIRECTION('',(0.,-1.,0.));
#6656=DIRECTION('',(-1.,0.,0.));
#6657=DIRECTION('',(0.,0.,1.));
#6658=DIRECTION('',(0.,-1.,0.));
#6659=DIRECTION('',(-1.,0.,0.));
#6660=DIRECTION('',(0.,-1.,0.));
#6661=DIRECTION('',(-1.,0.,0.));
#6662=DIRECTION('',(0.,-1.,0.));
#6663=DIRECTION('',(-1.,0.,0.));
#6664=DIRECTION('',(0.,-1.,0.));
#6665=DIRECTION('',(-1.,0.,0.));
#6666=DIRECTION('',(0.,-1.,0.));
#6667=DIRECTION('',(-1.,0.,0.));
#6668=DIRECTION('',(0.,-1.,0.));
#6669=DIRECTION('',(-1.,0.,0.));
#6670=DIRECTION('',(0.,-1.,0.));
#6671=DIRECTION('',(-1.,0.,0.));
#6672=DIRECTION('',(0.,-1.,0.));
#6673=DIRECTION('',(-1.,0.,0.));
#6674=DIRECTION('',(0.,-1.,0.));
#6675=DIRECTION('',(-1.,0.,0.));
#6676=DIRECTION('',(0.,-1.,0.));
#6677=DIRECTION('',(-1.,0.,0.));
#6678=DIRECTION('',(0.,-1.,0.));
#6679=DIRECTION('',(-1.,0.,0.));
#6680=DIRECTION('',(0.,-1.,0.));
#6681=DIRECTION('',(-1.,0.,0.));
#6682=DIRECTION('',(0.,-1.,0.));
#6683=DIRECTION('',(-1.,0.,0.));
#6684=DIRECTION('',(-1.,0.,0.));
#6685=DIRECTION('',(0.,1.,0.));
#6686=DIRECTION('',(0.,-1.,0.));
#6687=DIRECTION('',(0.,0.,-1.));
#6688=DIRECTION('',(0.,-1.,0.));
#6689=DIRECTION('',(0.,0.,-1.));
#6690=DIRECTION('',(0.,-1.,0.));
#6691=DIRECTION('',(-1.,0.,0.));
#6692=DIRECTION('',(0.,-1.,0.));
#6693=DIRECTION('',(-1.,0.,0.));
#6694=DIRECTION('',(0.,-1.,0.));
#6695=DIRECTION('',(0.,-1.,0.));
#6696=DIRECTION('',(-1.,0.,0.));
#6697=DIRECTION('',(3.96366544426576E-5,0.,-0.999999999214468));
#6698=DIRECTION('',(-0.999999999214468,0.,-3.96366544426576E-5));
#6699=DIRECTION('',(0.999999999214468,0.,3.96366544426576E-5));
#6700=DIRECTION('',(0.,-1.,0.));
#6701=DIRECTION('',(0.999999999214468,0.,3.96366544426576E-5));
#6702=DIRECTION('',(-0.707065216348996,0.,-0.707148343580997));
#6703=DIRECTION('',(-0.707148343580997,0.,0.707065216348996));
#6704=DIRECTION('',(0.707148343580997,0.,-0.707065216348996));
#6705=DIRECTION('',(0.,-1.,0.));
#6706=DIRECTION('',(0.707148343580996,0.,-0.707065216348996));
#6707=DIRECTION('',(0.,-1.,0.));
#6708=DIRECTION('',(-1.,0.,0.));
#6709=DIRECTION('',(0.,-1.,0.));
#6710=DIRECTION('',(-1.,0.,0.));
#6711=DIRECTION('',(0.,-1.,0.));
#6712=DIRECTION('',(0.,-1.,0.));
#6713=DIRECTION('',(-1.,0.,0.));
#6714=DIRECTION('',(0.,0.,-1.));
#6715=DIRECTION('',(0.,1.,0.));
#6716=DIRECTION('',(1.,0.,0.));
#6717=DIRECTION('',(0.,1.,0.));
#6718=DIRECTION('',(1.,0.,0.));
#6719=DIRECTION('',(0.,-1.,0.));
#6720=DIRECTION('',(-1.,0.,0.));
#6721=DIRECTION('',(0.,-1.,0.));
#6722=DIRECTION('',(-1.,0.,0.));
#6723=DIRECTION('',(0.,-1.,0.));
#6724=DIRECTION('',(0.,-1.,0.));
#6725=DIRECTION('',(-1.,0.,0.));
#6726=DIRECTION('',(0.707292993200721,0.,-0.706920520121721));
#6727=DIRECTION('',(-0.706920520121721,0.,-0.707292993200721));
#6728=DIRECTION('',(0.706920520121721,0.,0.707292993200721));
#6729=DIRECTION('',(0.,-1.,0.));
#6730=DIRECTION('',(0.706920520121721,0.,0.707292993200721));
#6731=DIRECTION('',(0.,-1.,0.));
#6732=DIRECTION('',(-1.,0.,0.));
#6733=DIRECTION('',(0.,-1.,0.));
#6734=DIRECTION('',(-1.,0.,0.));
#6735=DIRECTION('',(0.,-1.,0.));
#6736=DIRECTION('',(0.,-1.,0.));
#6737=DIRECTION('',(-1.,0.,0.));
#6738=DIRECTION('',(1.,0.,0.));
#6739=DIRECTION('',(0.,-1.,0.));
#6740=DIRECTION('',(0.,0.,1.));
#6741=DIRECTION('',(0.,-1.,0.));
#6742=DIRECTION('',(0.,0.,1.));
#6743=DIRECTION('',(0.,-1.,0.));
#6744=DIRECTION('',(-1.,0.,0.));
#6745=DIRECTION('',(0.,-1.,0.));
#6746=DIRECTION('',(-1.,0.,0.));
#6747=DIRECTION('',(0.,-1.,0.));
#6748=DIRECTION('',(0.,-1.,0.));
#6749=DIRECTION('',(-1.,0.,0.));
#6750=DIRECTION('',(0.,0.,1.));
#6751=DIRECTION('',(0.,-1.,0.));
#6752=DIRECTION('',(-1.,0.,0.));
#6753=DIRECTION('',(0.,-1.,0.));
#6754=DIRECTION('',(-1.,0.,0.));
#6755=DIRECTION('',(0.,-1.,0.));
#6756=DIRECTION('',(-1.,0.,0.));
#6757=DIRECTION('',(0.,-1.,0.));
#6758=DIRECTION('',(-1.,0.,0.));
#6759=DIRECTION('',(0.,-1.,0.));
#6760=DIRECTION('',(0.,-1.,0.));
#6761=DIRECTION('',(-1.,0.,0.));
#6762=DIRECTION('',(-1.,0.,0.));
#6763=DIRECTION('',(0.,1.,0.));
#6764=DIRECTION('',(0.,0.,-1.));
#6765=DIRECTION('',(0.,-1.,0.));
#6766=DIRECTION('',(0.,0.,-1.));
#6767=DIRECTION('',(0.00027940090006473,0.,0.999999960967568));
#6768=DIRECTION('',(0.999999960967568,0.,-0.00027940090006473));
#6769=DIRECTION('',(-0.999999960967568,0.,0.00027940090006473));
#6770=DIRECTION('',(0.,-1.,0.));
#6771=DIRECTION('',(-0.999999960967568,0.,0.00027940090006473));
#6772=DIRECTION('',(0.,-1.,0.));
#6773=DIRECTION('',(-1.,0.,0.));
#6774=DIRECTION('',(0.,-1.,0.));
#6775=DIRECTION('',(-1.,0.,0.));
#6776=DIRECTION('',(0.,-1.,0.));
#6777=DIRECTION('',(0.,-1.,0.));
#6778=DIRECTION('',(-1.,0.,0.));
#6779=DIRECTION('',(-1.,0.,0.));
#6780=DIRECTION('',(0.,1.,0.));
#6781=DIRECTION('',(0.,0.,-1.));
#6782=DIRECTION('',(0.,-1.,0.));
#6783=DIRECTION('',(0.,0.,-1.));
#6784=DIRECTION('',(0.,-1.,0.));
#6785=DIRECTION('',(-1.,0.,0.));
#6786=DIRECTION('',(0.,-1.,0.));
#6787=DIRECTION('',(-1.,0.,0.));
#6788=DIRECTION('',(0.,-1.,0.));
#6789=DIRECTION('',(0.,-1.,0.));
#6790=DIRECTION('',(-1.,0.,0.));
#6791=DIRECTION('',(-1.,0.,0.));
#6792=DIRECTION('',(0.,1.,0.));
#6793=DIRECTION('',(0.,-1.,0.));
#6794=DIRECTION('',(0.,0.,-1.));
#6795=DIRECTION('',(0.,-1.,0.));
#6796=DIRECTION('',(0.,-1.,0.));
#6797=DIRECTION('',(-1.,0.,0.));
#6798=DIRECTION('',(0.,-1.,0.));
#6799=DIRECTION('',(0.,1.,0.));
#6800=DIRECTION('',(-7.47075749164592E-7,0.,0.999999999999721));
#6801=DIRECTION('',(0.,0.,-1.));
#6802=DIRECTION('',(0.,1.,0.));
#6803=DIRECTION('',(0.,-1.,0.));
#6804=DIRECTION('',(1.,0.,0.));
#6805=DIRECTION('',(0.,-1.,0.));
#6806=DIRECTION('',(-1.,0.,0.));
#6807=DIRECTION('',(0.,-1.,0.));
#6808=DIRECTION('',(0.,-1.,0.));
#6809=DIRECTION('',(-0.999999947120777,0.,0.000325205231752628));
#6810=DIRECTION('',(-1.,0.,0.));
#6811=DIRECTION('',(0.,1.,0.));
#6812=DIRECTION('',(0.,-1.,0.));
#6813=DIRECTION('',(0.,0.,-1.));
#6814=DIRECTION('',(0.,-1.,0.));
#6815=DIRECTION('',(-1.,0.,0.));
#6816=DIRECTION('',(0.,-1.,0.));
#6817=DIRECTION('',(0.,-1.,0.));
#6818=DIRECTION('',(7.47075742059092E-7,0.,0.999999999999721));
#6819=DIRECTION('',(0.00027940090006478,0.,0.999999960967568));
#6820=DIRECTION('',(0.999999960967568,0.,-0.00027940090006478));
#6821=DIRECTION('',(0.,-1.,0.));
#6822=DIRECTION('',(-0.999999960967568,0.,0.00027940090006478));
#6823=DIRECTION('',(0.,-1.,0.));
#6824=DIRECTION('',(-1.,0.,0.));
#6825=DIRECTION('',(0.,-1.,0.));
#6826=DIRECTION('',(0.,1.,0.));
#6827=DIRECTION('',(0.999999999999721,0.,7.47075727848292E-7));
#6828=DIRECTION('',(-1.,0.,0.));
#6829=DIRECTION('',(0.,1.,0.));
#6830=DIRECTION('',(0.,-1.,0.));
#6831=DIRECTION('',(0.,0.,-1.));
#6832=DIRECTION('',(0.,-1.,0.));
#6833=DIRECTION('',(-1.,0.,0.));
#6834=DIRECTION('',(0.,-1.,0.));
#6835=DIRECTION('',(0.,-1.,0.));
#6836=DIRECTION('',(7.47075763375392E-7,0.,0.999999999999721));
#6837=DIRECTION('',(0.,0.,1.));
#6838=DIRECTION('',(0.,-1.,0.));
#6839=DIRECTION('',(0.,-1.,0.));
#6840=DIRECTION('',(-1.,0.,0.));
#6841=DIRECTION('',(0.,-1.,0.));
#6842=DIRECTION('',(-1.,0.,0.));
#6843=DIRECTION('',(0.,-1.,0.));
#6844=DIRECTION('',(0.,-1.,0.));
#6845=DIRECTION('',(0.999996024381661,0.,-0.00281979092708305));
#6846=DIRECTION('',(1.,0.,-6.96133253188997E-23));
#6847=DIRECTION('',(-6.96133253188997E-23,0.,-1.));
#6848=DIRECTION('',(0.,-1.,0.));
#6849=DIRECTION('',(6.96133253188997E-23,0.,1.));
#6850=DIRECTION('',(0.,-1.,0.));
#6851=DIRECTION('',(-1.,0.,0.));
#6852=DIRECTION('',(0.,1.,0.));
#6853=DIRECTION('',(0.,1.,0.));
#6854=DIRECTION('',(1.,0.,0.));
#6855=DIRECTION('',(0.707292993200721,0.,-0.706920520121721));
#6856=DIRECTION('',(-0.706920520121721,0.,-0.707292993200721));
#6857=DIRECTION('',(0.706920520121721,0.,0.707292993200721));
#6858=DIRECTION('',(0.,1.,0.));
#6859=DIRECTION('',(0.,-1.,0.));
#6860=DIRECTION('',(0.,-1.,0.));
#6861=DIRECTION('',(-1.,0.,0.));
#6862=DIRECTION('',(0.,-1.,0.));
#6863=DIRECTION('',(0.,-1.,0.));
#6864=DIRECTION('',(0.0431399658871518,0.,-0.999069038326809));
#6865=DIRECTION('',(0.,0.,-1.));
#6866=DIRECTION('',(0.,1.,0.));
#6867=DIRECTION('',(0.,-1.,0.));
#6868=DIRECTION('',(1.,0.,0.));
#6869=DIRECTION('',(0.,-1.,0.));
#6870=DIRECTION('',(-1.,0.,0.));
#6871=DIRECTION('',(0.,-1.,0.));
#6872=DIRECTION('',(-0.780515041402364,0.,-0.625137001100292));
#6873=DIRECTION('',(0.,1.,0.));
#6874=DIRECTION('',(0.,-1.,0.));
#6875=DIRECTION('',(-0.707065216348996,0.,-0.707148343580996));
#6876=DIRECTION('',(-0.707148343580996,0.,0.707065216348997));
#6877=DIRECTION('',(0.,-1.,0.));
#6878=DIRECTION('',(0.707148343580996,0.,-0.707065216348996));
#6879=DIRECTION('',(0.,-1.,0.));
#6880=DIRECTION('',(-1.,0.,0.));
#6881=DIRECTION('',(0.,-1.,0.));
#6882=DIRECTION('',(0.,1.,0.));
#6883=DIRECTION('',(1.,0.,0.));
#6884=DIRECTION('',(3.96366544425685E-5,0.,-0.999999999214468));
#6885=DIRECTION('',(-0.999999999214468,0.,-3.96366544425685E-5));
#6886=DIRECTION('',(0.,-1.,0.));
#6887=DIRECTION('',(0.999999999214468,0.,3.96366544425685E-5));
#6888=DIRECTION('',(0.,-1.,0.));
#6889=DIRECTION('',(-1.,0.,0.));
#6890=DIRECTION('',(0.,1.,0.));
#6891=DIRECTION('',(1.,0.,0.));
#6892=DIRECTION('',(0.,0.,-1.));
#6893=DIRECTION('',(0.,1.,0.));
#6894=DIRECTION('',(1.,0.,0.));
#6895=DIRECTION('',(1.,0.,0.));
#6896=DIRECTION('',(0.,-1.,0.));
#6897=DIRECTION('',(1.,0.,0.));
#6898=DIRECTION('',(0.,0.,1.));
#6899=DIRECTION('',(0.,0.,1.));
#6900=DIRECTION('',(0.,-1.,0.));
#6901=DIRECTION('',(-1.,0.,0.));
#6902=DIRECTION('',(0.,-1.,0.));
#6903=DIRECTION('',(-1.,0.,0.));
#6904=DIRECTION('',(0.,-1.,0.));
#6905=DIRECTION('',(-1.,0.,0.));
#6906=DIRECTION('',(0.,-1.,0.));
#6907=DIRECTION('',(-1.,0.,0.));
#6908=DIRECTION('',(0.,-1.,0.));
#6909=DIRECTION('',(-1.,0.,0.));
#6910=DIRECTION('',(0.,-1.,0.));
#6911=DIRECTION('',(-1.,0.,0.));
#6912=DIRECTION('',(0.,1.,0.));
#6913=DIRECTION('',(1.,0.,0.));
#6914=DIRECTION('',(0.,1.,0.));
#6915=DIRECTION('',(1.,0.,0.));
#6916=DIRECTION('',(0.,1.,0.));
#6917=DIRECTION('',(1.,0.,0.));
#6918=DIRECTION('',(0.,1.,0.));
#6919=DIRECTION('',(1.,0.,0.));
#6920=DIRECTION('',(0.,1.,0.));
#6921=DIRECTION('',(1.,0.,0.));
#6922=DIRECTION('',(0.,1.,0.));
#6923=DIRECTION('',(1.,0.,0.));
#6924=DIRECTION('',(0.,1.,0.));
#6925=DIRECTION('',(1.,0.,0.));
#6926=DIRECTION('',(0.,1.,0.));
#6927=DIRECTION('',(0.,1.,0.));
#6928=DIRECTION('',(1.,0.,0.));
#6929=DIRECTION('',(0.,-1.,0.));
#6930=DIRECTION('',(-1.,0.,0.));
#6931=DIRECTION('',(0.,1.,0.));
#6932=DIRECTION('',(1.,0.,0.));
#6933=DIRECTION('',(0.,-1.,0.));
#6934=DIRECTION('',(-1.,0.,0.));
#6935=DIRECTION('',(0.,1.,0.));
#6936=DIRECTION('',(1.,0.,0.));
#6937=DIRECTION('',(0.,-1.,0.));
#6938=DIRECTION('',(-1.,0.,0.));
#6939=DIRECTION('',(0.,1.,0.));
#6940=DIRECTION('',(1.,0.,0.));
#6941=DIRECTION('',(0.,-1.,0.));
#6942=DIRECTION('',(-1.,0.,0.));
#6943=DIRECTION('',(0.,1.,0.));
#6944=DIRECTION('',(1.,0.,0.));
#6945=DIRECTION('',(0.,-1.,0.));
#6946=DIRECTION('',(0.,-1.,0.));
#6947=DIRECTION('',(-1.,0.,0.));
#6948=DIRECTION('',(0.,-1.,0.));
#6949=DIRECTION('',(0.,1.,0.));
#6950=DIRECTION('',(1.,0.,0.));
#6951=DIRECTION('',(0.,-1.,0.));
#6952=DIRECTION('',(-1.,0.,0.));
#6953=DIRECTION('',(0.,1.,0.));
#6954=DIRECTION('',(1.,0.,0.));
#6955=DIRECTION('',(0.,1.,0.));
#6956=DIRECTION('',(1.,0.,0.));
#6957=DIRECTION('',(0.,1.,0.));
#6958=DIRECTION('',(1.,0.,0.));
#6959=DIRECTION('',(0.,1.,0.));
#6960=DIRECTION('',(0.,-1.,0.));
#6961=DIRECTION('',(-1.,0.,0.));
#6962=DIRECTION('',(0.,1.,0.));
#6963=DIRECTION('',(1.,0.,0.));
#6964=DIRECTION('',(0.,1.,0.));
#6965=DIRECTION('',(1.,0.,0.));
#6966=DIRECTION('',(0.,1.,0.));
#6967=DIRECTION('',(1.,0.,0.));
#6968=DIRECTION('',(0.,1.,0.));
#6969=DIRECTION('',(1.,0.,0.));
#6970=DIRECTION('',(0.,1.,0.));
#6971=DIRECTION('',(1.,0.,0.));
#6972=DIRECTION('',(0.,1.,0.));
#6973=DIRECTION('',(1.,0.,0.));
#6974=DIRECTION('',(0.,1.,0.));
#6975=DIRECTION('',(1.,0.,0.));
#6976=DIRECTION('',(0.,1.,0.));
#6977=DIRECTION('',(1.,0.,0.));
#6978=DIRECTION('',(0.,1.,0.));
#6979=DIRECTION('',(1.,0.,0.));
#6980=DIRECTION('',(1.,0.,0.));
#6981=DIRECTION('',(0.,-1.,0.));
#6982=DIRECTION('',(1.,0.,0.));
#6983=DIRECTION('',(0.,-1.,0.));
#6984=DIRECTION('',(0.,1.,0.));
#6985=DIRECTION('',(1.,0.,0.));
#6986=DIRECTION('',(0.,-1.,0.));
#6987=DIRECTION('',(1.,0.,0.));
#6988=DIRECTION('',(0.,-1.,0.));
#6989=DIRECTION('',(0.,1.,0.));
#6990=DIRECTION('',(0.,0.,1.));
#6991=DIRECTION('',(0.,-1.,0.));
#6992=DIRECTION('',(1.,0.,0.));
#6993=DIRECTION('',(-1.,0.,0.));
#6994=DIRECTION('',(0.,1.,0.));
#6995=DIRECTION('',(0.,1.,0.));
#6996=DIRECTION('',(0.,0.,1.));
#6997=DIRECTION('',(0.,1.,0.));
#6998=DIRECTION('',(0.,0.,1.));
#6999=DIRECTION('',(0.,-1.,0.));
#7000=DIRECTION('',(1.,0.,0.));
#7001=DIRECTION('',(0.,1.,0.));
#7002=DIRECTION('',(-1.,0.,0.));
#7003=DIRECTION('',(0.,1.,0.));
#7004=DIRECTION('',(0.,0.,1.));
#7005=DIRECTION('',(0.,1.,0.));
#7006=DIRECTION('',(0.,1.,0.));
#7007=DIRECTION('',(1.,0.,0.));
#7008=DIRECTION('',(0.,1.,0.));
#7009=DIRECTION('',(0.,1.,0.));
#7010=DIRECTION('',(1.,0.,0.));
#7011=DIRECTION('',(0.,1.,0.));
#7012=DIRECTION('',(0.,0.,1.));
#7013=DIRECTION('',(0.,-1.,0.));
#7014=DIRECTION('',(1.,0.,0.));
#7015=DIRECTION('',(0.,1.,0.));
#7016=DIRECTION('',(0.,1.,0.));
#7017=DIRECTION('',(1.,0.,0.));
#7018=DIRECTION('',(0.,1.,0.));
#7019=DIRECTION('',(1.,0.,0.));
#7020=DIRECTION('',(0.,1.,0.));
#7021=DIRECTION('',(-1.,0.,0.));
#7022=DIRECTION('',(0.,1.,0.));
#7023=DIRECTION('',(0.,0.,1.));
#7024=DIRECTION('',(0.,1.,0.));
#7025=DIRECTION('',(0.,1.,0.));
#7026=DIRECTION('',(1.,0.,0.));
#7027=DIRECTION('',(0.,1.,0.));
#7028=DIRECTION('',(1.,0.,0.));
#7029=DIRECTION('',(0.,1.,0.));
#7030=DIRECTION('',(0.,0.,1.));
#7031=DIRECTION('',(0.,-1.,0.));
#7032=DIRECTION('',(1.,0.,0.));
#7033=DIRECTION('',(0.,1.,0.));
#7034=DIRECTION('',(0.,1.,0.));
#7035=DIRECTION('',(1.,0.,0.));
#7036=DIRECTION('',(0.,1.,0.));
#7037=DIRECTION('',(1.,0.,0.));
#7038=DIRECTION('',(0.,1.,0.));
#7039=DIRECTION('',(0.,1.,0.));
#7040=DIRECTION('',(1.,0.,0.));
#7041=DIRECTION('',(0.,1.,0.));
#7042=DIRECTION('',(0.,1.,0.));
#7043=DIRECTION('',(1.,0.,0.));
#7044=DIRECTION('',(0.,1.,0.));
#7045=DIRECTION('',(-0.00122652241115455,0.,0.999999247821105));
#7046=DIRECTION('',(0.999999247821105,0.,0.00122652241115455));
#7047=DIRECTION('',(0.999999247821105,0.,0.00122652241115455));
#7048=DIRECTION('',(0.,1.,0.));
#7049=DIRECTION('',(0.,1.,0.));
#7050=DIRECTION('',(1.,0.,0.));
#7051=DIRECTION('',(0.,1.,0.));
#7052=DIRECTION('',(1.,0.,0.));
#7053=DIRECTION('',(0.,1.,0.));
#7054=DIRECTION('',(-1.,0.,0.));
#7055=DIRECTION('',(0.,1.,0.));
#7056=DIRECTION('',(0.,0.,1.));
#7057=DIRECTION('',(0.,1.,0.));
#7058=DIRECTION('',(0.,1.,0.));
#7059=DIRECTION('',(1.,0.,0.));
#7060=DIRECTION('',(0.,1.,0.));
#7061=DIRECTION('',(1.,0.,0.));
#7062=DIRECTION('',(0.,1.,0.));
#7063=DIRECTION('',(0.,0.,1.));
#7064=DIRECTION('',(0.,-1.,0.));
#7065=DIRECTION('',(1.,0.,0.));
#7066=DIRECTION('',(0.,1.,0.));
#7067=DIRECTION('',(0.,1.,0.));
#7068=DIRECTION('',(1.,0.,0.));
#7069=DIRECTION('',(0.,1.,0.));
#7070=DIRECTION('',(1.,0.,0.));
#7071=DIRECTION('',(0.,1.,0.));
#7072=DIRECTION('',(0.,1.,0.));
#7073=DIRECTION('',(1.,0.,0.));
#7074=DIRECTION('',(0.,1.,0.));
#7075=DIRECTION('',(0.,1.,0.));
#7076=DIRECTION('',(1.,0.,0.));
#7077=DIRECTION('',(0.,1.,0.));
#7078=DIRECTION('',(0.,0.,1.));
#7079=DIRECTION('',(0.,-1.,0.));
#7080=DIRECTION('',(1.,0.,0.));
#7081=DIRECTION('',(0.,1.,0.));
#7082=DIRECTION('',(0.,1.,0.));
#7083=DIRECTION('',(1.,0.,0.));
#7084=DIRECTION('',(0.,1.,0.));
#7085=DIRECTION('',(1.,0.,0.));
#7086=DIRECTION('',(0.,1.,0.));
#7087=DIRECTION('',(-1.,0.,0.));
#7088=DIRECTION('',(0.,1.,0.));
#7089=DIRECTION('',(0.,0.,1.));
#7090=DIRECTION('',(0.,1.,0.));
#7091=DIRECTION('',(0.,1.,0.));
#7092=DIRECTION('',(1.,0.,0.));
#7093=DIRECTION('',(0.,1.,0.));
#7094=DIRECTION('',(1.,0.,0.));
#7095=DIRECTION('',(0.,1.,0.));
#7096=DIRECTION('',(0.,0.,1.));
#7097=DIRECTION('',(0.,-1.,0.));
#7098=DIRECTION('',(1.,0.,0.));
#7099=DIRECTION('',(0.,1.,0.));
#7100=DIRECTION('',(0.,1.,0.));
#7101=DIRECTION('',(1.,0.,0.));
#7102=DIRECTION('',(0.,1.,0.));
#7103=DIRECTION('',(1.,0.,0.));
#7104=DIRECTION('',(0.,1.,0.));
#7105=DIRECTION('',(0.,1.,0.));
#7106=DIRECTION('',(1.,0.,0.));
#7107=DIRECTION('',(0.,1.,0.));
#7108=DIRECTION('',(0.,1.,0.));
#7109=DIRECTION('',(1.,0.,0.));
#7110=DIRECTION('',(0.,1.,0.));
#7111=DIRECTION('',(0.,0.,1.));
#7112=DIRECTION('',(0.,-1.,0.));
#7113=DIRECTION('',(1.,0.,0.));
#7114=DIRECTION('',(0.,1.,0.));
#7115=DIRECTION('',(0.,1.,0.));
#7116=DIRECTION('',(1.,0.,0.));
#7117=DIRECTION('',(0.,1.,0.));
#7118=DIRECTION('',(1.,0.,0.));
#7119=DIRECTION('',(0.,1.,0.));
#7120=DIRECTION('',(-1.,0.,0.));
#7121=DIRECTION('',(0.,1.,0.));
#7122=DIRECTION('',(0.,0.,1.));
#7123=DIRECTION('',(0.,1.,0.));
#7124=DIRECTION('',(0.,1.,0.));
#7125=DIRECTION('',(1.,0.,0.));
#7126=DIRECTION('',(0.,1.,0.));
#7127=DIRECTION('',(1.,0.,0.));
#7128=DIRECTION('',(0.,1.,0.));
#7129=DIRECTION('',(0.,0.,1.));
#7130=DIRECTION('',(0.,-1.,0.));
#7131=DIRECTION('',(1.,0.,0.));
#7132=DIRECTION('',(0.,1.,0.));
#7133=DIRECTION('',(0.,1.,0.));
#7134=DIRECTION('',(1.,0.,0.));
#7135=DIRECTION('',(0.,1.,0.));
#7136=DIRECTION('',(1.,0.,0.));
#7137=DIRECTION('',(0.,1.,0.));
#7138=DIRECTION('',(0.,1.,0.));
#7139=DIRECTION('',(1.,0.,0.));
#7140=DIRECTION('',(0.,1.,0.));
#7141=DIRECTION('',(0.,1.,0.));
#7142=DIRECTION('',(1.,0.,0.));
#7143=DIRECTION('',(0.,1.,0.));
#7144=DIRECTION('',(0.,0.,1.));
#7145=DIRECTION('',(0.,-1.,0.));
#7146=DIRECTION('',(1.,0.,0.));
#7147=DIRECTION('',(0.,1.,0.));
#7148=DIRECTION('',(0.,1.,0.));
#7149=DIRECTION('',(1.,0.,0.));
#7150=DIRECTION('',(0.,1.,0.));
#7151=DIRECTION('',(1.,0.,0.));
#7152=DIRECTION('',(0.,1.,0.));
#7153=DIRECTION('',(-1.,0.,0.));
#7154=DIRECTION('',(0.,1.,0.));
#7155=DIRECTION('',(0.,0.,1.));
#7156=DIRECTION('',(0.,1.,0.));
#7157=DIRECTION('',(0.,1.,0.));
#7158=DIRECTION('',(1.,0.,0.));
#7159=DIRECTION('',(0.,1.,0.));
#7160=DIRECTION('',(1.,0.,0.));
#7161=DIRECTION('',(0.,1.,0.));
#7162=DIRECTION('',(0.,0.,1.));
#7163=DIRECTION('',(0.,-1.,0.));
#7164=DIRECTION('',(1.,0.,0.));
#7165=DIRECTION('',(0.,1.,0.));
#7166=DIRECTION('',(0.,1.,0.));
#7167=DIRECTION('',(1.,0.,0.));
#7168=DIRECTION('',(0.,1.,0.));
#7169=DIRECTION('',(1.,0.,0.));
#7170=DIRECTION('',(0.,1.,0.));
#7171=DIRECTION('',(0.,1.,0.));
#7172=DIRECTION('',(1.,0.,0.));
#7173=DIRECTION('',(0.,1.,0.));
#7174=DIRECTION('',(0.,1.,0.));
#7175=DIRECTION('',(1.,0.,0.));
#7176=DIRECTION('',(0.,1.,0.));
#7177=DIRECTION('',(0.,0.,1.));
#7178=DIRECTION('',(0.,-1.,0.));
#7179=DIRECTION('',(1.,0.,0.));
#7180=DIRECTION('',(0.,1.,0.));
#7181=DIRECTION('',(0.,1.,0.));
#7182=DIRECTION('',(1.,0.,0.));
#7183=DIRECTION('',(0.,1.,0.));
#7184=DIRECTION('',(1.,0.,0.));
#7185=DIRECTION('',(0.,1.,0.));
#7186=DIRECTION('',(-1.,0.,0.));
#7187=DIRECTION('',(0.,1.,0.));
#7188=DIRECTION('',(0.,0.,1.));
#7189=DIRECTION('',(0.,1.,0.));
#7190=DIRECTION('',(0.,1.,0.));
#7191=DIRECTION('',(1.,0.,0.));
#7192=DIRECTION('',(0.,1.,0.));
#7193=DIRECTION('',(1.,0.,0.));
#7194=DIRECTION('',(0.,1.,0.));
#7195=DIRECTION('',(0.,0.,1.));
#7196=DIRECTION('',(0.,-1.,0.));
#7197=DIRECTION('',(1.,0.,0.));
#7198=DIRECTION('',(0.,1.,0.));
#7199=DIRECTION('',(0.,1.,0.));
#7200=DIRECTION('',(1.,0.,0.));
#7201=DIRECTION('',(0.,1.,0.));
#7202=DIRECTION('',(1.,0.,0.));
#7203=DIRECTION('',(0.,1.,0.));
#7204=DIRECTION('',(0.,1.,0.));
#7205=DIRECTION('',(1.,0.,0.));
#7206=DIRECTION('',(0.,1.,0.));
#7207=DIRECTION('',(0.,1.,0.));
#7208=DIRECTION('',(1.,0.,0.));
#7209=DIRECTION('',(0.,1.,0.));
#7210=DIRECTION('',(0.,0.,1.));
#7211=DIRECTION('',(0.,-1.,0.));
#7212=DIRECTION('',(1.,0.,0.));
#7213=DIRECTION('',(0.,1.,0.));
#7214=DIRECTION('',(0.,1.,0.));
#7215=DIRECTION('',(1.,0.,0.));
#7216=DIRECTION('',(0.,1.,0.));
#7217=DIRECTION('',(1.,0.,0.));
#7218=DIRECTION('',(0.,1.,0.));
#7219=DIRECTION('',(-1.,0.,0.));
#7220=DIRECTION('',(0.,1.,0.));
#7221=DIRECTION('',(0.,0.,1.));
#7222=DIRECTION('',(0.,1.,0.));
#7223=DIRECTION('',(0.,1.,0.));
#7224=DIRECTION('',(1.,0.,0.));
#7225=DIRECTION('',(0.,1.,0.));
#7226=DIRECTION('',(1.,0.,0.));
#7227=DIRECTION('',(0.,1.,0.));
#7228=DIRECTION('',(0.,0.,1.));
#7229=DIRECTION('',(0.,-1.,0.));
#7230=DIRECTION('',(1.,0.,0.));
#7231=DIRECTION('',(0.,1.,0.));
#7232=DIRECTION('',(0.,1.,0.));
#7233=DIRECTION('',(1.,0.,0.));
#7234=DIRECTION('',(0.,1.,0.));
#7235=DIRECTION('',(1.,0.,0.));
#7236=DIRECTION('',(0.,1.,0.));
#7237=DIRECTION('',(0.,1.,0.));
#7238=DIRECTION('',(1.,0.,0.));
#7239=DIRECTION('',(0.,1.,0.));
#7240=DIRECTION('',(0.,1.,0.));
#7241=DIRECTION('',(1.,0.,0.));
#7242=DIRECTION('',(0.,1.,0.));
#7243=DIRECTION('',(0.,0.,1.));
#7244=DIRECTION('',(0.,-1.,0.));
#7245=DIRECTION('',(1.,0.,0.));
#7246=DIRECTION('',(0.,1.,0.));
#7247=DIRECTION('',(0.,1.,0.));
#7248=DIRECTION('',(1.,0.,0.));
#7249=DIRECTION('',(0.,1.,0.));
#7250=DIRECTION('',(1.,0.,0.));
#7251=DIRECTION('',(0.,1.,0.));
#7252=DIRECTION('',(-1.,0.,0.));
#7253=DIRECTION('',(0.,1.,0.));
#7254=DIRECTION('',(0.,0.,1.));
#7255=DIRECTION('',(0.,1.,0.));
#7256=DIRECTION('',(0.,1.,0.));
#7257=DIRECTION('',(1.,0.,0.));
#7258=DIRECTION('',(0.,1.,0.));
#7259=DIRECTION('',(1.,0.,0.));
#7260=DIRECTION('',(0.,1.,0.));
#7261=DIRECTION('',(0.,0.,1.));
#7262=DIRECTION('',(0.,-1.,0.));
#7263=DIRECTION('',(1.,0.,0.));
#7264=DIRECTION('',(0.,1.,0.));
#7265=DIRECTION('',(0.,1.,0.));
#7266=DIRECTION('',(1.,0.,0.));
#7267=DIRECTION('',(0.,1.,0.));
#7268=DIRECTION('',(1.,0.,0.));
#7269=DIRECTION('',(0.,1.,0.));
#7270=DIRECTION('',(0.,1.,0.));
#7271=DIRECTION('',(1.,0.,0.));
#7272=DIRECTION('',(0.,1.,0.));
#7273=DIRECTION('',(0.,1.,0.));
#7274=DIRECTION('',(1.,0.,0.));
#7275=DIRECTION('',(0.,1.,0.));
#7276=DIRECTION('',(0.,0.,1.));
#7277=DIRECTION('',(0.,-1.,0.));
#7278=DIRECTION('',(1.,0.,0.));
#7279=DIRECTION('',(0.,1.,0.));
#7280=DIRECTION('',(0.,1.,0.));
#7281=DIRECTION('',(1.,0.,0.));
#7282=DIRECTION('',(0.,1.,0.));
#7283=DIRECTION('',(1.,0.,0.));
#7284=DIRECTION('',(0.,1.,0.));
#7285=DIRECTION('',(-1.,0.,0.));
#7286=DIRECTION('',(0.,1.,0.));
#7287=DIRECTION('',(0.,0.,1.));
#7288=DIRECTION('',(0.,1.,0.));
#7289=DIRECTION('',(0.,1.,0.));
#7290=DIRECTION('',(1.,0.,0.));
#7291=DIRECTION('',(0.,1.,0.));
#7292=DIRECTION('',(1.,0.,0.));
#7293=DIRECTION('',(0.,1.,0.));
#7294=DIRECTION('',(0.,0.,1.));
#7295=DIRECTION('',(0.,-1.,0.));
#7296=DIRECTION('',(1.,0.,0.));
#7297=DIRECTION('',(0.,1.,0.));
#7298=DIRECTION('',(0.,1.,0.));
#7299=DIRECTION('',(1.,0.,0.));
#7300=DIRECTION('',(0.,1.,0.));
#7301=DIRECTION('',(1.,0.,0.));
#7302=DIRECTION('',(0.,1.,0.));
#7303=DIRECTION('',(0.,1.,0.));
#7304=DIRECTION('',(1.,0.,0.));
#7305=DIRECTION('',(0.,1.,0.));
#7306=DIRECTION('',(0.,1.,0.));
#7307=DIRECTION('',(1.,0.,0.));
#7308=DIRECTION('',(0.,1.,0.));
#7309=DIRECTION('',(0.,0.,1.));
#7310=DIRECTION('',(0.,-1.,0.));
#7311=DIRECTION('',(1.,0.,0.));
#7312=DIRECTION('',(0.,1.,0.));
#7313=DIRECTION('',(0.,1.,0.));
#7314=DIRECTION('',(1.,0.,0.));
#7315=DIRECTION('',(0.,1.,0.));
#7316=DIRECTION('',(1.,0.,0.));
#7317=DIRECTION('',(0.,1.,0.));
#7318=DIRECTION('',(-1.,0.,0.));
#7319=DIRECTION('',(0.,1.,0.));
#7320=DIRECTION('',(0.,0.,1.));
#7321=DIRECTION('',(0.,1.,0.));
#7322=DIRECTION('',(0.,1.,0.));
#7323=DIRECTION('',(1.,0.,0.));
#7324=DIRECTION('',(0.,1.,0.));
#7325=DIRECTION('',(1.,0.,0.));
#7326=DIRECTION('',(0.,1.,0.));
#7327=DIRECTION('',(0.,0.,1.));
#7328=DIRECTION('',(0.,-1.,0.));
#7329=DIRECTION('',(1.,0.,0.));
#7330=DIRECTION('',(0.,1.,0.));
#7331=DIRECTION('',(0.,1.,0.));
#7332=DIRECTION('',(1.,0.,0.));
#7333=DIRECTION('',(0.,1.,0.));
#7334=DIRECTION('',(1.,0.,0.));
#7335=DIRECTION('',(0.,1.,0.));
#7336=DIRECTION('',(0.,1.,0.));
#7337=DIRECTION('',(1.,0.,0.));
#7338=DIRECTION('',(0.,1.,0.));
#7339=DIRECTION('',(0.,1.,0.));
#7340=DIRECTION('',(1.,0.,0.));
#7341=DIRECTION('',(0.,1.,0.));
#7342=DIRECTION('',(0.,0.,1.));
#7343=DIRECTION('',(0.,-1.,0.));
#7344=DIRECTION('',(1.,0.,0.));
#7345=DIRECTION('',(0.,1.,0.));
#7346=DIRECTION('',(0.,1.,0.));
#7347=DIRECTION('',(1.,0.,0.));
#7348=DIRECTION('',(0.,1.,0.));
#7349=DIRECTION('',(1.,0.,0.));
#7350=DIRECTION('',(0.,1.,0.));
#7351=DIRECTION('',(-1.,0.,0.));
#7352=DIRECTION('',(0.,1.,0.));
#7353=DIRECTION('',(0.,0.,1.));
#7354=DIRECTION('',(0.,1.,0.));
#7355=DIRECTION('',(0.,1.,0.));
#7356=DIRECTION('',(1.,0.,0.));
#7357=DIRECTION('',(0.,1.,0.));
#7358=DIRECTION('',(1.,0.,0.));
#7359=DIRECTION('',(0.,1.,0.));
#7360=DIRECTION('',(0.,0.,1.));
#7361=DIRECTION('',(0.,-1.,0.));
#7362=DIRECTION('',(1.,0.,0.));
#7363=DIRECTION('',(0.,1.,0.));
#7364=DIRECTION('',(0.,1.,0.));
#7365=DIRECTION('',(1.,0.,0.));
#7366=DIRECTION('',(0.,1.,0.));
#7367=DIRECTION('',(1.,0.,0.));
#7368=DIRECTION('',(0.,1.,0.));
#7369=DIRECTION('',(0.,1.,0.));
#7370=DIRECTION('',(1.,0.,0.));
#7371=DIRECTION('',(0.,1.,0.));
#7372=DIRECTION('',(0.,1.,0.));
#7373=DIRECTION('',(1.,0.,0.));
#7374=DIRECTION('',(0.,1.,0.));
#7375=DIRECTION('',(0.,0.,1.));
#7376=DIRECTION('',(0.,-1.,0.));
#7377=DIRECTION('',(1.,0.,0.));
#7378=DIRECTION('',(0.,1.,0.));
#7379=DIRECTION('',(0.,1.,0.));
#7380=DIRECTION('',(1.,0.,0.));
#7381=DIRECTION('',(0.,1.,0.));
#7382=DIRECTION('',(1.,0.,0.));
#7383=DIRECTION('',(0.,1.,0.));
#7384=DIRECTION('',(-1.,0.,0.));
#7385=DIRECTION('',(0.,1.,0.));
#7386=DIRECTION('',(0.,0.,1.));
#7387=DIRECTION('',(0.,1.,0.));
#7388=DIRECTION('',(0.,1.,0.));
#7389=DIRECTION('',(1.,0.,0.));
#7390=DIRECTION('',(0.,1.,0.));
#7391=DIRECTION('',(1.,0.,0.));
#7392=DIRECTION('',(0.,1.,0.));
#7393=DIRECTION('',(0.,0.,1.));
#7394=DIRECTION('',(0.,-1.,0.));
#7395=DIRECTION('',(1.,0.,0.));
#7396=DIRECTION('',(0.,1.,0.));
#7397=DIRECTION('',(0.,1.,0.));
#7398=DIRECTION('',(1.,0.,0.));
#7399=DIRECTION('',(0.,1.,0.));
#7400=DIRECTION('',(1.,0.,0.));
#7401=DIRECTION('',(0.,1.,0.));
#7402=DIRECTION('',(0.,1.,0.));
#7403=DIRECTION('',(1.,0.,0.));
#7404=DIRECTION('',(0.,1.,0.));
#7405=DIRECTION('',(0.,1.,0.));
#7406=DIRECTION('',(1.,0.,0.));
#7407=DIRECTION('',(0.,1.,0.));
#7408=DIRECTION('',(0.,0.,1.));
#7409=DIRECTION('',(0.,-1.,0.));
#7410=DIRECTION('',(1.,0.,0.));
#7411=DIRECTION('',(0.,1.,0.));
#7412=DIRECTION('',(0.,1.,0.));
#7413=DIRECTION('',(1.,0.,0.));
#7414=DIRECTION('',(0.,1.,0.));
#7415=DIRECTION('',(1.,0.,0.));
#7416=DIRECTION('',(0.,1.,0.));
#7417=DIRECTION('',(-1.,0.,0.));
#7418=DIRECTION('',(0.,1.,0.));
#7419=DIRECTION('',(0.,0.,1.));
#7420=DIRECTION('',(0.,1.,0.));
#7421=DIRECTION('',(0.,1.,0.));
#7422=DIRECTION('',(1.,0.,0.));
#7423=DIRECTION('',(0.,1.,0.));
#7424=DIRECTION('',(1.,0.,0.));
#7425=DIRECTION('',(0.,1.,0.));
#7426=DIRECTION('',(0.,0.,1.));
#7427=DIRECTION('',(0.,-1.,0.));
#7428=DIRECTION('',(1.,0.,0.));
#7429=DIRECTION('',(0.,1.,0.));
#7430=DIRECTION('',(0.,1.,0.));
#7431=DIRECTION('',(1.,0.,0.));
#7432=DIRECTION('',(0.,1.,0.));
#7433=DIRECTION('',(1.,0.,0.));
#7434=DIRECTION('',(0.,1.,0.));
#7435=DIRECTION('',(0.,1.,0.));
#7436=DIRECTION('',(1.,0.,0.));
#7437=DIRECTION('',(0.,1.,0.));
#7438=DIRECTION('',(0.,1.,0.));
#7439=DIRECTION('',(1.,0.,0.));
#7440=DIRECTION('',(0.,1.,0.));
#7441=DIRECTION('',(0.,0.,1.));
#7442=DIRECTION('',(0.,-1.,0.));
#7443=DIRECTION('',(1.,0.,0.));
#7444=DIRECTION('',(0.,1.,0.));
#7445=DIRECTION('',(0.,1.,0.));
#7446=DIRECTION('',(1.,0.,0.));
#7447=DIRECTION('',(0.,1.,0.));
#7448=DIRECTION('',(1.,0.,0.));
#7449=DIRECTION('',(0.,1.,0.));
#7450=DIRECTION('',(-1.,0.,0.));
#7451=DIRECTION('',(0.,1.,0.));
#7452=DIRECTION('',(0.,0.,1.));
#7453=DIRECTION('',(0.,1.,0.));
#7454=DIRECTION('',(0.,1.,0.));
#7455=DIRECTION('',(1.,0.,0.));
#7456=DIRECTION('',(0.,1.,0.));
#7457=DIRECTION('',(1.,0.,0.));
#7458=DIRECTION('',(0.,1.,0.));
#7459=DIRECTION('',(0.,0.,1.));
#7460=DIRECTION('',(0.,-1.,0.));
#7461=DIRECTION('',(1.,0.,0.));
#7462=DIRECTION('',(0.,1.,0.));
#7463=DIRECTION('',(0.,1.,0.));
#7464=DIRECTION('',(1.,0.,0.));
#7465=DIRECTION('',(0.,1.,0.));
#7466=DIRECTION('',(1.,0.,0.));
#7467=DIRECTION('',(0.,1.,0.));
#7468=DIRECTION('',(0.,1.,0.));
#7469=DIRECTION('',(1.,0.,0.));
#7470=DIRECTION('',(0.,1.,0.));
#7471=DIRECTION('',(0.,1.,0.));
#7472=DIRECTION('',(1.,0.,0.));
#7473=DIRECTION('',(0.,1.,0.));
#7474=DIRECTION('',(0.,0.,1.));
#7475=DIRECTION('',(0.,-1.,0.));
#7476=DIRECTION('',(1.,0.,0.));
#7477=DIRECTION('',(0.,1.,0.));
#7478=DIRECTION('',(0.,1.,0.));
#7479=DIRECTION('',(1.,0.,0.));
#7480=DIRECTION('',(0.,1.,0.));
#7481=DIRECTION('',(1.,0.,0.));
#7482=DIRECTION('',(0.,1.,0.));
#7483=DIRECTION('',(-1.,0.,0.));
#7484=DIRECTION('',(0.,1.,0.));
#7485=DIRECTION('',(0.,0.,1.));
#7486=DIRECTION('',(0.,1.,0.));
#7487=DIRECTION('',(0.,1.,0.));
#7488=DIRECTION('',(1.,0.,0.));
#7489=DIRECTION('',(0.,1.,0.));
#7490=DIRECTION('',(1.,0.,0.));
#7491=DIRECTION('',(0.,1.,0.));
#7492=DIRECTION('',(0.,0.,1.));
#7493=DIRECTION('',(0.,-1.,0.));
#7494=DIRECTION('',(1.,0.,0.));
#7495=DIRECTION('',(0.,1.,0.));
#7496=DIRECTION('',(0.,1.,0.));
#7497=DIRECTION('',(1.,0.,0.));
#7498=DIRECTION('',(0.,1.,0.));
#7499=DIRECTION('',(1.,0.,0.));
#7500=DIRECTION('',(0.,1.,0.));
#7501=DIRECTION('',(0.,1.,0.));
#7502=DIRECTION('',(1.,0.,0.));
#7503=DIRECTION('',(0.,1.,0.));
#7504=DIRECTION('',(0.,1.,0.));
#7505=DIRECTION('',(1.,0.,0.));
#7506=DIRECTION('',(0.,1.,0.));
#7507=DIRECTION('',(0.,0.,1.));
#7508=DIRECTION('',(0.,-1.,0.));
#7509=DIRECTION('',(1.,0.,0.));
#7510=DIRECTION('',(0.,1.,0.));
#7511=DIRECTION('',(0.,1.,0.));
#7512=DIRECTION('',(1.,0.,0.));
#7513=DIRECTION('',(0.,1.,0.));
#7514=DIRECTION('',(1.,0.,0.));
#7515=DIRECTION('',(0.,1.,0.));
#7516=DIRECTION('',(-1.,0.,0.));
#7517=DIRECTION('',(0.,1.,0.));
#7518=DIRECTION('',(0.,0.,1.));
#7519=DIRECTION('',(0.,1.,0.));
#7520=DIRECTION('',(0.,1.,0.));
#7521=DIRECTION('',(1.,0.,0.));
#7522=DIRECTION('',(0.,1.,0.));
#7523=DIRECTION('',(1.,0.,0.));
#7524=DIRECTION('',(0.,1.,0.));
#7525=DIRECTION('',(0.,0.,1.));
#7526=DIRECTION('',(0.,-1.,0.));
#7527=DIRECTION('',(1.,0.,0.));
#7528=DIRECTION('',(0.,1.,0.));
#7529=DIRECTION('',(0.,1.,0.));
#7530=DIRECTION('',(1.,0.,0.));
#7531=DIRECTION('',(0.,1.,0.));
#7532=DIRECTION('',(1.,0.,0.));
#7533=DIRECTION('',(0.,1.,0.));
#7534=DIRECTION('',(-1.,0.,0.));
#7535=DIRECTION('',(0.,1.,0.));
#7536=DIRECTION('',(0.,0.,1.));
#7537=DIRECTION('',(-1.,0.,0.));
#7538=DIRECTION('',(0.,1.,0.));
#7539=DIRECTION('',(0.,0.,1.));
#7540=DIRECTION('',(-1.,0.,0.));
#7541=DIRECTION('',(0.,1.,0.));
#7542=DIRECTION('',(0.,0.,1.));
#7543=DIRECTION('',(-1.,0.,0.));
#7544=DIRECTION('',(0.,1.,0.));
#7545=DIRECTION('',(0.,0.,1.));
#7546=DIRECTION('',(-1.,0.,0.));
#7547=DIRECTION('',(0.,1.,0.));
#7548=DIRECTION('',(0.,0.,1.));
#7549=DIRECTION('',(-1.,0.,0.));
#7550=DIRECTION('',(0.,1.,0.));
#7551=DIRECTION('',(0.,0.,1.));
#7552=DIRECTION('',(-1.,0.,0.));
#7553=DIRECTION('',(0.,1.,0.));
#7554=DIRECTION('',(0.,0.,1.));
#7555=DIRECTION('',(-1.,0.,0.));
#7556=DIRECTION('',(0.,1.,0.));
#7557=DIRECTION('',(0.,0.,1.));
#7558=DIRECTION('',(-1.,0.,0.));
#7559=DIRECTION('',(0.,1.,0.));
#7560=DIRECTION('',(0.,0.,1.));
#7561=DIRECTION('',(-1.,0.,0.));
#7562=DIRECTION('',(0.,1.,0.));
#7563=DIRECTION('',(0.,0.,1.));
#7564=DIRECTION('',(-1.,0.,0.));
#7565=DIRECTION('',(0.,1.,0.));
#7566=DIRECTION('',(0.,0.,1.));
#7567=DIRECTION('',(-1.,0.,0.));
#7568=DIRECTION('',(0.,1.,0.));
#7569=DIRECTION('',(0.,0.,1.));
#7570=DIRECTION('',(-1.,0.,0.));
#7571=DIRECTION('',(0.,1.,0.));
#7572=DIRECTION('',(0.,0.,1.));
#7573=DIRECTION('',(-1.,0.,0.));
#7574=DIRECTION('',(0.,1.,0.));
#7575=DIRECTION('',(0.,0.,1.));
#7576=DIRECTION('',(-1.,0.,0.));
#7577=DIRECTION('',(0.,1.,0.));
#7578=DIRECTION('',(0.,0.,1.));
#7579=DIRECTION('',(-1.,0.,0.));
#7580=DIRECTION('',(0.,1.,0.));
#7581=DIRECTION('',(0.,0.,1.));
#7582=DIRECTION('',(0.,0.,1.));
#7583=DIRECTION('',(0.,-1.,0.));
#7584=DIRECTION('',(1.,0.,0.));
#7585=DIRECTION('',(0.,1.,0.));
#7586=DIRECTION('',(1.,0.,0.));
#7587=DIRECTION('',(-1.,0.,0.));
#7588=DIRECTION('',(0.,1.,0.));
#7589=DIRECTION('',(-1.,0.,0.));
#7590=DIRECTION('',(0.,1.,0.));
#7591=DIRECTION('',(0.,-1.,0.));
#7592=DIRECTION('',(-1.,0.,0.));
#7593=DIRECTION('',(0.,-1.,0.));
#7594=DIRECTION('',(-1.,0.,0.));
#7595=DIRECTION('',(-0.707148343580997,0.,0.707065216348996));
#7596=DIRECTION('',(0.707065216348996,0.,0.707148343580997));
#7597=DIRECTION('',(-0.923898362571652,0.,0.382637969414199));
#7598=DIRECTION('',(-0.382637969414199,0.,-0.923898362571651));
#7599=DIRECTION('',(-0.706920520121721,0.,-0.707292993200721));
#7600=DIRECTION('',(-0.707292993200721,0.,0.706920520121721));
#7601=DIRECTION('',(-0.999999999214468,0.,-3.96366544426576E-5));
#7602=DIRECTION('',(-3.96366544426576E-5,0.,0.999999999214468));
#7603=DIRECTION('',(-0.999999999214468,0.,-3.96366544447301E-5));
#7604=DIRECTION('',(-3.96366544447301E-5,0.,0.999999999214468));
#7605=DIRECTION('',(0.,-1.,0.));
#7606=DIRECTION('',(-1.,0.,0.));
#7607=DIRECTION('',(0.,-1.,0.));
#7608=DIRECTION('',(-1.,0.,0.));
#7609=DIRECTION('',(0.,0.,1.));
#7610=DIRECTION('',(0.,-1.,0.));
#7611=DIRECTION('',(0.,0.,-1.));
#7612=DIRECTION('',(0.,1.,0.));
#7613=DIRECTION('',(0.,0.,1.));
#7614=DIRECTION('',(0.,-1.,0.));
#7615=DIRECTION('',(0.,0.,1.));
#7616=DIRECTION('',(0.,-1.,0.));
#7617=DIRECTION('',(-0.707106781186548,0.,0.707106781186548));
#7618=DIRECTION('',(-0.707106781186548,0.,-0.707106781186548));
#7619=DIRECTION('',(0.,-1.,0.));
#7620=DIRECTION('',(-1.,0.,0.));
#7621=DIRECTION('',(-1.,0.,0.));
#7622=DIRECTION('',(0.,1.,0.));
#7623=DIRECTION('',(-1.,0.,0.));
#7624=DIRECTION('',(0.,1.,0.));
#7625=DIRECTION('',(1.,0.,0.));
#7626=DIRECTION('',(0.,-1.,0.));
#7627=DIRECTION('',(-1.,0.,0.));
#7628=DIRECTION('',(0.,1.,0.));
#7629=DIRECTION('',(0.,-1.,0.));
#7630=DIRECTION('',(-1.,0.,0.));
#7631=DIRECTION('',(0.,0.,1.));
#7632=DIRECTION('',(0.,-1.,0.));
#7633=DIRECTION('',(0.,-1.,0.));
#7634=DIRECTION('',(-1.,0.,0.));
#7635=DIRECTION('',(0.,0.,-1.));
#7636=DIRECTION('',(0.,1.,0.));
#7637=DIRECTION('',(0.,0.,1.));
#7638=DIRECTION('',(0.,-1.,0.));
#7639=DIRECTION('',(0.,0.,1.));
#7640=DIRECTION('',(0.,-1.,0.));
#7641=DIRECTION('',(0.,0.,1.));
#7642=DIRECTION('',(0.,-1.,0.));
#7643=DIRECTION('',(0.70720555742304,0.,0.707007991150006));
#7644=DIRECTION('',(0.707007991150007,0.,-0.70720555742304));
#7645=DIRECTION('',(0.,-1.,0.));
#7646=DIRECTION('',(-1.,0.,0.));
#7647=DIRECTION('',(0.999999960967568,0.,-0.000279400900062009));
#7648=DIRECTION('',(-0.000279400900062009,0.,-0.999999960967568));
#7649=DIRECTION('',(0.999999960967568,0.,-0.00027940090006473));
#7650=DIRECTION('',(-0.00027940090006473,0.,-0.999999960967568));
#7651=CARTESIAN_POINT('',(0.,0.,0.));
#7652=CARTESIAN_POINT('',(0.10605013,-0.0105,0.0596241110033619));
#7653=CARTESIAN_POINT('',(0.10605013,-0.0075,0.0596241110033619));
#7654=CARTESIAN_POINT('',(0.10605013,-0.0075,0.062598749));
#7655=CARTESIAN_POINT('',(0.10605013,-0.0075,0.0566494730067238));
#7656=CARTESIAN_POINT('',(0.10605013,-0.0105,0.0566494730067238));
#7657=CARTESIAN_POINT('',(0.10605013,-0.0105,0.0566494730067238));
#7658=CARTESIAN_POINT('',(0.10605013,-0.0105,0.0596241110033619));
#7659=CARTESIAN_POINT('',(0.10605013,-0.0105,0.062598749));
#7660=CARTESIAN_POINT('',(0.10605013,-0.0105,0.062598749));
#7661=CARTESIAN_POINT('',(0.11205013,-0.0105,0.0566494730067238));
#7662=CARTESIAN_POINT('',(0.11205013,-0.0075,0.0566494730067238));
#7663=CARTESIAN_POINT('',(0.112050367819927,-0.0075,0.050649473011437));
#7664=CARTESIAN_POINT('',(0.112050367819927,-0.0105,0.050649473011437));
#7665=CARTESIAN_POINT('',(0.112050367819927,-0.0105,0.050649473011437));
#7666=CARTESIAN_POINT('',(0.11205013,-0.0105,0.0566494730067238));
#7667=CARTESIAN_POINT('',(0.118096350219893,-0.0105,0.0506497126539524));
#7668=CARTESIAN_POINT('',(0.118096350219893,-0.0075,0.0506497126539524));
#7669=CARTESIAN_POINT('',(0.12414233261986,-0.0075,0.0506499522964677));
#7670=CARTESIAN_POINT('',(0.12414233261986,-0.0105,0.0506499522964677));
#7671=CARTESIAN_POINT('',(0.12414233261986,-0.0105,0.0506499522964677));
#7672=CARTESIAN_POINT('',(0.118096350219893,-0.0105,0.0506497126539524));
#7673=CARTESIAN_POINT('',(0.127505006046034,-0.0105,0.0472876741618002));
#7674=CARTESIAN_POINT('',(0.127505006046034,-0.0075,0.0472876741618002));
#7675=CARTESIAN_POINT('',(0.130867679472208,-0.0075,0.0439253960271326));
#7676=CARTESIAN_POINT('',(0.130867679472208,-0.0105,0.0439253960271326));
#7677=CARTESIAN_POINT('',(0.130867679472208,-0.0105,0.0439253960271326));
#7678=CARTESIAN_POINT('',(0.127505006046034,-0.0105,0.0472876741618002));
#7679=CARTESIAN_POINT('',(0.13485785259983,-0.0105,0.04749677082329));
#7680=CARTESIAN_POINT('',(0.13485785259983,-0.0075,0.04749677082329));
#7681=CARTESIAN_POINT('',(0.134741924966071,-0.0075,0.0421430095));
#7682=CARTESIAN_POINT('',(0.134741924966071,-0.0105,0.0421430095));
#7683=CARTESIAN_POINT('',(0.134741924966071,-0.0105,0.0421430095));
#7684=CARTESIAN_POINT('',(0.13485785259983,-0.0105,0.04749677082329));
#7685=CARTESIAN_POINT('',(0.156675000053261,-0.0105,0.0421430095));
#7686=CARTESIAN_POINT('',(0.156675000053261,-0.0075,0.0421430095));
#7687=CARTESIAN_POINT('',(0.17860807514045,-0.0075,0.0421430095));
#7688=CARTESIAN_POINT('',(0.17860807514045,-0.0105,0.0421430095));
#7689=CARTESIAN_POINT('',(0.17860807514045,-0.0105,0.0421430095));
#7690=CARTESIAN_POINT('',(0.156675000053261,-0.0105,0.0421430095));
#7691=CARTESIAN_POINT('',(0.17849214749048,-0.0105,0.0474967743647001));
#7692=CARTESIAN_POINT('',(0.17849214749048,-0.0075,0.0474967743647001));
#7693=CARTESIAN_POINT('',(0.18248340241701,-0.0075,0.0439266032822489));
#7694=CARTESIAN_POINT('',(0.18248340241701,-0.0105,0.0439266032822489));
#7695=CARTESIAN_POINT('',(0.18248340241701,-0.0105,0.0439266032822489));
#7696=CARTESIAN_POINT('',(0.17849214749048,-0.0105,0.0474967743647001));
#7697=CARTESIAN_POINT('',(0.189250246605453,-0.0105,0.050697012888893));
#7698=CARTESIAN_POINT('',(0.189250246605453,-0.0075,0.050697012888893));
#7699=CARTESIAN_POINT('',(0.196017090793894,-0.0075,0.057467422495537));
#7700=CARTESIAN_POINT('',(0.196017090793894,-0.0105,0.057467422495537));
#7701=CARTESIAN_POINT('',(0.196017090793894,-0.0105,0.057467422495537));
#7702=CARTESIAN_POINT('',(0.189250246605453,-0.0105,0.050697012888893));
#7703=CARTESIAN_POINT('',(0.192446224413497,-0.0105,0.0614580506185741));
#7704=CARTESIAN_POINT('',(0.192446224413497,-0.0075,0.0614580506185741));
#7705=CARTESIAN_POINT('',(0.197800046951224,-0.0075,0.0613449853385294));
#7706=CARTESIAN_POINT('',(0.197800046951224,-0.0105,0.0613449853385294));
#7707=CARTESIAN_POINT('',(0.197800046951224,-0.0105,0.0613449853385294));
#7708=CARTESIAN_POINT('',(0.192446224413497,-0.0105,0.0614580506185741));
#7709=CARTESIAN_POINT('',(0.197800046951224,-0.0105,0.101717584457965));
#7710=CARTESIAN_POINT('',(0.197800046951224,-0.0075,0.101717584457965));
#7711=CARTESIAN_POINT('',(0.197800046951224,-0.0075,0.1420901835774));
#7712=CARTESIAN_POINT('',(0.197800046951224,-0.0105,0.1420901835774));
#7713=CARTESIAN_POINT('',(0.197800046951224,-0.0105,0.1420901835774));
#7714=CARTESIAN_POINT('',(0.197800046951224,-0.0105,0.101717584457965));
#7715=CARTESIAN_POINT('',(0.19180004852863,-0.0105,0.1420901835774));
#7716=CARTESIAN_POINT('',(0.19180004852863,-0.0075,0.1420901835774));
#7717=CARTESIAN_POINT('',(0.19180004852863,-0.0075,0.148090182));
#7718=CARTESIAN_POINT('',(0.19180004852863,-0.0105,0.148090182));
#7719=CARTESIAN_POINT('',(0.19180004852863,-0.0105,0.148090182));
#7720=CARTESIAN_POINT('',(0.19180004852863,-0.0105,0.1420901835774));
#7721=CARTESIAN_POINT('',(0.17289512601724,-0.0105,0.148090182));
#7722=CARTESIAN_POINT('',(0.17289512601724,-0.0075,0.148090182));
#7723=CARTESIAN_POINT('',(0.15399020350585,-0.0075,0.14809018199995));
#7724=CARTESIAN_POINT('',(0.15399020350585,-0.0105,0.14809018199995));
#7725=CARTESIAN_POINT('',(0.15399020350585,-0.0105,0.14809018199995));
#7726=CARTESIAN_POINT('',(0.17289512601724,-0.0105,0.148090182));
#7727=CARTESIAN_POINT('',(0.15399020350585,-0.0105,0.1420901834941));
#7728=CARTESIAN_POINT('',(0.15399020350585,-0.0075,0.1420901834941));
#7729=CARTESIAN_POINT('',(0.147990205,-0.0075,0.1420901834941));
#7730=CARTESIAN_POINT('',(0.147990205,-0.0105,0.1420901834941));
#7731=CARTESIAN_POINT('',(0.147990205,-0.0105,0.1420901834941));
#7732=CARTESIAN_POINT('',(0.15399020350585,-0.0105,0.1420901834941));
#7733=CARTESIAN_POINT('',(0.147990205,-0.0105,0.135956221226026));
#7734=CARTESIAN_POINT('',(0.147990205,-0.0075,0.135956221226026));
#7735=CARTESIAN_POINT('',(0.147990205,-0.0075,0.129822258957952));
#7736=CARTESIAN_POINT('',(0.147990205,-0.0105,0.129822258957952));
#7737=CARTESIAN_POINT('',(0.147990205,-0.0105,0.129822258957952));
#7738=CARTESIAN_POINT('',(0.147990205,-0.0105,0.135956221226026));
#7739=CARTESIAN_POINT('',(0.123783536955406,-0.0105,0.129829022323055));
#7740=CARTESIAN_POINT('',(0.123783536955406,-0.0075,0.129829022323055));
#7741=CARTESIAN_POINT('',(0.0995768689108329,-0.0075,0.129835785765755));
#7742=CARTESIAN_POINT('',(0.0995768689108329,-0.0105,0.129835785765755));
#7743=CARTESIAN_POINT('',(0.0995768689108329,-0.0105,0.129835785765755));
#7744=CARTESIAN_POINT('',(0.123783536955406,-0.0105,0.129829022323055));
#7745=CARTESIAN_POINT('',(0.09957519250585,-0.0105,0.1238357874941));
#7746=CARTESIAN_POINT('',(0.09957519250585,-0.0075,0.1238357874941));
#7747=CARTESIAN_POINT('',(0.093575194,-0.0075,0.1238357874941));
#7748=CARTESIAN_POINT('',(0.093575194,-0.0105,0.1238357874941));
#7749=CARTESIAN_POINT('',(0.093575194,-0.0105,0.1238357874941));
#7750=CARTESIAN_POINT('',(0.09957519250585,-0.0105,0.1238357874941));
#7751=CARTESIAN_POINT('',(0.093575194,-0.0105,0.096229764869325));
#7752=CARTESIAN_POINT('',(0.093575194,-0.0075,0.096229764869325));
#7753=CARTESIAN_POINT('',(0.093575193892884,-0.0075,0.06862374224455));
#7754=CARTESIAN_POINT('',(0.093575193892884,-0.0105,0.06862374224455));
#7755=CARTESIAN_POINT('',(0.093575193892884,-0.0105,0.06862374224455));
#7756=CARTESIAN_POINT('',(0.093575194,-0.0105,0.096229764869325));
#7757=CARTESIAN_POINT('',(0.099600854570243,-0.0105,0.06862374224455));
#7758=CARTESIAN_POINT('',(0.099600854570243,-0.0075,0.06862374224455));
#7759=CARTESIAN_POINT('',(0.0995111717859569,-0.0075,0.062598749));
#7760=CARTESIAN_POINT('',(0.0995111717859569,-0.0105,0.062598749));
#7761=CARTESIAN_POINT('',(0.0995111717859569,-0.0105,0.062598749));
#7762=CARTESIAN_POINT('',(0.099600854570243,-0.0105,0.06862374224455));
#7763=CARTESIAN_POINT('',(0.102780650892978,-0.0105,0.062598749));
#7764=CARTESIAN_POINT('',(0.102780650892978,-0.0075,0.062598749));
#7765=CARTESIAN_POINT('',(0.102780650892978,-0.0105,0.062598749));
#7766=CARTESIAN_POINT('',(0.145687620422054,-0.0105,0.09511659575));
#7767=CARTESIAN_POINT('',(0.13435785259983,-0.0105,0.04499677082329));
#7768=CARTESIAN_POINT('',(0.13285785259983,-0.0105,0.04499677082329));
#7769=CARTESIAN_POINT('',(0.19430004852863,-0.0105,0.059967422495537));
#7770=CARTESIAN_POINT('',(0.19280004852863,-0.0105,0.059967422495537));
#7771=CARTESIAN_POINT('',(0.19430004852863,-0.0105,0.1445901835774));
#7772=CARTESIAN_POINT('',(0.19280004852863,-0.0105,0.1445901835774));
#7773=CARTESIAN_POINT('',(0.15149020350585,-0.0105,0.1445901834941));
#7774=CARTESIAN_POINT('',(0.14999020350585,-0.0105,0.1445901834941));
#7775=CARTESIAN_POINT('',(0.09707519250585,-0.0105,0.1263357874941));
#7776=CARTESIAN_POINT('',(0.09557519250585,-0.0105,0.1263357874941));
#7777=CARTESIAN_POINT('',(0.097075194,-0.0105,0.06612374224455));
#7778=CARTESIAN_POINT('',(0.095575194,-0.0105,0.06612374224455));
#7779=CARTESIAN_POINT('',(0.145687620422054,-0.0075,0.09511659575));
#7780=CARTESIAN_POINT('',(0.13435785259983,-0.0075,0.04499677082329));
#7781=CARTESIAN_POINT('',(0.13285785259983,-0.0075,0.04499677082329));
#7782=CARTESIAN_POINT('',(0.19430004852863,-0.0075,0.059967422495537));
#7783=CARTESIAN_POINT('',(0.19280004852863,-0.0075,0.059967422495537));
#7784=CARTESIAN_POINT('',(0.19430004852863,-0.0075,0.1445901835774));
#7785=CARTESIAN_POINT('',(0.19280004852863,-0.0075,0.1445901835774));
#7786=CARTESIAN_POINT('',(0.15149020350585,-0.0075,0.1445901834941));
#7787=CARTESIAN_POINT('',(0.14999020350585,-0.0075,0.1445901834941));
#7788=CARTESIAN_POINT('',(0.09707519250585,-0.0075,0.1263357874941));
#7789=CARTESIAN_POINT('',(0.09557519250585,-0.0075,0.1263357874941));
#7790=CARTESIAN_POINT('',(0.097075194,-0.0075,0.06612374224455));
#7791=CARTESIAN_POINT('',(0.095575194,-0.0075,0.06612374224455));
#7792=CARTESIAN_POINT('',(0.097075194,-0.025,0.06612374224455));
#7793=CARTESIAN_POINT('',(0.09707519250585,-0.025,0.1263357874941));
#7794=CARTESIAN_POINT('',(0.15149020350585,-0.025,0.1445901834941));
#7795=CARTESIAN_POINT('',(0.19430004852863,-0.025,0.1445901835774));
#7796=CARTESIAN_POINT('',(0.19430004852863,-0.025,0.059967422495537));
#7797=CARTESIAN_POINT('',(0.13435785259983,-0.025,0.04499677082329));
#7798=CARTESIAN_POINT('',(0.,0.,0.));
#7799=CARTESIAN_POINT('',(0.183775023475612,-0.003,0.0583038270794437));
#7800=CARTESIAN_POINT('',(0.191214632937626,0.,0.0657473564365005));
#7801=CARTESIAN_POINT('',(0.191214632937626,-0.003,0.0657473564365005));
#7802=CARTESIAN_POINT('',(0.191214632937626,-0.002,0.0657473564365005));
#7803=CARTESIAN_POINT('',(0.180048303109961,-0.002,0.0545751431224558));
#7804=CARTESIAN_POINT('',(0.176260258641034,-0.002,0.0507851027508118));
#7805=CARTESIAN_POINT('',(0.176260258641034,-0.003,0.0507851027508118));
#7806=CARTESIAN_POINT('',(0.176260258641034,-0.003,0.0507851027508118));
#7807=CARTESIAN_POINT('',(0.183775023475612,-0.003,0.0583038270794437));
#7808=CARTESIAN_POINT('',(0.131367214262935,-0.003,0.0519107026129127));
#7809=CARTESIAN_POINT('',(0.134549578158635,0.,0.048728712812838));
#7810=CARTESIAN_POINT('',(0.134549578158635,-0.003,0.048728712812838));
#7811=CARTESIAN_POINT('',(0.134549578158635,-0.002,0.048728712812838));
#7812=CARTESIAN_POINT('',(0.131074328176951,-0.002,0.0522035542693317));
#7813=CARTESIAN_POINT('',(0.127599078195268,-0.002,0.0556783957258253));
#7814=CARTESIAN_POINT('',(0.127599078195268,-0.003,0.0556783957258253));
#7815=CARTESIAN_POINT('',(0.127599078195268,-0.003,0.0556783957258253));
#7816=CARTESIAN_POINT('',(0.131367214262935,-0.003,0.0519107026129127));
#7817=CARTESIAN_POINT('',(0.125321600119626,-0.003,0.0534949463091739));
#7818=CARTESIAN_POINT('',(0.125321600119626,-0.002,0.0534949463091739));
#7819=CARTESIAN_POINT('',(0.125321475063891,-0.002,0.0566499990384425));
#7820=CARTESIAN_POINT('',(0.125321475063891,-0.003,0.0566499990384425));
#7821=CARTESIAN_POINT('',(0.125321475063891,-0.003,0.0566499990384425));
#7822=CARTESIAN_POINT('',(0.125321600119626,-0.003,0.0534949463091739));
#7823=CARTESIAN_POINT('',(0.120285737531945,-0.003,0.056649799438654));
#7824=CARTESIAN_POINT('',(0.1212857771686,-0.002,0.0566498390768795));
#7825=CARTESIAN_POINT('',(0.117250079273309,-0.002,0.0566496791153165));
#7826=CARTESIAN_POINT('',(0.117250079273309,-0.003,0.0566496791153165));
#7827=CARTESIAN_POINT('',(0.117250079273309,-0.003,0.0566496791153165));
#7828=CARTESIAN_POINT('',(0.120285737531945,-0.003,0.056649799438654));
#7829=CARTESIAN_POINT('',(0.11205013,-0.003,0.062174375247075));
#7830=CARTESIAN_POINT('',(0.11205013,0.,0.06175));
#7831=CARTESIAN_POINT('',(0.11205013,-0.003,0.06175));
#7832=CARTESIAN_POINT('',(0.11205013,-0.002,0.06175));
#7833=CARTESIAN_POINT('',(0.11205013,-0.002,0.063174375247075));
#7834=CARTESIAN_POINT('',(0.11205013,-0.002,0.06459875049415));
#7835=CARTESIAN_POINT('',(0.11205013,-0.003,0.06459875049415));
#7836=CARTESIAN_POINT('',(0.11205013,-0.003,0.06459875049415));
#7837=CARTESIAN_POINT('',(0.11205013,-0.003,0.062174375247075));
#7838=CARTESIAN_POINT('',(0.10805013149415,-0.003,0.06459875049415));
#7839=CARTESIAN_POINT('',(0.10805013149415,-0.002,0.06459875049415));
#7840=CARTESIAN_POINT('',(0.10805013149415,-0.002,0.068598749));
#7841=CARTESIAN_POINT('',(0.10805013149415,-0.003,0.068598749));
#7842=CARTESIAN_POINT('',(0.10805013149415,-0.003,0.068598749));
#7843=CARTESIAN_POINT('',(0.10805013149415,-0.003,0.06459875049415));
#7844=CARTESIAN_POINT('',(0.103822585795992,-0.003,0.068598749));
#7845=CARTESIAN_POINT('',(0.104812662747075,-0.002,0.068598749));
#7846=CARTESIAN_POINT('',(0.101575194,-0.002,0.068598749));
#7847=CARTESIAN_POINT('',(0.101575194,-0.003,0.068598749));
#7848=CARTESIAN_POINT('',(0.101575194,-0.003,0.068598749));
#7849=CARTESIAN_POINT('',(0.103822585795992,-0.003,0.068598749));
#7850=CARTESIAN_POINT('',(0.116749731913051,-0.003,0.121790912750468));
#7851=CARTESIAN_POINT('',(0.116749731913051,-0.002,0.121790912750468));
#7852=CARTESIAN_POINT('',(0.116749720716197,-0.002,0.121750838241733));
#7853=CARTESIAN_POINT('',(0.116749743109906,-0.002,0.121830987259203));
#7854=CARTESIAN_POINT('',(0.116749720716197,-0.003,0.121750838241733));
#7855=CARTESIAN_POINT('',(0.116749720716197,-0.003,0.121750838241733));
#7856=CARTESIAN_POINT('',(0.116749731913051,-0.003,0.121790912750468));
#7857=CARTESIAN_POINT('',(0.116749743109906,-0.003,0.121830987259203));
#7858=CARTESIAN_POINT('',(0.116749743109906,-0.003,0.121830987259203));
#7859=CARTESIAN_POINT('',(0.134499160626327,-0.003,0.119745878953988));
#7860=CARTESIAN_POINT('',(0.134499160626327,-0.002,0.119745878953988));
#7861=CARTESIAN_POINT('',(0.150249159416321,-0.002,0.119741478389978));
#7862=CARTESIAN_POINT('',(0.118749161836332,-0.002,0.119750279517997));
#7863=CARTESIAN_POINT('',(0.150249159416321,-0.003,0.119741478389978));
#7864=CARTESIAN_POINT('',(0.150249159416321,-0.003,0.119741478389978));
#7865=CARTESIAN_POINT('',(0.134499160626327,-0.003,0.119745878953988));
#7866=CARTESIAN_POINT('',(0.118749161836332,-0.003,0.119750279517997));
#7867=CARTESIAN_POINT('',(0.118749161836332,-0.003,0.119750279517997));
#7868=CARTESIAN_POINT('',(0.152249827192311,-0.003,0.122131226949976));
#7869=CARTESIAN_POINT('',(0.152249977446495,-0.002,0.122668999657492));
#7870=CARTESIAN_POINT('',(0.152250236752934,-0.002,0.123597079804871));
#7871=CARTESIAN_POINT('',(0.152249718140057,-0.002,0.121740919510113));
#7872=CARTESIAN_POINT('',(0.152250236752934,-0.003,0.123597079804871));
#7873=CARTESIAN_POINT('',(0.152250236752934,-0.003,0.123597079804871));
#7874=CARTESIAN_POINT('',(0.152249827192311,-0.003,0.122131226949976));
#7875=CARTESIAN_POINT('',(0.152249718140057,-0.003,0.121740919510113));
#7876=CARTESIAN_POINT('',(0.152249718140057,-0.003,0.121740919510113));
#7877=CARTESIAN_POINT('',(0.14999020649415,-0.003,0.1278216985058));
#7878=CARTESIAN_POINT('',(0.152830226261012,-0.003,0.125004913854706));
#7879=CARTESIAN_POINT('',(0.152830226261012,-0.003,0.125004913854706));
#7880=CARTESIAN_POINT('',(0.152830226261012,-0.002,0.125004913854706));
#7881=CARTESIAN_POINT('',(0.14999020649415,-0.002,0.1278216985058));
#7882=CARTESIAN_POINT('',(0.153990205,-0.002,0.1278216985058));
#7883=CARTESIAN_POINT('',(0.153990205,-0.003,0.1278216985058));
#7884=CARTESIAN_POINT('',(0.153990205,-0.003,0.1278216985058));
#7885=CARTESIAN_POINT('',(0.14999020649415,-0.003,0.1278216985058));
#7886=CARTESIAN_POINT('',(0.153990205,-0.003,0.1349559402529));
#7887=CARTESIAN_POINT('',(0.153990205,-0.002,0.1339559402529));
#7888=CARTESIAN_POINT('',(0.153990205,-0.002,0.140090182));
#7889=CARTESIAN_POINT('',(0.153990205,-0.003,0.140090182));
#7890=CARTESIAN_POINT('',(0.153990205,-0.003,0.140090182));
#7891=CARTESIAN_POINT('',(0.153990205,-0.003,0.1349559402529));
#7892=CARTESIAN_POINT('',(0.150249718218121,-0.003,0.121741478311913));
#7893=CARTESIAN_POINT('',(0.150249718218121,-0.002,0.121741478311913));
#7894=CARTESIAN_POINT('',(0.150249718218121,-0.003,0.121741478311913));
#7895=CARTESIAN_POINT('',(0.118749720638132,-0.003,0.121750279439932));
#7896=CARTESIAN_POINT('',(0.118749720638132,-0.002,0.121750279439932));
#7897=CARTESIAN_POINT('',(0.118749720638132,-0.003,0.121750279439932));
#7898=CARTESIAN_POINT('',(0.177674844627435,-0.003,0.0493712617105684));
#7899=CARTESIAN_POINT('',(0.177674844627435,-0.002,0.0493712617105684));
#7900=CARTESIAN_POINT('',(0.175712422313718,-0.002,0.0497571356052842));
#7901=CARTESIAN_POINT('',(0.175712422313718,-0.003,0.0497571356052842));
#7902=CARTESIAN_POINT('',(0.175712422313718,-0.003,0.0497571356052842));
#7903=CARTESIAN_POINT('',(0.177674844627435,-0.003,0.0493712617105684));
#7904=CARTESIAN_POINT('',(0.155442675165301,-0.003,0.0481430095));
#7905=CARTESIAN_POINT('',(0.172649999999992,-0.002,0.0481430095));
#7906=CARTESIAN_POINT('',(0.135963708591333,-0.002,0.0481430095));
#7907=CARTESIAN_POINT('',(0.157549999999983,-0.002,0.0481430095));
#7908=CARTESIAN_POINT('',(0.135963708591333,-0.003,0.0481430095));
#7909=CARTESIAN_POINT('',(0.135963708591333,-0.003,0.0481430095));
#7910=CARTESIAN_POINT('',(0.155442675165301,-0.003,0.0481430095));
#7911=CARTESIAN_POINT('',(0.157549999999983,-0.003,0.0481430095));
#7912=CARTESIAN_POINT('',(0.157549999999983,-0.025,0.0481430095));
#7913=CARTESIAN_POINT('',(0.145687597,0.,0.0951176488029092));
#7914=CARTESIAN_POINT('',(0.17775,0.,0.05));
#7915=CARTESIAN_POINT('',(0.17775,0.,0.0511));
#7916=CARTESIAN_POINT('',(0.11325,0.,0.05775));
#7917=CARTESIAN_POINT('',(0.11325,0.,0.05885));
#7918=CARTESIAN_POINT('',(0.15025,0.,0.12275));
#7919=CARTESIAN_POINT('',(0.15025,0.,0.12385));
#7920=CARTESIAN_POINT('',(0.11975,0.,0.12275));
#7921=CARTESIAN_POINT('',(0.11975,0.,0.12385));
#7922=CARTESIAN_POINT('',(0.19075,0.,0.06275));
#7923=CARTESIAN_POINT('',(0.19075,0.,0.06385));
#7924=CARTESIAN_POINT('',(0.19075,0.,0.141));
#7925=CARTESIAN_POINT('',(0.19075,0.,0.1421));
#7926=CARTESIAN_POINT('',(0.095575194,0.,0.1238357874941));
#7927=CARTESIAN_POINT('',(0.095575193892884,0.,0.06862374224455));
#7928=CARTESIAN_POINT('',(0.095575194,0.,0.1238357874941));
#7929=CARTESIAN_POINT('',(0.09957519250585,0.,0.1238357874941));
#7930=CARTESIAN_POINT('',(0.0958969248376651,0.,0.125407517435275));
#7931=CARTESIAN_POINT('',(0.09707519250585,0.,0.1263357874941));
#7932=CARTESIAN_POINT('',(0.0980034625646745,0.,0.127514055162285));
#7933=CARTESIAN_POINT('',(0.09957519250585,0.,0.1238357874941));
#7934=CARTESIAN_POINT('',(0.0995763101090111,0.,0.127835785766223));
#7935=CARTESIAN_POINT('',(0.1479896461982,0.,0.127822259036017));
#7936=CARTESIAN_POINT('',(0.149990205,0.,0.127821700078065));
#7937=CARTESIAN_POINT('',(0.149990205,0.,0.1420901834941));
#7938=CARTESIAN_POINT('',(0.149990205,0.,0.1420901834941));
#7939=CARTESIAN_POINT('',(0.15399020350585,0.,0.1420901834941));
#7940=CARTESIAN_POINT('',(0.150311935837665,0.,0.143661913435275));
#7941=CARTESIAN_POINT('',(0.15149020350585,0.,0.1445901834941));
#7942=CARTESIAN_POINT('',(0.152418473564675,0.,0.145768451162285));
#7943=CARTESIAN_POINT('',(0.15399020350585,0.,0.1420901834941));
#7944=CARTESIAN_POINT('',(0.15399020350585,0.,0.146090182));
#7945=CARTESIAN_POINT('',(0.19180004852863,0.,0.146090182));
#7946=CARTESIAN_POINT('',(0.19180004852863,0.,0.146090182));
#7947=CARTESIAN_POINT('',(0.19180004852863,0.,0.1420901835774));
#7948=CARTESIAN_POINT('',(0.193371778395296,0.,0.145768451186885));
#7949=CARTESIAN_POINT('',(0.19430004852863,0.,0.1445901835774));
#7950=CARTESIAN_POINT('',(0.195478316138115,0.,0.143661913444066));
#7951=CARTESIAN_POINT('',(0.19180004852863,0.,0.1420901835774));
#7952=CARTESIAN_POINT('',(0.195800046951224,0.,0.1420901835774));
#7953=CARTESIAN_POINT('',(0.195800046951224,0.,0.0613449853385294));
#7954=CARTESIAN_POINT('',(0.195800046951224,0.,0.0613685591261103));
#7955=CARTESIAN_POINT('',(0.192446224413497,0.,0.0614580506185741));
#7956=CARTESIAN_POINT('',(0.195678509048485,0.,0.0605589008089175));
#7957=CARTESIAN_POINT('',(0.19430004852863,0.,0.059967422495537));
#7958=CARTESIAN_POINT('',(0.194192724115226,0.,0.0584712669320051));
#7959=CARTESIAN_POINT('',(0.181068816430609,0.,0.0453404443224924));
#7960=CARTESIAN_POINT('',(0.18102510580494,0.,0.0452967106659014));
#7961=CARTESIAN_POINT('',(0.17849214749048,0.,0.0474967743647001));
#7962=CARTESIAN_POINT('',(0.178583904418652,0.,0.0441430095));
#7963=CARTESIAN_POINT('',(0.171549999999983,0.,0.0441430095));
#7964=CARTESIAN_POINT('',(0.171549999999983,0.,0.0441430095));
#7965=CARTESIAN_POINT('',(0.171549999999983,0.,0.0451430095));
#7966=CARTESIAN_POINT('',(0.171549999999983,0.,0.0481430095));
#7967=CARTESIAN_POINT('',(0.172649999999992,0.,0.0481430095));
#7968=CARTESIAN_POINT('',(0.157549999999983,0.,0.0481430095));
#7969=CARTESIAN_POINT('',(0.157549999999983,0.,0.0451430095));
#7970=CARTESIAN_POINT('',(0.157549999999983,0.,0.0441430095));
#7971=CARTESIAN_POINT('',(0.134741924966071,0.,0.0441430095));
#7972=CARTESIAN_POINT('',(0.135591178024385,0.,0.0441430095));
#7973=CARTESIAN_POINT('',(0.13435785259983,0.,0.04499677082329));
#7974=CARTESIAN_POINT('',(0.132871791350956,0.,0.044792756204707));
#7975=CARTESIAN_POINT('',(0.13485785259983,0.,0.04749677082329));
#7976=CARTESIAN_POINT('',(0.132325550377696,0.,0.0452959573833179));
#7977=CARTESIAN_POINT('',(0.125556463052558,0.,0.0520642489836297));
#7978=CARTESIAN_POINT('',(0.124970658043111,0.,0.0526499851300874));
#7979=CARTESIAN_POINT('',(0.112050288546618,0.,0.052649473009866));
#7980=CARTESIAN_POINT('',(0.112050288546618,0.,0.052649473009866));
#7981=CARTESIAN_POINT('',(0.11205013,0.,0.0566494730067238));
#7982=CARTESIAN_POINT('',(0.10805013,0.,0.0566494730067238));
#7983=CARTESIAN_POINT('',(0.10805013,0.,0.062598749));
#7984=CARTESIAN_POINT('',(0.10805013,0.,0.064598749));
#7985=CARTESIAN_POINT('',(0.0995111717859569,0.,0.064598749));
#7986=CARTESIAN_POINT('',(0.0995275519743721,0.,0.064598749));
#7987=CARTESIAN_POINT('',(0.099600854570243,0.,0.06862374224455));
#7988=CARTESIAN_POINT('',(0.0979895274775339,0.,0.064934627325015));
#7989=CARTESIAN_POINT('',(0.097075194,0.,0.06612374224455));
#7990=CARTESIAN_POINT('',(0.0958954778454167,0.,0.0670501707602031));
#7991=CARTESIAN_POINT('',(0.099600854570243,0.,0.06862374224455));
#7992=CARTESIAN_POINT('',(0.120286171785957,0.,0.0613901834940999));
#7993=CARTESIAN_POINT('',(0.120286171785957,0.,0.0608901834940999));
#7994=CARTESIAN_POINT('',(0.119786171785957,0.,0.0613901834940999));
#7995=CARTESIAN_POINT('',(0.126786171785957,0.,0.0608901834940999));
#7996=CARTESIAN_POINT('',(0.133286171785957,0.,0.0608901834940999));
#7997=CARTESIAN_POINT('',(0.133286171785957,0.,0.0613901834940999));
#7998=CARTESIAN_POINT('',(0.133786171785957,0.,0.0613901834940999));
#7999=CARTESIAN_POINT('',(0.133786171785957,0.,0.0678901834940999));
#8000=CARTESIAN_POINT('',(0.133786171785957,0.,0.0743901834940999));
#8001=CARTESIAN_POINT('',(0.133286171785957,0.,0.0743901834940999));
#8002=CARTESIAN_POINT('',(0.133286171785957,0.,0.0748901834940999));
#8003=CARTESIAN_POINT('',(0.126786171785957,0.,0.0748901834940999));
#8004=CARTESIAN_POINT('',(0.120286171785957,0.,0.0748901834940999));
#8005=CARTESIAN_POINT('',(0.120286171785957,0.,0.0743901834940999));
#8006=CARTESIAN_POINT('',(0.119786171785957,0.,0.0743901834940999));
#8007=CARTESIAN_POINT('',(0.119786171785957,0.,0.0678901834940999));
#8008=CARTESIAN_POINT('',(0.139336171785957,0.,0.0613901834940999));
#8009=CARTESIAN_POINT('',(0.139336171785957,0.,0.0608901834940999));
#8010=CARTESIAN_POINT('',(0.138836171785957,0.,0.0613901834940999));
#8011=CARTESIAN_POINT('',(0.145836171785957,0.,0.0608901834940999));
#8012=CARTESIAN_POINT('',(0.152336171785957,0.,0.0608901834940999));
#8013=CARTESIAN_POINT('',(0.152336171785957,0.,0.0613901834940999));
#8014=CARTESIAN_POINT('',(0.152836171785957,0.,0.0613901834940999));
#8015=CARTESIAN_POINT('',(0.152836171785957,0.,0.0678901834940999));
#8016=CARTESIAN_POINT('',(0.152836171785957,0.,0.0743901834940999));
#8017=CARTESIAN_POINT('',(0.152336171785957,0.,0.0743901834940999));
#8018=CARTESIAN_POINT('',(0.152336171785957,0.,0.0748901834940999));
#8019=CARTESIAN_POINT('',(0.145836171785957,0.,0.0748901834940999));
#8020=CARTESIAN_POINT('',(0.139336171785957,0.,0.0748901834940999));
#8021=CARTESIAN_POINT('',(0.139336171785957,0.,0.0743901834940999));
#8022=CARTESIAN_POINT('',(0.138836171785957,0.,0.0743901834940999));
#8023=CARTESIAN_POINT('',(0.138836171785957,0.,0.0678901834940999));
#8024=CARTESIAN_POINT('',(0.101236171785957,0.,0.0709151834940999));
#8025=CARTESIAN_POINT('',(0.101236171785957,0.,0.0704151834940999));
#8026=CARTESIAN_POINT('',(0.100736171785957,0.,0.0709151834940999));
#8027=CARTESIAN_POINT('',(0.107736171785957,0.,0.0704151834940999));
#8028=CARTESIAN_POINT('',(0.114236171785957,0.,0.0704151834940999));
#8029=CARTESIAN_POINT('',(0.114236171785957,0.,0.0709151834940999));
#8030=CARTESIAN_POINT('',(0.114736171785957,0.,0.0709151834940999));
#8031=CARTESIAN_POINT('',(0.114736171785957,0.,0.0774151834940999));
#8032=CARTESIAN_POINT('',(0.114736171785957,0.,0.0839151834940999));
#8033=CARTESIAN_POINT('',(0.114236171785957,0.,0.0839151834940999));
#8034=CARTESIAN_POINT('',(0.114236171785957,0.,0.0844151834940999));
#8035=CARTESIAN_POINT('',(0.107736171785957,0.,0.0844151834940999));
#8036=CARTESIAN_POINT('',(0.101236171785957,0.,0.0844151834940999));
#8037=CARTESIAN_POINT('',(0.101236171785957,0.,0.0839151834940999));
#8038=CARTESIAN_POINT('',(0.100736171785957,0.,0.0839151834940999));
#8039=CARTESIAN_POINT('',(0.100736171785957,0.,0.0774151834940999));
#8040=CARTESIAN_POINT('',(0.158386171785957,0.,0.0709151834940999));
#8041=CARTESIAN_POINT('',(0.158386171785957,0.,0.0704151834940999));
#8042=CARTESIAN_POINT('',(0.157886171785957,0.,0.0709151834940999));
#8043=CARTESIAN_POINT('',(0.164886171785957,0.,0.0704151834940999));
#8044=CARTESIAN_POINT('',(0.171386171785957,0.,0.0704151834940999));
#8045=CARTESIAN_POINT('',(0.171386171785957,0.,0.0709151834940999));
#8046=CARTESIAN_POINT('',(0.171886171785957,0.,0.0709151834940999));
#8047=CARTESIAN_POINT('',(0.171886171785957,0.,0.0774151834940999));
#8048=CARTESIAN_POINT('',(0.171886171785957,0.,0.0839151834940999));
#8049=CARTESIAN_POINT('',(0.171386171785957,0.,0.0839151834940999));
#8050=CARTESIAN_POINT('',(0.171386171785957,0.,0.0844151834940999));
#8051=CARTESIAN_POINT('',(0.164886171785957,0.,0.0844151834940999));
#8052=CARTESIAN_POINT('',(0.158386171785957,0.,0.0844151834940999));
#8053=CARTESIAN_POINT('',(0.158386171785957,0.,0.0839151834940999));
#8054=CARTESIAN_POINT('',(0.157886171785957,0.,0.0839151834940999));
#8055=CARTESIAN_POINT('',(0.157886171785957,0.,0.0774151834940999));
#8056=CARTESIAN_POINT('',(0.177436171785957,0.,0.0709151834940999));
#8057=CARTESIAN_POINT('',(0.177436171785957,0.,0.0704151834940999));
#8058=CARTESIAN_POINT('',(0.176936171785957,0.,0.0709151834940999));
#8059=CARTESIAN_POINT('',(0.183936171785957,0.,0.0704151834940999));
#8060=CARTESIAN_POINT('',(0.190436171785957,0.,0.0704151834940999));
#8061=CARTESIAN_POINT('',(0.190436171785957,0.,0.0709151834940999));
#8062=CARTESIAN_POINT('',(0.190936171785957,0.,0.0709151834940999));
#8063=CARTESIAN_POINT('',(0.190936171785957,0.,0.0774151834940999));
#8064=CARTESIAN_POINT('',(0.190936171785957,0.,0.0839151834940999));
#8065=CARTESIAN_POINT('',(0.190436171785957,0.,0.0839151834940999));
#8066=CARTESIAN_POINT('',(0.190436171785957,0.,0.0844151834940999));
#8067=CARTESIAN_POINT('',(0.183936171785957,0.,0.0844151834940999));
#8068=CARTESIAN_POINT('',(0.177436171785957,0.,0.0844151834940999));
#8069=CARTESIAN_POINT('',(0.177436171785957,0.,0.0839151834940999));
#8070=CARTESIAN_POINT('',(0.176936171785957,0.,0.0839151834940999));
#8071=CARTESIAN_POINT('',(0.176936171785957,0.,0.0774151834940999));
#8072=CARTESIAN_POINT('',(0.120286171785957,0.,0.0804401834940999));
#8073=CARTESIAN_POINT('',(0.120286171785957,0.,0.0799401834940999));
#8074=CARTESIAN_POINT('',(0.119786171785957,0.,0.0804401834940999));
#8075=CARTESIAN_POINT('',(0.126786171785957,0.,0.0799401834940999));
#8076=CARTESIAN_POINT('',(0.133286171785957,0.,0.0799401834940999));
#8077=CARTESIAN_POINT('',(0.133286171785957,0.,0.0804401834940999));
#8078=CARTESIAN_POINT('',(0.133786171785957,0.,0.0804401834940999));
#8079=CARTESIAN_POINT('',(0.133786171785957,0.,0.0869401834940999));
#8080=CARTESIAN_POINT('',(0.133786171785957,0.,0.0934401834940999));
#8081=CARTESIAN_POINT('',(0.133286171785957,0.,0.0934401834940999));
#8082=CARTESIAN_POINT('',(0.133286171785957,0.,0.0939401834940999));
#8083=CARTESIAN_POINT('',(0.126786171785957,0.,0.0939401834940999));
#8084=CARTESIAN_POINT('',(0.120286171785957,0.,0.0939401834940999));
#8085=CARTESIAN_POINT('',(0.120286171785957,0.,0.0934401834940999));
#8086=CARTESIAN_POINT('',(0.119786171785957,0.,0.0934401834940999));
#8087=CARTESIAN_POINT('',(0.119786171785957,0.,0.0869401834940999));
#8088=CARTESIAN_POINT('',(0.139336171785957,0.,0.0804401834940999));
#8089=CARTESIAN_POINT('',(0.139336171785957,0.,0.0799401834940999));
#8090=CARTESIAN_POINT('',(0.138836171785957,0.,0.0804401834940999));
#8091=CARTESIAN_POINT('',(0.145836171785957,0.,0.0799401834940999));
#8092=CARTESIAN_POINT('',(0.152336171785957,0.,0.0799401834940999));
#8093=CARTESIAN_POINT('',(0.152336171785957,0.,0.0804401834940999));
#8094=CARTESIAN_POINT('',(0.152836171785957,0.,0.0804401834940999));
#8095=CARTESIAN_POINT('',(0.152836171785957,0.,0.0869401834940999));
#8096=CARTESIAN_POINT('',(0.152836171785957,0.,0.0934401834940999));
#8097=CARTESIAN_POINT('',(0.152336171785957,0.,0.0934401834940999));
#8098=CARTESIAN_POINT('',(0.152336171785957,0.,0.0939401834940999));
#8099=CARTESIAN_POINT('',(0.145836171785957,0.,0.0939401834940999));
#8100=CARTESIAN_POINT('',(0.139336171785957,0.,0.0939401834940999));
#8101=CARTESIAN_POINT('',(0.139336171785957,0.,0.0934401834940999));
#8102=CARTESIAN_POINT('',(0.138836171785957,0.,0.0934401834940999));
#8103=CARTESIAN_POINT('',(0.138836171785957,0.,0.0869401834940999));
#8104=CARTESIAN_POINT('',(0.101236171785957,0.,0.0899651834940999));
#8105=CARTESIAN_POINT('',(0.101236171785957,0.,0.0894651834940999));
#8106=CARTESIAN_POINT('',(0.100736171785957,0.,0.0899651834940999));
#8107=CARTESIAN_POINT('',(0.107736171785957,0.,0.0894651834940999));
#8108=CARTESIAN_POINT('',(0.114236171785957,0.,0.0894651834940999));
#8109=CARTESIAN_POINT('',(0.114236171785957,0.,0.0899651834940999));
#8110=CARTESIAN_POINT('',(0.114736171785957,0.,0.0899651834940999));
#8111=CARTESIAN_POINT('',(0.114736171785957,0.,0.0964651834940999));
#8112=CARTESIAN_POINT('',(0.114736171785957,0.,0.1029651834941));
#8113=CARTESIAN_POINT('',(0.114236171785957,0.,0.1029651834941));
#8114=CARTESIAN_POINT('',(0.114236171785957,0.,0.1034651834941));
#8115=CARTESIAN_POINT('',(0.107736171785957,0.,0.1034651834941));
#8116=CARTESIAN_POINT('',(0.101236171785957,0.,0.1034651834941));
#8117=CARTESIAN_POINT('',(0.101236171785957,0.,0.1029651834941));
#8118=CARTESIAN_POINT('',(0.100736171785957,0.,0.1029651834941));
#8119=CARTESIAN_POINT('',(0.100736171785957,0.,0.0964651834940999));
#8120=CARTESIAN_POINT('',(0.158386171785957,0.,0.0899651834940999));
#8121=CARTESIAN_POINT('',(0.158386171785957,0.,0.0894651834940999));
#8122=CARTESIAN_POINT('',(0.157886171785957,0.,0.0899651834940999));
#8123=CARTESIAN_POINT('',(0.164886171785957,0.,0.0894651834940999));
#8124=CARTESIAN_POINT('',(0.171386171785957,0.,0.0894651834940999));
#8125=CARTESIAN_POINT('',(0.171386171785957,0.,0.0899651834940999));
#8126=CARTESIAN_POINT('',(0.171886171785957,0.,0.0899651834940999));
#8127=CARTESIAN_POINT('',(0.171886171785957,0.,0.0964651834940999));
#8128=CARTESIAN_POINT('',(0.171886171785957,0.,0.1029651834941));
#8129=CARTESIAN_POINT('',(0.171386171785957,0.,0.1029651834941));
#8130=CARTESIAN_POINT('',(0.171386171785957,0.,0.1034651834941));
#8131=CARTESIAN_POINT('',(0.164886171785957,0.,0.1034651834941));
#8132=CARTESIAN_POINT('',(0.158386171785957,0.,0.1034651834941));
#8133=CARTESIAN_POINT('',(0.158386171785957,0.,0.1029651834941));
#8134=CARTESIAN_POINT('',(0.157886171785957,0.,0.1029651834941));
#8135=CARTESIAN_POINT('',(0.157886171785957,0.,0.0964651834940999));
#8136=CARTESIAN_POINT('',(0.177436171785957,0.,0.0899651834940999));
#8137=CARTESIAN_POINT('',(0.177436171785957,0.,0.0894651834940999));
#8138=CARTESIAN_POINT('',(0.176936171785957,0.,0.0899651834940999));
#8139=CARTESIAN_POINT('',(0.183936171785957,0.,0.0894651834940999));
#8140=CARTESIAN_POINT('',(0.190436171785957,0.,0.0894651834940999));
#8141=CARTESIAN_POINT('',(0.190436171785957,0.,0.0899651834940999));
#8142=CARTESIAN_POINT('',(0.190936171785957,0.,0.0899651834940999));
#8143=CARTESIAN_POINT('',(0.190936171785957,0.,0.0964651834940999));
#8144=CARTESIAN_POINT('',(0.190936171785957,0.,0.1029651834941));
#8145=CARTESIAN_POINT('',(0.190436171785957,0.,0.1029651834941));
#8146=CARTESIAN_POINT('',(0.190436171785957,0.,0.1034651834941));
#8147=CARTESIAN_POINT('',(0.183936171785957,0.,0.1034651834941));
#8148=CARTESIAN_POINT('',(0.177436171785957,0.,0.1034651834941));
#8149=CARTESIAN_POINT('',(0.177436171785957,0.,0.1029651834941));
#8150=CARTESIAN_POINT('',(0.176936171785957,0.,0.1029651834941));
#8151=CARTESIAN_POINT('',(0.176936171785957,0.,0.0964651834940999));
#8152=CARTESIAN_POINT('',(0.120286171785957,0.,0.0994901834940999));
#8153=CARTESIAN_POINT('',(0.120286171785957,0.,0.0989901834940999));
#8154=CARTESIAN_POINT('',(0.119786171785957,0.,0.0994901834940999));
#8155=CARTESIAN_POINT('',(0.126786171785957,0.,0.0989901834940999));
#8156=CARTESIAN_POINT('',(0.133286171785957,0.,0.0989901834940999));
#8157=CARTESIAN_POINT('',(0.133286171785957,0.,0.0994901834940999));
#8158=CARTESIAN_POINT('',(0.133786171785957,0.,0.0994901834940999));
#8159=CARTESIAN_POINT('',(0.133786171785957,0.,0.1059901834941));
#8160=CARTESIAN_POINT('',(0.133786171785957,0.,0.1124901834941));
#8161=CARTESIAN_POINT('',(0.133286171785957,0.,0.1124901834941));
#8162=CARTESIAN_POINT('',(0.133286171785957,0.,0.1129901834941));
#8163=CARTESIAN_POINT('',(0.126786171785957,0.,0.1129901834941));
#8164=CARTESIAN_POINT('',(0.120286171785957,0.,0.1129901834941));
#8165=CARTESIAN_POINT('',(0.120286171785957,0.,0.1124901834941));
#8166=CARTESIAN_POINT('',(0.119786171785957,0.,0.1124901834941));
#8167=CARTESIAN_POINT('',(0.119786171785957,0.,0.1059901834941));
#8168=CARTESIAN_POINT('',(0.139336171785957,0.,0.0994901834940999));
#8169=CARTESIAN_POINT('',(0.139336171785957,0.,0.0989901834940999));
#8170=CARTESIAN_POINT('',(0.138836171785957,0.,0.0994901834940999));
#8171=CARTESIAN_POINT('',(0.145836171785957,0.,0.0989901834940999));
#8172=CARTESIAN_POINT('',(0.152336171785957,0.,0.0989901834940999));
#8173=CARTESIAN_POINT('',(0.152336171785957,0.,0.0994901834940999));
#8174=CARTESIAN_POINT('',(0.152836171785957,0.,0.0994901834940999));
#8175=CARTESIAN_POINT('',(0.152836171785957,0.,0.1059901834941));
#8176=CARTESIAN_POINT('',(0.152836171785957,0.,0.1124901834941));
#8177=CARTESIAN_POINT('',(0.152336171785957,0.,0.1124901834941));
#8178=CARTESIAN_POINT('',(0.152336171785957,0.,0.1129901834941));
#8179=CARTESIAN_POINT('',(0.145836171785957,0.,0.1129901834941));
#8180=CARTESIAN_POINT('',(0.139336171785957,0.,0.1129901834941));
#8181=CARTESIAN_POINT('',(0.139336171785957,0.,0.1124901834941));
#8182=CARTESIAN_POINT('',(0.138836171785957,0.,0.1124901834941));
#8183=CARTESIAN_POINT('',(0.138836171785957,0.,0.1059901834941));
#8184=CARTESIAN_POINT('',(0.101236171785957,0.,0.1090151834941));
#8185=CARTESIAN_POINT('',(0.101236171785957,0.,0.1085151834941));
#8186=CARTESIAN_POINT('',(0.100736171785957,0.,0.1090151834941));
#8187=CARTESIAN_POINT('',(0.107736171785957,0.,0.1085151834941));
#8188=CARTESIAN_POINT('',(0.114236171785957,0.,0.1085151834941));
#8189=CARTESIAN_POINT('',(0.114236171785957,0.,0.1090151834941));
#8190=CARTESIAN_POINT('',(0.114736171785957,0.,0.1090151834941));
#8191=CARTESIAN_POINT('',(0.114736171785957,0.,0.1155151834941));
#8192=CARTESIAN_POINT('',(0.114736171785957,0.,0.1220151834941));
#8193=CARTESIAN_POINT('',(0.114236171785957,0.,0.1220151834941));
#8194=CARTESIAN_POINT('',(0.114236171785957,0.,0.1225151834941));
#8195=CARTESIAN_POINT('',(0.107736171785957,0.,0.1225151834941));
#8196=CARTESIAN_POINT('',(0.101236171785957,0.,0.1225151834941));
#8197=CARTESIAN_POINT('',(0.101236171785957,0.,0.1220151834941));
#8198=CARTESIAN_POINT('',(0.100736171785957,0.,0.1220151834941));
#8199=CARTESIAN_POINT('',(0.100736171785957,0.,0.1155151834941));
#8200=CARTESIAN_POINT('',(0.158386171785957,0.,0.1090151834941));
#8201=CARTESIAN_POINT('',(0.158386171785957,0.,0.1085151834941));
#8202=CARTESIAN_POINT('',(0.157886171785957,0.,0.1090151834941));
#8203=CARTESIAN_POINT('',(0.164886171785957,0.,0.1085151834941));
#8204=CARTESIAN_POINT('',(0.171386171785957,0.,0.1085151834941));
#8205=CARTESIAN_POINT('',(0.171386171785957,0.,0.1090151834941));
#8206=CARTESIAN_POINT('',(0.171886171785957,0.,0.1090151834941));
#8207=CARTESIAN_POINT('',(0.171886171785957,0.,0.1155151834941));
#8208=CARTESIAN_POINT('',(0.171886171785957,0.,0.1220151834941));
#8209=CARTESIAN_POINT('',(0.171386171785957,0.,0.1220151834941));
#8210=CARTESIAN_POINT('',(0.171386171785957,0.,0.1225151834941));
#8211=CARTESIAN_POINT('',(0.164886171785957,0.,0.1225151834941));
#8212=CARTESIAN_POINT('',(0.158386171785957,0.,0.1225151834941));
#8213=CARTESIAN_POINT('',(0.158386171785957,0.,0.1220151834941));
#8214=CARTESIAN_POINT('',(0.157886171785957,0.,0.1220151834941));
#8215=CARTESIAN_POINT('',(0.157886171785957,0.,0.1155151834941));
#8216=CARTESIAN_POINT('',(0.177414900541305,0.,0.109015242095324));
#8217=CARTESIAN_POINT('',(0.177414900541305,0.,0.108515242095324));
#8218=CARTESIAN_POINT('',(0.176914900541305,0.,0.109015242095324));
#8219=CARTESIAN_POINT('',(0.18390859735012,0.,0.108523206765982));
#8220=CARTESIAN_POINT('',(0.190402294158936,0.,0.10853117143664));
#8221=CARTESIAN_POINT('',(0.190389687776566,0.,0.109047100777956));
#8222=CARTESIAN_POINT('',(0.190902294158936,0.,0.108987295235897));
#8223=CARTESIAN_POINT('',(0.190902294158936,0.,0.115509233336269));
#8224=CARTESIAN_POINT('',(0.190902294158936,0.,0.12203117143664));
#8225=CARTESIAN_POINT('',(0.190402546304567,0.,0.122015294344532));
#8226=CARTESIAN_POINT('',(0.190414900541305,0.,0.122515141694065));
#8227=CARTESIAN_POINT('',(0.183914900541305,0.,0.122515141694065));
#8228=CARTESIAN_POINT('',(0.177414900541305,0.,0.122515141694065));
#8229=CARTESIAN_POINT('',(0.177414900541305,0.,0.122015141694065));
#8230=CARTESIAN_POINT('',(0.176914900541305,0.,0.122015141694065));
#8231=CARTESIAN_POINT('',(0.176914900541305,0.,0.115515191894694));
#8232=CARTESIAN_POINT('',(0.158386171785957,0.,0.1280651834941));
#8233=CARTESIAN_POINT('',(0.158386171785957,0.,0.1275651834941));
#8234=CARTESIAN_POINT('',(0.157886171785957,0.,0.1280651834941));
#8235=CARTESIAN_POINT('',(0.164886171785957,0.,0.1275651834941));
#8236=CARTESIAN_POINT('',(0.171386171785957,0.,0.1275651834941));
#8237=CARTESIAN_POINT('',(0.171386171785957,0.,0.1280651834941));
#8238=CARTESIAN_POINT('',(0.171886171785957,0.,0.1280651834941));
#8239=CARTESIAN_POINT('',(0.171886171785957,0.,0.1345651834941));
#8240=CARTESIAN_POINT('',(0.171886171785957,0.,0.1410651834941));
#8241=CARTESIAN_POINT('',(0.171386171785957,0.,0.1410651834941));
#8242=CARTESIAN_POINT('',(0.171386171785957,0.,0.1415651834941));
#8243=CARTESIAN_POINT('',(0.164886171785957,0.,0.1415651834941));
#8244=CARTESIAN_POINT('',(0.158386171785957,0.,0.1415651834941));
#8245=CARTESIAN_POINT('',(0.158386171785957,0.,0.1410651834941));
#8246=CARTESIAN_POINT('',(0.157886171785957,0.,0.1410651834941));
#8247=CARTESIAN_POINT('',(0.157886171785957,0.,0.1345651834941));
#8248=CARTESIAN_POINT('',(0.176914900541305,0.,0.130795582539926));
#8249=CARTESIAN_POINT('',(0.176914900541305,0.,0.124795582539926));
#8250=CARTESIAN_POINT('',(0.176914900541305,0.,0.136795582539926));
#8251=CARTESIAN_POINT('',(0.182914900541305,0.,0.124795582539926));
#8252=CARTESIAN_POINT('',(0.188914900541305,0.,0.124795582539926));
#8253=CARTESIAN_POINT('',(0.188914900541305,0.,0.130795582539926));
#8254=CARTESIAN_POINT('',(0.188914900541305,0.,0.136795582539926));
#8255=CARTESIAN_POINT('',(0.182914900541305,0.,0.136795582539926));
#8256=CARTESIAN_POINT('',(0.156675000053261,-8.67361737988404E-19,0.0421430095));
#8257=CARTESIAN_POINT('',(0.171549999999983,-0.025,0.0421430095));
#8258=CARTESIAN_POINT('',(0.171549999999983,-0.0075,0.0421430095));
#8259=CARTESIAN_POINT('',(0.171549999999983,-0.002,0.0421430095));
#8260=CARTESIAN_POINT('',(0.17860807514045,-0.002,0.0421430095));
#8261=CARTESIAN_POINT('',(0.17860807514045,-0.002,0.0421430095));
#8262=CARTESIAN_POINT('',(0.17860807514045,-8.67361737988404E-19,0.0421430095));
#8263=CARTESIAN_POINT('',(0.17860807514045,-0.0075,0.0421430095));
#8264=CARTESIAN_POINT('',(0.156675000053261,-0.0075,0.0421430095));
#8265=CARTESIAN_POINT('',(0.,-8.67361737988404E-19,0.0461430095));
#8266=CARTESIAN_POINT('',(0.157549999999983,-8.67361737988404E-19,0.0461430095));
#8267=CARTESIAN_POINT('',(0.157549999999983,-0.003,0.0461430095));
#8268=CARTESIAN_POINT('',(0.157549999999983,-0.0075,0.0461430095));
#8269=CARTESIAN_POINT('',(0.,-0.003,0.0461430095));
#8270=CARTESIAN_POINT('',(0.135325394276459,-0.003,0.0461430095));
#8271=CARTESIAN_POINT('',(0.135325394276459,-0.025,0.0461430095));
#8272=CARTESIAN_POINT('',(0.135325394276459,-0.0075,0.0461430095));
#8273=CARTESIAN_POINT('',(0.,-0.0075,0.0461430095));
#8274=CARTESIAN_POINT('',(0.191800046951224,-0.003,0.102666539450987));
#8275=CARTESIAN_POINT('',(0.191800046951224,-0.002,0.102080598738372));
#8276=CARTESIAN_POINT('',(0.191800046951224,-0.002,0.067161197476744));
#8277=CARTESIAN_POINT('',(0.191800046951224,-0.002,0.137));
#8278=CARTESIAN_POINT('',(0.191800046951224,-0.003,0.067161197476744));
#8279=CARTESIAN_POINT('',(0.191800046951224,-0.003,0.067161197476744));
#8280=CARTESIAN_POINT('',(0.191800046951224,-0.003,0.102666539450987));
#8281=CARTESIAN_POINT('',(0.191800046951224,-0.003,0.137));
#8282=CARTESIAN_POINT('',(0.191800046951224,-0.003,0.137));
#8283=CARTESIAN_POINT('',(0.155442675165301,-0.003,0.0481430095));
#8284=CARTESIAN_POINT('',(0.172649999999992,-0.002,0.0481430095));
#8285=CARTESIAN_POINT('',(0.171549999999983,-0.002,0.0481430095));
#8286=CARTESIAN_POINT('',(0.17375,-0.002,0.0481430095));
#8287=CARTESIAN_POINT('',(0.171549999999983,-0.025,0.0481430095));
#8288=CARTESIAN_POINT('',(0.171549999999983,-0.003,0.0481430095));
#8289=CARTESIAN_POINT('',(0.155442675165301,-0.003,0.0481430095));
#8290=CARTESIAN_POINT('',(0.17375,-0.003,0.0481430095));
#8291=CARTESIAN_POINT('',(0.17375,0.,0.0481430095));
#8292=CARTESIAN_POINT('',(0.099575194,-0.003,0.0962297640832426));
#8293=CARTESIAN_POINT('',(0.099575194,-0.002,0.0972172674609676));
#8294=CARTESIAN_POINT('',(0.099575194,-0.002,0.123835785921935));
#8295=CARTESIAN_POINT('',(0.099575194,-0.002,0.070598749));
#8296=CARTESIAN_POINT('',(0.099575194,-0.003,0.123835785921935));
#8297=CARTESIAN_POINT('',(0.099575194,-0.003,0.123835785921935));
#8298=CARTESIAN_POINT('',(0.099575194,-0.003,0.0962297640832426));
#8299=CARTESIAN_POINT('',(0.099575194,-0.003,0.070598749));
#8300=CARTESIAN_POINT('',(0.099575194,-0.003,0.070598749));
#8301=CARTESIAN_POINT('',(0.108162747955853,-0.003,0.123833386551537));
#8302=CARTESIAN_POINT('',(0.107162747994885,-0.002,0.123833665952437));
#8303=CARTESIAN_POINT('',(0.114750301989771,-0.002,0.123831545982939));
#8304=CARTESIAN_POINT('',(0.114750301989771,-0.003,0.123831545982939));
#8305=CARTESIAN_POINT('',(0.114750301989771,-0.003,0.123831545982939));
#8306=CARTESIAN_POINT('',(0.108162747955853,-0.003,0.123833386551537));
#8307=CARTESIAN_POINT('',(0.1713701025,-0.003,0.142090182));
#8308=CARTESIAN_POINT('',(0.1713701025,-0.002,0.142090182));
#8309=CARTESIAN_POINT('',(0.18675,-0.002,0.142090182));
#8310=CARTESIAN_POINT('',(0.155990205,-0.002,0.142090182));
#8311=CARTESIAN_POINT('',(0.18675,-0.003,0.142090182));
#8312=CARTESIAN_POINT('',(0.18675,-0.003,0.142090182));
#8313=CARTESIAN_POINT('',(0.1713701025,-0.003,0.142090182));
#8314=CARTESIAN_POINT('',(0.155990205,-0.003,0.142090182));
#8315=CARTESIAN_POINT('',(0.155990205,0.,0.142090182));
#8316=CARTESIAN_POINT('',(0.11325,-0.003,0.05775));
#8317=CARTESIAN_POINT('',(0.11325,-0.003,0.05775));
#8318=CARTESIAN_POINT('',(0.11325,-0.003,0.05885));
#8319=CARTESIAN_POINT('',(0.15025,-0.003,0.12275));
#8320=CARTESIAN_POINT('',(0.15025,-0.003,0.12275));
#8321=CARTESIAN_POINT('',(0.15025,-0.003,0.12385));
#8322=CARTESIAN_POINT('',(0.11975,-0.003,0.12275));
#8323=CARTESIAN_POINT('',(0.11975,-0.003,0.12275));
#8324=CARTESIAN_POINT('',(0.11975,-0.003,0.12385));
#8325=CARTESIAN_POINT('',(0.19075,-0.003,0.06275));
#8326=CARTESIAN_POINT('',(0.19075,-0.003,0.06275));
#8327=CARTESIAN_POINT('',(0.19075,-0.003,0.06385));
#8328=CARTESIAN_POINT('',(0.19075,-0.003,0.141));
#8329=CARTESIAN_POINT('',(0.19075,-0.003,0.141));
#8330=CARTESIAN_POINT('',(0.19075,-0.003,0.1421));
#8331=CARTESIAN_POINT('',(0.17775,-0.003,0.05));
#8332=CARTESIAN_POINT('',(0.17775,-0.003,0.05));
#8333=CARTESIAN_POINT('',(0.17775,-0.003,0.0511));
#8334=CARTESIAN_POINT('',(0.145687597,-0.003,0.0951176488029092));
#8335=CARTESIAN_POINT('',(0.171549999999983,-0.003,0.0951176488029092));
#8336=CARTESIAN_POINT('',(0.171549999999983,-0.003,0.0461430095));
#8337=CARTESIAN_POINT('',(0.,-0.003,0.0461430095));
#8338=CARTESIAN_POINT('',(0.178550469551752,-0.003,0.0461430098719608));
#8339=CARTESIAN_POINT('',(0.17849214749048,-0.003,0.0474967743647));
#8340=CARTESIAN_POINT('',(0.179549999999984,-0.003,0.0466499999999835));
#8341=CARTESIAN_POINT('',(0.17955,-0.003,0.04665));
#8342=CARTESIAN_POINT('',(0.192801218082487,-0.003,0.0599082000866298));
#8343=CARTESIAN_POINT('',(0.19430004852863,-0.003,0.059967422495537));
#8344=CARTESIAN_POINT('',(0.193799064622722,-0.003,0.0613812878094977));
#8345=CARTESIAN_POINT('',(0.192446224413497,-0.003,0.0614580506185741));
#8346=CARTESIAN_POINT('',(0.193800021840067,-0.003,0.0614000011478638));
#8347=CARTESIAN_POINT('',(0.193800046951224,-0.003,0.0613999999999953));
#8348=CARTESIAN_POINT('',(0.193800046951224,-0.003,0.1420901835774));
#8349=CARTESIAN_POINT('',(0.19180004852863,-0.003,0.1420901835774));
#8350=CARTESIAN_POINT('',(0.19180004852863,-0.003,0.144090181999997));
#8351=CARTESIAN_POINT('',(0.191800047,-0.003,0.144090182));
#8352=CARTESIAN_POINT('',(0.15399020350585,-0.003,0.144090181999975));
#8353=CARTESIAN_POINT('',(0.15399020350585,-0.003,0.1420901834941));
#8354=CARTESIAN_POINT('',(0.151990205,-0.003,0.1420901834941));
#8355=CARTESIAN_POINT('',(0.151990205,-0.003,0.142090182));
#8356=CARTESIAN_POINT('',(0.151990205,-0.003,0.1278216985058));
#8357=CARTESIAN_POINT('',(0.14999020649415,-0.003,0.1278216985058));
#8358=CARTESIAN_POINT('',(0.149990205,-0.003,0.125821699999975));
#8359=CARTESIAN_POINT('',(0.149990205,-0.003,0.1258217));
#8360=CARTESIAN_POINT('',(0.099575194,-0.003,0.125835785999975));
#8361=CARTESIAN_POINT('',(0.09957519250585,-0.003,0.1238357874941));
#8362=CARTESIAN_POINT('',(0.097575194,-0.003,0.1238357874941));
#8363=CARTESIAN_POINT('',(0.097575194,-0.003,0.123835786));
#8364=CARTESIAN_POINT('',(0.0975751939999997,-0.003,0.068624401));
#8365=CARTESIAN_POINT('',(0.099600854570243,-0.003,0.06862374224455));
#8366=CARTESIAN_POINT('',(0.0995488589999956,-0.003,0.066598749));
#8367=CARTESIAN_POINT('',(0.099548859,-0.003,0.066598749));
#8368=CARTESIAN_POINT('',(0.10805013149415,-0.003,0.066598749));
#8369=CARTESIAN_POINT('',(0.10805013149415,-0.003,0.06459875049415));
#8370=CARTESIAN_POINT('',(0.11005013,-0.003,0.06459875049415));
#8371=CARTESIAN_POINT('',(0.11005013,-0.003,0.064598749));
#8372=CARTESIAN_POINT('',(0.110050451408887,-0.003,0.0565987653040144));
#8373=CARTESIAN_POINT('',(0.11205013,-0.003,0.0566494730067238));
#8374=CARTESIAN_POINT('',(0.112050209273309,-0.003,0.0546494730082949));
#8375=CARTESIAN_POINT('',(0.11205,-0.003,0.054649473));
#8376=CARTESIAN_POINT('',(0.125345771343461,-0.003,0.0546498730795651));
#8377=CARTESIAN_POINT('',(0.125321600119626,-0.003,0.0534949463091739));
#8378=CARTESIAN_POINT('',(0.126169559361127,-0.003,0.0542793638522104));
#8379=CARTESIAN_POINT('',(0.126169625,-0.003,0.05427942));
#8380=CARTESIAN_POINT('',(0.133800241999943,-0.003,0.0466497000000649));
#8381=CARTESIAN_POINT('',(0.13485785259983,-0.003,0.04749677082329));
#8382=CARTESIAN_POINT('',(0.133994789841018,-0.003,0.0464521695429418));
#8383=CARTESIAN_POINT('',(0.13435785259983,-0.003,0.04499677082329));
#8384=CARTESIAN_POINT('',(0.157549999999983,-0.003,0.0951176488029092));
#8385=CARTESIAN_POINT('',(0.135963708591333,-0.003,0.0501430095));
#8386=CARTESIAN_POINT('',(0.11725,-0.003,0.0586496791137454));
#8387=CARTESIAN_POINT('',(0.11529415077816,-0.003,0.0582317630678378));
#8388=CARTESIAN_POINT('',(0.11333830155632,-0.003,0.0578138470219302));
#8389=CARTESIAN_POINT('',(0.11369421577816,-0.003,0.0597819235109651));
#8390=CARTESIAN_POINT('',(0.11405013,-0.003,0.06175));
#8391=CARTESIAN_POINT('',(0.101575194,-0.003,0.070598749));
#8392=CARTESIAN_POINT('',(0.114749743187971,-0.003,0.121831546061004));
#8393=CARTESIAN_POINT('',(0.154250236674869,-0.003,0.123596521003071));
#8394=CARTESIAN_POINT('',(0.155990205,-0.003,0.140090182));
#8395=CARTESIAN_POINT('',(0.18675,-0.003,0.140090182));
#8396=CARTESIAN_POINT('',(0.188708052607063,-0.003,0.14049764977538));
#8397=CARTESIAN_POINT('',(0.190666105214126,-0.003,0.140905117550761));
#8398=CARTESIAN_POINT('',(0.190233076082675,-0.003,0.13895255877538));
#8399=CARTESIAN_POINT('',(0.189800046951224,-0.003,0.137));
#8400=CARTESIAN_POINT('',(0.189800046951224,-0.003,0.067161197476744));
#8401=CARTESIAN_POINT('',(0.17375,-0.003,0.0501430095));
#8402=CARTESIAN_POINT('',(0.10605013,-8.67361737988404E-19,0.0596241110033619));
#8403=CARTESIAN_POINT('',(0.10605013,-8.67361737988404E-19,0.062598749));
#8404=CARTESIAN_POINT('',(0.10605013,-0.002,0.062598749));
#8405=CARTESIAN_POINT('',(0.10605013,-0.0075,0.062598749));
#8406=CARTESIAN_POINT('',(0.10605013,-0.002,0.0566494730067238));
#8407=CARTESIAN_POINT('',(0.10605013,-0.002,0.0566494730067238));
#8408=CARTESIAN_POINT('',(0.10605013,-8.67361737988404E-19,0.0566494730067238));
#8409=CARTESIAN_POINT('',(0.10605013,-0.0075,0.0566494730067238));
#8410=CARTESIAN_POINT('',(0.10605013,-0.0075,0.0596241110033619));
#8411=CARTESIAN_POINT('',(0.11205013,-8.67361737988404E-19,0.0566494730067238));
#8412=CARTESIAN_POINT('',(0.11205013,-0.002,0.0566494730067238));
#8413=CARTESIAN_POINT('',(0.112050367819927,-0.002,0.050649473011437));
#8414=CARTESIAN_POINT('',(0.112050367819927,-8.67361737988404E-19,0.050649473011437));
#8415=CARTESIAN_POINT('',(0.112050367819927,-0.0075,0.050649473011437));
#8416=CARTESIAN_POINT('',(0.11205013,-0.0075,0.0566494730067238));
#8417=CARTESIAN_POINT('',(0.118096350219893,-8.67361737988404E-19,0.0506497126539524));
#8418=CARTESIAN_POINT('',(0.12414233261986,-0.002,0.0506499522964677));
#8419=CARTESIAN_POINT('',(0.12414233261986,-0.002,0.0506499522964677));
#8420=CARTESIAN_POINT('',(0.12414233261986,-8.67361737988404E-19,0.0506499522964677));
#8421=CARTESIAN_POINT('',(0.12414233261986,-0.0075,0.0506499522964677));
#8422=CARTESIAN_POINT('',(0.118096350219893,-0.0075,0.0506497126539524));
#8423=CARTESIAN_POINT('',(0.127505006046034,-8.67361737988404E-19,0.0472876741618002));
#8424=CARTESIAN_POINT('',(0.130867679472208,-0.002,0.0439253960271326));
#8425=CARTESIAN_POINT('',(0.130867679472208,-0.002,0.0439253960271326));
#8426=CARTESIAN_POINT('',(0.130867679472208,-8.67361737988404E-19,0.0439253960271326));
#8427=CARTESIAN_POINT('',(0.130867679472208,-0.0075,0.0439253960271326));
#8428=CARTESIAN_POINT('',(0.127505006046034,-0.0075,0.0472876741618002));
#8429=CARTESIAN_POINT('',(0.13485785259983,-8.67361737988404E-19,0.04749677082329));
#8430=CARTESIAN_POINT('',(0.13485785259983,-0.002,0.04749677082329));
#8431=CARTESIAN_POINT('',(0.134741924966071,-0.002,0.0421430095));
#8432=CARTESIAN_POINT('',(0.134741924966071,-8.67361737988404E-19,0.0421430095));
#8433=CARTESIAN_POINT('',(0.134741924966071,-0.0075,0.0421430095));
#8434=CARTESIAN_POINT('',(0.13485785259983,-0.0075,0.04749677082329));
#8435=CARTESIAN_POINT('',(0.156675000053261,-8.67361737988404E-19,0.0421430095));
#8436=CARTESIAN_POINT('',(0.157549999999983,-0.002,0.0421430095));
#8437=CARTESIAN_POINT('',(0.157549999999983,-0.002,0.0421430095));
#8438=CARTESIAN_POINT('',(0.157549999999983,-0.025,0.0421430095));
#8439=CARTESIAN_POINT('',(0.157549999999983,-0.0075,0.0421430095));
#8440=CARTESIAN_POINT('',(0.156675000053261,-0.0075,0.0421430095));
#8441=CARTESIAN_POINT('',(0.17849214749048,-8.67361737988404E-19,0.0474967743647001));
#8442=CARTESIAN_POINT('',(0.17849214749048,-0.002,0.0474967743647001));
#8443=CARTESIAN_POINT('',(0.18248340241701,-0.002,0.0439266032822489));
#8444=CARTESIAN_POINT('',(0.18248340241701,-8.67361737988404E-19,0.0439266032822489));
#8445=CARTESIAN_POINT('',(0.18248340241701,-0.0075,0.0439266032822489));
#8446=CARTESIAN_POINT('',(0.17849214749048,-0.0075,0.0474967743647001));
#8447=CARTESIAN_POINT('',(0.189250246605453,-8.67361737988404E-19,0.050697012888893));
#8448=CARTESIAN_POINT('',(0.196017090793894,-0.002,0.057467422495537));
#8449=CARTESIAN_POINT('',(0.196017090793894,-0.002,0.057467422495537));
#8450=CARTESIAN_POINT('',(0.196017090793894,-8.67361737988404E-19,0.057467422495537));
#8451=CARTESIAN_POINT('',(0.196017090793894,-0.0075,0.057467422495537));
#8452=CARTESIAN_POINT('',(0.189250246605453,-0.0075,0.050697012888893));
#8453=CARTESIAN_POINT('',(0.192446224413497,-8.67361737988404E-19,0.0614580506185741));
#8454=CARTESIAN_POINT('',(0.192446224413497,-0.002,0.0614580506185741));
#8455=CARTESIAN_POINT('',(0.197800046951224,-0.002,0.0613449853385294));
#8456=CARTESIAN_POINT('',(0.197800046951224,-8.67361737988404E-19,0.0613449853385294));
#8457=CARTESIAN_POINT('',(0.197800046951224,-0.0075,0.0613449853385294));
#8458=CARTESIAN_POINT('',(0.192446224413497,-0.0075,0.0614580506185741));
#8459=CARTESIAN_POINT('',(0.197800046951224,-8.67361737988404E-19,0.101717584457965));
#8460=CARTESIAN_POINT('',(0.197800046951224,-0.002,0.1420901835774));
#8461=CARTESIAN_POINT('',(0.197800046951224,-0.002,0.1420901835774));
#8462=CARTESIAN_POINT('',(0.197800046951224,-8.67361737988404E-19,0.1420901835774));
#8463=CARTESIAN_POINT('',(0.197800046951224,-0.0075,0.1420901835774));
#8464=CARTESIAN_POINT('',(0.197800046951224,-0.0075,0.101717584457965));
#8465=CARTESIAN_POINT('',(0.19180004852863,-8.67361737988404E-19,0.1420901835774));
#8466=CARTESIAN_POINT('',(0.19180004852863,-0.002,0.1420901835774));
#8467=CARTESIAN_POINT('',(0.19180004852863,-0.002,0.148090182));
#8468=CARTESIAN_POINT('',(0.19180004852863,-8.67361737988404E-19,0.148090182));
#8469=CARTESIAN_POINT('',(0.19180004852863,-0.0075,0.148090182));
#8470=CARTESIAN_POINT('',(0.19180004852863,-0.0075,0.1420901835774));
#8471=CARTESIAN_POINT('',(0.17289512601724,-8.67361737988404E-19,0.148090182));
#8472=CARTESIAN_POINT('',(0.15399020350585,-0.002,0.148090182));
#8473=CARTESIAN_POINT('',(0.15399020350585,-0.002,0.14809018199995));
#8474=CARTESIAN_POINT('',(0.15399020350585,-8.67361737988404E-19,0.14809018199995));
#8475=CARTESIAN_POINT('',(0.15399020350585,-0.0075,0.14809018199995));
#8476=CARTESIAN_POINT('',(0.17289512601724,-0.0075,0.148090182));
#8477=CARTESIAN_POINT('',(0.15399020350585,-8.67361737988404E-19,0.1420901834941));
#8478=CARTESIAN_POINT('',(0.15399020350585,-0.002,0.1420901834941));
#8479=CARTESIAN_POINT('',(0.147990205,-0.002,0.1420901834941));
#8480=CARTESIAN_POINT('',(0.147990205,-8.67361737988404E-19,0.1420901834941));
#8481=CARTESIAN_POINT('',(0.147990205,-0.0075,0.1420901834941));
#8482=CARTESIAN_POINT('',(0.15399020350585,-0.0075,0.1420901834941));
#8483=CARTESIAN_POINT('',(0.147990205,-8.67361737988404E-19,0.135956221226026));
#8484=CARTESIAN_POINT('',(0.147990205,-0.002,0.129822258957952));
#8485=CARTESIAN_POINT('',(0.147990205,-0.002,0.129822258957952));
#8486=CARTESIAN_POINT('',(0.147990205,-8.67361737988404E-19,0.129822258957952));
#8487=CARTESIAN_POINT('',(0.147990205,-0.0075,0.129822258957952));
#8488=CARTESIAN_POINT('',(0.147990205,-0.0075,0.135956221226026));
#8489=CARTESIAN_POINT('',(0.123783536955406,-8.67361737988404E-19,0.129829022323055));
#8490=CARTESIAN_POINT('',(0.0995768689108112,-0.002,0.129835785688158));
#8491=CARTESIAN_POINT('',(0.0995768689108329,-0.002,0.129835785765755));
#8492=CARTESIAN_POINT('',(0.0995768689108329,-8.67361737988404E-19,0.129835785765755));
#8493=CARTESIAN_POINT('',(0.0995768689108329,-0.0075,0.129835785765755));
#8494=CARTESIAN_POINT('',(0.123783536955406,-0.0075,0.129829022323055));
#8495=CARTESIAN_POINT('',(0.09957519250585,-8.67361737988404E-19,0.1238357874941));
#8496=CARTESIAN_POINT('',(0.09957519250585,-0.002,0.1238357874941));
#8497=CARTESIAN_POINT('',(0.093575194,-0.002,0.1238357874941));
#8498=CARTESIAN_POINT('',(0.093575194,-8.67361737988404E-19,0.1238357874941));
#8499=CARTESIAN_POINT('',(0.093575194,-0.0075,0.1238357874941));
#8500=CARTESIAN_POINT('',(0.09957519250585,-0.0075,0.1238357874941));
#8501=CARTESIAN_POINT('',(0.093575194,-8.67361737988404E-19,0.096229764869325));
#8502=CARTESIAN_POINT('',(0.093575194,-0.002,0.06862374224455));
#8503=CARTESIAN_POINT('',(0.093575193892884,-0.002,0.06862374224455));
#8504=CARTESIAN_POINT('',(0.093575193892884,-8.67361737988404E-19,0.06862374224455));
#8505=CARTESIAN_POINT('',(0.093575193892884,-0.0075,0.06862374224455));
#8506=CARTESIAN_POINT('',(0.093575194,-0.0075,0.096229764869325));
#8507=CARTESIAN_POINT('',(0.099600854570243,-8.67361737988404E-19,0.06862374224455));
#8508=CARTESIAN_POINT('',(0.099600854570243,-0.002,0.06862374224455));
#8509=CARTESIAN_POINT('',(0.0995111717859569,-0.002,0.062598749));
#8510=CARTESIAN_POINT('',(0.0995111717859569,-8.67361737988404E-19,0.062598749));
#8511=CARTESIAN_POINT('',(0.0995111717859569,-0.0075,0.062598749));
#8512=CARTESIAN_POINT('',(0.099600854570243,-0.0075,0.06862374224455));
#8513=CARTESIAN_POINT('',(0.11005013,-8.67361737988404E-19,0.064598749));
#8514=CARTESIAN_POINT('',(0.11005013,-8.67361737988404E-19,0.06459875049415));
#8515=CARTESIAN_POINT('',(0.11005013,-0.0075,0.06459875049415));
#8516=CARTESIAN_POINT('',(0.11005013,-0.0075,0.064598749));
#8517=CARTESIAN_POINT('',(0.110050451460537,-0.0075,0.0565987612292103));
#8518=CARTESIAN_POINT('',(0.110050451460537,-8.67361737988404E-19,0.0565987612292103));
#8519=CARTESIAN_POINT('',(0.10805013149415,-8.67361737988404E-19,0.06459875049415));
#8520=CARTESIAN_POINT('',(0.10805013149415,-8.67361737988404E-19,0.066598749));
#8521=CARTESIAN_POINT('',(0.10805013149415,-0.0075,0.066598749));
#8522=CARTESIAN_POINT('',(0.10805013149415,-0.0075,0.06459875049415));
#8523=CARTESIAN_POINT('',(0.099548859,-8.67361737988404E-19,0.066598749));
#8524=CARTESIAN_POINT('',(0.0995488589999956,-8.67361737988404E-19,0.066598749));
#8525=CARTESIAN_POINT('',(0.0995488589999956,-0.0075,0.066598749));
#8526=CARTESIAN_POINT('',(0.099548859,-0.0075,0.066598749));
#8527=CARTESIAN_POINT('',(0.099600854570243,-8.67361737988404E-19,0.06862374224455));
#8528=CARTESIAN_POINT('',(0.0975751939999997,-8.67361737988404E-19,0.068624401));
#8529=CARTESIAN_POINT('',(0.0975751939999997,-0.0075,0.068624401));
#8530=CARTESIAN_POINT('',(0.099600854570243,-0.0075,0.06862374224455));
#8531=CARTESIAN_POINT('',(0.097575194,-8.67361737988404E-19,0.123835786));
#8532=CARTESIAN_POINT('',(0.097575194,-8.67361737988404E-19,0.1238357874941));
#8533=CARTESIAN_POINT('',(0.097575194,-0.0075,0.1238357874941));
#8534=CARTESIAN_POINT('',(0.097575194,-0.0075,0.123835786));
#8535=CARTESIAN_POINT('',(0.09957519250585,-8.67361737988404E-19,0.1238357874941));
#8536=CARTESIAN_POINT('',(0.099575194,-8.67361737988404E-19,0.125835785999975));
#8537=CARTESIAN_POINT('',(0.099575194,-0.0075,0.125835785999975));
#8538=CARTESIAN_POINT('',(0.09957519250585,-0.0075,0.1238357874941));
#8539=CARTESIAN_POINT('',(0.149990205,-8.67361737988404E-19,0.1258217));
#8540=CARTESIAN_POINT('',(0.149990205,-8.67361737988404E-19,0.125821699999975));
#8541=CARTESIAN_POINT('',(0.149990205,-0.0075,0.125821699999975));
#8542=CARTESIAN_POINT('',(0.149990205,-0.0075,0.1258217));
#8543=CARTESIAN_POINT('',(0.14999020649415,-8.67361737988404E-19,0.1278216985058));
#8544=CARTESIAN_POINT('',(0.151990205,-8.67361737988404E-19,0.1278216985058));
#8545=CARTESIAN_POINT('',(0.151990205,-0.0075,0.1278216985058));
#8546=CARTESIAN_POINT('',(0.14999020649415,-0.0075,0.1278216985058));
#8547=CARTESIAN_POINT('',(0.151990205,-8.67361737988404E-19,0.142090182));
#8548=CARTESIAN_POINT('',(0.151990205,-8.67361737988404E-19,0.1420901834941));
#8549=CARTESIAN_POINT('',(0.151990205,-0.0075,0.1420901834941));
#8550=CARTESIAN_POINT('',(0.151990205,-0.0075,0.142090182));
#8551=CARTESIAN_POINT('',(0.15399020350585,-8.67361737988404E-19,0.1420901834941));
#8552=CARTESIAN_POINT('',(0.15399020350585,-8.67361737988404E-19,0.144090181999975));
#8553=CARTESIAN_POINT('',(0.15399020350585,-0.0075,0.144090181999975));
#8554=CARTESIAN_POINT('',(0.15399020350585,-0.0075,0.1420901834941));
#8555=CARTESIAN_POINT('',(0.191800047,-8.67361737988404E-19,0.144090182));
#8556=CARTESIAN_POINT('',(0.19180004852863,-8.67361737988404E-19,0.144090181999997));
#8557=CARTESIAN_POINT('',(0.19180004852863,-0.0075,0.144090181999997));
#8558=CARTESIAN_POINT('',(0.191800047,-0.0075,0.144090182));
#8559=CARTESIAN_POINT('',(0.19180004852863,-8.67361737988404E-19,0.1420901835774));
#8560=CARTESIAN_POINT('',(0.193800046951224,-8.67361737988404E-19,0.1420901835774));
#8561=CARTESIAN_POINT('',(0.193800046951224,-0.0075,0.1420901835774));
#8562=CARTESIAN_POINT('',(0.19180004852863,-0.0075,0.1420901835774));
#8563=CARTESIAN_POINT('',(0.193800046951224,-8.67361737988404E-19,0.0613999999999953));
#8564=CARTESIAN_POINT('',(0.193800021828531,-8.67361737988404E-19,0.0614000006097356));
#8565=CARTESIAN_POINT('',(0.193800021828531,-0.0075,0.0614000006097356));
#8566=CARTESIAN_POINT('',(0.193800046951224,-0.0075,0.0613999999999953));
#8567=CARTESIAN_POINT('',(0.192446224413497,-8.67361737988404E-19,0.0614580506185741));
#8568=CARTESIAN_POINT('',(0.193799064622722,-0.0125,0.0613812878094977));
#8569=CARTESIAN_POINT('',(0.193799064622722,-0.0075,0.0613812878094977));
#8570=CARTESIAN_POINT('',(0.192446224413497,-0.0075,0.0614580506185741));
#8571=CARTESIAN_POINT('',(0.17955,-8.67361737988404E-19,0.04665));
#8572=CARTESIAN_POINT('',(0.17955,-0.0075,0.04665));
#8573=CARTESIAN_POINT('',(0.179549999999984,-0.0075,0.0466499999999835));
#8574=CARTESIAN_POINT('',(0.192801218082487,-0.0075,0.0599082000866298));
#8575=CARTESIAN_POINT('',(0.192801218082487,-0.025,0.0599082000866298));
#8576=CARTESIAN_POINT('',(0.179549999999984,-8.67361737988404E-19,0.0466499999999835));
#8577=CARTESIAN_POINT('',(0.17849214749048,-8.67361737988404E-19,0.0474967743647));
#8578=CARTESIAN_POINT('',(0.178550469559761,-8.67361737988404E-19,0.0461430098721335));
#8579=CARTESIAN_POINT('',(0.178550469559761,-0.0075,0.0461430098721335));
#8580=CARTESIAN_POINT('',(0.17849214749048,-0.0075,0.0474967743647));
#8581=CARTESIAN_POINT('',(0.,-8.67361737988404E-19,0.0461430095));
#8582=CARTESIAN_POINT('',(0.171549999999983,-8.67361737988404E-19,0.0461430095));
#8583=CARTESIAN_POINT('',(0.171549999999983,-0.0075,0.0461430095));
#8584=CARTESIAN_POINT('',(0.,-0.0075,0.0461430095));
#8585=CARTESIAN_POINT('',(0.13485785259983,-8.67361737988404E-19,0.04749677082329));
#8586=CARTESIAN_POINT('',(0.13485785259983,-0.0075,0.04749677082329));
#8587=CARTESIAN_POINT('',(0.133800241999943,-0.0075,0.0466497000000649));
#8588=CARTESIAN_POINT('',(0.133994789841018,-0.0075,0.0464521695429418));
#8589=CARTESIAN_POINT('',(0.133994789841018,-0.0125,0.0464521695429418));
#8590=CARTESIAN_POINT('',(0.133800241999943,-8.67361737988404E-19,0.0466497000000649));
#8591=CARTESIAN_POINT('',(0.126169625,-8.67361737988404E-19,0.05427942));
#8592=CARTESIAN_POINT('',(0.12616956052463,-8.67361737988404E-19,0.0542793626426235));
#8593=CARTESIAN_POINT('',(0.12616956052463,-0.0075,0.0542793626426235));
#8594=CARTESIAN_POINT('',(0.126169625,-0.0075,0.05427942));
#8595=CARTESIAN_POINT('',(0.125321600119626,-8.67361737988404E-19,0.0534949463091739));
#8596=CARTESIAN_POINT('',(0.1253457700128,-8.67361737988404E-19,0.0546498730795124));
#8597=CARTESIAN_POINT('',(0.1253457700128,-0.0075,0.0546498730795124));
#8598=CARTESIAN_POINT('',(0.125321600119626,-0.0075,0.0534949463091739));
#8599=CARTESIAN_POINT('',(0.11205,-8.67361737988404E-19,0.054649473));
#8600=CARTESIAN_POINT('',(0.112050209273309,-8.67361737988404E-19,0.0546494730082949));
#8601=CARTESIAN_POINT('',(0.112050209273309,-0.0075,0.0546494730082949));
#8602=CARTESIAN_POINT('',(0.11205,-0.0075,0.054649473));
#8603=CARTESIAN_POINT('',(0.11205013,-8.67361737988404E-19,0.0566494730067238));
#8604=CARTESIAN_POINT('',(0.11205013,-0.0075,0.0566494730067238));
#8605=CARTESIAN_POINT('',(0.102780650892978,-8.67361737988404E-19,0.062598749));
#8606=CARTESIAN_POINT('',(0.10605013,-0.002,0.062598749));
#8607=CARTESIAN_POINT('',(0.102780650892978,-0.0075,0.062598749));
#8608=CARTESIAN_POINT('',(0.145687620422054,-0.0075,0.09511659575));
#8609=CARTESIAN_POINT('',(0.171549999999983,-0.0075,0.09511659575));
#8610=CARTESIAN_POINT('',(0.157549999999983,-0.0075,0.09511659575));
#8611=CARTESIAN_POINT('',(0.13435785259983,-0.0075,0.04499677082329));
#8612=CARTESIAN_POINT('',(0.19430004852863,-0.0075,0.059967422495537));
#8613=CARTESIAN_POINT('',(0.19430004852863,-0.0075,0.1445901835774));
#8614=CARTESIAN_POINT('',(0.19280004852863,-0.0075,0.1445901835774));
#8615=CARTESIAN_POINT('',(0.15149020350585,-0.0075,0.1445901834941));
#8616=CARTESIAN_POINT('',(0.14999020350585,-0.0075,0.1445901834941));
#8617=CARTESIAN_POINT('',(0.09707519250585,-0.0075,0.1263357874941));
#8618=CARTESIAN_POINT('',(0.09557519250585,-0.0075,0.1263357874941));
#8619=CARTESIAN_POINT('',(0.097075194,-0.0075,0.06612374224455));
#8620=CARTESIAN_POINT('',(0.095575194,-0.0075,0.06612374224455));
#8621=CARTESIAN_POINT('',(0.097075194,-0.025,0.06612374224455));
#8622=CARTESIAN_POINT('',(0.0979895274775339,0.,0.064934627325015));
#8623=CARTESIAN_POINT('',(0.097696936485339,5.88183403423464E-18,0.064709648447874));
#8624=CARTESIAN_POINT('',(0.0969684089719642,-0.000155154412368406,0.0644937628014806));
#8625=CARTESIAN_POINT('',(0.0959115074594239,-0.000349065431340102,0.0649701566388954));
#8626=CARTESIAN_POINT('',(0.0954437727543756,-0.000155332337880544,0.0660332271627311));
#8627=CARTESIAN_POINT('',(0.0956675111561775,3.03766474091529E-18,0.0667598774656225));
#8628=CARTESIAN_POINT('',(0.0958954778454167,-5.91680030337193E-20,0.0670501707602031));
#8629=CARTESIAN_POINT('',(0.09707519250585,-0.025,0.1263357874941));
#8630=CARTESIAN_POINT('',(0.0958969248376651,0.,0.125407517435275));
#8631=CARTESIAN_POINT('',(0.0956673951231403,1.48178454829819E-17,0.125698863082958));
#8632=CARTESIAN_POINT('',(0.0954431205276015,-0.000157359863678271,0.126428909506647));
#8633=CARTESIAN_POINT('',(0.0959147210956375,-0.000354731717473945,0.127494593738312));
#8634=CARTESIAN_POINT('',(0.0969820824051477,-0.000157457813375506,0.127968293328932));
#8635=CARTESIAN_POINT('',(0.0977120768755331,-6.70053934177493E-18,0.127743616422518));
#8636=CARTESIAN_POINT('',(0.0980034625646745,8.09386172353229E-20,0.127514055162285));
#8637=CARTESIAN_POINT('',(0.15149020350585,-0.025,0.1445901834941));
#8638=CARTESIAN_POINT('',(0.150311935837665,0.,0.143661913435275));
#8639=CARTESIAN_POINT('',(0.15008240612314,-8.63362137464519E-19,0.143953259082958));
#8640=CARTESIAN_POINT('',(0.149858131527601,-0.000157359863678281,0.144683305506647));
#8641=CARTESIAN_POINT('',(0.150329732095638,-0.000354731717473949,0.145748989738312));
#8642=CARTESIAN_POINT('',(0.151397093405148,-0.000157457813375498,0.146222689328932));
#8643=CARTESIAN_POINT('',(0.152127087875533,-1.02165632423741E-17,0.145998012422518));
#8644=CARTESIAN_POINT('',(0.152418473564675,5.52100229664227E-20,0.145768451162285));
#8645=CARTESIAN_POINT('',(0.19430004852863,-0.025,0.1445901835774));
#8646=CARTESIAN_POINT('',(0.193371778395296,0.,0.145768451186885));
#8647=CARTESIAN_POINT('',(0.193663124042162,1.71006805301446E-17,0.145997980930625));
#8648=CARTESIAN_POINT('',(0.194393170490523,-0.000157359888009413,0.146222255570378));
#8649=CARTESIAN_POINT('',(0.195458854782711,-0.000354731781113619,0.145750654996807));
#8650=CARTESIAN_POINT('',(0.195932554378183,-0.000157457836809557,0.144683293623055));
#8651=CARTESIAN_POINT('',(0.195707877427784,1.6941067793693E-17,0.143953299132667));
#8652=CARTESIAN_POINT('',(0.195478316138115,-1.12184836577521E-19,0.143661913444066));
#8653=CARTESIAN_POINT('',(0.19430004852863,-0.025,0.059967422495537));
#8654=CARTESIAN_POINT('',(0.195678509048485,0.,0.0605589008089175));
#8655=CARTESIAN_POINT('',(0.195831516006381,1.64817126434104E-17,0.0602023128395019));
#8656=CARTESIAN_POINT('',(0.195846751525787,-8.11098242558833E-5,0.0593834329875709));
#8657=CARTESIAN_POINT('',(0.195285667372354,-6.98847117373824E-5,0.0587739232961772));
#8658=CARTESIAN_POINT('',(0.19494025422124,-4.67738834690123E-5,0.0586109061221932));
#8659=CARTESIAN_POINT('',(0.19494025422124,-4.67738834690028E-5,0.0586109061221931));
#8660=CARTESIAN_POINT('',(0.19494025422124,-4.67738834690028E-5,0.0586109061221931));
#8661=CARTESIAN_POINT('',(0.194706378138791,-2.75345096512056E-5,0.0585005286860697));
#8662=CARTESIAN_POINT('',(0.19444741425673,2.57542124485327E-17,0.0584529971272448));
#8663=CARTESIAN_POINT('',(0.194192724115226,4.25237009303596E-20,0.0584712669320051));
#8664=CARTESIAN_POINT('',(0.13435785259983,-0.025,0.04499677082329));
#8665=CARTESIAN_POINT('',(0.135591178024385,0.,0.0441430095));
#8666=CARTESIAN_POINT('',(0.135390546634144,0.,0.0438531816666248));
#8667=CARTESIAN_POINT('',(0.135094483945843,-6.07108969805892E-5,0.0436443483843381));
#8668=CARTESIAN_POINT('',(0.134758330305399,-8.95589478205377E-5,0.0435512198531258));
#8669=CARTESIAN_POINT('',(0.134758330305399,-8.95589478205378E-5,0.0435512198531258));
#8670=CARTESIAN_POINT('',(0.134758330305399,-8.95589478205365E-5,0.0435512198531258));
#8671=CARTESIAN_POINT('',(0.134344495896541,-0.000128294591496975,0.0434365705201272));
#8672=CARTESIAN_POINT('',(0.133427461766499,-0.000135942249107987,0.0435862661939131));
#8673=CARTESIAN_POINT('',(0.13293006865923,9.48441526781186E-17,0.0443682589303662));
#8674=CARTESIAN_POINT('',(0.132871791350956,8.69841575834001E-17,0.044792756204707));
#8675=CARTESIAN_POINT('',(0.189800046951224,-0.003,0.137));
#8676=CARTESIAN_POINT('',(0.190233076082675,-0.003,0.13895255877538));
#8677=CARTESIAN_POINT('',(0.190233076082675,-0.002,0.13895255877538));
#8678=CARTESIAN_POINT('',(0.189800046951224,-0.002,0.137));
#8679=CARTESIAN_POINT('',(0.189800046951224,-0.003,0.067161197476744));
#8680=CARTESIAN_POINT('',(0.189800046951224,-0.002,0.067161197476744));
#8681=CARTESIAN_POINT('',(0.17375,-0.003,0.0501430095));
#8682=CARTESIAN_POINT('',(0.17375,-0.002,0.0501430095));
#8683=CARTESIAN_POINT('',(0.135963708591333,-0.003,0.0501430095));
#8684=CARTESIAN_POINT('',(0.135963708591333,-0.002,0.0501430095));
#8685=CARTESIAN_POINT('',(0.11725,-0.003,0.0586496791137454));
#8686=CARTESIAN_POINT('',(0.11725,-0.002,0.0586496791137454));
#8687=CARTESIAN_POINT('',(0.11529415077816,-0.002,0.0582317630678378));
#8688=CARTESIAN_POINT('',(0.11529415077816,-0.003,0.0582317630678378));
#8689=CARTESIAN_POINT('',(0.11405013,-0.003,0.06175));
#8690=CARTESIAN_POINT('',(0.11369421577816,-0.003,0.0597819235109651));
#8691=CARTESIAN_POINT('',(0.11369421577816,-0.002,0.0597819235109651));
#8692=CARTESIAN_POINT('',(0.11405013,-0.002,0.06175));
#8693=CARTESIAN_POINT('',(0.101575194,-0.003,0.070598749));
#8694=CARTESIAN_POINT('',(0.101575194,-0.002,0.070598749));
#8695=CARTESIAN_POINT('',(0.18675,-0.003,0.140090182));
#8696=CARTESIAN_POINT('',(0.18675,-0.002,0.140090182));
#8697=CARTESIAN_POINT('',(0.188708052607063,-0.002,0.14049764977538));
#8698=CARTESIAN_POINT('',(0.188708052607063,-0.003,0.14049764977538));
#8699=CARTESIAN_POINT('',(0.155990205,-0.003,0.140090182));
#8700=CARTESIAN_POINT('',(0.155990205,-0.002,0.140090182));
#8701=CARTESIAN_POINT('',(0.154250236674869,-0.003,0.123596521003071));
#8702=CARTESIAN_POINT('',(0.154250236674869,-0.002,0.123596521003071));
#8703=CARTESIAN_POINT('',(0.114749743187971,-0.003,0.121831546061004));
#8704=CARTESIAN_POINT('',(0.114749743187971,-0.002,0.121831546061004));
#8705=CARTESIAN_POINT('',(0.190666105214126,-0.003,0.140905117550761));
#8706=CARTESIAN_POINT('',(0.190666105214126,-0.002,0.140905117550761));
#8707=CARTESIAN_POINT('',(0.11333830155632,-0.003,0.0578138470219302));
#8708=CARTESIAN_POINT('',(0.113338301556312,-0.002,0.0578138470219286));
#8709=CARTESIAN_POINT('',(0.157549999999983,-0.025,0.0451430095));
#8710=CARTESIAN_POINT('',(0.157549999999983,-0.002,0.0441430095));
#8711=CARTESIAN_POINT('',(0.157549999999983,-0.025,0.0481430095));
#8712=CARTESIAN_POINT('',(0.171549999999983,-0.025,0.0451430095));
#8713=CARTESIAN_POINT('',(0.171549999999983,-0.002,0.0441430095));
#8714=CARTESIAN_POINT('',(0.171549999999983,-0.025,0.0481430095));
#8715=CARTESIAN_POINT('',(0.172649999999992,-0.002,0.0481430095));
#8716=CARTESIAN_POINT('',(0.172649999999992,-0.002,0.0481430095));
#8717=CARTESIAN_POINT('',(0.176914900541305,-0.002,0.130795582539926));
#8718=CARTESIAN_POINT('',(0.176914900541305,-0.002,0.136795582539926));
#8719=CARTESIAN_POINT('',(0.176914900541305,-0.002,0.136795582539926));
#8720=CARTESIAN_POINT('',(0.176914900541305,-0.002,0.130795582539926));
#8721=CARTESIAN_POINT('',(0.176914900541305,-0.002,0.124795582539926));
#8722=CARTESIAN_POINT('',(0.176914900541305,-0.002,0.124795582539926));
#8723=CARTESIAN_POINT('',(0.182914900541305,-0.002,0.124795582539926));
#8724=CARTESIAN_POINT('',(0.182914900541305,-0.002,0.124795582539926));
#8725=CARTESIAN_POINT('',(0.188914900541305,-0.002,0.124795582539926));
#8726=CARTESIAN_POINT('',(0.188914900541305,-0.002,0.124795582539926));
#8727=CARTESIAN_POINT('',(0.188914900541305,-0.002,0.130795582539926));
#8728=CARTESIAN_POINT('',(0.188914900541305,-0.002,0.130795582539926));
#8729=CARTESIAN_POINT('',(0.188914900541305,-0.002,0.136795582539926));
#8730=CARTESIAN_POINT('',(0.188914900541305,-0.002,0.136795582539926));
#8731=CARTESIAN_POINT('',(0.158386171785957,-0.002,0.1280651834941));
#8732=CARTESIAN_POINT('',(0.157886171785957,-0.002,0.1280651834941));
#8733=CARTESIAN_POINT('',(0.157886171785957,-0.002,0.1280651834941));
#8734=CARTESIAN_POINT('',(0.158386171785957,-0.002,0.1280651834941));
#8735=CARTESIAN_POINT('',(0.158386171785957,-0.002,0.1275651834941));
#8736=CARTESIAN_POINT('',(0.158386171785957,-0.002,0.1275651834941));
#8737=CARTESIAN_POINT('',(0.164886171785957,-0.002,0.1275651834941));
#8738=CARTESIAN_POINT('',(0.164886171785957,-0.002,0.1275651834941));
#8739=CARTESIAN_POINT('',(0.171386171785957,-0.002,0.1275651834941));
#8740=CARTESIAN_POINT('',(0.171386171785957,-0.002,0.1275651834941));
#8741=CARTESIAN_POINT('',(0.171386171785957,-0.002,0.1280651834941));
#8742=CARTESIAN_POINT('',(0.171386171785957,-0.002,0.1280651834941));
#8743=CARTESIAN_POINT('',(0.171886171785957,-0.002,0.1280651834941));
#8744=CARTESIAN_POINT('',(0.171886171785957,-0.002,0.1280651834941));
#8745=CARTESIAN_POINT('',(0.171886171785957,-0.002,0.1345651834941));
#8746=CARTESIAN_POINT('',(0.171886171785957,-0.002,0.1345651834941));
#8747=CARTESIAN_POINT('',(0.171886171785957,-0.002,0.1410651834941));
#8748=CARTESIAN_POINT('',(0.171886171785957,-0.002,0.1410651834941));
#8749=CARTESIAN_POINT('',(0.171386171785957,-0.002,0.1410651834941));
#8750=CARTESIAN_POINT('',(0.171386171785957,-0.002,0.1410651834941));
#8751=CARTESIAN_POINT('',(0.171386171785957,-0.002,0.1415651834941));
#8752=CARTESIAN_POINT('',(0.171386171785957,-0.002,0.1415651834941));
#8753=CARTESIAN_POINT('',(0.164886171785957,-0.002,0.1415651834941));
#8754=CARTESIAN_POINT('',(0.164886171785957,-0.002,0.1415651834941));
#8755=CARTESIAN_POINT('',(0.158386171785957,-0.002,0.1415651834941));
#8756=CARTESIAN_POINT('',(0.158386171785957,-0.002,0.1415651834941));
#8757=CARTESIAN_POINT('',(0.158386171785957,-0.002,0.1410651834941));
#8758=CARTESIAN_POINT('',(0.158386171785957,-0.002,0.1410651834941));
#8759=CARTESIAN_POINT('',(0.157886171785957,-0.002,0.1410651834941));
#8760=CARTESIAN_POINT('',(0.157886171785957,-0.002,0.1410651834941));
#8761=CARTESIAN_POINT('',(0.177414900541305,-0.002,0.109015242095324));
#8762=CARTESIAN_POINT('',(0.176914900541305,-0.002,0.109015242095324));
#8763=CARTESIAN_POINT('',(0.176914900541305,-0.002,0.109015242095324));
#8764=CARTESIAN_POINT('',(0.177414900541305,-0.002,0.109015242095324));
#8765=CARTESIAN_POINT('',(0.177414900541305,-0.002,0.108515242095324));
#8766=CARTESIAN_POINT('',(0.177414900541305,-0.002,0.108515242095324));
#8767=CARTESIAN_POINT('',(0.18390859735012,-0.002,0.108523206765982));
#8768=CARTESIAN_POINT('',(0.18390859735012,-0.002,0.108523206765982));
#8769=CARTESIAN_POINT('',(0.190402294158936,-0.002,0.10853117143664));
#8770=CARTESIAN_POINT('',(0.190402294158936,-0.002,0.10853117143664));
#8771=CARTESIAN_POINT('',(0.190389687776566,-0.002,0.109047100777956));
#8772=CARTESIAN_POINT('',(0.190389687776566,-0.002,0.109047100777956));
#8773=CARTESIAN_POINT('',(0.190902294158936,-0.002,0.108987295235897));
#8774=CARTESIAN_POINT('',(0.190902294158936,-0.002,0.108987295235897));
#8775=CARTESIAN_POINT('',(0.190902294158936,-0.002,0.115509233336269));
#8776=CARTESIAN_POINT('',(0.190902294158936,-0.002,0.115509233336269));
#8777=CARTESIAN_POINT('',(0.190902294158936,-0.002,0.12203117143664));
#8778=CARTESIAN_POINT('',(0.190902294158936,-0.002,0.12203117143664));
#8779=CARTESIAN_POINT('',(0.190402546304567,-0.002,0.122015294344532));
#8780=CARTESIAN_POINT('',(0.190402546304567,-0.002,0.122015294344532));
#8781=CARTESIAN_POINT('',(0.190414900541305,-0.002,0.122515141694065));
#8782=CARTESIAN_POINT('',(0.190414900541305,-0.002,0.122515141694065));
#8783=CARTESIAN_POINT('',(0.183914900541305,-0.002,0.122515141694065));
#8784=CARTESIAN_POINT('',(0.183914900541305,-0.002,0.122515141694065));
#8785=CARTESIAN_POINT('',(0.177414900541305,-0.002,0.122515141694065));
#8786=CARTESIAN_POINT('',(0.177414900541305,-0.002,0.122515141694065));
#8787=CARTESIAN_POINT('',(0.177414900541305,-0.002,0.122015141694065));
#8788=CARTESIAN_POINT('',(0.177414900541305,-0.002,0.122015141694065));
#8789=CARTESIAN_POINT('',(0.176914900541305,-0.002,0.122015141694065));
#8790=CARTESIAN_POINT('',(0.176914900541305,-0.002,0.122015141694065));
#8791=CARTESIAN_POINT('',(0.158386171785957,-0.002,0.1090151834941));
#8792=CARTESIAN_POINT('',(0.157886171785957,-0.002,0.1090151834941));
#8793=CARTESIAN_POINT('',(0.157886171785957,-0.002,0.1090151834941));
#8794=CARTESIAN_POINT('',(0.158386171785957,-0.002,0.1090151834941));
#8795=CARTESIAN_POINT('',(0.158386171785957,-0.002,0.1085151834941));
#8796=CARTESIAN_POINT('',(0.158386171785957,-0.002,0.1085151834941));
#8797=CARTESIAN_POINT('',(0.164886171785957,-0.002,0.1085151834941));
#8798=CARTESIAN_POINT('',(0.164886171785957,-0.002,0.1085151834941));
#8799=CARTESIAN_POINT('',(0.171386171785957,-0.002,0.1085151834941));
#8800=CARTESIAN_POINT('',(0.171386171785957,-0.002,0.1085151834941));
#8801=CARTESIAN_POINT('',(0.171386171785957,-0.002,0.1090151834941));
#8802=CARTESIAN_POINT('',(0.171386171785957,-0.002,0.1090151834941));
#8803=CARTESIAN_POINT('',(0.171886171785957,-0.002,0.1090151834941));
#8804=CARTESIAN_POINT('',(0.171886171785957,-0.002,0.1090151834941));
#8805=CARTESIAN_POINT('',(0.171886171785957,-0.002,0.1155151834941));
#8806=CARTESIAN_POINT('',(0.171886171785957,-0.002,0.1155151834941));
#8807=CARTESIAN_POINT('',(0.171886171785957,-0.002,0.1220151834941));
#8808=CARTESIAN_POINT('',(0.171886171785957,-0.002,0.1220151834941));
#8809=CARTESIAN_POINT('',(0.171386171785957,-0.002,0.1220151834941));
#8810=CARTESIAN_POINT('',(0.171386171785957,-0.002,0.1220151834941));
#8811=CARTESIAN_POINT('',(0.171386171785957,-0.002,0.1225151834941));
#8812=CARTESIAN_POINT('',(0.171386171785957,-0.002,0.1225151834941));
#8813=CARTESIAN_POINT('',(0.164886171785957,-0.002,0.1225151834941));
#8814=CARTESIAN_POINT('',(0.164886171785957,-0.002,0.1225151834941));
#8815=CARTESIAN_POINT('',(0.158386171785957,-0.002,0.1225151834941));
#8816=CARTESIAN_POINT('',(0.158386171785957,-0.002,0.1225151834941));
#8817=CARTESIAN_POINT('',(0.158386171785957,-0.002,0.1220151834941));
#8818=CARTESIAN_POINT('',(0.158386171785957,-0.002,0.1220151834941));
#8819=CARTESIAN_POINT('',(0.157886171785957,-0.002,0.1220151834941));
#8820=CARTESIAN_POINT('',(0.157886171785957,-0.002,0.1220151834941));
#8821=CARTESIAN_POINT('',(0.101236171785957,-0.002,0.1090151834941));
#8822=CARTESIAN_POINT('',(0.100736171785957,-0.002,0.1090151834941));
#8823=CARTESIAN_POINT('',(0.100736171785957,-0.002,0.1090151834941));
#8824=CARTESIAN_POINT('',(0.101236171785957,-0.002,0.1090151834941));
#8825=CARTESIAN_POINT('',(0.101236171785957,-0.002,0.1085151834941));
#8826=CARTESIAN_POINT('',(0.101236171785957,-0.002,0.1085151834941));
#8827=CARTESIAN_POINT('',(0.107736171785957,-0.002,0.1085151834941));
#8828=CARTESIAN_POINT('',(0.107736171785957,-0.002,0.1085151834941));
#8829=CARTESIAN_POINT('',(0.114236171785957,-0.002,0.1085151834941));
#8830=CARTESIAN_POINT('',(0.114236171785957,-0.002,0.1085151834941));
#8831=CARTESIAN_POINT('',(0.114236171785957,-0.002,0.1090151834941));
#8832=CARTESIAN_POINT('',(0.114236171785957,-0.002,0.1090151834941));
#8833=CARTESIAN_POINT('',(0.114736171785957,-0.002,0.1090151834941));
#8834=CARTESIAN_POINT('',(0.114736171785957,-0.002,0.1090151834941));
#8835=CARTESIAN_POINT('',(0.114736171785957,-0.002,0.1155151834941));
#8836=CARTESIAN_POINT('',(0.114736171785957,-0.002,0.1155151834941));
#8837=CARTESIAN_POINT('',(0.114736171785957,-0.002,0.1220151834941));
#8838=CARTESIAN_POINT('',(0.114736171785957,-0.002,0.1220151834941));
#8839=CARTESIAN_POINT('',(0.114236171785957,-0.002,0.1220151834941));
#8840=CARTESIAN_POINT('',(0.114236171785957,-0.002,0.1220151834941));
#8841=CARTESIAN_POINT('',(0.114236171785957,-0.002,0.1225151834941));
#8842=CARTESIAN_POINT('',(0.114236171785957,-0.002,0.1225151834941));
#8843=CARTESIAN_POINT('',(0.107736171785957,-0.002,0.1225151834941));
#8844=CARTESIAN_POINT('',(0.107736171785957,-0.002,0.1225151834941));
#8845=CARTESIAN_POINT('',(0.101236171785957,-0.002,0.1225151834941));
#8846=CARTESIAN_POINT('',(0.101236171785957,-0.002,0.1225151834941));
#8847=CARTESIAN_POINT('',(0.101236171785957,-0.002,0.1220151834941));
#8848=CARTESIAN_POINT('',(0.101236171785957,-0.002,0.1220151834941));
#8849=CARTESIAN_POINT('',(0.100736171785957,-0.002,0.1220151834941));
#8850=CARTESIAN_POINT('',(0.100736171785957,-0.002,0.1220151834941));
#8851=CARTESIAN_POINT('',(0.139336171785957,-0.002,0.0994901834940999));
#8852=CARTESIAN_POINT('',(0.138836171785957,-0.002,0.0994901834940999));
#8853=CARTESIAN_POINT('',(0.138836171785957,-0.002,0.0994901834940999));
#8854=CARTESIAN_POINT('',(0.139336171785957,-0.002,0.0994901834940999));
#8855=CARTESIAN_POINT('',(0.139336171785957,-0.002,0.0989901834940999));
#8856=CARTESIAN_POINT('',(0.139336171785957,-0.002,0.0989901834940999));
#8857=CARTESIAN_POINT('',(0.145836171785957,-0.002,0.0989901834940999));
#8858=CARTESIAN_POINT('',(0.145836171785957,-0.002,0.0989901834940999));
#8859=CARTESIAN_POINT('',(0.152336171785957,-0.002,0.0989901834940999));
#8860=CARTESIAN_POINT('',(0.152336171785957,-0.002,0.0989901834940999));
#8861=CARTESIAN_POINT('',(0.152336171785957,-0.002,0.0994901834940999));
#8862=CARTESIAN_POINT('',(0.152336171785957,-0.002,0.0994901834940999));
#8863=CARTESIAN_POINT('',(0.152836171785957,-0.002,0.0994901834940999));
#8864=CARTESIAN_POINT('',(0.152836171785957,-0.002,0.0994901834940999));
#8865=CARTESIAN_POINT('',(0.152836171785957,-0.002,0.1059901834941));
#8866=CARTESIAN_POINT('',(0.152836171785957,-0.002,0.1059901834941));
#8867=CARTESIAN_POINT('',(0.152836171785957,-0.002,0.1124901834941));
#8868=CARTESIAN_POINT('',(0.152836171785957,-0.002,0.1124901834941));
#8869=CARTESIAN_POINT('',(0.152336171785957,-0.002,0.1124901834941));
#8870=CARTESIAN_POINT('',(0.152336171785957,-0.002,0.1124901834941));
#8871=CARTESIAN_POINT('',(0.152336171785957,-0.002,0.1129901834941));
#8872=CARTESIAN_POINT('',(0.152336171785957,-0.002,0.1129901834941));
#8873=CARTESIAN_POINT('',(0.145836171785957,-0.002,0.1129901834941));
#8874=CARTESIAN_POINT('',(0.145836171785957,-0.002,0.1129901834941));
#8875=CARTESIAN_POINT('',(0.139336171785957,-0.002,0.1129901834941));
#8876=CARTESIAN_POINT('',(0.139336171785957,-0.002,0.1129901834941));
#8877=CARTESIAN_POINT('',(0.139336171785957,-0.002,0.1124901834941));
#8878=CARTESIAN_POINT('',(0.139336171785957,-0.002,0.1124901834941));
#8879=CARTESIAN_POINT('',(0.138836171785957,-0.002,0.1124901834941));
#8880=CARTESIAN_POINT('',(0.138836171785957,-0.002,0.1124901834941));
#8881=CARTESIAN_POINT('',(0.120286171785957,-0.002,0.0994901834940999));
#8882=CARTESIAN_POINT('',(0.119786171785957,-0.002,0.0994901834940999));
#8883=CARTESIAN_POINT('',(0.119786171785957,-0.002,0.0994901834940999));
#8884=CARTESIAN_POINT('',(0.120286171785957,-0.002,0.0994901834940999));
#8885=CARTESIAN_POINT('',(0.120286171785957,-0.002,0.0989901834940999));
#8886=CARTESIAN_POINT('',(0.120286171785957,-0.002,0.0989901834940999));
#8887=CARTESIAN_POINT('',(0.126786171785957,-0.002,0.0989901834940999));
#8888=CARTESIAN_POINT('',(0.126786171785957,-0.002,0.0989901834940999));
#8889=CARTESIAN_POINT('',(0.133286171785957,-0.002,0.0989901834940999));
#8890=CARTESIAN_POINT('',(0.133286171785957,-0.002,0.0989901834940999));
#8891=CARTESIAN_POINT('',(0.133286171785957,-0.002,0.0994901834940999));
#8892=CARTESIAN_POINT('',(0.133286171785957,-0.002,0.0994901834940999));
#8893=CARTESIAN_POINT('',(0.133786171785957,-0.002,0.0994901834940999));
#8894=CARTESIAN_POINT('',(0.133786171785957,-0.002,0.0994901834940999));
#8895=CARTESIAN_POINT('',(0.133786171785957,-0.002,0.1059901834941));
#8896=CARTESIAN_POINT('',(0.133786171785957,-0.002,0.1059901834941));
#8897=CARTESIAN_POINT('',(0.133786171785957,-0.002,0.1124901834941));
#8898=CARTESIAN_POINT('',(0.133786171785957,-0.002,0.1124901834941));
#8899=CARTESIAN_POINT('',(0.133286171785957,-0.002,0.1124901834941));
#8900=CARTESIAN_POINT('',(0.133286171785957,-0.002,0.1124901834941));
#8901=CARTESIAN_POINT('',(0.133286171785957,-0.002,0.1129901834941));
#8902=CARTESIAN_POINT('',(0.133286171785957,-0.002,0.1129901834941));
#8903=CARTESIAN_POINT('',(0.126786171785957,-0.002,0.1129901834941));
#8904=CARTESIAN_POINT('',(0.126786171785957,-0.002,0.1129901834941));
#8905=CARTESIAN_POINT('',(0.120286171785957,-0.002,0.1129901834941));
#8906=CARTESIAN_POINT('',(0.120286171785957,-0.002,0.1129901834941));
#8907=CARTESIAN_POINT('',(0.120286171785957,-0.002,0.1124901834941));
#8908=CARTESIAN_POINT('',(0.120286171785957,-0.002,0.1124901834941));
#8909=CARTESIAN_POINT('',(0.119786171785957,-0.002,0.1124901834941));
#8910=CARTESIAN_POINT('',(0.119786171785957,-0.002,0.1124901834941));
#8911=CARTESIAN_POINT('',(0.177436171785957,-0.002,0.0899651834940999));
#8912=CARTESIAN_POINT('',(0.176936171785957,-0.002,0.0899651834940999));
#8913=CARTESIAN_POINT('',(0.176936171785957,-0.002,0.0899651834940999));
#8914=CARTESIAN_POINT('',(0.177436171785957,-0.002,0.0899651834940999));
#8915=CARTESIAN_POINT('',(0.177436171785957,-0.002,0.0894651834940999));
#8916=CARTESIAN_POINT('',(0.177436171785957,-0.002,0.0894651834940999));
#8917=CARTESIAN_POINT('',(0.183936171785957,-0.002,0.0894651834940999));
#8918=CARTESIAN_POINT('',(0.183936171785957,-0.002,0.0894651834940999));
#8919=CARTESIAN_POINT('',(0.190436171785957,-0.002,0.0894651834940999));
#8920=CARTESIAN_POINT('',(0.190436171785957,-0.002,0.0894651834940999));
#8921=CARTESIAN_POINT('',(0.190436171785957,-0.002,0.0899651834940999));
#8922=CARTESIAN_POINT('',(0.190436171785957,-0.002,0.0899651834940999));
#8923=CARTESIAN_POINT('',(0.190936171785957,-0.002,0.0899651834940999));
#8924=CARTESIAN_POINT('',(0.190936171785957,-0.002,0.0899651834940999));
#8925=CARTESIAN_POINT('',(0.190936171785957,-0.002,0.0964651834940999));
#8926=CARTESIAN_POINT('',(0.190936171785957,-0.002,0.0964651834940999));
#8927=CARTESIAN_POINT('',(0.190936171785957,-0.002,0.1029651834941));
#8928=CARTESIAN_POINT('',(0.190936171785957,-0.002,0.1029651834941));
#8929=CARTESIAN_POINT('',(0.190436171785957,-0.002,0.1029651834941));
#8930=CARTESIAN_POINT('',(0.190436171785957,-0.002,0.1029651834941));
#8931=CARTESIAN_POINT('',(0.190436171785957,-0.002,0.1034651834941));
#8932=CARTESIAN_POINT('',(0.190436171785957,-0.002,0.1034651834941));
#8933=CARTESIAN_POINT('',(0.183936171785957,-0.002,0.1034651834941));
#8934=CARTESIAN_POINT('',(0.183936171785957,-0.002,0.1034651834941));
#8935=CARTESIAN_POINT('',(0.177436171785957,-0.002,0.1034651834941));
#8936=CARTESIAN_POINT('',(0.177436171785957,-0.002,0.1034651834941));
#8937=CARTESIAN_POINT('',(0.177436171785957,-0.002,0.1029651834941));
#8938=CARTESIAN_POINT('',(0.177436171785957,-0.002,0.1029651834941));
#8939=CARTESIAN_POINT('',(0.176936171785957,-0.002,0.1029651834941));
#8940=CARTESIAN_POINT('',(0.176936171785957,-0.002,0.1029651834941));
#8941=CARTESIAN_POINT('',(0.158386171785957,-0.002,0.0899651834940999));
#8942=CARTESIAN_POINT('',(0.157886171785957,-0.002,0.0899651834940999));
#8943=CARTESIAN_POINT('',(0.157886171785957,-0.002,0.0899651834940999));
#8944=CARTESIAN_POINT('',(0.158386171785957,-0.002,0.0899651834940999));
#8945=CARTESIAN_POINT('',(0.158386171785957,-0.002,0.0894651834940999));
#8946=CARTESIAN_POINT('',(0.158386171785957,-0.002,0.0894651834940999));
#8947=CARTESIAN_POINT('',(0.164886171785957,-0.002,0.0894651834940999));
#8948=CARTESIAN_POINT('',(0.164886171785957,-0.002,0.0894651834940999));
#8949=CARTESIAN_POINT('',(0.171386171785957,-0.002,0.0894651834940999));
#8950=CARTESIAN_POINT('',(0.171386171785957,-0.002,0.0894651834940999));
#8951=CARTESIAN_POINT('',(0.171386171785957,-0.002,0.0899651834940999));
#8952=CARTESIAN_POINT('',(0.171386171785957,-0.002,0.0899651834940999));
#8953=CARTESIAN_POINT('',(0.171886171785957,-0.002,0.0899651834940999));
#8954=CARTESIAN_POINT('',(0.171886171785957,-0.002,0.0899651834940999));
#8955=CARTESIAN_POINT('',(0.171886171785957,-0.002,0.0964651834940999));
#8956=CARTESIAN_POINT('',(0.171886171785957,-0.002,0.0964651834940999));
#8957=CARTESIAN_POINT('',(0.171886171785957,-0.002,0.1029651834941));
#8958=CARTESIAN_POINT('',(0.171886171785957,-0.002,0.1029651834941));
#8959=CARTESIAN_POINT('',(0.171386171785957,-0.002,0.1029651834941));
#8960=CARTESIAN_POINT('',(0.171386171785957,-0.002,0.1029651834941));
#8961=CARTESIAN_POINT('',(0.171386171785957,-0.002,0.1034651834941));
#8962=CARTESIAN_POINT('',(0.171386171785957,-0.002,0.1034651834941));
#8963=CARTESIAN_POINT('',(0.164886171785957,-0.002,0.1034651834941));
#8964=CARTESIAN_POINT('',(0.164886171785957,-0.002,0.1034651834941));
#8965=CARTESIAN_POINT('',(0.158386171785957,-0.002,0.1034651834941));
#8966=CARTESIAN_POINT('',(0.158386171785957,-0.002,0.1034651834941));
#8967=CARTESIAN_POINT('',(0.158386171785957,-0.002,0.1029651834941));
#8968=CARTESIAN_POINT('',(0.158386171785957,-0.002,0.1029651834941));
#8969=CARTESIAN_POINT('',(0.157886171785957,-0.002,0.1029651834941));
#8970=CARTESIAN_POINT('',(0.157886171785957,-0.002,0.1029651834941));
#8971=CARTESIAN_POINT('',(0.101236171785957,-0.002,0.0899651834940999));
#8972=CARTESIAN_POINT('',(0.100736171785957,-0.002,0.0899651834940999));
#8973=CARTESIAN_POINT('',(0.100736171785957,-0.002,0.0899651834940999));
#8974=CARTESIAN_POINT('',(0.101236171785957,-0.002,0.0899651834940999));
#8975=CARTESIAN_POINT('',(0.101236171785957,-0.002,0.0894651834940999));
#8976=CARTESIAN_POINT('',(0.101236171785957,-0.002,0.0894651834940999));
#8977=CARTESIAN_POINT('',(0.107736171785957,-0.002,0.0894651834940999));
#8978=CARTESIAN_POINT('',(0.107736171785957,-0.002,0.0894651834940999));
#8979=CARTESIAN_POINT('',(0.114236171785957,-0.002,0.0894651834940999));
#8980=CARTESIAN_POINT('',(0.114236171785957,-0.002,0.0894651834940999));
#8981=CARTESIAN_POINT('',(0.114236171785957,-0.002,0.0899651834940999));
#8982=CARTESIAN_POINT('',(0.114236171785957,-0.002,0.0899651834940999));
#8983=CARTESIAN_POINT('',(0.114736171785957,-0.002,0.0899651834940999));
#8984=CARTESIAN_POINT('',(0.114736171785957,-0.002,0.0899651834940999));
#8985=CARTESIAN_POINT('',(0.114736171785957,-0.002,0.0964651834940999));
#8986=CARTESIAN_POINT('',(0.114736171785957,-0.002,0.0964651834940999));
#8987=CARTESIAN_POINT('',(0.114736171785957,-0.002,0.1029651834941));
#8988=CARTESIAN_POINT('',(0.114736171785957,-0.002,0.1029651834941));
#8989=CARTESIAN_POINT('',(0.114236171785957,-0.002,0.1029651834941));
#8990=CARTESIAN_POINT('',(0.114236171785957,-0.002,0.1029651834941));
#8991=CARTESIAN_POINT('',(0.114236171785957,-0.002,0.1034651834941));
#8992=CARTESIAN_POINT('',(0.114236171785957,-0.002,0.1034651834941));
#8993=CARTESIAN_POINT('',(0.107736171785957,-0.002,0.1034651834941));
#8994=CARTESIAN_POINT('',(0.107736171785957,-0.002,0.1034651834941));
#8995=CARTESIAN_POINT('',(0.101236171785957,-0.002,0.1034651834941));
#8996=CARTESIAN_POINT('',(0.101236171785957,-0.002,0.1034651834941));
#8997=CARTESIAN_POINT('',(0.101236171785957,-0.002,0.1029651834941));
#8998=CARTESIAN_POINT('',(0.101236171785957,-0.002,0.1029651834941));
#8999=CARTESIAN_POINT('',(0.100736171785957,-0.002,0.1029651834941));
#9000=CARTESIAN_POINT('',(0.100736171785957,-0.002,0.1029651834941));
#9001=CARTESIAN_POINT('',(0.139336171785957,-0.002,0.0804401834940999));
#9002=CARTESIAN_POINT('',(0.138836171785957,-0.002,0.0804401834940999));
#9003=CARTESIAN_POINT('',(0.138836171785957,-0.002,0.0804401834940999));
#9004=CARTESIAN_POINT('',(0.139336171785957,-0.002,0.0804401834940999));
#9005=CARTESIAN_POINT('',(0.139336171785957,-0.002,0.0799401834940999));
#9006=CARTESIAN_POINT('',(0.139336171785957,-0.002,0.0799401834940999));
#9007=CARTESIAN_POINT('',(0.145836171785957,-0.002,0.0799401834940999));
#9008=CARTESIAN_POINT('',(0.145836171785957,-0.002,0.0799401834940999));
#9009=CARTESIAN_POINT('',(0.152336171785957,-0.002,0.0799401834940999));
#9010=CARTESIAN_POINT('',(0.152336171785957,-0.002,0.0799401834940999));
#9011=CARTESIAN_POINT('',(0.152336171785957,-0.002,0.0804401834940999));
#9012=CARTESIAN_POINT('',(0.152336171785957,-0.002,0.0804401834940999));
#9013=CARTESIAN_POINT('',(0.152836171785957,-0.002,0.0804401834940999));
#9014=CARTESIAN_POINT('',(0.152836171785957,-0.002,0.0804401834940999));
#9015=CARTESIAN_POINT('',(0.152836171785957,-0.002,0.0869401834940999));
#9016=CARTESIAN_POINT('',(0.152836171785957,-0.002,0.0869401834940999));
#9017=CARTESIAN_POINT('',(0.152836171785957,-0.002,0.0934401834940999));
#9018=CARTESIAN_POINT('',(0.152836171785957,-0.002,0.0934401834940999));
#9019=CARTESIAN_POINT('',(0.152336171785957,-0.002,0.0934401834940999));
#9020=CARTESIAN_POINT('',(0.152336171785957,-0.002,0.0934401834940999));
#9021=CARTESIAN_POINT('',(0.152336171785957,-0.002,0.0939401834940999));
#9022=CARTESIAN_POINT('',(0.152336171785957,-0.002,0.0939401834940999));
#9023=CARTESIAN_POINT('',(0.145836171785957,-0.002,0.0939401834940999));
#9024=CARTESIAN_POINT('',(0.145836171785957,-0.002,0.0939401834940999));
#9025=CARTESIAN_POINT('',(0.139336171785957,-0.002,0.0939401834940999));
#9026=CARTESIAN_POINT('',(0.139336171785957,-0.002,0.0939401834940999));
#9027=CARTESIAN_POINT('',(0.139336171785957,-0.002,0.0934401834940999));
#9028=CARTESIAN_POINT('',(0.139336171785957,-0.002,0.0934401834940999));
#9029=CARTESIAN_POINT('',(0.138836171785957,-0.002,0.0934401834940999));
#9030=CARTESIAN_POINT('',(0.138836171785957,-0.002,0.0934401834940999));
#9031=CARTESIAN_POINT('',(0.120286171785957,-0.002,0.0804401834940999));
#9032=CARTESIAN_POINT('',(0.119786171785957,-0.002,0.0804401834940999));
#9033=CARTESIAN_POINT('',(0.119786171785957,-0.002,0.0804401834940999));
#9034=CARTESIAN_POINT('',(0.120286171785957,-0.002,0.0804401834940999));
#9035=CARTESIAN_POINT('',(0.120286171785957,-0.002,0.0799401834940999));
#9036=CARTESIAN_POINT('',(0.120286171785957,-0.002,0.0799401834940999));
#9037=CARTESIAN_POINT('',(0.126786171785957,-0.002,0.0799401834940999));
#9038=CARTESIAN_POINT('',(0.126786171785957,-0.002,0.0799401834940999));
#9039=CARTESIAN_POINT('',(0.133286171785957,-0.002,0.0799401834940999));
#9040=CARTESIAN_POINT('',(0.133286171785957,-0.002,0.0799401834940999));
#9041=CARTESIAN_POINT('',(0.133286171785957,-0.002,0.0804401834940999));
#9042=CARTESIAN_POINT('',(0.133286171785957,-0.002,0.0804401834940999));
#9043=CARTESIAN_POINT('',(0.133786171785957,-0.002,0.0804401834940999));
#9044=CARTESIAN_POINT('',(0.133786171785957,-0.002,0.0804401834940999));
#9045=CARTESIAN_POINT('',(0.133786171785957,-0.002,0.0869401834940999));
#9046=CARTESIAN_POINT('',(0.133786171785957,-0.002,0.0869401834940999));
#9047=CARTESIAN_POINT('',(0.133786171785957,-0.002,0.0934401834940999));
#9048=CARTESIAN_POINT('',(0.133786171785957,-0.002,0.0934401834940999));
#9049=CARTESIAN_POINT('',(0.133286171785957,-0.002,0.0934401834940999));
#9050=CARTESIAN_POINT('',(0.133286171785957,-0.002,0.0934401834940999));
#9051=CARTESIAN_POINT('',(0.133286171785957,-0.002,0.0939401834940999));
#9052=CARTESIAN_POINT('',(0.133286171785957,-0.002,0.0939401834940999));
#9053=CARTESIAN_POINT('',(0.126786171785957,-0.002,0.0939401834940999));
#9054=CARTESIAN_POINT('',(0.126786171785957,-0.002,0.0939401834940999));
#9055=CARTESIAN_POINT('',(0.120286171785957,-0.002,0.0939401834940999));
#9056=CARTESIAN_POINT('',(0.120286171785957,-0.002,0.0939401834940999));
#9057=CARTESIAN_POINT('',(0.120286171785957,-0.002,0.0934401834940999));
#9058=CARTESIAN_POINT('',(0.120286171785957,-0.002,0.0934401834940999));
#9059=CARTESIAN_POINT('',(0.119786171785957,-0.002,0.0934401834940999));
#9060=CARTESIAN_POINT('',(0.119786171785957,-0.002,0.0934401834940999));
#9061=CARTESIAN_POINT('',(0.177436171785957,-0.002,0.0709151834940999));
#9062=CARTESIAN_POINT('',(0.176936171785957,-0.002,0.0709151834940999));
#9063=CARTESIAN_POINT('',(0.176936171785957,-0.002,0.0709151834940999));
#9064=CARTESIAN_POINT('',(0.177436171785957,-0.002,0.0709151834940999));
#9065=CARTESIAN_POINT('',(0.177436171785957,-0.002,0.0704151834940999));
#9066=CARTESIAN_POINT('',(0.177436171785957,-0.002,0.0704151834940999));
#9067=CARTESIAN_POINT('',(0.183936171785957,-0.002,0.0704151834940999));
#9068=CARTESIAN_POINT('',(0.183936171785957,-0.002,0.0704151834940999));
#9069=CARTESIAN_POINT('',(0.190436171785957,-0.002,0.0704151834940999));
#9070=CARTESIAN_POINT('',(0.190436171785957,-0.002,0.0704151834940999));
#9071=CARTESIAN_POINT('',(0.190436171785957,-0.002,0.0709151834940999));
#9072=CARTESIAN_POINT('',(0.190436171785957,-0.002,0.0709151834940999));
#9073=CARTESIAN_POINT('',(0.190936171785957,-0.002,0.0709151834940999));
#9074=CARTESIAN_POINT('',(0.190936171785957,-0.002,0.0709151834940999));
#9075=CARTESIAN_POINT('',(0.190936171785957,-0.002,0.0774151834940999));
#9076=CARTESIAN_POINT('',(0.190936171785957,-0.002,0.0774151834940999));
#9077=CARTESIAN_POINT('',(0.190936171785957,-0.002,0.0839151834940999));
#9078=CARTESIAN_POINT('',(0.190936171785957,-0.002,0.0839151834940999));
#9079=CARTESIAN_POINT('',(0.190436171785957,-0.002,0.0839151834940999));
#9080=CARTESIAN_POINT('',(0.190436171785957,-0.002,0.0839151834940999));
#9081=CARTESIAN_POINT('',(0.190436171785957,-0.002,0.0844151834940999));
#9082=CARTESIAN_POINT('',(0.190436171785957,-0.002,0.0844151834940999));
#9083=CARTESIAN_POINT('',(0.183936171785957,-0.002,0.0844151834940999));
#9084=CARTESIAN_POINT('',(0.183936171785957,-0.002,0.0844151834940999));
#9085=CARTESIAN_POINT('',(0.177436171785957,-0.002,0.0844151834940999));
#9086=CARTESIAN_POINT('',(0.177436171785957,-0.002,0.0844151834940999));
#9087=CARTESIAN_POINT('',(0.177436171785957,-0.002,0.0839151834940999));
#9088=CARTESIAN_POINT('',(0.177436171785957,-0.002,0.0839151834940999));
#9089=CARTESIAN_POINT('',(0.176936171785957,-0.002,0.0839151834940999));
#9090=CARTESIAN_POINT('',(0.176936171785957,-0.002,0.0839151834940999));
#9091=CARTESIAN_POINT('',(0.158386171785957,-0.002,0.0709151834940999));
#9092=CARTESIAN_POINT('',(0.157886171785957,-0.002,0.0709151834940999));
#9093=CARTESIAN_POINT('',(0.157886171785957,-0.002,0.0709151834940999));
#9094=CARTESIAN_POINT('',(0.158386171785957,-0.002,0.0709151834940999));
#9095=CARTESIAN_POINT('',(0.158386171785957,-0.002,0.0704151834940999));
#9096=CARTESIAN_POINT('',(0.158386171785957,-0.002,0.0704151834940999));
#9097=CARTESIAN_POINT('',(0.164886171785957,-0.002,0.0704151834940999));
#9098=CARTESIAN_POINT('',(0.164886171785957,-0.002,0.0704151834940999));
#9099=CARTESIAN_POINT('',(0.171386171785957,-0.002,0.0704151834940999));
#9100=CARTESIAN_POINT('',(0.171386171785957,-0.002,0.0704151834940999));
#9101=CARTESIAN_POINT('',(0.171386171785957,-0.002,0.0709151834940999));
#9102=CARTESIAN_POINT('',(0.171386171785957,-0.002,0.0709151834940999));
#9103=CARTESIAN_POINT('',(0.171886171785957,-0.002,0.0709151834940999));
#9104=CARTESIAN_POINT('',(0.171886171785957,-0.002,0.0709151834940999));
#9105=CARTESIAN_POINT('',(0.171886171785957,-0.002,0.0774151834940999));
#9106=CARTESIAN_POINT('',(0.171886171785957,-0.002,0.0774151834940999));
#9107=CARTESIAN_POINT('',(0.171886171785957,-0.002,0.0839151834940999));
#9108=CARTESIAN_POINT('',(0.171886171785957,-0.002,0.0839151834940999));
#9109=CARTESIAN_POINT('',(0.171386171785957,-0.002,0.0839151834940999));
#9110=CARTESIAN_POINT('',(0.171386171785957,-0.002,0.0839151834940999));
#9111=CARTESIAN_POINT('',(0.171386171785957,-0.002,0.0844151834940999));
#9112=CARTESIAN_POINT('',(0.171386171785957,-0.002,0.0844151834940999));
#9113=CARTESIAN_POINT('',(0.164886171785957,-0.002,0.0844151834940999));
#9114=CARTESIAN_POINT('',(0.164886171785957,-0.002,0.0844151834940999));
#9115=CARTESIAN_POINT('',(0.158386171785957,-0.002,0.0844151834940999));
#9116=CARTESIAN_POINT('',(0.158386171785957,-0.002,0.0844151834940999));
#9117=CARTESIAN_POINT('',(0.158386171785957,-0.002,0.0839151834940999));
#9118=CARTESIAN_POINT('',(0.158386171785957,-0.002,0.0839151834940999));
#9119=CARTESIAN_POINT('',(0.157886171785957,-0.002,0.0839151834940999));
#9120=CARTESIAN_POINT('',(0.157886171785957,-0.002,0.0839151834940999));
#9121=CARTESIAN_POINT('',(0.101236171785957,-0.002,0.0709151834940999));
#9122=CARTESIAN_POINT('',(0.100736171785957,-0.002,0.0709151834940999));
#9123=CARTESIAN_POINT('',(0.100736171785957,-0.002,0.0709151834940999));
#9124=CARTESIAN_POINT('',(0.101236171785957,-0.002,0.0709151834940999));
#9125=CARTESIAN_POINT('',(0.101236171785957,-0.002,0.0704151834940999));
#9126=CARTESIAN_POINT('',(0.101236171785957,-0.002,0.0704151834940999));
#9127=CARTESIAN_POINT('',(0.107736171785957,-0.002,0.0704151834940999));
#9128=CARTESIAN_POINT('',(0.107736171785957,-0.002,0.0704151834940999));
#9129=CARTESIAN_POINT('',(0.114236171785957,-0.002,0.0704151834940999));
#9130=CARTESIAN_POINT('',(0.114236171785957,-0.002,0.0704151834940999));
#9131=CARTESIAN_POINT('',(0.114236171785957,-0.002,0.0709151834940999));
#9132=CARTESIAN_POINT('',(0.114236171785957,-0.002,0.0709151834940999));
#9133=CARTESIAN_POINT('',(0.114736171785957,-0.002,0.0709151834940999));
#9134=CARTESIAN_POINT('',(0.114736171785957,-0.002,0.0709151834940999));
#9135=CARTESIAN_POINT('',(0.114736171785957,-0.002,0.0774151834940999));
#9136=CARTESIAN_POINT('',(0.114736171785957,-0.002,0.0774151834940999));
#9137=CARTESIAN_POINT('',(0.114736171785957,-0.002,0.0839151834940999));
#9138=CARTESIAN_POINT('',(0.114736171785957,-0.002,0.0839151834940999));
#9139=CARTESIAN_POINT('',(0.114236171785957,-0.002,0.0839151834940999));
#9140=CARTESIAN_POINT('',(0.114236171785957,-0.002,0.0839151834940999));
#9141=CARTESIAN_POINT('',(0.114236171785957,-0.002,0.0844151834940999));
#9142=CARTESIAN_POINT('',(0.114236171785957,-0.002,0.0844151834940999));
#9143=CARTESIAN_POINT('',(0.107736171785957,-0.002,0.0844151834940999));
#9144=CARTESIAN_POINT('',(0.107736171785957,-0.002,0.0844151834940999));
#9145=CARTESIAN_POINT('',(0.101236171785957,-0.002,0.0844151834940999));
#9146=CARTESIAN_POINT('',(0.101236171785957,-0.002,0.0844151834940999));
#9147=CARTESIAN_POINT('',(0.101236171785957,-0.002,0.0839151834940999));
#9148=CARTESIAN_POINT('',(0.101236171785957,-0.002,0.0839151834940999));
#9149=CARTESIAN_POINT('',(0.100736171785957,-0.002,0.0839151834940999));
#9150=CARTESIAN_POINT('',(0.100736171785957,-0.002,0.0839151834940999));
#9151=CARTESIAN_POINT('',(0.139336171785957,-0.002,0.0613901834940999));
#9152=CARTESIAN_POINT('',(0.138836171785957,-0.002,0.0613901834940999));
#9153=CARTESIAN_POINT('',(0.138836171785957,-0.002,0.0613901834940999));
#9154=CARTESIAN_POINT('',(0.139336171785957,-0.002,0.0613901834940999));
#9155=CARTESIAN_POINT('',(0.139336171785957,-0.002,0.0608901834940999));
#9156=CARTESIAN_POINT('',(0.139336171785957,-0.002,0.0608901834940999));
#9157=CARTESIAN_POINT('',(0.145836171785957,-0.002,0.0608901834940999));
#9158=CARTESIAN_POINT('',(0.145836171785957,-0.002,0.0608901834940999));
#9159=CARTESIAN_POINT('',(0.152336171785957,-0.002,0.0608901834940999));
#9160=CARTESIAN_POINT('',(0.152336171785957,-0.002,0.0608901834940999));
#9161=CARTESIAN_POINT('',(0.152336171785957,-0.002,0.0613901834940999));
#9162=CARTESIAN_POINT('',(0.152336171785957,-0.002,0.0613901834940999));
#9163=CARTESIAN_POINT('',(0.152836171785957,-0.002,0.0613901834940999));
#9164=CARTESIAN_POINT('',(0.152836171785957,-0.002,0.0613901834940999));
#9165=CARTESIAN_POINT('',(0.152836171785957,-0.002,0.0678901834940999));
#9166=CARTESIAN_POINT('',(0.152836171785957,-0.002,0.0678901834940999));
#9167=CARTESIAN_POINT('',(0.152836171785957,-0.002,0.0743901834940999));
#9168=CARTESIAN_POINT('',(0.152836171785957,-0.002,0.0743901834940999));
#9169=CARTESIAN_POINT('',(0.152336171785957,-0.002,0.0743901834940999));
#9170=CARTESIAN_POINT('',(0.152336171785957,-0.002,0.0743901834940999));
#9171=CARTESIAN_POINT('',(0.152336171785957,-0.002,0.0748901834940999));
#9172=CARTESIAN_POINT('',(0.152336171785957,-0.002,0.0748901834940999));
#9173=CARTESIAN_POINT('',(0.145836171785957,-0.002,0.0748901834940999));
#9174=CARTESIAN_POINT('',(0.145836171785957,-0.002,0.0748901834940999));
#9175=CARTESIAN_POINT('',(0.139336171785957,-0.002,0.0748901834940999));
#9176=CARTESIAN_POINT('',(0.139336171785957,-0.002,0.0748901834940999));
#9177=CARTESIAN_POINT('',(0.139336171785957,-0.002,0.0743901834940999));
#9178=CARTESIAN_POINT('',(0.139336171785957,-0.002,0.0743901834940999));
#9179=CARTESIAN_POINT('',(0.138836171785957,-0.002,0.0743901834940999));
#9180=CARTESIAN_POINT('',(0.138836171785957,-0.002,0.0743901834940999));
#9181=CARTESIAN_POINT('',(0.120286171785957,-0.002,0.0613901834940999));
#9182=CARTESIAN_POINT('',(0.119786171785957,-0.002,0.0613901834940999));
#9183=CARTESIAN_POINT('',(0.119786171785957,-0.002,0.0613901834940999));
#9184=CARTESIAN_POINT('',(0.120286171785957,-0.002,0.0613901834940999));
#9185=CARTESIAN_POINT('',(0.120286171785957,-0.002,0.0608901834940999));
#9186=CARTESIAN_POINT('',(0.120286171785957,-0.002,0.0608901834940999));
#9187=CARTESIAN_POINT('',(0.126786171785957,-0.002,0.0608901834940999));
#9188=CARTESIAN_POINT('',(0.126786171785957,-0.002,0.0608901834940999));
#9189=CARTESIAN_POINT('',(0.133286171785957,-0.002,0.0608901834940999));
#9190=CARTESIAN_POINT('',(0.133286171785957,-0.002,0.0608901834940999));
#9191=CARTESIAN_POINT('',(0.133286171785957,-0.002,0.0613901834940999));
#9192=CARTESIAN_POINT('',(0.133286171785957,-0.002,0.0613901834940999));
#9193=CARTESIAN_POINT('',(0.133786171785957,-0.002,0.0613901834940999));
#9194=CARTESIAN_POINT('',(0.133786171785957,-0.002,0.0613901834940999));
#9195=CARTESIAN_POINT('',(0.133786171785957,-0.002,0.0678901834940999));
#9196=CARTESIAN_POINT('',(0.133786171785957,-0.002,0.0678901834940999));
#9197=CARTESIAN_POINT('',(0.133786171785957,-0.002,0.0743901834940999));
#9198=CARTESIAN_POINT('',(0.133786171785957,-0.002,0.0743901834940999));
#9199=CARTESIAN_POINT('',(0.133286171785957,-0.002,0.0743901834940999));
#9200=CARTESIAN_POINT('',(0.133286171785957,-0.002,0.0743901834940999));
#9201=CARTESIAN_POINT('',(0.133286171785957,-0.002,0.0748901834940999));
#9202=CARTESIAN_POINT('',(0.133286171785957,-0.002,0.0748901834940999));
#9203=CARTESIAN_POINT('',(0.126786171785957,-0.002,0.0748901834940999));
#9204=CARTESIAN_POINT('',(0.126786171785957,-0.002,0.0748901834940999));
#9205=CARTESIAN_POINT('',(0.120286171785957,-0.002,0.0748901834940999));
#9206=CARTESIAN_POINT('',(0.120286171785957,-0.002,0.0748901834940999));
#9207=CARTESIAN_POINT('',(0.120286171785957,-0.002,0.0743901834940999));
#9208=CARTESIAN_POINT('',(0.120286171785957,-0.002,0.0743901834940999));
#9209=CARTESIAN_POINT('',(0.119786171785957,-0.002,0.0743901834940999));
#9210=CARTESIAN_POINT('',(0.119786171785957,-0.002,0.0743901834940999));
#9211=CARTESIAN_POINT('',(0.157886171785957,-0.002,0.1345651834941));
#9212=CARTESIAN_POINT('',(0.157886171785957,-0.002,0.1345651834941));
#9213=CARTESIAN_POINT('',(0.176914900541305,-0.002,0.115515191894694));
#9214=CARTESIAN_POINT('',(0.176914900541305,-0.002,0.115515191894694));
#9215=CARTESIAN_POINT('',(0.157886171785957,-0.002,0.1155151834941));
#9216=CARTESIAN_POINT('',(0.157886171785957,-0.002,0.1155151834941));
#9217=CARTESIAN_POINT('',(0.100736171785957,-0.002,0.1155151834941));
#9218=CARTESIAN_POINT('',(0.100736171785957,-0.002,0.1155151834941));
#9219=CARTESIAN_POINT('',(0.138836171785957,-0.002,0.1059901834941));
#9220=CARTESIAN_POINT('',(0.138836171785957,-0.002,0.1059901834941));
#9221=CARTESIAN_POINT('',(0.119786171785957,-0.002,0.1059901834941));
#9222=CARTESIAN_POINT('',(0.119786171785957,-0.002,0.1059901834941));
#9223=CARTESIAN_POINT('',(0.176936171785957,-0.002,0.0964651834940999));
#9224=CARTESIAN_POINT('',(0.176936171785957,-0.002,0.0964651834940999));
#9225=CARTESIAN_POINT('',(0.157886171785957,-0.002,0.0964651834940999));
#9226=CARTESIAN_POINT('',(0.157886171785957,-0.002,0.0964651834940999));
#9227=CARTESIAN_POINT('',(0.100736171785957,-0.002,0.0964651834940999));
#9228=CARTESIAN_POINT('',(0.100736171785957,-0.002,0.0964651834940999));
#9229=CARTESIAN_POINT('',(0.138836171785957,-0.002,0.0869401834940999));
#9230=CARTESIAN_POINT('',(0.138836171785957,-0.002,0.0869401834940999));
#9231=CARTESIAN_POINT('',(0.119786171785957,-0.002,0.0869401834940999));
#9232=CARTESIAN_POINT('',(0.119786171785957,-0.002,0.0869401834940999));
#9233=CARTESIAN_POINT('',(0.176936171785957,-0.002,0.0774151834940999));
#9234=CARTESIAN_POINT('',(0.176936171785957,-0.002,0.0774151834940999));
#9235=CARTESIAN_POINT('',(0.157886171785957,-0.002,0.0774151834940999));
#9236=CARTESIAN_POINT('',(0.157886171785957,-0.002,0.0774151834940999));
#9237=CARTESIAN_POINT('',(0.100736171785957,-0.002,0.0774151834940999));
#9238=CARTESIAN_POINT('',(0.100736171785957,-0.002,0.0774151834940999));
#9239=CARTESIAN_POINT('',(0.138836171785957,-0.002,0.0678901834940999));
#9240=CARTESIAN_POINT('',(0.138836171785957,-0.002,0.0678901834940999));
#9241=CARTESIAN_POINT('',(0.119786171785957,-0.002,0.0678901834940999));
#9242=CARTESIAN_POINT('',(0.119786171785957,-0.002,0.0678901834940999));
#9243=CARTESIAN_POINT('',(0.182914900541305,-0.002,0.136795582539926));
#9244=CARTESIAN_POINT('',(0.182914900541305,-0.002,0.136795582539926));
#9245=CARTESIAN_POINT('',(0.145687620422054,-0.002,0.09511659575));
#9246=CARTESIAN_POINT('',(0.156675000053261,-0.002,0.0441430095));
#9247=CARTESIAN_POINT('',(0.134741924966071,-0.002,0.0421430095));
#9248=CARTESIAN_POINT('',(0.134741924966071,-0.00157235463141887,0.0421430095));
#9249=CARTESIAN_POINT('',(0.134744874648335,-0.000733350685654791,0.0424210325378241));
#9250=CARTESIAN_POINT('',(0.134753232187088,-0.000214795172759255,0.0431469268300783));
#9251=CARTESIAN_POINT('',(0.134758330305397,-8.95589478205058E-5,0.0435512198531258));
#9252=CARTESIAN_POINT('',(0.156675000053261,-0.002,0.0441430095));
#9253=CARTESIAN_POINT('',(0.17860807514045,-0.002,0.0421430095));
#9254=CARTESIAN_POINT('',(0.17860807514045,-0.00147173150391625,0.0421430095));
#9255=CARTESIAN_POINT('',(0.178603572747253,-0.000436528485063041,0.0425741460697782));
#9256=CARTESIAN_POINT('',(0.178590998574583,-9.82803398662663E-18,0.043622239864317));
#9257=CARTESIAN_POINT('',(0.178583904418652,0.,0.0441430095));
#9258=CARTESIAN_POINT('',(0.13485785259983,-0.002,0.04749677082329));
#9259=CARTESIAN_POINT('',(0.130867679472208,-0.002,0.0439253960271326));
#9260=CARTESIAN_POINT('',(0.130867679472208,-0.00147163440605786,0.0439253960271326));
#9261=CARTESIAN_POINT('',(0.131180795585105,-0.000436312742642269,0.0442222300607129));
#9262=CARTESIAN_POINT('',(0.131944622363638,8.64089748033764E-19,0.0449406915623805));
#9263=CARTESIAN_POINT('',(0.132325550377696,-1.89352776094308E-32,0.0452959573833179));
#9264=CARTESIAN_POINT('',(0.17849214749048,-0.002,0.0474967743647001));
#9265=CARTESIAN_POINT('',(0.18248340241701,-0.002,0.0439266032822489));
#9266=CARTESIAN_POINT('',(0.18248340241701,-0.00147163449719324,0.0439266032822489));
#9267=CARTESIAN_POINT('',(0.182170193769218,-0.000436312957697761,0.0442233392405155));
#9268=CARTESIAN_POINT('',(0.181406143720027,-6.19302598463001E-17,0.0449415628419993));
#9269=CARTESIAN_POINT('',(0.18102510580494,-1.51993058856768E-31,0.0452967106659015));
#9270=CARTESIAN_POINT('',(0.128919136478732,-0.002,0.0487019708489622));
#9271=CARTESIAN_POINT('',(0.124970658043111,-0.002,0.0526499851300874));
#9272=CARTESIAN_POINT('',(0.187835660619051,-0.002,0.0521108539291364));
#9273=CARTESIAN_POINT('',(0.196017090793894,-0.002,0.0574674224955368));
#9274=CARTESIAN_POINT('',(0.196017090793894,-0.00154422778787023,0.0574674224955368));
#9275=CARTESIAN_POINT('',(0.19579701178638,-0.000649264243713163,0.0576997190968114));
#9276=CARTESIAN_POINT('',(0.19524432998702,-0.000144664551360174,0.0582861492907748));
#9277=CARTESIAN_POINT('',(0.194940254221241,-4.67738834690242E-5,0.0586109061221941));
#9278=CARTESIAN_POINT('',(0.118096270946584,-0.002,0.0526497126523813));
#9279=CARTESIAN_POINT('',(0.112050288546618,-0.002,0.052649473009866));
#9280=CARTESIAN_POINT('',(0.192446224413497,-0.002,0.0614580506185741));
#9281=CARTESIAN_POINT('',(0.197800046951224,-0.002,0.0613449853385294));
#9282=CARTESIAN_POINT('',(0.197800046951224,-0.0014717319383897,0.0613449853385294));
#9283=CARTESIAN_POINT('',(0.197368909375153,-0.000436528835150095,0.0613493763829837));
#9284=CARTESIAN_POINT('',(0.196320819733482,0.,0.061361640482033));
#9285=CARTESIAN_POINT('',(0.195800046951224,0.,0.0613685591261103));
#9286=CARTESIAN_POINT('',(0.11205013,-0.002,0.0566494730067238));
#9287=CARTESIAN_POINT('',(0.10805013,-0.002,0.0566494730067238));
#9288=CARTESIAN_POINT('',(0.195800046951224,-0.002,0.101717584457965));
#9289=CARTESIAN_POINT('',(0.195800046951224,-0.002,0.1420901835774));
#9290=CARTESIAN_POINT('',(0.10805013,-0.002,0.0596241110033619));
#9291=CARTESIAN_POINT('',(0.10805013,-0.002,0.064598749));
#9292=CARTESIAN_POINT('',(0.19180004852863,-0.002,0.1420901835774));
#9293=CARTESIAN_POINT('',(0.19180004852863,-0.002,0.146090181999994));
#9294=CARTESIAN_POINT('',(0.102780650892978,-0.002,0.064598749));
#9295=CARTESIAN_POINT('',(0.0995111717859569,-0.002,0.062598749));
#9296=CARTESIAN_POINT('',(0.0995111717859569,-0.0014717320899478,0.062598749));
#9297=CARTESIAN_POINT('',(0.0995142786575405,-0.000436517003664946,0.063029921914374));
#9298=CARTESIAN_POINT('',(0.099522829180439,6.98167523593458E-36,0.0640779290389881));
#9299=CARTESIAN_POINT('',(0.0995275519743722,6.98167523593458E-36,0.064598749));
#9300=CARTESIAN_POINT('',(0.17289512601724,-0.002,0.146090182));
#9301=CARTESIAN_POINT('',(0.15399020350585,-0.002,0.146090182));
#9302=CARTESIAN_POINT('',(0.099600854570243,-0.002,0.06862374224455));
#9303=CARTESIAN_POINT('',(0.095575193892884,-0.002,0.06862374224455));
#9304=CARTESIAN_POINT('',(0.15399020350585,-0.002,0.1420901834941));
#9305=CARTESIAN_POINT('',(0.149990205,-0.002,0.1420901834941));
#9306=CARTESIAN_POINT('',(0.095575194,-0.002,0.096229764869325));
#9307=CARTESIAN_POINT('',(0.095575194,-0.002,0.1238357874941));
#9308=CARTESIAN_POINT('',(0.149990205,-0.002,0.135956221226026));
#9309=CARTESIAN_POINT('',(0.149990205,-0.002,0.127821700078065));
#9310=CARTESIAN_POINT('',(0.09957519250585,-0.002,0.1238357874941));
#9311=CARTESIAN_POINT('',(0.0995763101090328,-0.002,0.12783578584382));
#9312=CARTESIAN_POINT('',(0.123782978153605,-0.002,0.12782902240112));
#9313=MECHANICAL_DESIGN_GEOMETRIC_PRESENTATION_REPRESENTATION('',(#5456),
#9315);
#9314=MECHANICAL_DESIGN_GEOMETRIC_PRESENTATION_REPRESENTATION('',(#5457),
#9316);
#9315=(
GEOMETRIC_REPRESENTATION_CONTEXT(3)
GLOBAL_UNCERTAINTY_ASSIGNED_CONTEXT((#9317))
GLOBAL_UNIT_ASSIGNED_CONTEXT((#9323,#9321,#9319))
REPRESENTATION_CONTEXT('Left Bottom Mount','TOP_LEVEL_ASSEMBLY_PART')
);
#9316=(
GEOMETRIC_REPRESENTATION_CONTEXT(3)
GLOBAL_UNCERTAINTY_ASSIGNED_CONTEXT((#9318))
GLOBAL_UNIT_ASSIGNED_CONTEXT((#9324,#9322,#9320))
REPRESENTATION_CONTEXT('Left Top Mount','TOP_LEVEL_ASSEMBLY_PART')
);
#9317=UNCERTAINTY_MEASURE_WITH_UNIT(LENGTH_MEASURE(1.E-8),#9323,
'DISTANCE_ACCURACY_VALUE','Maximum Tolerance applied to model');
#9318=UNCERTAINTY_MEASURE_WITH_UNIT(LENGTH_MEASURE(2.E-5),#9324,
'DISTANCE_ACCURACY_VALUE','Maximum Tolerance applied to model');
#9319=(
NAMED_UNIT(*)
SI_UNIT($,.STERADIAN.)
SOLID_ANGLE_UNIT()
);
#9320=(
NAMED_UNIT(*)
SI_UNIT($,.STERADIAN.)
SOLID_ANGLE_UNIT()
);
#9321=(
NAMED_UNIT(*)
PLANE_ANGLE_UNIT()
SI_UNIT($,.RADIAN.)
);
#9322=(
NAMED_UNIT(*)
PLANE_ANGLE_UNIT()
SI_UNIT($,.RADIAN.)
);
#9323=(
LENGTH_UNIT()
NAMED_UNIT(*)
SI_UNIT($,.METRE.)
);
#9324=(
LENGTH_UNIT()
NAMED_UNIT(*)
SI_UNIT($,.METRE.)
);
#9325=PRODUCT_DEFINITION_SHAPE('','',#9327);
#9326=PRODUCT_DEFINITION_SHAPE('','',#9328);
#9327=PRODUCT_DEFINITION('','',#9331,#9329);
#9328=PRODUCT_DEFINITION('','',#9332,#9330);
#9329=PRODUCT_DEFINITION_CONTEXT('',#9343,'design');
#9330=PRODUCT_DEFINITION_CONTEXT('',#9344,'design');
#9331=PRODUCT_DEFINITION_FORMATION_WITH_SPECIFIED_SOURCE('','',#9335,
 .NOT_KNOWN.);
#9332=PRODUCT_DEFINITION_FORMATION_WITH_SPECIFIED_SOURCE('','',#9336,
 .NOT_KNOWN.);
#9333=PRODUCT_RELATED_PRODUCT_CATEGORY('','',(#9335));
#9334=PRODUCT_RELATED_PRODUCT_CATEGORY('','',(#9336));
#9335=PRODUCT('Left Bottom Mount','Left Bottom Mount',
'Left Bottom Mount',(#9339));
#9336=PRODUCT('Left Top Mount','Left Top Mount','Left Top Mount',(#9340));
#9337=PRODUCT_CATEGORY('','');
#9338=PRODUCT_CATEGORY('','');
#9339=PRODUCT_CONTEXT('',#9343,'mechanical');
#9340=PRODUCT_CONTEXT('',#9344,'mechanical');
#9341=APPLICATION_PROTOCOL_DEFINITION('international standard',
'ap242_managed_model_based_3d_engineering',2020,#9343);
#9342=APPLICATION_PROTOCOL_DEFINITION('international standard',
'ap242_managed_model_based_3d_engineering',2020,#9344);
#9343=APPLICATION_CONTEXT('managed model based 3d engineering');
#9344=APPLICATION_CONTEXT('managed model based 3d engineering');
ENDSEC;
END-ISO-10303-21;
