ISO-10303-21;
HEADER;
/* Generated by software containing ST-Developer
 * from STEP Tools, Inc. (www.steptools.com) 
 */
/* OPTION: using custom renumber hook */

FILE_DESCRIPTION(
/* description */ ('STEP AP242 Edition 2',
'CAx-IF Rec.Pracs.---Representation and Presentation of Product Manufa
cturing Information (PMI)---4.0---2014-10-13',
'CAx-IF Rec.Pracs.---3D Tessellated Geometry---0.4---2014-09-14','2;1',
'CAx-IF Rec.Pracs.---User Defined Attributes---1.5---2016-08-15'),
/* implementation_level */ '2;1');

FILE_NAME(
/* name */ 'Right',
/* time_stamp */ '2026-05-03T09:59:25Z',
/* author */ (''),
/* organization */ (''),
/* preprocessor_version */ 'ST-DEVELOPER v20',
/* originating_system */ 'ONSHAPE BY PTC INC, 1.214',
/* authorisation */ '  ');

FILE_SCHEMA (('AP242_MANAGED_MODEL_BASED_3D_ENGINEERING_MIM_LF { 1 0 10303 442 3 1 4 }'));
ENDSEC;

DATA;
#10=SHAPE_REPRESENTATION_RELATIONSHIP('','',#5612,#12);
#11=SHAPE_REPRESENTATION_RELATIONSHIP('','',#5613,#13);
#12=ADVANCED_BREP_SHAPE_REPRESENTATION('',(#5608),#9546);
#13=ADVANCED_BREP_SHAPE_REPRESENTATION('',(#5609),#9547);
#14=ELLIPSE('',#6115,0.00282871048075161,0.002);
#15=ELLIPSE('',#6119,0.0028273537675866,0.002);
#16=ELLIPSE('',#6125,0.00216637312787756,0.002);
#17=PLANE('',#5646);
#18=PLANE('',#5647);
#19=PLANE('',#5648);
#20=PLANE('',#5649);
#21=PLANE('',#5650);
#22=PLANE('',#5651);
#23=PLANE('',#5652);
#24=PLANE('',#5653);
#25=PLANE('',#5654);
#26=PLANE('',#5655);
#27=PLANE('',#5656);
#28=PLANE('',#5660);
#29=PLANE('',#5661);
#30=PLANE('',#5665);
#31=PLANE('',#5666);
#32=PLANE('',#5667);
#33=PLANE('',#5668);
#34=PLANE('',#5672);
#35=PLANE('',#5673);
#36=PLANE('',#5725);
#37=PLANE('',#5804);
#38=PLANE('',#5805);
#39=PLANE('',#5828);
#40=PLANE('',#5829);
#41=PLANE('',#5858);
#42=PLANE('',#5860);
#43=PLANE('',#5861);
#44=PLANE('',#5863);
#45=PLANE('',#5864);
#46=PLANE('',#5866);
#47=PLANE('',#5867);
#48=PLANE('',#5870);
#49=PLANE('',#5873);
#50=PLANE('',#5875);
#51=PLANE('',#5877);
#52=PLANE('',#5878);
#53=PLANE('',#5879);
#54=PLANE('',#5882);
#55=PLANE('',#5883);
#56=PLANE('',#5885);
#57=PLANE('',#5887);
#58=PLANE('',#5890);
#59=PLANE('',#5893);
#60=PLANE('',#5895);
#61=PLANE('',#5896);
#62=PLANE('',#5898);
#63=PLANE('',#5904);
#64=PLANE('',#5906);
#65=PLANE('',#5908);
#66=PLANE('',#5909);
#67=PLANE('',#5910);
#68=PLANE('',#5911);
#69=PLANE('',#5914);
#70=PLANE('',#5917);
#71=PLANE('',#5920);
#72=PLANE('',#5925);
#73=PLANE('',#5928);
#74=PLANE('',#5931);
#75=PLANE('',#5936);
#76=PLANE('',#5939);
#77=PLANE('',#5942);
#78=PLANE('',#5947);
#79=PLANE('',#5950);
#80=PLANE('',#5953);
#81=PLANE('',#5958);
#82=PLANE('',#5961);
#83=PLANE('',#5964);
#84=PLANE('',#5969);
#85=PLANE('',#5972);
#86=PLANE('',#5975);
#87=PLANE('',#5980);
#88=PLANE('',#5983);
#89=PLANE('',#5986);
#90=PLANE('',#5991);
#91=PLANE('',#5994);
#92=PLANE('',#5997);
#93=PLANE('',#6002);
#94=PLANE('',#6005);
#95=PLANE('',#6008);
#96=PLANE('',#6013);
#97=PLANE('',#6016);
#98=PLANE('',#6019);
#99=PLANE('',#6024);
#100=PLANE('',#6027);
#101=PLANE('',#6030);
#102=PLANE('',#6035);
#103=PLANE('',#6038);
#104=PLANE('',#6041);
#105=PLANE('',#6046);
#106=PLANE('',#6049);
#107=PLANE('',#6052);
#108=PLANE('',#6057);
#109=PLANE('',#6060);
#110=PLANE('',#6063);
#111=PLANE('',#6068);
#112=PLANE('',#6071);
#113=PLANE('',#6074);
#114=PLANE('',#6079);
#115=PLANE('',#6082);
#116=PLANE('',#6085);
#117=PLANE('',#6088);
#118=PLANE('',#6089);
#119=PLANE('',#6090);
#120=PLANE('',#6091);
#121=PLANE('',#6092);
#122=PLANE('',#6093);
#123=PLANE('',#6094);
#124=PLANE('',#6095);
#125=PLANE('',#6096);
#126=PLANE('',#6097);
#127=PLANE('',#6098);
#128=PLANE('',#6099);
#129=PLANE('',#6100);
#130=PLANE('',#6101);
#131=PLANE('',#6102);
#132=PLANE('',#6103);
#133=PLANE('',#6104);
#134=PLANE('',#6105);
#135=PLANE('',#6134);
#136=PLANE('',#6135);
#137=PLANE('',#6139);
#138=PLANE('',#6140);
#139=PLANE('',#6144);
#140=PLANE('',#6148);
#141=PLANE('',#6152);
#142=PLANE('',#6156);
#143=PLANE('',#6160);
#144=PLANE('',#6161);
#145=PLANE('',#6165);
#146=PLANE('',#6169);
#147=PLANE('',#6175);
#148=TOROIDAL_SURFACE('',#5626,0.00200000220277283,0.002);
#149=B_SPLINE_CURVE_WITH_KNOTS('',3,(#7869,#7870,#7871,#7872,#7873),
 .UNSPECIFIED.,.F.,.F.,(4,1,4),(0.000146412498963621,0.0014432650533653,
0.00274011760776698),.UNSPECIFIED.);
#150=B_SPLINE_CURVE_WITH_KNOTS('',3,(#7876,#7877,#7878,#7879),
 .UNSPECIFIED.,.F.,.F.,(4,4),(0.,0.00180126368613456),.UNSPECIFIED.);
#151=B_SPLINE_CURVE_WITH_KNOTS('',3,(#7883,#7884,#7885,#7886),
 .UNSPECIFIED.,.F.,.F.,(4,4),(0.,0.0017748728454991),.UNSPECIFIED.);
#152=B_SPLINE_CURVE_WITH_KNOTS('',3,(#7888,#7889,#7890,#7891,#7892,#7893,
#7894,#7895,#7896),.UNSPECIFIED.,.F.,.F.,(4,1,1,1,1,1,4),(9.22945026024E-5,
0.00159369275422172,0.00234439188003138,0.00309509100584104,0.0038457901316507,
0.00459648925746036,0.00609788750907968),.UNSPECIFIED.);
#153=B_SPLINE_CURVE_WITH_KNOTS('',3,(#7909,#7910,#7911,#7912,#7913,#7914,
#7915,#7916,#7917),.UNSPECIFIED.,.F.,.F.,(4,1,1,1,1,1,4),(9.30349287917445E-5,
0.00159444214031125,0.002345145746071,0.00309584935183075,0.0038465529575905,
0.00459725656335026,0.00609866377486976),.UNSPECIFIED.);
#154=B_SPLINE_CURVE_WITH_KNOTS('',3,(#7930,#7931,#7932,#7933,#7934,#7935,
#7936,#7937,#7938),.UNSPECIFIED.,.F.,.F.,(4,1,1,1,1,1,4),(9.12456787995219E-5,
0.00159263277303203,0.00234332632014828,0.00309401986726454,0.00384471341438079,
0.00459540696149704,0.00609679405572955),.UNSPECIFIED.);
#155=B_SPLINE_CURVE_WITH_KNOTS('',3,(#7951,#7952,#7953,#7954,#7955),
 .UNSPECIFIED.,.F.,.F.,(4,1,4),(0.00104638972037734,0.00225273924262059,
0.00345908876486384),.UNSPECIFIED.);
#156=B_SPLINE_CURVE_WITH_KNOTS('',3,(#7958,#7959,#7960,#7961),
 .UNSPECIFIED.,.F.,.F.,(4,4),(0.,0.00171726986340192),.UNSPECIFIED.);
#157=B_SPLINE_CURVE_WITH_KNOTS('',3,(#7965,#7966,#7967,#7968),
 .UNSPECIFIED.,.F.,.F.,(4,4),(0.,0.00177706406269744),.UNSPECIFIED.);
#158=B_SPLINE_CURVE_WITH_KNOTS('',3,(#9350,#9351,#9352,#9353),
 .UNSPECIFIED.,.F.,.F.,(4,4),(0.,0.00162893883149183),.UNSPECIFIED.);
#159=B_SPLINE_CURVE_WITH_KNOTS('',3,(#9355,#9356,#9357,#9358),
 .UNSPECIFIED.,.F.,.F.,(4,4),(0.000188175245150786,0.00181840867193648),
 .UNSPECIFIED.);
#160=B_SPLINE_CURVE_WITH_KNOTS('',3,(#9359,#9360,#9361,#9362,#9363),
 .UNSPECIFIED.,.F.,.F.,(4,1,4),(0.,0.00156297799089143,0.00312595598178286),
 .UNSPECIFIED.);
#161=B_SPLINE_CURVE_WITH_KNOTS('',3,(#9365,#9366,#9367,#9368,#9369),
 .UNSPECIFIED.,.F.,.F.,(4,1,4),(0.,0.00156234468133334,0.00312468936266669),
 .UNSPECIFIED.);
#162=B_SPLINE_CURVE_WITH_KNOTS('',3,(#9388,#9389,#9390,#9391),
 .UNSPECIFIED.,.F.,.F.,(4,4),(0.000126401300141225,0.00184616467146192),
 .UNSPECIFIED.);
#163=B_SPLINE_CURVE_WITH_KNOTS('',3,(#9393,#9394,#9395,#9396),
 .UNSPECIFIED.,.F.,.F.,(4,4),(0.,0.00171428668657986),.UNSPECIFIED.);
#164=DEGENERATE_TOROIDAL_SURFACE('',#5624,0.00135525591143177,0.002,.T.);
#165=DEGENERATE_TOROIDAL_SURFACE('',#5632,0.00199999850584993,0.002,.T.);
#166=DEGENERATE_TOROIDAL_SURFACE('',#5638,0.00199999850585007,0.002,.T.);
#167=DEGENERATE_TOROIDAL_SURFACE('',#5644,0.00135525591143198,0.002,.T.);
#168=DEGENERATE_TOROIDAL_SURFACE('',#6108,0.00135525591143231,0.002,.T.);
#169=DEGENERATE_TOROIDAL_SURFACE('',#6111,0.00199999850585001,0.002,.T.);
#170=DEGENERATE_TOROIDAL_SURFACE('',#6122,0.00199999850584987,0.002,.T.);
#171=LINE('',#7845,#681);
#172=LINE('',#7849,#682);
#173=LINE('',#7854,#683);
#174=LINE('',#7858,#684);
#175=LINE('',#7863,#685);
#176=LINE('',#7867,#686);
#177=LINE('',#7970,#687);
#178=LINE('',#7973,#688);
#179=LINE('',#7975,#689);
#180=LINE('',#7977,#690);
#181=LINE('',#7979,#691);
#182=LINE('',#7982,#692);
#183=LINE('',#7984,#693);
#184=LINE('',#7986,#694);
#185=LINE('',#7988,#695);
#186=LINE('',#7991,#696);
#187=LINE('',#7993,#697);
#188=LINE('',#7995,#698);
#189=LINE('',#7997,#699);
#190=LINE('',#8000,#700);
#191=LINE('',#8002,#701);
#192=LINE('',#8004,#702);
#193=LINE('',#8006,#703);
#194=LINE('',#8009,#704);
#195=LINE('',#8011,#705);
#196=LINE('',#8013,#706);
#197=LINE('',#8015,#707);
#198=LINE('',#8018,#708);
#199=LINE('',#8020,#709);
#200=LINE('',#8022,#710);
#201=LINE('',#8024,#711);
#202=LINE('',#8027,#712);
#203=LINE('',#8029,#713);
#204=LINE('',#8031,#714);
#205=LINE('',#8033,#715);
#206=LINE('',#8035,#716);
#207=LINE('',#8037,#717);
#208=LINE('',#8039,#718);
#209=LINE('',#8042,#719);
#210=LINE('',#8044,#720);
#211=LINE('',#8046,#721);
#212=LINE('',#8048,#722);
#213=LINE('',#8051,#723);
#214=LINE('',#8053,#724);
#215=LINE('',#8055,#725);
#216=LINE('',#8057,#726);
#217=LINE('',#8060,#727);
#218=LINE('',#8062,#728);
#219=LINE('',#8064,#729);
#220=LINE('',#8070,#730);
#221=LINE('',#8072,#731);
#222=LINE('',#8074,#732);
#223=LINE('',#8076,#733);
#224=LINE('',#8078,#734);
#225=LINE('',#8081,#735);
#226=LINE('',#8083,#736);
#227=LINE('',#8085,#737);
#228=LINE('',#8091,#738);
#229=LINE('',#8093,#739);
#230=LINE('',#8095,#740);
#231=LINE('',#8097,#741);
#232=LINE('',#8099,#742);
#233=LINE('',#8102,#743);
#234=LINE('',#8104,#744);
#235=LINE('',#8106,#745);
#236=LINE('',#8108,#746);
#237=LINE('',#8111,#747);
#238=LINE('',#8113,#748);
#239=LINE('',#8115,#749);
#240=LINE('',#8117,#750);
#241=LINE('',#8120,#751);
#242=LINE('',#8122,#752);
#243=LINE('',#8124,#753);
#244=LINE('',#8129,#754);
#245=LINE('',#8133,#755);
#246=LINE('',#8135,#756);
#247=LINE('',#8136,#757);
#248=LINE('',#8138,#758);
#249=LINE('',#8141,#759);
#250=LINE('',#8143,#760);
#251=LINE('',#8145,#761);
#252=LINE('',#8155,#762);
#253=LINE('',#8163,#763);
#254=LINE('',#8179,#764);
#255=LINE('',#8203,#765);
#256=LINE('',#8211,#766);
#257=LINE('',#8216,#767);
#258=LINE('',#8220,#768);
#259=LINE('',#8224,#769);
#260=LINE('',#8226,#770);
#261=LINE('',#8228,#771);
#262=LINE('',#8230,#772);
#263=LINE('',#8232,#773);
#264=LINE('',#8234,#774);
#265=LINE('',#8238,#775);
#266=LINE('',#8240,#776);
#267=LINE('',#8244,#777);
#268=LINE('',#8246,#778);
#269=LINE('',#8248,#779);
#270=LINE('',#8250,#780);
#271=LINE('',#8252,#781);
#272=LINE('',#8268,#782);
#273=LINE('',#8272,#783);
#274=LINE('',#8276,#784);
#275=LINE('',#8280,#785);
#276=LINE('',#8284,#786);
#277=LINE('',#8288,#787);
#278=LINE('',#8292,#788);
#279=LINE('',#8296,#789);
#280=LINE('',#8300,#790);
#281=LINE('',#8304,#791);
#282=LINE('',#8308,#792);
#283=LINE('',#8312,#793);
#284=LINE('',#8316,#794);
#285=LINE('',#8320,#795);
#286=LINE('',#8324,#796);
#287=LINE('',#8328,#797);
#288=LINE('',#8332,#798);
#289=LINE('',#8336,#799);
#290=LINE('',#8340,#800);
#291=LINE('',#8344,#801);
#292=LINE('',#8348,#802);
#293=LINE('',#8352,#803);
#294=LINE('',#8356,#804);
#295=LINE('',#8360,#805);
#296=LINE('',#8364,#806);
#297=LINE('',#8368,#807);
#298=LINE('',#8372,#808);
#299=LINE('',#8376,#809);
#300=LINE('',#8380,#810);
#301=LINE('',#8384,#811);
#302=LINE('',#8388,#812);
#303=LINE('',#8392,#813);
#304=LINE('',#8396,#814);
#305=LINE('',#8400,#815);
#306=LINE('',#8404,#816);
#307=LINE('',#8408,#817);
#308=LINE('',#8412,#818);
#309=LINE('',#8416,#819);
#310=LINE('',#8420,#820);
#311=LINE('',#8424,#821);
#312=LINE('',#8428,#822);
#313=LINE('',#8432,#823);
#314=LINE('',#8436,#824);
#315=LINE('',#8440,#825);
#316=LINE('',#8444,#826);
#317=LINE('',#8448,#827);
#318=LINE('',#8452,#828);
#319=LINE('',#8456,#829);
#320=LINE('',#8460,#830);
#321=LINE('',#8464,#831);
#322=LINE('',#8468,#832);
#323=LINE('',#8472,#833);
#324=LINE('',#8476,#834);
#325=LINE('',#8480,#835);
#326=LINE('',#8484,#836);
#327=LINE('',#8488,#837);
#328=LINE('',#8492,#838);
#329=LINE('',#8496,#839);
#330=LINE('',#8500,#840);
#331=LINE('',#8504,#841);
#332=LINE('',#8508,#842);
#333=LINE('',#8512,#843);
#334=LINE('',#8516,#844);
#335=LINE('',#8520,#845);
#336=LINE('',#8521,#846);
#337=LINE('',#8524,#847);
#338=LINE('',#8526,#848);
#339=LINE('',#8528,#849);
#340=LINE('',#8530,#850);
#341=LINE('',#8533,#851);
#342=LINE('',#8534,#852);
#343=LINE('',#8536,#853);
#344=LINE('',#8550,#854);
#345=LINE('',#8555,#855);
#346=LINE('',#8557,#856);
#347=LINE('',#8560,#857);
#348=LINE('',#8562,#858);
#349=LINE('',#8566,#859);
#350=LINE('',#8570,#860);
#351=LINE('',#8574,#861);
#352=LINE('',#8578,#862);
#353=LINE('',#8583,#863);
#354=LINE('',#8588,#864);
#355=LINE('',#8592,#865);
#356=LINE('',#8597,#866);
#357=LINE('',#8601,#867);
#358=LINE('',#8605,#868);
#359=LINE('',#8607,#869);
#360=LINE('',#8609,#870);
#361=LINE('',#8613,#871);
#362=LINE('',#8617,#872);
#363=LINE('',#8621,#873);
#364=LINE('',#8626,#874);
#365=LINE('',#8630,#875);
#366=LINE('',#8635,#876);
#367=LINE('',#8640,#877);
#368=LINE('',#8644,#878);
#369=LINE('',#8648,#879);
#370=LINE('',#8652,#880);
#371=LINE('',#8656,#881);
#372=LINE('',#8658,#882);
#373=LINE('',#8661,#883);
#374=LINE('',#8663,#884);
#375=LINE('',#8667,#885);
#376=LINE('',#8669,#886);
#377=LINE('',#8673,#887);
#378=LINE('',#8677,#888);
#379=LINE('',#8679,#889);
#380=LINE('',#8683,#890);
#381=LINE('',#8687,#891);
#382=LINE('',#8691,#892);
#383=LINE('',#8695,#893);
#384=LINE('',#8697,#894);
#385=LINE('',#8705,#895);
#386=LINE('',#8706,#896);
#387=LINE('',#8708,#897);
#388=LINE('',#8710,#898);
#389=LINE('',#8712,#899);
#390=LINE('',#8713,#900);
#391=LINE('',#8715,#901);
#392=LINE('',#8717,#902);
#393=LINE('',#8719,#903);
#394=LINE('',#8721,#904);
#395=LINE('',#8723,#905);
#396=LINE('',#8725,#906);
#397=LINE('',#8726,#907);
#398=LINE('',#8729,#908);
#399=LINE('',#8731,#909);
#400=LINE('',#8733,#910);
#401=LINE('',#8735,#911);
#402=LINE('',#8737,#912);
#403=LINE('',#8739,#913);
#404=LINE('',#8741,#914);
#405=LINE('',#8743,#915);
#406=LINE('',#8745,#916);
#407=LINE('',#8747,#917);
#408=LINE('',#8749,#918);
#409=LINE('',#8750,#919);
#410=LINE('',#8752,#920);
#411=LINE('',#8754,#921);
#412=LINE('',#8756,#922);
#413=LINE('',#8760,#923);
#414=LINE('',#8762,#924);
#415=LINE('',#8764,#925);
#416=LINE('',#8765,#926);
#417=LINE('',#8768,#927);
#418=LINE('',#8769,#928);
#419=LINE('',#8771,#929);
#420=LINE('',#8773,#930);
#421=LINE('',#8775,#931);
#422=LINE('',#8777,#932);
#423=LINE('',#8779,#933);
#424=LINE('',#8783,#934);
#425=LINE('',#8785,#935);
#426=LINE('',#8787,#936);
#427=LINE('',#8791,#937);
#428=LINE('',#8792,#938);
#429=LINE('',#8794,#939);
#430=LINE('',#8796,#940);
#431=LINE('',#8798,#941);
#432=LINE('',#8800,#942);
#433=LINE('',#8801,#943);
#434=LINE('',#8803,#944);
#435=LINE('',#8805,#945);
#436=LINE('',#8806,#946);
#437=LINE('',#8814,#947);
#438=LINE('',#8817,#948);
#439=LINE('',#8819,#949);
#440=LINE('',#8821,#950);
#441=LINE('',#8823,#951);
#442=LINE('',#8825,#952);
#443=LINE('',#8827,#953);
#444=LINE('',#8829,#954);
#445=LINE('',#8831,#955);
#446=LINE('',#8833,#956);
#447=LINE('',#8835,#957);
#448=LINE('',#8839,#958);
#449=LINE('',#8841,#959);
#450=LINE('',#8843,#960);
#451=LINE('',#8847,#961);
#452=LINE('',#8849,#962);
#453=LINE('',#8851,#963);
#454=LINE('',#8855,#964);
#455=LINE('',#8857,#965);
#456=LINE('',#8859,#966);
#457=LINE('',#8863,#967);
#458=LINE('',#8865,#968);
#459=LINE('',#8869,#969);
#460=LINE('',#8871,#970);
#461=LINE('',#8873,#971);
#462=LINE('',#8877,#972);
#463=LINE('',#8879,#973);
#464=LINE('',#8881,#974);
#465=LINE('',#8885,#975);
#466=LINE('',#8887,#976);
#467=LINE('',#8889,#977);
#468=LINE('',#8893,#978);
#469=LINE('',#8895,#979);
#470=LINE('',#8899,#980);
#471=LINE('',#8901,#981);
#472=LINE('',#8903,#982);
#473=LINE('',#8907,#983);
#474=LINE('',#8909,#984);
#475=LINE('',#8911,#985);
#476=LINE('',#8915,#986);
#477=LINE('',#8917,#987);
#478=LINE('',#8919,#988);
#479=LINE('',#8923,#989);
#480=LINE('',#8925,#990);
#481=LINE('',#8929,#991);
#482=LINE('',#8931,#992);
#483=LINE('',#8933,#993);
#484=LINE('',#8937,#994);
#485=LINE('',#8939,#995);
#486=LINE('',#8941,#996);
#487=LINE('',#8945,#997);
#488=LINE('',#8947,#998);
#489=LINE('',#8949,#999);
#490=LINE('',#8953,#1000);
#491=LINE('',#8955,#1001);
#492=LINE('',#8959,#1002);
#493=LINE('',#8961,#1003);
#494=LINE('',#8963,#1004);
#495=LINE('',#8967,#1005);
#496=LINE('',#8969,#1006);
#497=LINE('',#8971,#1007);
#498=LINE('',#8975,#1008);
#499=LINE('',#8977,#1009);
#500=LINE('',#8979,#1010);
#501=LINE('',#8983,#1011);
#502=LINE('',#8985,#1012);
#503=LINE('',#8989,#1013);
#504=LINE('',#8991,#1014);
#505=LINE('',#8993,#1015);
#506=LINE('',#8997,#1016);
#507=LINE('',#8999,#1017);
#508=LINE('',#9001,#1018);
#509=LINE('',#9005,#1019);
#510=LINE('',#9007,#1020);
#511=LINE('',#9009,#1021);
#512=LINE('',#9013,#1022);
#513=LINE('',#9015,#1023);
#514=LINE('',#9019,#1024);
#515=LINE('',#9021,#1025);
#516=LINE('',#9023,#1026);
#517=LINE('',#9027,#1027);
#518=LINE('',#9029,#1028);
#519=LINE('',#9031,#1029);
#520=LINE('',#9035,#1030);
#521=LINE('',#9037,#1031);
#522=LINE('',#9039,#1032);
#523=LINE('',#9043,#1033);
#524=LINE('',#9045,#1034);
#525=LINE('',#9049,#1035);
#526=LINE('',#9051,#1036);
#527=LINE('',#9053,#1037);
#528=LINE('',#9057,#1038);
#529=LINE('',#9059,#1039);
#530=LINE('',#9061,#1040);
#531=LINE('',#9065,#1041);
#532=LINE('',#9067,#1042);
#533=LINE('',#9069,#1043);
#534=LINE('',#9073,#1044);
#535=LINE('',#9075,#1045);
#536=LINE('',#9079,#1046);
#537=LINE('',#9081,#1047);
#538=LINE('',#9083,#1048);
#539=LINE('',#9087,#1049);
#540=LINE('',#9089,#1050);
#541=LINE('',#9091,#1051);
#542=LINE('',#9095,#1052);
#543=LINE('',#9097,#1053);
#544=LINE('',#9099,#1054);
#545=LINE('',#9103,#1055);
#546=LINE('',#9105,#1056);
#547=LINE('',#9109,#1057);
#548=LINE('',#9111,#1058);
#549=LINE('',#9113,#1059);
#550=LINE('',#9117,#1060);
#551=LINE('',#9119,#1061);
#552=LINE('',#9121,#1062);
#553=LINE('',#9125,#1063);
#554=LINE('',#9127,#1064);
#555=LINE('',#9129,#1065);
#556=LINE('',#9133,#1066);
#557=LINE('',#9135,#1067);
#558=LINE('',#9139,#1068);
#559=LINE('',#9141,#1069);
#560=LINE('',#9143,#1070);
#561=LINE('',#9147,#1071);
#562=LINE('',#9149,#1072);
#563=LINE('',#9151,#1073);
#564=LINE('',#9155,#1074);
#565=LINE('',#9157,#1075);
#566=LINE('',#9159,#1076);
#567=LINE('',#9163,#1077);
#568=LINE('',#9165,#1078);
#569=LINE('',#9169,#1079);
#570=LINE('',#9171,#1080);
#571=LINE('',#9173,#1081);
#572=LINE('',#9177,#1082);
#573=LINE('',#9179,#1083);
#574=LINE('',#9181,#1084);
#575=LINE('',#9185,#1085);
#576=LINE('',#9187,#1086);
#577=LINE('',#9189,#1087);
#578=LINE('',#9193,#1088);
#579=LINE('',#9195,#1089);
#580=LINE('',#9199,#1090);
#581=LINE('',#9201,#1091);
#582=LINE('',#9203,#1092);
#583=LINE('',#9207,#1093);
#584=LINE('',#9209,#1094);
#585=LINE('',#9211,#1095);
#586=LINE('',#9215,#1096);
#587=LINE('',#9217,#1097);
#588=LINE('',#9219,#1098);
#589=LINE('',#9223,#1099);
#590=LINE('',#9225,#1100);
#591=LINE('',#9229,#1101);
#592=LINE('',#9231,#1102);
#593=LINE('',#9233,#1103);
#594=LINE('',#9237,#1104);
#595=LINE('',#9239,#1105);
#596=LINE('',#9241,#1106);
#597=LINE('',#9245,#1107);
#598=LINE('',#9247,#1108);
#599=LINE('',#9249,#1109);
#600=LINE('',#9253,#1110);
#601=LINE('',#9255,#1111);
#602=LINE('',#9259,#1112);
#603=LINE('',#9261,#1113);
#604=LINE('',#9263,#1114);
#605=LINE('',#9267,#1115);
#606=LINE('',#9269,#1116);
#607=LINE('',#9271,#1117);
#608=LINE('',#9275,#1118);
#609=LINE('',#9277,#1119);
#610=LINE('',#9279,#1120);
#611=LINE('',#9283,#1121);
#612=LINE('',#9285,#1122);
#613=LINE('',#9289,#1123);
#614=LINE('',#9291,#1124);
#615=LINE('',#9293,#1125);
#616=LINE('',#9297,#1126);
#617=LINE('',#9299,#1127);
#618=LINE('',#9301,#1128);
#619=LINE('',#9305,#1129);
#620=LINE('',#9307,#1130);
#621=LINE('',#9309,#1131);
#622=LINE('',#9313,#1132);
#623=LINE('',#9315,#1133);
#624=LINE('',#9317,#1134);
#625=LINE('',#9319,#1135);
#626=LINE('',#9321,#1136);
#627=LINE('',#9323,#1137);
#628=LINE('',#9325,#1138);
#629=LINE('',#9327,#1139);
#630=LINE('',#9329,#1140);
#631=LINE('',#9331,#1141);
#632=LINE('',#9333,#1142);
#633=LINE('',#9335,#1143);
#634=LINE('',#9337,#1144);
#635=LINE('',#9339,#1145);
#636=LINE('',#9341,#1146);
#637=LINE('',#9343,#1147);
#638=LINE('',#9345,#1148);
#639=LINE('',#9347,#1149);
#640=LINE('',#9404,#1150);
#641=LINE('',#9407,#1151);
#642=LINE('',#9409,#1152);
#643=LINE('',#9411,#1153);
#644=LINE('',#9413,#1154);
#645=LINE('',#9415,#1155);
#646=LINE('',#9417,#1156);
#647=LINE('',#9421,#1157);
#648=LINE('',#9425,#1158);
#649=LINE('',#9427,#1159);
#650=LINE('',#9429,#1160);
#651=LINE('',#9431,#1161);
#652=LINE('',#9433,#1162);
#653=LINE('',#9435,#1163);
#654=LINE('',#9439,#1164);
#655=LINE('',#9443,#1165);
#656=LINE('',#9445,#1166);
#657=LINE('',#9447,#1167);
#658=LINE('',#9451,#1168);
#659=LINE('',#9455,#1169);
#660=LINE('',#9457,#1170);
#661=LINE('',#9459,#1171);
#662=LINE('',#9463,#1172);
#663=LINE('',#9467,#1173);
#664=LINE('',#9469,#1174);
#665=LINE('',#9471,#1175);
#666=LINE('',#9475,#1176);
#667=LINE('',#9479,#1177);
#668=LINE('',#9481,#1178);
#669=LINE('',#9483,#1179);
#670=LINE('',#9487,#1180);
#671=LINE('',#9491,#1181);
#672=LINE('',#9493,#1182);
#673=LINE('',#9495,#1183);
#674=LINE('',#9497,#1184);
#675=LINE('',#9499,#1185);
#676=LINE('',#9501,#1186);
#677=LINE('',#9505,#1187);
#678=LINE('',#9509,#1188);
#679=LINE('',#9511,#1189);
#680=LINE('',#9513,#1190);
#681=VECTOR('',#6192,1.);
#682=VECTOR('',#6195,1.);
#683=VECTOR('',#6200,1.);
#684=VECTOR('',#6203,1.);
#685=VECTOR('',#6208,1.);
#686=VECTOR('',#6211,1.);
#687=VECTOR('',#6258,1.);
#688=VECTOR('',#6259,1.);
#689=VECTOR('',#6260,1.);
#690=VECTOR('',#6261,1.);
#691=VECTOR('',#6264,1.);
#692=VECTOR('',#6265,1.);
#693=VECTOR('',#6266,1.);
#694=VECTOR('',#6267,1.);
#695=VECTOR('',#6270,1.);
#696=VECTOR('',#6271,1.);
#697=VECTOR('',#6272,1.);
#698=VECTOR('',#6273,1.);
#699=VECTOR('',#6276,1.);
#700=VECTOR('',#6277,1.);
#701=VECTOR('',#6278,1.);
#702=VECTOR('',#6279,1.);
#703=VECTOR('',#6282,1.);
#704=VECTOR('',#6283,1.);
#705=VECTOR('',#6284,1.);
#706=VECTOR('',#6285,1.);
#707=VECTOR('',#6288,1.);
#708=VECTOR('',#6289,1.);
#709=VECTOR('',#6290,1.);
#710=VECTOR('',#6291,1.);
#711=VECTOR('',#6294,1.);
#712=VECTOR('',#6295,1.);
#713=VECTOR('',#6296,1.);
#714=VECTOR('',#6297,1.);
#715=VECTOR('',#6300,1.);
#716=VECTOR('',#6301,1.);
#717=VECTOR('',#6302,1.);
#718=VECTOR('',#6305,1.);
#719=VECTOR('',#6306,1.);
#720=VECTOR('',#6307,1.);
#721=VECTOR('',#6308,1.);
#722=VECTOR('',#6311,1.);
#723=VECTOR('',#6312,1.);
#724=VECTOR('',#6313,1.);
#725=VECTOR('',#6314,1.);
#726=VECTOR('',#6317,1.);
#727=VECTOR('',#6318,1.);
#728=VECTOR('',#6319,1.);
#729=VECTOR('',#6320,1.);
#730=VECTOR('',#6327,1.);
#731=VECTOR('',#6330,1.);
#732=VECTOR('',#6331,1.);
#733=VECTOR('',#6332,1.);
#734=VECTOR('',#6335,1.);
#735=VECTOR('',#6336,1.);
#736=VECTOR('',#6337,1.);
#737=VECTOR('',#6338,1.);
#738=VECTOR('',#6345,1.);
#739=VECTOR('',#6348,1.);
#740=VECTOR('',#6349,1.);
#741=VECTOR('',#6350,1.);
#742=VECTOR('',#6353,1.);
#743=VECTOR('',#6354,1.);
#744=VECTOR('',#6355,1.);
#745=VECTOR('',#6356,1.);
#746=VECTOR('',#6359,1.);
#747=VECTOR('',#6360,1.);
#748=VECTOR('',#6361,1.);
#749=VECTOR('',#6362,1.);
#750=VECTOR('',#6365,1.);
#751=VECTOR('',#6366,1.);
#752=VECTOR('',#6367,1.);
#753=VECTOR('',#6368,1.);
#754=VECTOR('',#6373,1.);
#755=VECTOR('',#6376,1.);
#756=VECTOR('',#6379,1.);
#757=VECTOR('',#6380,1.);
#758=VECTOR('',#6383,1.);
#759=VECTOR('',#6384,1.);
#760=VECTOR('',#6385,1.);
#761=VECTOR('',#6386,1.);
#762=VECTOR('',#6403,1.);
#763=VECTOR('',#6412,1.);
#764=VECTOR('',#6441,1.);
#765=VECTOR('',#6484,1.);
#766=VECTOR('',#6493,1.);
#767=VECTOR('',#6498,1.);
#768=VECTOR('',#6501,1.);
#769=VECTOR('',#6504,1.);
#770=VECTOR('',#6507,1.);
#771=VECTOR('',#6508,1.);
#772=VECTOR('',#6511,1.);
#773=VECTOR('',#6514,1.);
#774=VECTOR('',#6515,1.);
#775=VECTOR('',#6518,1.);
#776=VECTOR('',#6519,1.);
#777=VECTOR('',#6522,1.);
#778=VECTOR('',#6523,1.);
#779=VECTOR('',#6524,1.);
#780=VECTOR('',#6525,1.);
#781=VECTOR('',#6526,1.);
#782=VECTOR('',#6541,1.);
#783=VECTOR('',#6544,1.);
#784=VECTOR('',#6547,1.);
#785=VECTOR('',#6550,1.);
#786=VECTOR('',#6553,1.);
#787=VECTOR('',#6556,1.);
#788=VECTOR('',#6559,1.);
#789=VECTOR('',#6562,1.);
#790=VECTOR('',#6565,1.);
#791=VECTOR('',#6568,1.);
#792=VECTOR('',#6571,1.);
#793=VECTOR('',#6574,1.);
#794=VECTOR('',#6577,1.);
#795=VECTOR('',#6580,1.);
#796=VECTOR('',#6583,1.);
#797=VECTOR('',#6586,1.);
#798=VECTOR('',#6589,1.);
#799=VECTOR('',#6592,1.);
#800=VECTOR('',#6595,1.);
#801=VECTOR('',#6598,1.);
#802=VECTOR('',#6601,1.);
#803=VECTOR('',#6604,1.);
#804=VECTOR('',#6607,1.);
#805=VECTOR('',#6610,1.);
#806=VECTOR('',#6613,1.);
#807=VECTOR('',#6616,1.);
#808=VECTOR('',#6619,1.);
#809=VECTOR('',#6622,1.);
#810=VECTOR('',#6625,1.);
#811=VECTOR('',#6628,1.);
#812=VECTOR('',#6631,1.);
#813=VECTOR('',#6634,1.);
#814=VECTOR('',#6637,1.);
#815=VECTOR('',#6640,1.);
#816=VECTOR('',#6643,1.);
#817=VECTOR('',#6646,1.);
#818=VECTOR('',#6649,1.);
#819=VECTOR('',#6652,1.);
#820=VECTOR('',#6655,1.);
#821=VECTOR('',#6658,1.);
#822=VECTOR('',#6661,1.);
#823=VECTOR('',#6664,1.);
#824=VECTOR('',#6667,1.);
#825=VECTOR('',#6670,1.);
#826=VECTOR('',#6673,1.);
#827=VECTOR('',#6676,1.);
#828=VECTOR('',#6679,1.);
#829=VECTOR('',#6682,1.);
#830=VECTOR('',#6685,1.);
#831=VECTOR('',#6688,1.);
#832=VECTOR('',#6691,1.);
#833=VECTOR('',#6694,1.);
#834=VECTOR('',#6697,1.);
#835=VECTOR('',#6700,1.);
#836=VECTOR('',#6703,1.);
#837=VECTOR('',#6706,1.);
#838=VECTOR('',#6709,1.);
#839=VECTOR('',#6712,1.);
#840=VECTOR('',#6715,1.);
#841=VECTOR('',#6718,1.);
#842=VECTOR('',#6721,1.);
#843=VECTOR('',#6724,1.);
#844=VECTOR('',#6727,1.);
#845=VECTOR('',#6730,1.);
#846=VECTOR('',#6731,1.);
#847=VECTOR('',#6732,1.);
#848=VECTOR('',#6733,1.);
#849=VECTOR('',#6734,1.);
#850=VECTOR('',#6737,1.);
#851=VECTOR('',#6738,1.);
#852=VECTOR('',#6739,1.);
#853=VECTOR('',#6740,1.);
#854=VECTOR('',#6755,1.);
#855=VECTOR('',#6758,1.);
#856=VECTOR('',#6759,1.);
#857=VECTOR('',#6764,1.);
#858=VECTOR('',#6765,1.);
#859=VECTOR('',#6768,1.);
#860=VECTOR('',#6771,1.);
#861=VECTOR('',#6774,1.);
#862=VECTOR('',#6777,1.);
#863=VECTOR('',#6782,1.);
#864=VECTOR('',#6787,1.);
#865=VECTOR('',#6790,1.);
#866=VECTOR('',#6795,1.);
#867=VECTOR('',#6798,1.);
#868=VECTOR('',#6803,1.);
#869=VECTOR('',#6804,1.);
#870=VECTOR('',#6805,1.);
#871=VECTOR('',#6810,1.);
#872=VECTOR('',#6813,1.);
#873=VECTOR('',#6816,1.);
#874=VECTOR('',#6821,1.);
#875=VECTOR('',#6824,1.);
#876=VECTOR('',#6829,1.);
#877=VECTOR('',#6834,1.);
#878=VECTOR('',#6837,1.);
#879=VECTOR('',#6840,1.);
#880=VECTOR('',#6843,1.);
#881=VECTOR('',#6846,1.);
#882=VECTOR('',#6847,1.);
#883=VECTOR('',#6850,1.);
#884=VECTOR('',#6851,1.);
#885=VECTOR('',#6854,1.);
#886=VECTOR('',#6855,1.);
#887=VECTOR('',#6858,1.);
#888=VECTOR('',#6861,1.);
#889=VECTOR('',#6862,1.);
#890=VECTOR('',#6865,1.);
#891=VECTOR('',#6868,1.);
#892=VECTOR('',#6871,1.);
#893=VECTOR('',#6874,1.);
#894=VECTOR('',#6875,1.);
#895=VECTOR('',#6890,1.);
#896=VECTOR('',#6891,1.);
#897=VECTOR('',#6894,1.);
#898=VECTOR('',#6897,1.);
#899=VECTOR('',#6900,1.);
#900=VECTOR('',#6901,1.);
#901=VECTOR('',#6904,1.);
#902=VECTOR('',#6907,1.);
#903=VECTOR('',#6910,1.);
#904=VECTOR('',#6913,1.);
#905=VECTOR('',#6916,1.);
#906=VECTOR('',#6919,1.);
#907=VECTOR('',#6920,1.);
#908=VECTOR('',#6925,1.);
#909=VECTOR('',#6928,1.);
#910=VECTOR('',#6931,1.);
#911=VECTOR('',#6934,1.);
#912=VECTOR('',#6937,1.);
#913=VECTOR('',#6940,1.);
#914=VECTOR('',#6943,1.);
#915=VECTOR('',#6946,1.);
#916=VECTOR('',#6949,1.);
#917=VECTOR('',#6952,1.);
#918=VECTOR('',#6953,1.);
#919=VECTOR('',#6954,1.);
#920=VECTOR('',#6957,1.);
#921=VECTOR('',#6958,1.);
#922=VECTOR('',#6961,1.);
#923=VECTOR('',#6966,1.);
#924=VECTOR('',#6967,1.);
#925=VECTOR('',#6970,1.);
#926=VECTOR('',#6971,1.);
#927=VECTOR('',#6976,1.);
#928=VECTOR('',#6977,1.);
#929=VECTOR('',#6978,1.);
#930=VECTOR('',#6981,1.);
#931=VECTOR('',#6984,1.);
#932=VECTOR('',#6985,1.);
#933=VECTOR('',#6988,1.);
#934=VECTOR('',#6993,1.);
#935=VECTOR('',#6994,1.);
#936=VECTOR('',#6997,1.);
#937=VECTOR('',#7002,1.);
#938=VECTOR('',#7003,1.);
#939=VECTOR('',#7006,1.);
#940=VECTOR('',#7009,1.);
#941=VECTOR('',#7010,1.);
#942=VECTOR('',#7013,1.);
#943=VECTOR('',#7014,1.);
#944=VECTOR('',#7017,1.);
#945=VECTOR('',#7020,1.);
#946=VECTOR('',#7021,1.);
#947=VECTOR('',#7036,1.);
#948=VECTOR('',#7041,1.);
#949=VECTOR('',#7044,1.);
#950=VECTOR('',#7047,1.);
#951=VECTOR('',#7048,1.);
#952=VECTOR('',#7049,1.);
#953=VECTOR('',#7052,1.);
#954=VECTOR('',#7053,1.);
#955=VECTOR('',#7056,1.);
#956=VECTOR('',#7057,1.);
#957=VECTOR('',#7060,1.);
#958=VECTOR('',#7063,1.);
#959=VECTOR('',#7066,1.);
#960=VECTOR('',#7067,1.);
#961=VECTOR('',#7072,1.);
#962=VECTOR('',#7075,1.);
#963=VECTOR('',#7076,1.);
#964=VECTOR('',#7081,1.);
#965=VECTOR('',#7084,1.);
#966=VECTOR('',#7085,1.);
#967=VECTOR('',#7090,1.);
#968=VECTOR('',#7093,1.);
#969=VECTOR('',#7096,1.);
#970=VECTOR('',#7099,1.);
#971=VECTOR('',#7100,1.);
#972=VECTOR('',#7105,1.);
#973=VECTOR('',#7108,1.);
#974=VECTOR('',#7109,1.);
#975=VECTOR('',#7114,1.);
#976=VECTOR('',#7117,1.);
#977=VECTOR('',#7118,1.);
#978=VECTOR('',#7123,1.);
#979=VECTOR('',#7126,1.);
#980=VECTOR('',#7129,1.);
#981=VECTOR('',#7132,1.);
#982=VECTOR('',#7133,1.);
#983=VECTOR('',#7138,1.);
#984=VECTOR('',#7141,1.);
#985=VECTOR('',#7142,1.);
#986=VECTOR('',#7147,1.);
#987=VECTOR('',#7150,1.);
#988=VECTOR('',#7151,1.);
#989=VECTOR('',#7156,1.);
#990=VECTOR('',#7159,1.);
#991=VECTOR('',#7162,1.);
#992=VECTOR('',#7165,1.);
#993=VECTOR('',#7166,1.);
#994=VECTOR('',#7171,1.);
#995=VECTOR('',#7174,1.);
#996=VECTOR('',#7175,1.);
#997=VECTOR('',#7180,1.);
#998=VECTOR('',#7183,1.);
#999=VECTOR('',#7184,1.);
#1000=VECTOR('',#7189,1.);
#1001=VECTOR('',#7192,1.);
#1002=VECTOR('',#7195,1.);
#1003=VECTOR('',#7198,1.);
#1004=VECTOR('',#7199,1.);
#1005=VECTOR('',#7204,1.);
#1006=VECTOR('',#7207,1.);
#1007=VECTOR('',#7208,1.);
#1008=VECTOR('',#7213,1.);
#1009=VECTOR('',#7216,1.);
#1010=VECTOR('',#7217,1.);
#1011=VECTOR('',#7222,1.);
#1012=VECTOR('',#7225,1.);
#1013=VECTOR('',#7228,1.);
#1014=VECTOR('',#7231,1.);
#1015=VECTOR('',#7232,1.);
#1016=VECTOR('',#7237,1.);
#1017=VECTOR('',#7240,1.);
#1018=VECTOR('',#7241,1.);
#1019=VECTOR('',#7246,1.);
#1020=VECTOR('',#7249,1.);
#1021=VECTOR('',#7250,1.);
#1022=VECTOR('',#7255,1.);
#1023=VECTOR('',#7258,1.);
#1024=VECTOR('',#7261,1.);
#1025=VECTOR('',#7264,1.);
#1026=VECTOR('',#7265,1.);
#1027=VECTOR('',#7270,1.);
#1028=VECTOR('',#7273,1.);
#1029=VECTOR('',#7274,1.);
#1030=VECTOR('',#7279,1.);
#1031=VECTOR('',#7282,1.);
#1032=VECTOR('',#7283,1.);
#1033=VECTOR('',#7288,1.);
#1034=VECTOR('',#7291,1.);
#1035=VECTOR('',#7294,1.);
#1036=VECTOR('',#7297,1.);
#1037=VECTOR('',#7298,1.);
#1038=VECTOR('',#7303,1.);
#1039=VECTOR('',#7306,1.);
#1040=VECTOR('',#7307,1.);
#1041=VECTOR('',#7312,1.);
#1042=VECTOR('',#7315,1.);
#1043=VECTOR('',#7316,1.);
#1044=VECTOR('',#7321,1.);
#1045=VECTOR('',#7324,1.);
#1046=VECTOR('',#7327,1.);
#1047=VECTOR('',#7330,1.);
#1048=VECTOR('',#7331,1.);
#1049=VECTOR('',#7336,1.);
#1050=VECTOR('',#7339,1.);
#1051=VECTOR('',#7340,1.);
#1052=VECTOR('',#7345,1.);
#1053=VECTOR('',#7348,1.);
#1054=VECTOR('',#7349,1.);
#1055=VECTOR('',#7354,1.);
#1056=VECTOR('',#7357,1.);
#1057=VECTOR('',#7360,1.);
#1058=VECTOR('',#7363,1.);
#1059=VECTOR('',#7364,1.);
#1060=VECTOR('',#7369,1.);
#1061=VECTOR('',#7372,1.);
#1062=VECTOR('',#7373,1.);
#1063=VECTOR('',#7378,1.);
#1064=VECTOR('',#7381,1.);
#1065=VECTOR('',#7382,1.);
#1066=VECTOR('',#7387,1.);
#1067=VECTOR('',#7390,1.);
#1068=VECTOR('',#7393,1.);
#1069=VECTOR('',#7396,1.);
#1070=VECTOR('',#7397,1.);
#1071=VECTOR('',#7402,1.);
#1072=VECTOR('',#7405,1.);
#1073=VECTOR('',#7406,1.);
#1074=VECTOR('',#7411,1.);
#1075=VECTOR('',#7414,1.);
#1076=VECTOR('',#7415,1.);
#1077=VECTOR('',#7420,1.);
#1078=VECTOR('',#7423,1.);
#1079=VECTOR('',#7426,1.);
#1080=VECTOR('',#7429,1.);
#1081=VECTOR('',#7430,1.);
#1082=VECTOR('',#7435,1.);
#1083=VECTOR('',#7438,1.);
#1084=VECTOR('',#7439,1.);
#1085=VECTOR('',#7444,1.);
#1086=VECTOR('',#7447,1.);
#1087=VECTOR('',#7448,1.);
#1088=VECTOR('',#7453,1.);
#1089=VECTOR('',#7456,1.);
#1090=VECTOR('',#7459,1.);
#1091=VECTOR('',#7462,1.);
#1092=VECTOR('',#7463,1.);
#1093=VECTOR('',#7468,1.);
#1094=VECTOR('',#7471,1.);
#1095=VECTOR('',#7472,1.);
#1096=VECTOR('',#7477,1.);
#1097=VECTOR('',#7480,1.);
#1098=VECTOR('',#7481,1.);
#1099=VECTOR('',#7486,1.);
#1100=VECTOR('',#7489,1.);
#1101=VECTOR('',#7492,1.);
#1102=VECTOR('',#7495,1.);
#1103=VECTOR('',#7496,1.);
#1104=VECTOR('',#7501,1.);
#1105=VECTOR('',#7504,1.);
#1106=VECTOR('',#7505,1.);
#1107=VECTOR('',#7510,1.);
#1108=VECTOR('',#7513,1.);
#1109=VECTOR('',#7514,1.);
#1110=VECTOR('',#7519,1.);
#1111=VECTOR('',#7522,1.);
#1112=VECTOR('',#7525,1.);
#1113=VECTOR('',#7528,1.);
#1114=VECTOR('',#7529,1.);
#1115=VECTOR('',#7534,1.);
#1116=VECTOR('',#7537,1.);
#1117=VECTOR('',#7538,1.);
#1118=VECTOR('',#7543,1.);
#1119=VECTOR('',#7546,1.);
#1120=VECTOR('',#7547,1.);
#1121=VECTOR('',#7552,1.);
#1122=VECTOR('',#7555,1.);
#1123=VECTOR('',#7558,1.);
#1124=VECTOR('',#7561,1.);
#1125=VECTOR('',#7562,1.);
#1126=VECTOR('',#7567,1.);
#1127=VECTOR('',#7570,1.);
#1128=VECTOR('',#7571,1.);
#1129=VECTOR('',#7576,1.);
#1130=VECTOR('',#7579,1.);
#1131=VECTOR('',#7580,1.);
#1132=VECTOR('',#7585,1.);
#1133=VECTOR('',#7588,1.);
#1134=VECTOR('',#7591,1.);
#1135=VECTOR('',#7594,1.);
#1136=VECTOR('',#7597,1.);
#1137=VECTOR('',#7600,1.);
#1138=VECTOR('',#7603,1.);
#1139=VECTOR('',#7606,1.);
#1140=VECTOR('',#7609,1.);
#1141=VECTOR('',#7612,1.);
#1142=VECTOR('',#7615,1.);
#1143=VECTOR('',#7618,1.);
#1144=VECTOR('',#7621,1.);
#1145=VECTOR('',#7624,1.);
#1146=VECTOR('',#7627,1.);
#1147=VECTOR('',#7630,1.);
#1148=VECTOR('',#7633,1.);
#1149=VECTOR('',#7636,1.);
#1150=VECTOR('',#7697,1.);
#1151=VECTOR('',#7698,1.);
#1152=VECTOR('',#7699,1.);
#1153=VECTOR('',#7700,1.);
#1154=VECTOR('',#7703,1.);
#1155=VECTOR('',#7704,1.);
#1156=VECTOR('',#7705,1.);
#1157=VECTOR('',#7710,1.);
#1158=VECTOR('',#7715,1.);
#1159=VECTOR('',#7716,1.);
#1160=VECTOR('',#7717,1.);
#1161=VECTOR('',#7720,1.);
#1162=VECTOR('',#7721,1.);
#1163=VECTOR('',#7722,1.);
#1164=VECTOR('',#7727,1.);
#1165=VECTOR('',#7732,1.);
#1166=VECTOR('',#7733,1.);
#1167=VECTOR('',#7734,1.);
#1168=VECTOR('',#7739,1.);
#1169=VECTOR('',#7744,1.);
#1170=VECTOR('',#7745,1.);
#1171=VECTOR('',#7746,1.);
#1172=VECTOR('',#7751,1.);
#1173=VECTOR('',#7756,1.);
#1174=VECTOR('',#7757,1.);
#1175=VECTOR('',#7758,1.);
#1176=VECTOR('',#7763,1.);
#1177=VECTOR('',#7768,1.);
#1178=VECTOR('',#7769,1.);
#1179=VECTOR('',#7770,1.);
#1180=VECTOR('',#7775,1.);
#1181=VECTOR('',#7780,1.);
#1182=VECTOR('',#7781,1.);
#1183=VECTOR('',#7782,1.);
#1184=VECTOR('',#7785,1.);
#1185=VECTOR('',#7786,1.);
#1186=VECTOR('',#7787,1.);
#1187=VECTOR('',#7792,1.);
#1188=VECTOR('',#7797,1.);
#1189=VECTOR('',#7798,1.);
#1190=VECTOR('',#7799,1.);
#1191=ORIENTED_EDGE('',*,*,#2819,.F.);
#1192=ORIENTED_EDGE('',*,*,#2820,.T.);
#1193=ORIENTED_EDGE('',*,*,#2821,.T.);
#1194=ORIENTED_EDGE('',*,*,#2822,.F.);
#1195=ORIENTED_EDGE('',*,*,#2823,.F.);
#1196=ORIENTED_EDGE('',*,*,#2824,.T.);
#1197=ORIENTED_EDGE('',*,*,#2825,.T.);
#1198=ORIENTED_EDGE('',*,*,#2826,.F.);
#1199=ORIENTED_EDGE('',*,*,#2827,.F.);
#1200=ORIENTED_EDGE('',*,*,#2828,.T.);
#1201=ORIENTED_EDGE('',*,*,#2829,.T.);
#1202=ORIENTED_EDGE('',*,*,#2830,.F.);
#1203=ORIENTED_EDGE('',*,*,#2831,.F.);
#1204=ORIENTED_EDGE('',*,*,#2832,.T.);
#1205=ORIENTED_EDGE('',*,*,#2833,.F.);
#1206=ORIENTED_EDGE('',*,*,#2834,.F.);
#1207=ORIENTED_EDGE('',*,*,#2835,.F.);
#1208=ORIENTED_EDGE('',*,*,#2836,.F.);
#1209=ORIENTED_EDGE('',*,*,#2837,.T.);
#1210=ORIENTED_EDGE('',*,*,#2838,.F.);
#1211=ORIENTED_EDGE('',*,*,#2839,.F.);
#1212=ORIENTED_EDGE('',*,*,#2840,.F.);
#1213=ORIENTED_EDGE('',*,*,#2841,.F.);
#1214=ORIENTED_EDGE('',*,*,#2842,.F.);
#1215=ORIENTED_EDGE('',*,*,#2843,.T.);
#1216=ORIENTED_EDGE('',*,*,#2844,.F.);
#1217=ORIENTED_EDGE('',*,*,#2845,.F.);
#1218=ORIENTED_EDGE('',*,*,#2846,.F.);
#1219=ORIENTED_EDGE('',*,*,#2847,.F.);
#1220=ORIENTED_EDGE('',*,*,#2848,.F.);
#1221=ORIENTED_EDGE('',*,*,#2849,.T.);
#1222=ORIENTED_EDGE('',*,*,#2850,.F.);
#1223=ORIENTED_EDGE('',*,*,#2851,.F.);
#1224=ORIENTED_EDGE('',*,*,#2852,.F.);
#1225=ORIENTED_EDGE('',*,*,#2853,.F.);
#1226=ORIENTED_EDGE('',*,*,#2854,.T.);
#1227=ORIENTED_EDGE('',*,*,#2855,.F.);
#1228=ORIENTED_EDGE('',*,*,#2856,.T.);
#1229=ORIENTED_EDGE('',*,*,#2857,.F.);
#1230=ORIENTED_EDGE('',*,*,#2858,.F.);
#1231=ORIENTED_EDGE('',*,*,#2859,.T.);
#1232=ORIENTED_EDGE('',*,*,#2860,.T.);
#1233=ORIENTED_EDGE('',*,*,#2861,.F.);
#1234=ORIENTED_EDGE('',*,*,#2862,.T.);
#1235=ORIENTED_EDGE('',*,*,#2863,.T.);
#1236=ORIENTED_EDGE('',*,*,#2864,.T.);
#1237=ORIENTED_EDGE('',*,*,#2865,.F.);
#1238=ORIENTED_EDGE('',*,*,#2866,.T.);
#1239=ORIENTED_EDGE('',*,*,#2867,.T.);
#1240=ORIENTED_EDGE('',*,*,#2868,.T.);
#1241=ORIENTED_EDGE('',*,*,#2869,.F.);
#1242=ORIENTED_EDGE('',*,*,#2870,.T.);
#1243=ORIENTED_EDGE('',*,*,#2871,.T.);
#1244=ORIENTED_EDGE('',*,*,#2872,.T.);
#1245=ORIENTED_EDGE('',*,*,#2873,.F.);
#1246=ORIENTED_EDGE('',*,*,#2874,.T.);
#1247=ORIENTED_EDGE('',*,*,#2875,.T.);
#1248=ORIENTED_EDGE('',*,*,#2876,.T.);
#1249=ORIENTED_EDGE('',*,*,#2877,.F.);
#1250=ORIENTED_EDGE('',*,*,#2878,.T.);
#1251=ORIENTED_EDGE('',*,*,#2879,.T.);
#1252=ORIENTED_EDGE('',*,*,#2880,.T.);
#1253=ORIENTED_EDGE('',*,*,#2881,.F.);
#1254=ORIENTED_EDGE('',*,*,#2882,.T.);
#1255=ORIENTED_EDGE('',*,*,#2883,.T.);
#1256=ORIENTED_EDGE('',*,*,#2884,.F.);
#1257=ORIENTED_EDGE('',*,*,#2885,.F.);
#1258=ORIENTED_EDGE('',*,*,#2884,.T.);
#1259=ORIENTED_EDGE('',*,*,#2886,.T.);
#1260=ORIENTED_EDGE('',*,*,#2887,.T.);
#1261=ORIENTED_EDGE('',*,*,#2888,.T.);
#1262=ORIENTED_EDGE('',*,*,#2889,.T.);
#1263=ORIENTED_EDGE('',*,*,#2890,.T.);
#1264=ORIENTED_EDGE('',*,*,#2891,.F.);
#1265=ORIENTED_EDGE('',*,*,#2892,.T.);
#1266=ORIENTED_EDGE('',*,*,#2893,.T.);
#1267=ORIENTED_EDGE('',*,*,#2894,.T.);
#1268=ORIENTED_EDGE('',*,*,#2895,.F.);
#1269=ORIENTED_EDGE('',*,*,#2896,.F.);
#1270=ORIENTED_EDGE('',*,*,#2897,.T.);
#1271=ORIENTED_EDGE('',*,*,#2898,.T.);
#1272=ORIENTED_EDGE('',*,*,#2899,.F.);
#1273=ORIENTED_EDGE('',*,*,#2900,.F.);
#1274=ORIENTED_EDGE('',*,*,#2899,.T.);
#1275=ORIENTED_EDGE('',*,*,#2901,.T.);
#1276=ORIENTED_EDGE('',*,*,#2902,.F.);
#1277=ORIENTED_EDGE('',*,*,#2903,.F.);
#1278=ORIENTED_EDGE('',*,*,#2902,.T.);
#1279=ORIENTED_EDGE('',*,*,#2904,.T.);
#1280=ORIENTED_EDGE('',*,*,#2905,.T.);
#1281=ORIENTED_EDGE('',*,*,#2906,.F.);
#1282=ORIENTED_EDGE('',*,*,#2907,.T.);
#1283=ORIENTED_EDGE('',*,*,#2908,.T.);
#1284=ORIENTED_EDGE('',*,*,#2909,.F.);
#1285=ORIENTED_EDGE('',*,*,#2910,.F.);
#1286=ORIENTED_EDGE('',*,*,#2909,.T.);
#1287=ORIENTED_EDGE('',*,*,#2911,.T.);
#1288=ORIENTED_EDGE('',*,*,#2912,.F.);
#1289=ORIENTED_EDGE('',*,*,#2913,.F.);
#1290=ORIENTED_EDGE('',*,*,#2912,.T.);
#1291=ORIENTED_EDGE('',*,*,#2914,.T.);
#1292=ORIENTED_EDGE('',*,*,#2915,.T.);
#1293=ORIENTED_EDGE('',*,*,#2916,.F.);
#1294=ORIENTED_EDGE('',*,*,#2917,.T.);
#1295=ORIENTED_EDGE('',*,*,#2918,.T.);
#1296=ORIENTED_EDGE('',*,*,#2919,.T.);
#1297=ORIENTED_EDGE('',*,*,#2920,.F.);
#1298=ORIENTED_EDGE('',*,*,#2921,.T.);
#1299=ORIENTED_EDGE('',*,*,#2922,.T.);
#1300=ORIENTED_EDGE('',*,*,#2923,.T.);
#1301=ORIENTED_EDGE('',*,*,#2924,.F.);
#1302=ORIENTED_EDGE('',*,*,#2925,.T.);
#1303=ORIENTED_EDGE('',*,*,#2926,.T.);
#1304=ORIENTED_EDGE('',*,*,#2927,.T.);
#1305=ORIENTED_EDGE('',*,*,#2928,.F.);
#1306=ORIENTED_EDGE('',*,*,#2929,.T.);
#1307=ORIENTED_EDGE('',*,*,#2930,.T.);
#1308=ORIENTED_EDGE('',*,*,#2931,.F.);
#1309=ORIENTED_EDGE('',*,*,#2932,.F.);
#1310=ORIENTED_EDGE('',*,*,#2931,.T.);
#1311=ORIENTED_EDGE('',*,*,#2933,.T.);
#1312=ORIENTED_EDGE('',*,*,#2874,.F.);
#1313=ORIENTED_EDGE('',*,*,#2934,.F.);
#1314=ORIENTED_EDGE('',*,*,#2935,.T.);
#1315=ORIENTED_EDGE('',*,*,#2936,.T.);
#1316=ORIENTED_EDGE('',*,*,#2937,.T.);
#1317=ORIENTED_EDGE('',*,*,#2938,.F.);
#1318=ORIENTED_EDGE('',*,*,#2868,.F.);
#1319=ORIENTED_EDGE('',*,*,#2939,.F.);
#1320=ORIENTED_EDGE('',*,*,#2870,.F.);
#1321=ORIENTED_EDGE('',*,*,#2940,.F.);
#1322=ORIENTED_EDGE('',*,*,#2915,.F.);
#1323=ORIENTED_EDGE('',*,*,#2941,.F.);
#1324=ORIENTED_EDGE('',*,*,#2866,.F.);
#1325=ORIENTED_EDGE('',*,*,#2942,.F.);
#1326=ORIENTED_EDGE('',*,*,#2943,.T.);
#1327=ORIENTED_EDGE('',*,*,#2944,.F.);
#1328=ORIENTED_EDGE('',*,*,#2907,.F.);
#1329=ORIENTED_EDGE('',*,*,#2945,.F.);
#1330=ORIENTED_EDGE('',*,*,#2905,.F.);
#1331=ORIENTED_EDGE('',*,*,#2946,.F.);
#1332=ORIENTED_EDGE('',*,*,#2947,.T.);
#1333=ORIENTED_EDGE('',*,*,#2948,.F.);
#1334=ORIENTED_EDGE('',*,*,#2860,.F.);
#1335=ORIENTED_EDGE('',*,*,#2949,.F.);
#1336=ORIENTED_EDGE('',*,*,#2862,.F.);
#1337=ORIENTED_EDGE('',*,*,#2950,.F.);
#1338=ORIENTED_EDGE('',*,*,#2864,.F.);
#1339=ORIENTED_EDGE('',*,*,#2951,.F.);
#1340=ORIENTED_EDGE('',*,*,#2890,.F.);
#1341=ORIENTED_EDGE('',*,*,#2952,.F.);
#1342=ORIENTED_EDGE('',*,*,#2892,.F.);
#1343=ORIENTED_EDGE('',*,*,#2953,.F.);
#1344=ORIENTED_EDGE('',*,*,#2897,.F.);
#1345=ORIENTED_EDGE('',*,*,#2894,.F.);
#1346=ORIENTED_EDGE('',*,*,#2954,.F.);
#1347=ORIENTED_EDGE('',*,*,#2888,.F.);
#1348=ORIENTED_EDGE('',*,*,#2955,.F.);
#1349=ORIENTED_EDGE('',*,*,#2935,.F.);
#1350=ORIENTED_EDGE('',*,*,#2956,.F.);
#1351=ORIENTED_EDGE('',*,*,#2957,.T.);
#1352=ORIENTED_EDGE('',*,*,#2958,.F.);
#1353=ORIENTED_EDGE('',*,*,#2921,.F.);
#1354=ORIENTED_EDGE('',*,*,#2959,.F.);
#1355=ORIENTED_EDGE('',*,*,#2919,.F.);
#1356=ORIENTED_EDGE('',*,*,#2960,.F.);
#1357=ORIENTED_EDGE('',*,*,#2925,.F.);
#1358=ORIENTED_EDGE('',*,*,#2961,.F.);
#1359=ORIENTED_EDGE('',*,*,#2923,.F.);
#1360=ORIENTED_EDGE('',*,*,#2962,.F.);
#1361=ORIENTED_EDGE('',*,*,#2963,.F.);
#1362=ORIENTED_EDGE('',*,*,#2927,.F.);
#1363=ORIENTED_EDGE('',*,*,#2964,.F.);
#1364=ORIENTED_EDGE('',*,*,#2929,.F.);
#1365=ORIENTED_EDGE('',*,*,#2965,.F.);
#1366=ORIENTED_EDGE('',*,*,#2937,.F.);
#1367=ORIENTED_EDGE('',*,*,#2966,.F.);
#1368=ORIENTED_EDGE('',*,*,#2882,.F.);
#1369=ORIENTED_EDGE('',*,*,#2967,.F.);
#1370=ORIENTED_EDGE('',*,*,#2880,.F.);
#1371=ORIENTED_EDGE('',*,*,#2968,.F.);
#1372=ORIENTED_EDGE('',*,*,#2957,.F.);
#1373=ORIENTED_EDGE('',*,*,#2969,.F.);
#1374=ORIENTED_EDGE('',*,*,#2872,.F.);
#1375=ORIENTED_EDGE('',*,*,#2970,.F.);
#1376=ORIENTED_EDGE('',*,*,#2917,.F.);
#1377=ORIENTED_EDGE('',*,*,#2971,.F.);
#1378=ORIENTED_EDGE('',*,*,#2972,.F.);
#1379=ORIENTED_EDGE('',*,*,#2973,.F.);
#1380=ORIENTED_EDGE('',*,*,#2878,.F.);
#1381=ORIENTED_EDGE('',*,*,#2974,.F.);
#1382=ORIENTED_EDGE('',*,*,#2876,.F.);
#1383=ORIENTED_EDGE('',*,*,#2975,.F.);
#1384=ORIENTED_EDGE('',*,*,#2976,.F.);
#1385=ORIENTED_EDGE('',*,*,#2977,.F.);
#1386=ORIENTED_EDGE('',*,*,#2978,.T.);
#1387=ORIENTED_EDGE('',*,*,#2979,.T.);
#1388=ORIENTED_EDGE('',*,*,#2980,.T.);
#1389=ORIENTED_EDGE('',*,*,#2981,.T.);
#1390=ORIENTED_EDGE('',*,*,#2982,.T.);
#1391=ORIENTED_EDGE('',*,*,#2836,.T.);
#1392=ORIENTED_EDGE('',*,*,#2983,.F.);
#1393=ORIENTED_EDGE('',*,*,#2840,.T.);
#1394=ORIENTED_EDGE('',*,*,#2984,.T.);
#1395=ORIENTED_EDGE('',*,*,#2985,.T.);
#1396=ORIENTED_EDGE('',*,*,#2842,.T.);
#1397=ORIENTED_EDGE('',*,*,#2986,.F.);
#1398=ORIENTED_EDGE('',*,*,#2846,.T.);
#1399=ORIENTED_EDGE('',*,*,#2987,.T.);
#1400=ORIENTED_EDGE('',*,*,#2848,.T.);
#1401=ORIENTED_EDGE('',*,*,#2988,.F.);
#1402=ORIENTED_EDGE('',*,*,#2852,.T.);
#1403=ORIENTED_EDGE('',*,*,#2989,.T.);
#1404=ORIENTED_EDGE('',*,*,#2990,.T.);
#1405=ORIENTED_EDGE('',*,*,#2991,.T.);
#1406=ORIENTED_EDGE('',*,*,#2992,.T.);
#1407=ORIENTED_EDGE('',*,*,#2993,.T.);
#1408=ORIENTED_EDGE('',*,*,#2994,.F.);
#1409=ORIENTED_EDGE('',*,*,#2995,.T.);
#1410=ORIENTED_EDGE('',*,*,#2996,.F.);
#1411=ORIENTED_EDGE('',*,*,#2997,.F.);
#1412=ORIENTED_EDGE('',*,*,#2998,.T.);
#1413=ORIENTED_EDGE('',*,*,#2999,.T.);
#1414=ORIENTED_EDGE('',*,*,#3000,.T.);
#1415=ORIENTED_EDGE('',*,*,#3001,.T.);
#1416=ORIENTED_EDGE('',*,*,#3002,.T.);
#1417=ORIENTED_EDGE('',*,*,#3003,.T.);
#1418=ORIENTED_EDGE('',*,*,#3004,.T.);
#1419=ORIENTED_EDGE('',*,*,#3005,.T.);
#1420=ORIENTED_EDGE('',*,*,#3006,.F.);
#1421=ORIENTED_EDGE('',*,*,#3007,.T.);
#1422=ORIENTED_EDGE('',*,*,#3008,.F.);
#1423=ORIENTED_EDGE('',*,*,#3009,.T.);
#1424=ORIENTED_EDGE('',*,*,#3010,.F.);
#1425=ORIENTED_EDGE('',*,*,#3011,.F.);
#1426=ORIENTED_EDGE('',*,*,#3012,.F.);
#1427=ORIENTED_EDGE('',*,*,#3013,.F.);
#1428=ORIENTED_EDGE('',*,*,#3014,.F.);
#1429=ORIENTED_EDGE('',*,*,#3015,.T.);
#1430=ORIENTED_EDGE('',*,*,#3016,.F.);
#1431=ORIENTED_EDGE('',*,*,#3017,.T.);
#1432=ORIENTED_EDGE('',*,*,#3018,.F.);
#1433=ORIENTED_EDGE('',*,*,#3019,.F.);
#1434=ORIENTED_EDGE('',*,*,#3020,.F.);
#1435=ORIENTED_EDGE('',*,*,#3021,.F.);
#1436=ORIENTED_EDGE('',*,*,#3022,.F.);
#1437=ORIENTED_EDGE('',*,*,#3023,.T.);
#1438=ORIENTED_EDGE('',*,*,#3024,.F.);
#1439=ORIENTED_EDGE('',*,*,#3025,.T.);
#1440=ORIENTED_EDGE('',*,*,#3026,.F.);
#1441=ORIENTED_EDGE('',*,*,#3027,.F.);
#1442=ORIENTED_EDGE('',*,*,#3028,.F.);
#1443=ORIENTED_EDGE('',*,*,#3029,.F.);
#1444=ORIENTED_EDGE('',*,*,#3030,.F.);
#1445=ORIENTED_EDGE('',*,*,#3031,.T.);
#1446=ORIENTED_EDGE('',*,*,#3032,.F.);
#1447=ORIENTED_EDGE('',*,*,#3033,.T.);
#1448=ORIENTED_EDGE('',*,*,#3034,.F.);
#1449=ORIENTED_EDGE('',*,*,#3035,.F.);
#1450=ORIENTED_EDGE('',*,*,#3036,.F.);
#1451=ORIENTED_EDGE('',*,*,#3037,.F.);
#1452=ORIENTED_EDGE('',*,*,#3038,.F.);
#1453=ORIENTED_EDGE('',*,*,#3039,.T.);
#1454=ORIENTED_EDGE('',*,*,#3040,.F.);
#1455=ORIENTED_EDGE('',*,*,#3041,.T.);
#1456=ORIENTED_EDGE('',*,*,#3042,.F.);
#1457=ORIENTED_EDGE('',*,*,#3043,.F.);
#1458=ORIENTED_EDGE('',*,*,#3044,.F.);
#1459=ORIENTED_EDGE('',*,*,#3045,.F.);
#1460=ORIENTED_EDGE('',*,*,#3046,.F.);
#1461=ORIENTED_EDGE('',*,*,#3047,.T.);
#1462=ORIENTED_EDGE('',*,*,#3048,.F.);
#1463=ORIENTED_EDGE('',*,*,#3049,.T.);
#1464=ORIENTED_EDGE('',*,*,#3050,.F.);
#1465=ORIENTED_EDGE('',*,*,#3051,.F.);
#1466=ORIENTED_EDGE('',*,*,#3052,.F.);
#1467=ORIENTED_EDGE('',*,*,#3053,.F.);
#1468=ORIENTED_EDGE('',*,*,#3054,.F.);
#1469=ORIENTED_EDGE('',*,*,#3055,.T.);
#1470=ORIENTED_EDGE('',*,*,#3056,.F.);
#1471=ORIENTED_EDGE('',*,*,#3057,.T.);
#1472=ORIENTED_EDGE('',*,*,#3058,.F.);
#1473=ORIENTED_EDGE('',*,*,#3059,.F.);
#1474=ORIENTED_EDGE('',*,*,#3060,.F.);
#1475=ORIENTED_EDGE('',*,*,#3061,.F.);
#1476=ORIENTED_EDGE('',*,*,#3062,.F.);
#1477=ORIENTED_EDGE('',*,*,#3063,.T.);
#1478=ORIENTED_EDGE('',*,*,#3064,.F.);
#1479=ORIENTED_EDGE('',*,*,#3065,.T.);
#1480=ORIENTED_EDGE('',*,*,#3066,.F.);
#1481=ORIENTED_EDGE('',*,*,#3067,.F.);
#1482=ORIENTED_EDGE('',*,*,#3068,.F.);
#1483=ORIENTED_EDGE('',*,*,#3069,.F.);
#1484=ORIENTED_EDGE('',*,*,#3070,.F.);
#1485=ORIENTED_EDGE('',*,*,#3071,.T.);
#1486=ORIENTED_EDGE('',*,*,#3072,.F.);
#1487=ORIENTED_EDGE('',*,*,#3073,.T.);
#1488=ORIENTED_EDGE('',*,*,#3074,.F.);
#1489=ORIENTED_EDGE('',*,*,#3075,.F.);
#1490=ORIENTED_EDGE('',*,*,#3076,.F.);
#1491=ORIENTED_EDGE('',*,*,#3077,.F.);
#1492=ORIENTED_EDGE('',*,*,#3078,.F.);
#1493=ORIENTED_EDGE('',*,*,#3079,.T.);
#1494=ORIENTED_EDGE('',*,*,#3080,.F.);
#1495=ORIENTED_EDGE('',*,*,#3081,.T.);
#1496=ORIENTED_EDGE('',*,*,#3082,.F.);
#1497=ORIENTED_EDGE('',*,*,#3083,.F.);
#1498=ORIENTED_EDGE('',*,*,#3084,.F.);
#1499=ORIENTED_EDGE('',*,*,#3085,.F.);
#1500=ORIENTED_EDGE('',*,*,#3086,.F.);
#1501=ORIENTED_EDGE('',*,*,#3087,.T.);
#1502=ORIENTED_EDGE('',*,*,#3088,.F.);
#1503=ORIENTED_EDGE('',*,*,#3089,.T.);
#1504=ORIENTED_EDGE('',*,*,#3090,.F.);
#1505=ORIENTED_EDGE('',*,*,#3091,.F.);
#1506=ORIENTED_EDGE('',*,*,#3092,.F.);
#1507=ORIENTED_EDGE('',*,*,#3093,.F.);
#1508=ORIENTED_EDGE('',*,*,#3094,.F.);
#1509=ORIENTED_EDGE('',*,*,#3095,.T.);
#1510=ORIENTED_EDGE('',*,*,#3096,.F.);
#1511=ORIENTED_EDGE('',*,*,#3097,.T.);
#1512=ORIENTED_EDGE('',*,*,#3098,.F.);
#1513=ORIENTED_EDGE('',*,*,#3099,.F.);
#1514=ORIENTED_EDGE('',*,*,#3100,.F.);
#1515=ORIENTED_EDGE('',*,*,#3101,.F.);
#1516=ORIENTED_EDGE('',*,*,#3102,.F.);
#1517=ORIENTED_EDGE('',*,*,#3103,.T.);
#1518=ORIENTED_EDGE('',*,*,#3104,.F.);
#1519=ORIENTED_EDGE('',*,*,#3105,.T.);
#1520=ORIENTED_EDGE('',*,*,#3106,.F.);
#1521=ORIENTED_EDGE('',*,*,#3107,.F.);
#1522=ORIENTED_EDGE('',*,*,#3108,.F.);
#1523=ORIENTED_EDGE('',*,*,#3109,.F.);
#1524=ORIENTED_EDGE('',*,*,#3110,.F.);
#1525=ORIENTED_EDGE('',*,*,#3111,.T.);
#1526=ORIENTED_EDGE('',*,*,#3112,.F.);
#1527=ORIENTED_EDGE('',*,*,#3113,.T.);
#1528=ORIENTED_EDGE('',*,*,#3114,.F.);
#1529=ORIENTED_EDGE('',*,*,#3115,.F.);
#1530=ORIENTED_EDGE('',*,*,#3116,.F.);
#1531=ORIENTED_EDGE('',*,*,#3117,.F.);
#1532=ORIENTED_EDGE('',*,*,#3118,.F.);
#1533=ORIENTED_EDGE('',*,*,#3119,.T.);
#1534=ORIENTED_EDGE('',*,*,#3120,.F.);
#1535=ORIENTED_EDGE('',*,*,#3121,.T.);
#1536=ORIENTED_EDGE('',*,*,#3122,.F.);
#1537=ORIENTED_EDGE('',*,*,#3123,.F.);
#1538=ORIENTED_EDGE('',*,*,#3124,.F.);
#1539=ORIENTED_EDGE('',*,*,#3125,.F.);
#1540=ORIENTED_EDGE('',*,*,#3126,.F.);
#1541=ORIENTED_EDGE('',*,*,#3127,.T.);
#1542=ORIENTED_EDGE('',*,*,#3128,.F.);
#1543=ORIENTED_EDGE('',*,*,#3129,.T.);
#1544=ORIENTED_EDGE('',*,*,#3130,.F.);
#1545=ORIENTED_EDGE('',*,*,#3131,.F.);
#1546=ORIENTED_EDGE('',*,*,#3132,.F.);
#1547=ORIENTED_EDGE('',*,*,#3133,.F.);
#1548=ORIENTED_EDGE('',*,*,#3134,.F.);
#1549=ORIENTED_EDGE('',*,*,#3135,.T.);
#1550=ORIENTED_EDGE('',*,*,#3136,.T.);
#1551=ORIENTED_EDGE('',*,*,#3137,.F.);
#1552=ORIENTED_EDGE('',*,*,#3138,.T.);
#1553=ORIENTED_EDGE('',*,*,#3139,.T.);
#1554=ORIENTED_EDGE('',*,*,#3140,.T.);
#1555=ORIENTED_EDGE('',*,*,#3141,.F.);
#1556=ORIENTED_EDGE('',*,*,#3142,.F.);
#1557=ORIENTED_EDGE('',*,*,#3143,.F.);
#1558=ORIENTED_EDGE('',*,*,#3144,.F.);
#1559=ORIENTED_EDGE('',*,*,#3145,.F.);
#1560=ORIENTED_EDGE('',*,*,#3146,.F.);
#1561=ORIENTED_EDGE('',*,*,#3147,.F.);
#1562=ORIENTED_EDGE('',*,*,#3148,.T.);
#1563=ORIENTED_EDGE('',*,*,#3149,.T.);
#1564=ORIENTED_EDGE('',*,*,#3150,.T.);
#1565=ORIENTED_EDGE('',*,*,#3151,.F.);
#1566=ORIENTED_EDGE('',*,*,#2886,.F.);
#1567=ORIENTED_EDGE('',*,*,#2883,.F.);
#1568=ORIENTED_EDGE('',*,*,#2966,.T.);
#1569=ORIENTED_EDGE('',*,*,#2936,.F.);
#1570=ORIENTED_EDGE('',*,*,#2958,.T.);
#1571=ORIENTED_EDGE('',*,*,#2968,.T.);
#1572=ORIENTED_EDGE('',*,*,#2879,.F.);
#1573=ORIENTED_EDGE('',*,*,#2973,.T.);
#1574=ORIENTED_EDGE('',*,*,#3152,.T.);
#1575=ORIENTED_EDGE('',*,*,#2975,.T.);
#1576=ORIENTED_EDGE('',*,*,#2875,.F.);
#1577=ORIENTED_EDGE('',*,*,#2933,.F.);
#1578=ORIENTED_EDGE('',*,*,#2930,.F.);
#1579=ORIENTED_EDGE('',*,*,#2964,.T.);
#1580=ORIENTED_EDGE('',*,*,#2926,.F.);
#1581=ORIENTED_EDGE('',*,*,#2962,.T.);
#1582=ORIENTED_EDGE('',*,*,#2922,.F.);
#1583=ORIENTED_EDGE('',*,*,#2960,.T.);
#1584=ORIENTED_EDGE('',*,*,#2918,.F.);
#1585=ORIENTED_EDGE('',*,*,#2970,.T.);
#1586=ORIENTED_EDGE('',*,*,#2871,.F.);
#1587=ORIENTED_EDGE('',*,*,#2939,.T.);
#1588=ORIENTED_EDGE('',*,*,#2867,.F.);
#1589=ORIENTED_EDGE('',*,*,#2941,.T.);
#1590=ORIENTED_EDGE('',*,*,#2914,.F.);
#1591=ORIENTED_EDGE('',*,*,#2911,.F.);
#1592=ORIENTED_EDGE('',*,*,#2908,.F.);
#1593=ORIENTED_EDGE('',*,*,#2944,.T.);
#1594=ORIENTED_EDGE('',*,*,#3153,.T.);
#1595=ORIENTED_EDGE('',*,*,#2946,.T.);
#1596=ORIENTED_EDGE('',*,*,#2904,.F.);
#1597=ORIENTED_EDGE('',*,*,#2901,.F.);
#1598=ORIENTED_EDGE('',*,*,#2898,.F.);
#1599=ORIENTED_EDGE('',*,*,#2953,.T.);
#1600=ORIENTED_EDGE('',*,*,#2895,.T.);
#1601=ORIENTED_EDGE('',*,*,#2955,.T.);
#1602=ORIENTED_EDGE('',*,*,#2891,.T.);
#1603=ORIENTED_EDGE('',*,*,#2951,.T.);
#1604=ORIENTED_EDGE('',*,*,#2863,.F.);
#1605=ORIENTED_EDGE('',*,*,#2949,.T.);
#1606=ORIENTED_EDGE('',*,*,#2859,.F.);
#1607=ORIENTED_EDGE('',*,*,#3154,.T.);
#1608=ORIENTED_EDGE('',*,*,#3155,.T.);
#1609=ORIENTED_EDGE('',*,*,#3156,.T.);
#1610=ORIENTED_EDGE('',*,*,#3157,.T.);
#1611=ORIENTED_EDGE('',*,*,#3158,.T.);
#1612=ORIENTED_EDGE('',*,*,#3159,.T.);
#1613=ORIENTED_EDGE('',*,*,#3160,.T.);
#1614=ORIENTED_EDGE('',*,*,#3161,.T.);
#1615=ORIENTED_EDGE('',*,*,#3162,.T.);
#1616=ORIENTED_EDGE('',*,*,#3163,.T.);
#1617=ORIENTED_EDGE('',*,*,#3164,.T.);
#1618=ORIENTED_EDGE('',*,*,#3165,.T.);
#1619=ORIENTED_EDGE('',*,*,#2819,.T.);
#1620=ORIENTED_EDGE('',*,*,#3166,.T.);
#1621=ORIENTED_EDGE('',*,*,#3167,.T.);
#1622=ORIENTED_EDGE('',*,*,#3168,.T.);
#1623=ORIENTED_EDGE('',*,*,#2823,.T.);
#1624=ORIENTED_EDGE('',*,*,#3169,.T.);
#1625=ORIENTED_EDGE('',*,*,#3170,.T.);
#1626=ORIENTED_EDGE('',*,*,#3171,.T.);
#1627=ORIENTED_EDGE('',*,*,#3172,.T.);
#1628=ORIENTED_EDGE('',*,*,#3173,.T.);
#1629=ORIENTED_EDGE('',*,*,#2827,.T.);
#1630=ORIENTED_EDGE('',*,*,#3174,.T.);
#1631=ORIENTED_EDGE('',*,*,#3175,.T.);
#1632=ORIENTED_EDGE('',*,*,#3176,.T.);
#1633=ORIENTED_EDGE('',*,*,#3177,.T.);
#1634=ORIENTED_EDGE('',*,*,#3150,.F.);
#1635=ORIENTED_EDGE('',*,*,#3178,.T.);
#1636=ORIENTED_EDGE('',*,*,#3179,.T.);
#1637=ORIENTED_EDGE('',*,*,#3180,.F.);
#1638=ORIENTED_EDGE('',*,*,#3179,.F.);
#1639=ORIENTED_EDGE('',*,*,#3181,.T.);
#1640=ORIENTED_EDGE('',*,*,#3182,.F.);
#1641=ORIENTED_EDGE('',*,*,#3183,.F.);
#1642=ORIENTED_EDGE('',*,*,#3184,.F.);
#1643=ORIENTED_EDGE('',*,*,#3185,.F.);
#1644=ORIENTED_EDGE('',*,*,#3186,.F.);
#1645=ORIENTED_EDGE('',*,*,#2829,.F.);
#1646=ORIENTED_EDGE('',*,*,#3187,.T.);
#1647=ORIENTED_EDGE('',*,*,#3188,.F.);
#1648=ORIENTED_EDGE('',*,*,#3189,.F.);
#1649=ORIENTED_EDGE('',*,*,#3190,.F.);
#1650=ORIENTED_EDGE('',*,*,#3191,.F.);
#1651=ORIENTED_EDGE('',*,*,#2825,.F.);
#1652=ORIENTED_EDGE('',*,*,#3192,.T.);
#1653=ORIENTED_EDGE('',*,*,#3193,.F.);
#1654=ORIENTED_EDGE('',*,*,#3194,.F.);
#1655=ORIENTED_EDGE('',*,*,#2821,.F.);
#1656=ORIENTED_EDGE('',*,*,#3195,.T.);
#1657=ORIENTED_EDGE('',*,*,#3196,.F.);
#1658=ORIENTED_EDGE('',*,*,#3197,.F.);
#1659=ORIENTED_EDGE('',*,*,#3198,.F.);
#1660=ORIENTED_EDGE('',*,*,#3199,.F.);
#1661=ORIENTED_EDGE('',*,*,#3200,.F.);
#1662=ORIENTED_EDGE('',*,*,#3201,.F.);
#1663=ORIENTED_EDGE('',*,*,#3202,.F.);
#1664=ORIENTED_EDGE('',*,*,#3203,.F.);
#1665=ORIENTED_EDGE('',*,*,#3204,.T.);
#1666=ORIENTED_EDGE('',*,*,#3205,.F.);
#1667=ORIENTED_EDGE('',*,*,#3206,.T.);
#1668=ORIENTED_EDGE('',*,*,#3141,.T.);
#1669=ORIENTED_EDGE('',*,*,#3207,.T.);
#1670=ORIENTED_EDGE('',*,*,#3208,.T.);
#1671=ORIENTED_EDGE('',*,*,#3209,.T.);
#1672=ORIENTED_EDGE('',*,*,#3210,.T.);
#1673=ORIENTED_EDGE('',*,*,#3211,.T.);
#1674=ORIENTED_EDGE('',*,*,#3212,.T.);
#1675=ORIENTED_EDGE('',*,*,#3213,.T.);
#1676=ORIENTED_EDGE('',*,*,#3214,.T.);
#1677=ORIENTED_EDGE('',*,*,#3215,.T.);
#1678=ORIENTED_EDGE('',*,*,#3216,.T.);
#1679=ORIENTED_EDGE('',*,*,#3217,.T.);
#1680=ORIENTED_EDGE('',*,*,#3218,.T.);
#1681=ORIENTED_EDGE('',*,*,#3219,.T.);
#1682=ORIENTED_EDGE('',*,*,#3220,.T.);
#1683=ORIENTED_EDGE('',*,*,#3221,.T.);
#1684=ORIENTED_EDGE('',*,*,#3222,.T.);
#1685=ORIENTED_EDGE('',*,*,#3223,.T.);
#1686=ORIENTED_EDGE('',*,*,#3224,.T.);
#1687=ORIENTED_EDGE('',*,*,#3225,.T.);
#1688=ORIENTED_EDGE('',*,*,#3226,.F.);
#1689=ORIENTED_EDGE('',*,*,#3004,.F.);
#1690=ORIENTED_EDGE('',*,*,#3143,.T.);
#1691=ORIENTED_EDGE('',*,*,#3003,.F.);
#1692=ORIENTED_EDGE('',*,*,#3144,.T.);
#1693=ORIENTED_EDGE('',*,*,#3002,.F.);
#1694=ORIENTED_EDGE('',*,*,#3145,.T.);
#1695=ORIENTED_EDGE('',*,*,#3001,.F.);
#1696=ORIENTED_EDGE('',*,*,#3146,.T.);
#1697=ORIENTED_EDGE('',*,*,#3000,.F.);
#1698=ORIENTED_EDGE('',*,*,#3147,.T.);
#1699=ORIENTED_EDGE('',*,*,#3005,.F.);
#1700=ORIENTED_EDGE('',*,*,#3142,.T.);
#1701=ORIENTED_EDGE('',*,*,#3157,.F.);
#1702=ORIENTED_EDGE('',*,*,#3227,.T.);
#1703=ORIENTED_EDGE('',*,*,#3203,.T.);
#1704=ORIENTED_EDGE('',*,*,#3228,.F.);
#1705=ORIENTED_EDGE('',*,*,#3229,.F.);
#1706=ORIENTED_EDGE('',*,*,#3158,.F.);
#1707=ORIENTED_EDGE('',*,*,#3228,.T.);
#1708=ORIENTED_EDGE('',*,*,#3202,.T.);
#1709=ORIENTED_EDGE('',*,*,#3230,.F.);
#1710=ORIENTED_EDGE('',*,*,#3159,.F.);
#1711=ORIENTED_EDGE('',*,*,#3229,.T.);
#1712=ORIENTED_EDGE('',*,*,#3201,.T.);
#1713=ORIENTED_EDGE('',*,*,#3231,.F.);
#1714=ORIENTED_EDGE('',*,*,#3161,.F.);
#1715=ORIENTED_EDGE('',*,*,#3232,.T.);
#1716=ORIENTED_EDGE('',*,*,#3199,.T.);
#1717=ORIENTED_EDGE('',*,*,#3233,.F.);
#1718=ORIENTED_EDGE('',*,*,#3162,.F.);
#1719=ORIENTED_EDGE('',*,*,#3231,.T.);
#1720=ORIENTED_EDGE('',*,*,#3198,.T.);
#1721=ORIENTED_EDGE('',*,*,#3234,.F.);
#1722=ORIENTED_EDGE('',*,*,#3163,.F.);
#1723=ORIENTED_EDGE('',*,*,#3233,.T.);
#1724=ORIENTED_EDGE('',*,*,#3197,.T.);
#1725=ORIENTED_EDGE('',*,*,#3235,.F.);
#1726=ORIENTED_EDGE('',*,*,#3169,.F.);
#1727=ORIENTED_EDGE('',*,*,#2826,.T.);
#1728=ORIENTED_EDGE('',*,*,#3191,.T.);
#1729=ORIENTED_EDGE('',*,*,#3236,.F.);
#1730=ORIENTED_EDGE('',*,*,#3170,.F.);
#1731=ORIENTED_EDGE('',*,*,#3235,.T.);
#1732=ORIENTED_EDGE('',*,*,#3190,.T.);
#1733=ORIENTED_EDGE('',*,*,#3237,.F.);
#1734=ORIENTED_EDGE('',*,*,#3171,.F.);
#1735=ORIENTED_EDGE('',*,*,#3236,.T.);
#1736=ORIENTED_EDGE('',*,*,#3189,.T.);
#1737=ORIENTED_EDGE('',*,*,#3205,.T.);
#1738=ORIENTED_EDGE('',*,*,#3238,.T.);
#1739=ORIENTED_EDGE('',*,*,#3155,.F.);
#1740=ORIENTED_EDGE('',*,*,#3239,.T.);
#1741=ORIENTED_EDGE('',*,*,#3160,.F.);
#1742=ORIENTED_EDGE('',*,*,#3230,.T.);
#1743=ORIENTED_EDGE('',*,*,#3200,.T.);
#1744=ORIENTED_EDGE('',*,*,#3232,.F.);
#1745=ORIENTED_EDGE('',*,*,#3196,.T.);
#1746=ORIENTED_EDGE('',*,*,#3240,.T.);
#1747=ORIENTED_EDGE('',*,*,#3164,.F.);
#1748=ORIENTED_EDGE('',*,*,#3234,.T.);
#1749=ORIENTED_EDGE('',*,*,#3166,.F.);
#1750=ORIENTED_EDGE('',*,*,#2822,.T.);
#1751=ORIENTED_EDGE('',*,*,#3194,.T.);
#1752=ORIENTED_EDGE('',*,*,#3241,.F.);
#1753=ORIENTED_EDGE('',*,*,#3193,.T.);
#1754=ORIENTED_EDGE('',*,*,#3242,.T.);
#1755=ORIENTED_EDGE('',*,*,#3167,.F.);
#1756=ORIENTED_EDGE('',*,*,#3241,.T.);
#1757=ORIENTED_EDGE('',*,*,#3188,.T.);
#1758=ORIENTED_EDGE('',*,*,#3243,.T.);
#1759=ORIENTED_EDGE('',*,*,#3172,.F.);
#1760=ORIENTED_EDGE('',*,*,#3237,.T.);
#1761=ORIENTED_EDGE('',*,*,#3174,.F.);
#1762=ORIENTED_EDGE('',*,*,#2830,.T.);
#1763=ORIENTED_EDGE('',*,*,#3186,.T.);
#1764=ORIENTED_EDGE('',*,*,#3244,.F.);
#1765=ORIENTED_EDGE('',*,*,#3175,.F.);
#1766=ORIENTED_EDGE('',*,*,#3244,.T.);
#1767=ORIENTED_EDGE('',*,*,#3185,.T.);
#1768=ORIENTED_EDGE('',*,*,#3245,.F.);
#1769=ORIENTED_EDGE('',*,*,#3176,.F.);
#1770=ORIENTED_EDGE('',*,*,#3245,.T.);
#1771=ORIENTED_EDGE('',*,*,#3184,.T.);
#1772=ORIENTED_EDGE('',*,*,#3246,.F.);
#1773=ORIENTED_EDGE('',*,*,#3177,.F.);
#1774=ORIENTED_EDGE('',*,*,#3246,.T.);
#1775=ORIENTED_EDGE('',*,*,#3183,.T.);
#1776=ORIENTED_EDGE('',*,*,#3247,.F.);
#1777=ORIENTED_EDGE('',*,*,#3182,.T.);
#1778=ORIENTED_EDGE('',*,*,#3248,.T.);
#1779=ORIENTED_EDGE('',*,*,#3148,.F.);
#1780=ORIENTED_EDGE('',*,*,#3247,.T.);
#1781=ORIENTED_EDGE('',*,*,#3249,.F.);
#1782=ORIENTED_EDGE('',*,*,#3250,.T.);
#1783=ORIENTED_EDGE('',*,*,#3251,.T.);
#1784=ORIENTED_EDGE('',*,*,#3212,.F.);
#1785=ORIENTED_EDGE('',*,*,#3252,.F.);
#1786=ORIENTED_EDGE('',*,*,#3253,.T.);
#1787=ORIENTED_EDGE('',*,*,#3249,.T.);
#1788=ORIENTED_EDGE('',*,*,#3211,.F.);
#1789=ORIENTED_EDGE('',*,*,#3254,.F.);
#1790=ORIENTED_EDGE('',*,*,#3255,.T.);
#1791=ORIENTED_EDGE('',*,*,#3252,.T.);
#1792=ORIENTED_EDGE('',*,*,#3210,.F.);
#1793=ORIENTED_EDGE('',*,*,#3256,.F.);
#1794=ORIENTED_EDGE('',*,*,#3257,.T.);
#1795=ORIENTED_EDGE('',*,*,#3254,.T.);
#1796=ORIENTED_EDGE('',*,*,#3209,.F.);
#1797=ORIENTED_EDGE('',*,*,#3258,.F.);
#1798=ORIENTED_EDGE('',*,*,#3259,.T.);
#1799=ORIENTED_EDGE('',*,*,#3256,.T.);
#1800=ORIENTED_EDGE('',*,*,#3208,.F.);
#1801=ORIENTED_EDGE('',*,*,#3140,.F.);
#1802=ORIENTED_EDGE('',*,*,#2855,.T.);
#1803=ORIENTED_EDGE('',*,*,#3258,.T.);
#1804=ORIENTED_EDGE('',*,*,#3207,.F.);
#1805=ORIENTED_EDGE('',*,*,#3260,.F.);
#1806=ORIENTED_EDGE('',*,*,#3261,.T.);
#1807=ORIENTED_EDGE('',*,*,#3262,.F.);
#1808=ORIENTED_EDGE('',*,*,#3225,.F.);
#1809=ORIENTED_EDGE('',*,*,#3263,.F.);
#1810=ORIENTED_EDGE('',*,*,#2833,.T.);
#1811=ORIENTED_EDGE('',*,*,#3260,.T.);
#1812=ORIENTED_EDGE('',*,*,#3224,.F.);
#1813=ORIENTED_EDGE('',*,*,#3264,.F.);
#1814=ORIENTED_EDGE('',*,*,#3265,.T.);
#1815=ORIENTED_EDGE('',*,*,#3263,.T.);
#1816=ORIENTED_EDGE('',*,*,#3223,.F.);
#1817=ORIENTED_EDGE('',*,*,#3266,.F.);
#1818=ORIENTED_EDGE('',*,*,#3267,.T.);
#1819=ORIENTED_EDGE('',*,*,#3264,.T.);
#1820=ORIENTED_EDGE('',*,*,#3222,.F.);
#1821=ORIENTED_EDGE('',*,*,#3268,.F.);
#1822=ORIENTED_EDGE('',*,*,#3269,.T.);
#1823=ORIENTED_EDGE('',*,*,#3266,.T.);
#1824=ORIENTED_EDGE('',*,*,#3221,.F.);
#1825=ORIENTED_EDGE('',*,*,#3270,.F.);
#1826=ORIENTED_EDGE('',*,*,#3271,.T.);
#1827=ORIENTED_EDGE('',*,*,#3268,.T.);
#1828=ORIENTED_EDGE('',*,*,#3220,.F.);
#1829=ORIENTED_EDGE('',*,*,#3272,.F.);
#1830=ORIENTED_EDGE('',*,*,#3273,.T.);
#1831=ORIENTED_EDGE('',*,*,#3270,.T.);
#1832=ORIENTED_EDGE('',*,*,#3219,.F.);
#1833=ORIENTED_EDGE('',*,*,#3274,.F.);
#1834=ORIENTED_EDGE('',*,*,#2838,.T.);
#1835=ORIENTED_EDGE('',*,*,#3272,.T.);
#1836=ORIENTED_EDGE('',*,*,#3218,.F.);
#1837=ORIENTED_EDGE('',*,*,#3275,.F.);
#1838=ORIENTED_EDGE('',*,*,#3276,.T.);
#1839=ORIENTED_EDGE('',*,*,#3274,.T.);
#1840=ORIENTED_EDGE('',*,*,#3217,.F.);
#1841=ORIENTED_EDGE('',*,*,#3277,.F.);
#1842=ORIENTED_EDGE('',*,*,#3278,.T.);
#1843=ORIENTED_EDGE('',*,*,#3275,.T.);
#1844=ORIENTED_EDGE('',*,*,#3216,.F.);
#1845=ORIENTED_EDGE('',*,*,#3279,.F.);
#1846=ORIENTED_EDGE('',*,*,#2844,.T.);
#1847=ORIENTED_EDGE('',*,*,#3277,.T.);
#1848=ORIENTED_EDGE('',*,*,#3215,.F.);
#1849=ORIENTED_EDGE('',*,*,#3280,.F.);
#1850=ORIENTED_EDGE('',*,*,#3281,.T.);
#1851=ORIENTED_EDGE('',*,*,#3279,.T.);
#1852=ORIENTED_EDGE('',*,*,#3214,.F.);
#1853=ORIENTED_EDGE('',*,*,#3251,.F.);
#1854=ORIENTED_EDGE('',*,*,#2850,.T.);
#1855=ORIENTED_EDGE('',*,*,#3280,.T.);
#1856=ORIENTED_EDGE('',*,*,#3213,.F.);
#1857=ORIENTED_EDGE('',*,*,#3282,.F.);
#1858=ORIENTED_EDGE('',*,*,#2976,.T.);
#1859=ORIENTED_EDGE('',*,*,#3152,.F.);
#1860=ORIENTED_EDGE('',*,*,#2972,.T.);
#1861=ORIENTED_EDGE('',*,*,#3283,.F.);
#1862=ORIENTED_EDGE('',*,*,#2947,.F.);
#1863=ORIENTED_EDGE('',*,*,#3153,.F.);
#1864=ORIENTED_EDGE('',*,*,#2943,.F.);
#1865=ORIENTED_EDGE('',*,*,#2996,.T.);
#1866=ORIENTED_EDGE('',*,*,#3284,.T.);
#1867=ORIENTED_EDGE('',*,*,#3138,.F.);
#1868=ORIENTED_EDGE('',*,*,#3206,.F.);
#1869=ORIENTED_EDGE('',*,*,#3239,.F.);
#1870=ORIENTED_EDGE('',*,*,#3154,.F.);
#1871=ORIENTED_EDGE('',*,*,#2858,.T.);
#1872=ORIENTED_EDGE('',*,*,#3285,.T.);
#1873=ORIENTED_EDGE('',*,*,#3262,.T.);
#1874=ORIENTED_EDGE('',*,*,#3286,.T.);
#1875=ORIENTED_EDGE('',*,*,#2998,.F.);
#1876=ORIENTED_EDGE('',*,*,#3287,.F.);
#1877=ORIENTED_EDGE('',*,*,#2887,.F.);
#1878=ORIENTED_EDGE('',*,*,#3151,.T.);
#1879=ORIENTED_EDGE('',*,*,#3180,.T.);
#1880=ORIENTED_EDGE('',*,*,#3226,.T.);
#1881=ORIENTED_EDGE('',*,*,#3285,.F.);
#1882=ORIENTED_EDGE('',*,*,#3288,.F.);
#1883=ORIENTED_EDGE('',*,*,#3287,.T.);
#1884=ORIENTED_EDGE('',*,*,#2997,.T.);
#1885=ORIENTED_EDGE('',*,*,#3134,.T.);
#1886=ORIENTED_EDGE('',*,*,#3289,.F.);
#1887=ORIENTED_EDGE('',*,*,#3290,.F.);
#1888=ORIENTED_EDGE('',*,*,#3291,.T.);
#1889=ORIENTED_EDGE('',*,*,#3135,.F.);
#1890=ORIENTED_EDGE('',*,*,#3291,.F.);
#1891=ORIENTED_EDGE('',*,*,#3292,.T.);
#1892=ORIENTED_EDGE('',*,*,#3293,.T.);
#1893=ORIENTED_EDGE('',*,*,#3136,.F.);
#1894=ORIENTED_EDGE('',*,*,#3293,.F.);
#1895=ORIENTED_EDGE('',*,*,#3294,.T.);
#1896=ORIENTED_EDGE('',*,*,#3295,.T.);
#1897=ORIENTED_EDGE('',*,*,#3126,.T.);
#1898=ORIENTED_EDGE('',*,*,#3296,.F.);
#1899=ORIENTED_EDGE('',*,*,#3297,.F.);
#1900=ORIENTED_EDGE('',*,*,#3298,.T.);
#1901=ORIENTED_EDGE('',*,*,#3127,.F.);
#1902=ORIENTED_EDGE('',*,*,#3298,.F.);
#1903=ORIENTED_EDGE('',*,*,#3299,.T.);
#1904=ORIENTED_EDGE('',*,*,#3300,.T.);
#1905=ORIENTED_EDGE('',*,*,#3128,.T.);
#1906=ORIENTED_EDGE('',*,*,#3300,.F.);
#1907=ORIENTED_EDGE('',*,*,#3301,.F.);
#1908=ORIENTED_EDGE('',*,*,#3302,.T.);
#1909=ORIENTED_EDGE('',*,*,#3129,.F.);
#1910=ORIENTED_EDGE('',*,*,#3302,.F.);
#1911=ORIENTED_EDGE('',*,*,#3303,.T.);
#1912=ORIENTED_EDGE('',*,*,#3304,.T.);
#1913=ORIENTED_EDGE('',*,*,#3130,.T.);
#1914=ORIENTED_EDGE('',*,*,#3304,.F.);
#1915=ORIENTED_EDGE('',*,*,#3305,.F.);
#1916=ORIENTED_EDGE('',*,*,#3306,.T.);
#1917=ORIENTED_EDGE('',*,*,#3131,.T.);
#1918=ORIENTED_EDGE('',*,*,#3306,.F.);
#1919=ORIENTED_EDGE('',*,*,#3307,.F.);
#1920=ORIENTED_EDGE('',*,*,#3308,.T.);
#1921=ORIENTED_EDGE('',*,*,#3132,.T.);
#1922=ORIENTED_EDGE('',*,*,#3308,.F.);
#1923=ORIENTED_EDGE('',*,*,#3309,.F.);
#1924=ORIENTED_EDGE('',*,*,#3310,.T.);
#1925=ORIENTED_EDGE('',*,*,#3118,.T.);
#1926=ORIENTED_EDGE('',*,*,#3311,.F.);
#1927=ORIENTED_EDGE('',*,*,#3312,.F.);
#1928=ORIENTED_EDGE('',*,*,#3313,.T.);
#1929=ORIENTED_EDGE('',*,*,#3119,.F.);
#1930=ORIENTED_EDGE('',*,*,#3313,.F.);
#1931=ORIENTED_EDGE('',*,*,#3314,.T.);
#1932=ORIENTED_EDGE('',*,*,#3315,.T.);
#1933=ORIENTED_EDGE('',*,*,#3120,.T.);
#1934=ORIENTED_EDGE('',*,*,#3315,.F.);
#1935=ORIENTED_EDGE('',*,*,#3316,.F.);
#1936=ORIENTED_EDGE('',*,*,#3317,.T.);
#1937=ORIENTED_EDGE('',*,*,#3121,.F.);
#1938=ORIENTED_EDGE('',*,*,#3317,.F.);
#1939=ORIENTED_EDGE('',*,*,#3318,.T.);
#1940=ORIENTED_EDGE('',*,*,#3319,.T.);
#1941=ORIENTED_EDGE('',*,*,#3122,.T.);
#1942=ORIENTED_EDGE('',*,*,#3319,.F.);
#1943=ORIENTED_EDGE('',*,*,#3320,.F.);
#1944=ORIENTED_EDGE('',*,*,#3321,.T.);
#1945=ORIENTED_EDGE('',*,*,#3123,.T.);
#1946=ORIENTED_EDGE('',*,*,#3321,.F.);
#1947=ORIENTED_EDGE('',*,*,#3322,.F.);
#1948=ORIENTED_EDGE('',*,*,#3323,.T.);
#1949=ORIENTED_EDGE('',*,*,#3124,.T.);
#1950=ORIENTED_EDGE('',*,*,#3323,.F.);
#1951=ORIENTED_EDGE('',*,*,#3324,.F.);
#1952=ORIENTED_EDGE('',*,*,#3325,.T.);
#1953=ORIENTED_EDGE('',*,*,#3110,.T.);
#1954=ORIENTED_EDGE('',*,*,#3326,.F.);
#1955=ORIENTED_EDGE('',*,*,#3327,.F.);
#1956=ORIENTED_EDGE('',*,*,#3328,.T.);
#1957=ORIENTED_EDGE('',*,*,#3111,.F.);
#1958=ORIENTED_EDGE('',*,*,#3328,.F.);
#1959=ORIENTED_EDGE('',*,*,#3329,.T.);
#1960=ORIENTED_EDGE('',*,*,#3330,.T.);
#1961=ORIENTED_EDGE('',*,*,#3112,.T.);
#1962=ORIENTED_EDGE('',*,*,#3330,.F.);
#1963=ORIENTED_EDGE('',*,*,#3331,.F.);
#1964=ORIENTED_EDGE('',*,*,#3332,.T.);
#1965=ORIENTED_EDGE('',*,*,#3113,.F.);
#1966=ORIENTED_EDGE('',*,*,#3332,.F.);
#1967=ORIENTED_EDGE('',*,*,#3333,.T.);
#1968=ORIENTED_EDGE('',*,*,#3334,.T.);
#1969=ORIENTED_EDGE('',*,*,#3114,.T.);
#1970=ORIENTED_EDGE('',*,*,#3334,.F.);
#1971=ORIENTED_EDGE('',*,*,#3335,.F.);
#1972=ORIENTED_EDGE('',*,*,#3336,.T.);
#1973=ORIENTED_EDGE('',*,*,#3115,.T.);
#1974=ORIENTED_EDGE('',*,*,#3336,.F.);
#1975=ORIENTED_EDGE('',*,*,#3337,.F.);
#1976=ORIENTED_EDGE('',*,*,#3338,.T.);
#1977=ORIENTED_EDGE('',*,*,#3116,.T.);
#1978=ORIENTED_EDGE('',*,*,#3338,.F.);
#1979=ORIENTED_EDGE('',*,*,#3339,.F.);
#1980=ORIENTED_EDGE('',*,*,#3340,.T.);
#1981=ORIENTED_EDGE('',*,*,#3102,.T.);
#1982=ORIENTED_EDGE('',*,*,#3341,.F.);
#1983=ORIENTED_EDGE('',*,*,#3342,.F.);
#1984=ORIENTED_EDGE('',*,*,#3343,.T.);
#1985=ORIENTED_EDGE('',*,*,#3103,.F.);
#1986=ORIENTED_EDGE('',*,*,#3343,.F.);
#1987=ORIENTED_EDGE('',*,*,#3344,.T.);
#1988=ORIENTED_EDGE('',*,*,#3345,.T.);
#1989=ORIENTED_EDGE('',*,*,#3104,.T.);
#1990=ORIENTED_EDGE('',*,*,#3345,.F.);
#1991=ORIENTED_EDGE('',*,*,#3346,.F.);
#1992=ORIENTED_EDGE('',*,*,#3347,.T.);
#1993=ORIENTED_EDGE('',*,*,#3105,.F.);
#1994=ORIENTED_EDGE('',*,*,#3347,.F.);
#1995=ORIENTED_EDGE('',*,*,#3348,.T.);
#1996=ORIENTED_EDGE('',*,*,#3349,.T.);
#1997=ORIENTED_EDGE('',*,*,#3106,.T.);
#1998=ORIENTED_EDGE('',*,*,#3349,.F.);
#1999=ORIENTED_EDGE('',*,*,#3350,.F.);
#2000=ORIENTED_EDGE('',*,*,#3351,.T.);
#2001=ORIENTED_EDGE('',*,*,#3107,.T.);
#2002=ORIENTED_EDGE('',*,*,#3351,.F.);
#2003=ORIENTED_EDGE('',*,*,#3352,.F.);
#2004=ORIENTED_EDGE('',*,*,#3353,.T.);
#2005=ORIENTED_EDGE('',*,*,#3108,.T.);
#2006=ORIENTED_EDGE('',*,*,#3353,.F.);
#2007=ORIENTED_EDGE('',*,*,#3354,.F.);
#2008=ORIENTED_EDGE('',*,*,#3355,.T.);
#2009=ORIENTED_EDGE('',*,*,#3094,.T.);
#2010=ORIENTED_EDGE('',*,*,#3356,.F.);
#2011=ORIENTED_EDGE('',*,*,#3357,.F.);
#2012=ORIENTED_EDGE('',*,*,#3358,.T.);
#2013=ORIENTED_EDGE('',*,*,#3095,.F.);
#2014=ORIENTED_EDGE('',*,*,#3358,.F.);
#2015=ORIENTED_EDGE('',*,*,#3359,.T.);
#2016=ORIENTED_EDGE('',*,*,#3360,.T.);
#2017=ORIENTED_EDGE('',*,*,#3096,.T.);
#2018=ORIENTED_EDGE('',*,*,#3360,.F.);
#2019=ORIENTED_EDGE('',*,*,#3361,.F.);
#2020=ORIENTED_EDGE('',*,*,#3362,.T.);
#2021=ORIENTED_EDGE('',*,*,#3097,.F.);
#2022=ORIENTED_EDGE('',*,*,#3362,.F.);
#2023=ORIENTED_EDGE('',*,*,#3363,.T.);
#2024=ORIENTED_EDGE('',*,*,#3364,.T.);
#2025=ORIENTED_EDGE('',*,*,#3098,.T.);
#2026=ORIENTED_EDGE('',*,*,#3364,.F.);
#2027=ORIENTED_EDGE('',*,*,#3365,.F.);
#2028=ORIENTED_EDGE('',*,*,#3366,.T.);
#2029=ORIENTED_EDGE('',*,*,#3099,.T.);
#2030=ORIENTED_EDGE('',*,*,#3366,.F.);
#2031=ORIENTED_EDGE('',*,*,#3367,.F.);
#2032=ORIENTED_EDGE('',*,*,#3368,.T.);
#2033=ORIENTED_EDGE('',*,*,#3100,.T.);
#2034=ORIENTED_EDGE('',*,*,#3368,.F.);
#2035=ORIENTED_EDGE('',*,*,#3369,.F.);
#2036=ORIENTED_EDGE('',*,*,#3370,.T.);
#2037=ORIENTED_EDGE('',*,*,#3086,.T.);
#2038=ORIENTED_EDGE('',*,*,#3371,.F.);
#2039=ORIENTED_EDGE('',*,*,#3372,.F.);
#2040=ORIENTED_EDGE('',*,*,#3373,.T.);
#2041=ORIENTED_EDGE('',*,*,#3087,.F.);
#2042=ORIENTED_EDGE('',*,*,#3373,.F.);
#2043=ORIENTED_EDGE('',*,*,#3374,.T.);
#2044=ORIENTED_EDGE('',*,*,#3375,.T.);
#2045=ORIENTED_EDGE('',*,*,#3088,.T.);
#2046=ORIENTED_EDGE('',*,*,#3375,.F.);
#2047=ORIENTED_EDGE('',*,*,#3376,.F.);
#2048=ORIENTED_EDGE('',*,*,#3377,.T.);
#2049=ORIENTED_EDGE('',*,*,#3089,.F.);
#2050=ORIENTED_EDGE('',*,*,#3377,.F.);
#2051=ORIENTED_EDGE('',*,*,#3378,.T.);
#2052=ORIENTED_EDGE('',*,*,#3379,.T.);
#2053=ORIENTED_EDGE('',*,*,#3090,.T.);
#2054=ORIENTED_EDGE('',*,*,#3379,.F.);
#2055=ORIENTED_EDGE('',*,*,#3380,.F.);
#2056=ORIENTED_EDGE('',*,*,#3381,.T.);
#2057=ORIENTED_EDGE('',*,*,#3091,.T.);
#2058=ORIENTED_EDGE('',*,*,#3381,.F.);
#2059=ORIENTED_EDGE('',*,*,#3382,.F.);
#2060=ORIENTED_EDGE('',*,*,#3383,.T.);
#2061=ORIENTED_EDGE('',*,*,#3092,.T.);
#2062=ORIENTED_EDGE('',*,*,#3383,.F.);
#2063=ORIENTED_EDGE('',*,*,#3384,.F.);
#2064=ORIENTED_EDGE('',*,*,#3385,.T.);
#2065=ORIENTED_EDGE('',*,*,#3078,.T.);
#2066=ORIENTED_EDGE('',*,*,#3386,.F.);
#2067=ORIENTED_EDGE('',*,*,#3387,.F.);
#2068=ORIENTED_EDGE('',*,*,#3388,.T.);
#2069=ORIENTED_EDGE('',*,*,#3079,.F.);
#2070=ORIENTED_EDGE('',*,*,#3388,.F.);
#2071=ORIENTED_EDGE('',*,*,#3389,.T.);
#2072=ORIENTED_EDGE('',*,*,#3390,.T.);
#2073=ORIENTED_EDGE('',*,*,#3080,.T.);
#2074=ORIENTED_EDGE('',*,*,#3390,.F.);
#2075=ORIENTED_EDGE('',*,*,#3391,.F.);
#2076=ORIENTED_EDGE('',*,*,#3392,.T.);
#2077=ORIENTED_EDGE('',*,*,#3081,.F.);
#2078=ORIENTED_EDGE('',*,*,#3392,.F.);
#2079=ORIENTED_EDGE('',*,*,#3393,.T.);
#2080=ORIENTED_EDGE('',*,*,#3394,.T.);
#2081=ORIENTED_EDGE('',*,*,#3082,.T.);
#2082=ORIENTED_EDGE('',*,*,#3394,.F.);
#2083=ORIENTED_EDGE('',*,*,#3395,.F.);
#2084=ORIENTED_EDGE('',*,*,#3396,.T.);
#2085=ORIENTED_EDGE('',*,*,#3083,.T.);
#2086=ORIENTED_EDGE('',*,*,#3396,.F.);
#2087=ORIENTED_EDGE('',*,*,#3397,.F.);
#2088=ORIENTED_EDGE('',*,*,#3398,.T.);
#2089=ORIENTED_EDGE('',*,*,#3084,.T.);
#2090=ORIENTED_EDGE('',*,*,#3398,.F.);
#2091=ORIENTED_EDGE('',*,*,#3399,.F.);
#2092=ORIENTED_EDGE('',*,*,#3400,.T.);
#2093=ORIENTED_EDGE('',*,*,#3070,.T.);
#2094=ORIENTED_EDGE('',*,*,#3401,.F.);
#2095=ORIENTED_EDGE('',*,*,#3402,.F.);
#2096=ORIENTED_EDGE('',*,*,#3403,.T.);
#2097=ORIENTED_EDGE('',*,*,#3071,.F.);
#2098=ORIENTED_EDGE('',*,*,#3403,.F.);
#2099=ORIENTED_EDGE('',*,*,#3404,.T.);
#2100=ORIENTED_EDGE('',*,*,#3405,.T.);
#2101=ORIENTED_EDGE('',*,*,#3072,.T.);
#2102=ORIENTED_EDGE('',*,*,#3405,.F.);
#2103=ORIENTED_EDGE('',*,*,#3406,.F.);
#2104=ORIENTED_EDGE('',*,*,#3407,.T.);
#2105=ORIENTED_EDGE('',*,*,#3073,.F.);
#2106=ORIENTED_EDGE('',*,*,#3407,.F.);
#2107=ORIENTED_EDGE('',*,*,#3408,.T.);
#2108=ORIENTED_EDGE('',*,*,#3409,.T.);
#2109=ORIENTED_EDGE('',*,*,#3074,.T.);
#2110=ORIENTED_EDGE('',*,*,#3409,.F.);
#2111=ORIENTED_EDGE('',*,*,#3410,.F.);
#2112=ORIENTED_EDGE('',*,*,#3411,.T.);
#2113=ORIENTED_EDGE('',*,*,#3075,.T.);
#2114=ORIENTED_EDGE('',*,*,#3411,.F.);
#2115=ORIENTED_EDGE('',*,*,#3412,.F.);
#2116=ORIENTED_EDGE('',*,*,#3413,.T.);
#2117=ORIENTED_EDGE('',*,*,#3076,.T.);
#2118=ORIENTED_EDGE('',*,*,#3413,.F.);
#2119=ORIENTED_EDGE('',*,*,#3414,.F.);
#2120=ORIENTED_EDGE('',*,*,#3415,.T.);
#2121=ORIENTED_EDGE('',*,*,#3062,.T.);
#2122=ORIENTED_EDGE('',*,*,#3416,.F.);
#2123=ORIENTED_EDGE('',*,*,#3417,.F.);
#2124=ORIENTED_EDGE('',*,*,#3418,.T.);
#2125=ORIENTED_EDGE('',*,*,#3063,.F.);
#2126=ORIENTED_EDGE('',*,*,#3418,.F.);
#2127=ORIENTED_EDGE('',*,*,#3419,.T.);
#2128=ORIENTED_EDGE('',*,*,#3420,.T.);
#2129=ORIENTED_EDGE('',*,*,#3064,.T.);
#2130=ORIENTED_EDGE('',*,*,#3420,.F.);
#2131=ORIENTED_EDGE('',*,*,#3421,.F.);
#2132=ORIENTED_EDGE('',*,*,#3422,.T.);
#2133=ORIENTED_EDGE('',*,*,#3065,.F.);
#2134=ORIENTED_EDGE('',*,*,#3422,.F.);
#2135=ORIENTED_EDGE('',*,*,#3423,.T.);
#2136=ORIENTED_EDGE('',*,*,#3424,.T.);
#2137=ORIENTED_EDGE('',*,*,#3066,.T.);
#2138=ORIENTED_EDGE('',*,*,#3424,.F.);
#2139=ORIENTED_EDGE('',*,*,#3425,.F.);
#2140=ORIENTED_EDGE('',*,*,#3426,.T.);
#2141=ORIENTED_EDGE('',*,*,#3067,.T.);
#2142=ORIENTED_EDGE('',*,*,#3426,.F.);
#2143=ORIENTED_EDGE('',*,*,#3427,.F.);
#2144=ORIENTED_EDGE('',*,*,#3428,.T.);
#2145=ORIENTED_EDGE('',*,*,#3068,.T.);
#2146=ORIENTED_EDGE('',*,*,#3428,.F.);
#2147=ORIENTED_EDGE('',*,*,#3429,.F.);
#2148=ORIENTED_EDGE('',*,*,#3430,.T.);
#2149=ORIENTED_EDGE('',*,*,#3054,.T.);
#2150=ORIENTED_EDGE('',*,*,#3431,.F.);
#2151=ORIENTED_EDGE('',*,*,#3432,.F.);
#2152=ORIENTED_EDGE('',*,*,#3433,.T.);
#2153=ORIENTED_EDGE('',*,*,#3055,.F.);
#2154=ORIENTED_EDGE('',*,*,#3433,.F.);
#2155=ORIENTED_EDGE('',*,*,#3434,.T.);
#2156=ORIENTED_EDGE('',*,*,#3435,.T.);
#2157=ORIENTED_EDGE('',*,*,#3056,.T.);
#2158=ORIENTED_EDGE('',*,*,#3435,.F.);
#2159=ORIENTED_EDGE('',*,*,#3436,.F.);
#2160=ORIENTED_EDGE('',*,*,#3437,.T.);
#2161=ORIENTED_EDGE('',*,*,#3057,.F.);
#2162=ORIENTED_EDGE('',*,*,#3437,.F.);
#2163=ORIENTED_EDGE('',*,*,#3438,.T.);
#2164=ORIENTED_EDGE('',*,*,#3439,.T.);
#2165=ORIENTED_EDGE('',*,*,#3058,.T.);
#2166=ORIENTED_EDGE('',*,*,#3439,.F.);
#2167=ORIENTED_EDGE('',*,*,#3440,.F.);
#2168=ORIENTED_EDGE('',*,*,#3441,.T.);
#2169=ORIENTED_EDGE('',*,*,#3059,.T.);
#2170=ORIENTED_EDGE('',*,*,#3441,.F.);
#2171=ORIENTED_EDGE('',*,*,#3442,.F.);
#2172=ORIENTED_EDGE('',*,*,#3443,.T.);
#2173=ORIENTED_EDGE('',*,*,#3060,.T.);
#2174=ORIENTED_EDGE('',*,*,#3443,.F.);
#2175=ORIENTED_EDGE('',*,*,#3444,.F.);
#2176=ORIENTED_EDGE('',*,*,#3445,.T.);
#2177=ORIENTED_EDGE('',*,*,#3046,.T.);
#2178=ORIENTED_EDGE('',*,*,#3446,.F.);
#2179=ORIENTED_EDGE('',*,*,#3447,.F.);
#2180=ORIENTED_EDGE('',*,*,#3448,.T.);
#2181=ORIENTED_EDGE('',*,*,#3047,.F.);
#2182=ORIENTED_EDGE('',*,*,#3448,.F.);
#2183=ORIENTED_EDGE('',*,*,#3449,.T.);
#2184=ORIENTED_EDGE('',*,*,#3450,.T.);
#2185=ORIENTED_EDGE('',*,*,#3048,.T.);
#2186=ORIENTED_EDGE('',*,*,#3450,.F.);
#2187=ORIENTED_EDGE('',*,*,#3451,.F.);
#2188=ORIENTED_EDGE('',*,*,#3452,.T.);
#2189=ORIENTED_EDGE('',*,*,#3049,.F.);
#2190=ORIENTED_EDGE('',*,*,#3452,.F.);
#2191=ORIENTED_EDGE('',*,*,#3453,.T.);
#2192=ORIENTED_EDGE('',*,*,#3454,.T.);
#2193=ORIENTED_EDGE('',*,*,#3050,.T.);
#2194=ORIENTED_EDGE('',*,*,#3454,.F.);
#2195=ORIENTED_EDGE('',*,*,#3455,.F.);
#2196=ORIENTED_EDGE('',*,*,#3456,.T.);
#2197=ORIENTED_EDGE('',*,*,#3051,.T.);
#2198=ORIENTED_EDGE('',*,*,#3456,.F.);
#2199=ORIENTED_EDGE('',*,*,#3457,.F.);
#2200=ORIENTED_EDGE('',*,*,#3458,.T.);
#2201=ORIENTED_EDGE('',*,*,#3052,.T.);
#2202=ORIENTED_EDGE('',*,*,#3458,.F.);
#2203=ORIENTED_EDGE('',*,*,#3459,.F.);
#2204=ORIENTED_EDGE('',*,*,#3460,.T.);
#2205=ORIENTED_EDGE('',*,*,#3038,.T.);
#2206=ORIENTED_EDGE('',*,*,#3461,.F.);
#2207=ORIENTED_EDGE('',*,*,#3462,.F.);
#2208=ORIENTED_EDGE('',*,*,#3463,.T.);
#2209=ORIENTED_EDGE('',*,*,#3039,.F.);
#2210=ORIENTED_EDGE('',*,*,#3463,.F.);
#2211=ORIENTED_EDGE('',*,*,#3464,.T.);
#2212=ORIENTED_EDGE('',*,*,#3465,.T.);
#2213=ORIENTED_EDGE('',*,*,#3040,.T.);
#2214=ORIENTED_EDGE('',*,*,#3465,.F.);
#2215=ORIENTED_EDGE('',*,*,#3466,.F.);
#2216=ORIENTED_EDGE('',*,*,#3467,.T.);
#2217=ORIENTED_EDGE('',*,*,#3041,.F.);
#2218=ORIENTED_EDGE('',*,*,#3467,.F.);
#2219=ORIENTED_EDGE('',*,*,#3468,.T.);
#2220=ORIENTED_EDGE('',*,*,#3469,.T.);
#2221=ORIENTED_EDGE('',*,*,#3042,.T.);
#2222=ORIENTED_EDGE('',*,*,#3469,.F.);
#2223=ORIENTED_EDGE('',*,*,#3470,.F.);
#2224=ORIENTED_EDGE('',*,*,#3471,.T.);
#2225=ORIENTED_EDGE('',*,*,#3043,.T.);
#2226=ORIENTED_EDGE('',*,*,#3471,.F.);
#2227=ORIENTED_EDGE('',*,*,#3472,.F.);
#2228=ORIENTED_EDGE('',*,*,#3473,.T.);
#2229=ORIENTED_EDGE('',*,*,#3044,.T.);
#2230=ORIENTED_EDGE('',*,*,#3473,.F.);
#2231=ORIENTED_EDGE('',*,*,#3474,.F.);
#2232=ORIENTED_EDGE('',*,*,#3475,.T.);
#2233=ORIENTED_EDGE('',*,*,#3030,.T.);
#2234=ORIENTED_EDGE('',*,*,#3476,.F.);
#2235=ORIENTED_EDGE('',*,*,#3477,.F.);
#2236=ORIENTED_EDGE('',*,*,#3478,.T.);
#2237=ORIENTED_EDGE('',*,*,#3031,.F.);
#2238=ORIENTED_EDGE('',*,*,#3478,.F.);
#2239=ORIENTED_EDGE('',*,*,#3479,.T.);
#2240=ORIENTED_EDGE('',*,*,#3480,.T.);
#2241=ORIENTED_EDGE('',*,*,#3032,.T.);
#2242=ORIENTED_EDGE('',*,*,#3480,.F.);
#2243=ORIENTED_EDGE('',*,*,#3481,.F.);
#2244=ORIENTED_EDGE('',*,*,#3482,.T.);
#2245=ORIENTED_EDGE('',*,*,#3033,.F.);
#2246=ORIENTED_EDGE('',*,*,#3482,.F.);
#2247=ORIENTED_EDGE('',*,*,#3483,.T.);
#2248=ORIENTED_EDGE('',*,*,#3484,.T.);
#2249=ORIENTED_EDGE('',*,*,#3034,.T.);
#2250=ORIENTED_EDGE('',*,*,#3484,.F.);
#2251=ORIENTED_EDGE('',*,*,#3485,.F.);
#2252=ORIENTED_EDGE('',*,*,#3486,.T.);
#2253=ORIENTED_EDGE('',*,*,#3035,.T.);
#2254=ORIENTED_EDGE('',*,*,#3486,.F.);
#2255=ORIENTED_EDGE('',*,*,#3487,.F.);
#2256=ORIENTED_EDGE('',*,*,#3488,.T.);
#2257=ORIENTED_EDGE('',*,*,#3036,.T.);
#2258=ORIENTED_EDGE('',*,*,#3488,.F.);
#2259=ORIENTED_EDGE('',*,*,#3489,.F.);
#2260=ORIENTED_EDGE('',*,*,#3490,.T.);
#2261=ORIENTED_EDGE('',*,*,#3022,.T.);
#2262=ORIENTED_EDGE('',*,*,#3491,.F.);
#2263=ORIENTED_EDGE('',*,*,#3492,.F.);
#2264=ORIENTED_EDGE('',*,*,#3493,.T.);
#2265=ORIENTED_EDGE('',*,*,#3023,.F.);
#2266=ORIENTED_EDGE('',*,*,#3493,.F.);
#2267=ORIENTED_EDGE('',*,*,#3494,.T.);
#2268=ORIENTED_EDGE('',*,*,#3495,.T.);
#2269=ORIENTED_EDGE('',*,*,#3024,.T.);
#2270=ORIENTED_EDGE('',*,*,#3495,.F.);
#2271=ORIENTED_EDGE('',*,*,#3496,.F.);
#2272=ORIENTED_EDGE('',*,*,#3497,.T.);
#2273=ORIENTED_EDGE('',*,*,#3025,.F.);
#2274=ORIENTED_EDGE('',*,*,#3497,.F.);
#2275=ORIENTED_EDGE('',*,*,#3498,.T.);
#2276=ORIENTED_EDGE('',*,*,#3499,.T.);
#2277=ORIENTED_EDGE('',*,*,#3026,.T.);
#2278=ORIENTED_EDGE('',*,*,#3499,.F.);
#2279=ORIENTED_EDGE('',*,*,#3500,.F.);
#2280=ORIENTED_EDGE('',*,*,#3501,.T.);
#2281=ORIENTED_EDGE('',*,*,#3027,.T.);
#2282=ORIENTED_EDGE('',*,*,#3501,.F.);
#2283=ORIENTED_EDGE('',*,*,#3502,.F.);
#2284=ORIENTED_EDGE('',*,*,#3503,.T.);
#2285=ORIENTED_EDGE('',*,*,#3028,.T.);
#2286=ORIENTED_EDGE('',*,*,#3503,.F.);
#2287=ORIENTED_EDGE('',*,*,#3504,.F.);
#2288=ORIENTED_EDGE('',*,*,#3505,.T.);
#2289=ORIENTED_EDGE('',*,*,#3014,.T.);
#2290=ORIENTED_EDGE('',*,*,#3506,.F.);
#2291=ORIENTED_EDGE('',*,*,#3507,.F.);
#2292=ORIENTED_EDGE('',*,*,#3508,.T.);
#2293=ORIENTED_EDGE('',*,*,#3015,.F.);
#2294=ORIENTED_EDGE('',*,*,#3508,.F.);
#2295=ORIENTED_EDGE('',*,*,#3509,.T.);
#2296=ORIENTED_EDGE('',*,*,#3510,.T.);
#2297=ORIENTED_EDGE('',*,*,#3016,.T.);
#2298=ORIENTED_EDGE('',*,*,#3510,.F.);
#2299=ORIENTED_EDGE('',*,*,#3511,.F.);
#2300=ORIENTED_EDGE('',*,*,#3512,.T.);
#2301=ORIENTED_EDGE('',*,*,#3017,.F.);
#2302=ORIENTED_EDGE('',*,*,#3512,.F.);
#2303=ORIENTED_EDGE('',*,*,#3513,.T.);
#2304=ORIENTED_EDGE('',*,*,#3514,.T.);
#2305=ORIENTED_EDGE('',*,*,#3018,.T.);
#2306=ORIENTED_EDGE('',*,*,#3514,.F.);
#2307=ORIENTED_EDGE('',*,*,#3515,.F.);
#2308=ORIENTED_EDGE('',*,*,#3516,.T.);
#2309=ORIENTED_EDGE('',*,*,#3019,.T.);
#2310=ORIENTED_EDGE('',*,*,#3516,.F.);
#2311=ORIENTED_EDGE('',*,*,#3517,.F.);
#2312=ORIENTED_EDGE('',*,*,#3518,.T.);
#2313=ORIENTED_EDGE('',*,*,#3020,.T.);
#2314=ORIENTED_EDGE('',*,*,#3518,.F.);
#2315=ORIENTED_EDGE('',*,*,#3519,.F.);
#2316=ORIENTED_EDGE('',*,*,#3520,.T.);
#2317=ORIENTED_EDGE('',*,*,#3006,.T.);
#2318=ORIENTED_EDGE('',*,*,#3521,.F.);
#2319=ORIENTED_EDGE('',*,*,#3522,.F.);
#2320=ORIENTED_EDGE('',*,*,#3523,.T.);
#2321=ORIENTED_EDGE('',*,*,#3007,.F.);
#2322=ORIENTED_EDGE('',*,*,#3523,.F.);
#2323=ORIENTED_EDGE('',*,*,#3524,.T.);
#2324=ORIENTED_EDGE('',*,*,#3525,.T.);
#2325=ORIENTED_EDGE('',*,*,#3008,.T.);
#2326=ORIENTED_EDGE('',*,*,#3525,.F.);
#2327=ORIENTED_EDGE('',*,*,#3526,.F.);
#2328=ORIENTED_EDGE('',*,*,#3527,.T.);
#2329=ORIENTED_EDGE('',*,*,#3009,.F.);
#2330=ORIENTED_EDGE('',*,*,#3527,.F.);
#2331=ORIENTED_EDGE('',*,*,#3528,.T.);
#2332=ORIENTED_EDGE('',*,*,#3529,.T.);
#2333=ORIENTED_EDGE('',*,*,#3010,.T.);
#2334=ORIENTED_EDGE('',*,*,#3529,.F.);
#2335=ORIENTED_EDGE('',*,*,#3530,.F.);
#2336=ORIENTED_EDGE('',*,*,#3531,.T.);
#2337=ORIENTED_EDGE('',*,*,#3011,.T.);
#2338=ORIENTED_EDGE('',*,*,#3531,.F.);
#2339=ORIENTED_EDGE('',*,*,#3532,.F.);
#2340=ORIENTED_EDGE('',*,*,#3533,.T.);
#2341=ORIENTED_EDGE('',*,*,#3012,.T.);
#2342=ORIENTED_EDGE('',*,*,#3533,.F.);
#2343=ORIENTED_EDGE('',*,*,#3534,.F.);
#2344=ORIENTED_EDGE('',*,*,#3535,.T.);
#2345=ORIENTED_EDGE('',*,*,#3133,.T.);
#2346=ORIENTED_EDGE('',*,*,#3310,.F.);
#2347=ORIENTED_EDGE('',*,*,#3536,.F.);
#2348=ORIENTED_EDGE('',*,*,#3296,.T.);
#2349=ORIENTED_EDGE('',*,*,#3125,.T.);
#2350=ORIENTED_EDGE('',*,*,#3325,.F.);
#2351=ORIENTED_EDGE('',*,*,#3537,.F.);
#2352=ORIENTED_EDGE('',*,*,#3311,.T.);
#2353=ORIENTED_EDGE('',*,*,#3117,.T.);
#2354=ORIENTED_EDGE('',*,*,#3340,.F.);
#2355=ORIENTED_EDGE('',*,*,#3538,.F.);
#2356=ORIENTED_EDGE('',*,*,#3326,.T.);
#2357=ORIENTED_EDGE('',*,*,#3109,.T.);
#2358=ORIENTED_EDGE('',*,*,#3355,.F.);
#2359=ORIENTED_EDGE('',*,*,#3539,.F.);
#2360=ORIENTED_EDGE('',*,*,#3341,.T.);
#2361=ORIENTED_EDGE('',*,*,#3101,.T.);
#2362=ORIENTED_EDGE('',*,*,#3370,.F.);
#2363=ORIENTED_EDGE('',*,*,#3540,.F.);
#2364=ORIENTED_EDGE('',*,*,#3356,.T.);
#2365=ORIENTED_EDGE('',*,*,#3093,.T.);
#2366=ORIENTED_EDGE('',*,*,#3385,.F.);
#2367=ORIENTED_EDGE('',*,*,#3541,.F.);
#2368=ORIENTED_EDGE('',*,*,#3371,.T.);
#2369=ORIENTED_EDGE('',*,*,#3085,.T.);
#2370=ORIENTED_EDGE('',*,*,#3400,.F.);
#2371=ORIENTED_EDGE('',*,*,#3542,.F.);
#2372=ORIENTED_EDGE('',*,*,#3386,.T.);
#2373=ORIENTED_EDGE('',*,*,#3077,.T.);
#2374=ORIENTED_EDGE('',*,*,#3415,.F.);
#2375=ORIENTED_EDGE('',*,*,#3543,.F.);
#2376=ORIENTED_EDGE('',*,*,#3401,.T.);
#2377=ORIENTED_EDGE('',*,*,#3069,.T.);
#2378=ORIENTED_EDGE('',*,*,#3430,.F.);
#2379=ORIENTED_EDGE('',*,*,#3544,.F.);
#2380=ORIENTED_EDGE('',*,*,#3416,.T.);
#2381=ORIENTED_EDGE('',*,*,#3061,.T.);
#2382=ORIENTED_EDGE('',*,*,#3445,.F.);
#2383=ORIENTED_EDGE('',*,*,#3545,.F.);
#2384=ORIENTED_EDGE('',*,*,#3431,.T.);
#2385=ORIENTED_EDGE('',*,*,#3053,.T.);
#2386=ORIENTED_EDGE('',*,*,#3460,.F.);
#2387=ORIENTED_EDGE('',*,*,#3546,.F.);
#2388=ORIENTED_EDGE('',*,*,#3446,.T.);
#2389=ORIENTED_EDGE('',*,*,#3045,.T.);
#2390=ORIENTED_EDGE('',*,*,#3475,.F.);
#2391=ORIENTED_EDGE('',*,*,#3547,.F.);
#2392=ORIENTED_EDGE('',*,*,#3461,.T.);
#2393=ORIENTED_EDGE('',*,*,#3037,.T.);
#2394=ORIENTED_EDGE('',*,*,#3490,.F.);
#2395=ORIENTED_EDGE('',*,*,#3548,.F.);
#2396=ORIENTED_EDGE('',*,*,#3476,.T.);
#2397=ORIENTED_EDGE('',*,*,#3029,.T.);
#2398=ORIENTED_EDGE('',*,*,#3505,.F.);
#2399=ORIENTED_EDGE('',*,*,#3549,.F.);
#2400=ORIENTED_EDGE('',*,*,#3491,.T.);
#2401=ORIENTED_EDGE('',*,*,#3021,.T.);
#2402=ORIENTED_EDGE('',*,*,#3520,.F.);
#2403=ORIENTED_EDGE('',*,*,#3550,.F.);
#2404=ORIENTED_EDGE('',*,*,#3506,.T.);
#2405=ORIENTED_EDGE('',*,*,#3013,.T.);
#2406=ORIENTED_EDGE('',*,*,#3535,.F.);
#2407=ORIENTED_EDGE('',*,*,#3551,.F.);
#2408=ORIENTED_EDGE('',*,*,#3521,.T.);
#2409=ORIENTED_EDGE('',*,*,#3137,.T.);
#2410=ORIENTED_EDGE('',*,*,#3295,.F.);
#2411=ORIENTED_EDGE('',*,*,#3552,.F.);
#2412=ORIENTED_EDGE('',*,*,#3289,.T.);
#2413=ORIENTED_EDGE('',*,*,#2965,.T.);
#2414=ORIENTED_EDGE('',*,*,#2881,.T.);
#2415=ORIENTED_EDGE('',*,*,#2885,.T.);
#2416=ORIENTED_EDGE('',*,*,#3288,.T.);
#2417=ORIENTED_EDGE('',*,*,#2857,.T.);
#2418=ORIENTED_EDGE('',*,*,#2948,.T.);
#2419=ORIENTED_EDGE('',*,*,#2861,.T.);
#2420=ORIENTED_EDGE('',*,*,#2950,.T.);
#2421=ORIENTED_EDGE('',*,*,#2889,.F.);
#2422=ORIENTED_EDGE('',*,*,#2954,.T.);
#2423=ORIENTED_EDGE('',*,*,#2893,.F.);
#2424=ORIENTED_EDGE('',*,*,#2952,.T.);
#2425=ORIENTED_EDGE('',*,*,#2896,.T.);
#2426=ORIENTED_EDGE('',*,*,#2900,.T.);
#2427=ORIENTED_EDGE('',*,*,#2903,.T.);
#2428=ORIENTED_EDGE('',*,*,#2945,.T.);
#2429=ORIENTED_EDGE('',*,*,#3283,.T.);
#2430=ORIENTED_EDGE('',*,*,#2942,.T.);
#2431=ORIENTED_EDGE('',*,*,#2906,.T.);
#2432=ORIENTED_EDGE('',*,*,#2910,.T.);
#2433=ORIENTED_EDGE('',*,*,#2913,.T.);
#2434=ORIENTED_EDGE('',*,*,#2940,.T.);
#2435=ORIENTED_EDGE('',*,*,#2865,.T.);
#2436=ORIENTED_EDGE('',*,*,#2938,.T.);
#2437=ORIENTED_EDGE('',*,*,#2869,.T.);
#2438=ORIENTED_EDGE('',*,*,#2969,.T.);
#2439=ORIENTED_EDGE('',*,*,#2916,.T.);
#2440=ORIENTED_EDGE('',*,*,#2959,.T.);
#2441=ORIENTED_EDGE('',*,*,#2920,.T.);
#2442=ORIENTED_EDGE('',*,*,#2961,.T.);
#2443=ORIENTED_EDGE('',*,*,#2924,.T.);
#2444=ORIENTED_EDGE('',*,*,#2963,.T.);
#2445=ORIENTED_EDGE('',*,*,#2928,.T.);
#2446=ORIENTED_EDGE('',*,*,#2932,.T.);
#2447=ORIENTED_EDGE('',*,*,#2873,.T.);
#2448=ORIENTED_EDGE('',*,*,#2974,.T.);
#2449=ORIENTED_EDGE('',*,*,#3282,.T.);
#2450=ORIENTED_EDGE('',*,*,#2971,.T.);
#2451=ORIENTED_EDGE('',*,*,#2877,.T.);
#2452=ORIENTED_EDGE('',*,*,#2967,.T.);
#2453=ORIENTED_EDGE('',*,*,#2956,.T.);
#2454=ORIENTED_EDGE('',*,*,#2934,.T.);
#2455=ORIENTED_EDGE('',*,*,#3522,.T.);
#2456=ORIENTED_EDGE('',*,*,#3551,.T.);
#2457=ORIENTED_EDGE('',*,*,#3534,.T.);
#2458=ORIENTED_EDGE('',*,*,#3532,.T.);
#2459=ORIENTED_EDGE('',*,*,#3530,.T.);
#2460=ORIENTED_EDGE('',*,*,#3528,.F.);
#2461=ORIENTED_EDGE('',*,*,#3526,.T.);
#2462=ORIENTED_EDGE('',*,*,#3524,.F.);
#2463=ORIENTED_EDGE('',*,*,#3507,.T.);
#2464=ORIENTED_EDGE('',*,*,#3550,.T.);
#2465=ORIENTED_EDGE('',*,*,#3519,.T.);
#2466=ORIENTED_EDGE('',*,*,#3517,.T.);
#2467=ORIENTED_EDGE('',*,*,#3515,.T.);
#2468=ORIENTED_EDGE('',*,*,#3513,.F.);
#2469=ORIENTED_EDGE('',*,*,#3511,.T.);
#2470=ORIENTED_EDGE('',*,*,#3509,.F.);
#2471=ORIENTED_EDGE('',*,*,#3492,.T.);
#2472=ORIENTED_EDGE('',*,*,#3549,.T.);
#2473=ORIENTED_EDGE('',*,*,#3504,.T.);
#2474=ORIENTED_EDGE('',*,*,#3502,.T.);
#2475=ORIENTED_EDGE('',*,*,#3500,.T.);
#2476=ORIENTED_EDGE('',*,*,#3498,.F.);
#2477=ORIENTED_EDGE('',*,*,#3496,.T.);
#2478=ORIENTED_EDGE('',*,*,#3494,.F.);
#2479=ORIENTED_EDGE('',*,*,#3477,.T.);
#2480=ORIENTED_EDGE('',*,*,#3548,.T.);
#2481=ORIENTED_EDGE('',*,*,#3489,.T.);
#2482=ORIENTED_EDGE('',*,*,#3487,.T.);
#2483=ORIENTED_EDGE('',*,*,#3485,.T.);
#2484=ORIENTED_EDGE('',*,*,#3483,.F.);
#2485=ORIENTED_EDGE('',*,*,#3481,.T.);
#2486=ORIENTED_EDGE('',*,*,#3479,.F.);
#2487=ORIENTED_EDGE('',*,*,#3462,.T.);
#2488=ORIENTED_EDGE('',*,*,#3547,.T.);
#2489=ORIENTED_EDGE('',*,*,#3474,.T.);
#2490=ORIENTED_EDGE('',*,*,#3472,.T.);
#2491=ORIENTED_EDGE('',*,*,#3470,.T.);
#2492=ORIENTED_EDGE('',*,*,#3468,.F.);
#2493=ORIENTED_EDGE('',*,*,#3466,.T.);
#2494=ORIENTED_EDGE('',*,*,#3464,.F.);
#2495=ORIENTED_EDGE('',*,*,#3447,.T.);
#2496=ORIENTED_EDGE('',*,*,#3546,.T.);
#2497=ORIENTED_EDGE('',*,*,#3459,.T.);
#2498=ORIENTED_EDGE('',*,*,#3457,.T.);
#2499=ORIENTED_EDGE('',*,*,#3455,.T.);
#2500=ORIENTED_EDGE('',*,*,#3453,.F.);
#2501=ORIENTED_EDGE('',*,*,#3451,.T.);
#2502=ORIENTED_EDGE('',*,*,#3449,.F.);
#2503=ORIENTED_EDGE('',*,*,#3432,.T.);
#2504=ORIENTED_EDGE('',*,*,#3545,.T.);
#2505=ORIENTED_EDGE('',*,*,#3444,.T.);
#2506=ORIENTED_EDGE('',*,*,#3442,.T.);
#2507=ORIENTED_EDGE('',*,*,#3440,.T.);
#2508=ORIENTED_EDGE('',*,*,#3438,.F.);
#2509=ORIENTED_EDGE('',*,*,#3436,.T.);
#2510=ORIENTED_EDGE('',*,*,#3434,.F.);
#2511=ORIENTED_EDGE('',*,*,#3417,.T.);
#2512=ORIENTED_EDGE('',*,*,#3544,.T.);
#2513=ORIENTED_EDGE('',*,*,#3429,.T.);
#2514=ORIENTED_EDGE('',*,*,#3427,.T.);
#2515=ORIENTED_EDGE('',*,*,#3425,.T.);
#2516=ORIENTED_EDGE('',*,*,#3423,.F.);
#2517=ORIENTED_EDGE('',*,*,#3421,.T.);
#2518=ORIENTED_EDGE('',*,*,#3419,.F.);
#2519=ORIENTED_EDGE('',*,*,#3402,.T.);
#2520=ORIENTED_EDGE('',*,*,#3543,.T.);
#2521=ORIENTED_EDGE('',*,*,#3414,.T.);
#2522=ORIENTED_EDGE('',*,*,#3412,.T.);
#2523=ORIENTED_EDGE('',*,*,#3410,.T.);
#2524=ORIENTED_EDGE('',*,*,#3408,.F.);
#2525=ORIENTED_EDGE('',*,*,#3406,.T.);
#2526=ORIENTED_EDGE('',*,*,#3404,.F.);
#2527=ORIENTED_EDGE('',*,*,#3387,.T.);
#2528=ORIENTED_EDGE('',*,*,#3542,.T.);
#2529=ORIENTED_EDGE('',*,*,#3399,.T.);
#2530=ORIENTED_EDGE('',*,*,#3397,.T.);
#2531=ORIENTED_EDGE('',*,*,#3395,.T.);
#2532=ORIENTED_EDGE('',*,*,#3393,.F.);
#2533=ORIENTED_EDGE('',*,*,#3391,.T.);
#2534=ORIENTED_EDGE('',*,*,#3389,.F.);
#2535=ORIENTED_EDGE('',*,*,#3372,.T.);
#2536=ORIENTED_EDGE('',*,*,#3541,.T.);
#2537=ORIENTED_EDGE('',*,*,#3384,.T.);
#2538=ORIENTED_EDGE('',*,*,#3382,.T.);
#2539=ORIENTED_EDGE('',*,*,#3380,.T.);
#2540=ORIENTED_EDGE('',*,*,#3378,.F.);
#2541=ORIENTED_EDGE('',*,*,#3376,.T.);
#2542=ORIENTED_EDGE('',*,*,#3374,.F.);
#2543=ORIENTED_EDGE('',*,*,#3357,.T.);
#2544=ORIENTED_EDGE('',*,*,#3540,.T.);
#2545=ORIENTED_EDGE('',*,*,#3369,.T.);
#2546=ORIENTED_EDGE('',*,*,#3367,.T.);
#2547=ORIENTED_EDGE('',*,*,#3365,.T.);
#2548=ORIENTED_EDGE('',*,*,#3363,.F.);
#2549=ORIENTED_EDGE('',*,*,#3361,.T.);
#2550=ORIENTED_EDGE('',*,*,#3359,.F.);
#2551=ORIENTED_EDGE('',*,*,#3342,.T.);
#2552=ORIENTED_EDGE('',*,*,#3539,.T.);
#2553=ORIENTED_EDGE('',*,*,#3354,.T.);
#2554=ORIENTED_EDGE('',*,*,#3352,.T.);
#2555=ORIENTED_EDGE('',*,*,#3350,.T.);
#2556=ORIENTED_EDGE('',*,*,#3348,.F.);
#2557=ORIENTED_EDGE('',*,*,#3346,.T.);
#2558=ORIENTED_EDGE('',*,*,#3344,.F.);
#2559=ORIENTED_EDGE('',*,*,#3327,.T.);
#2560=ORIENTED_EDGE('',*,*,#3538,.T.);
#2561=ORIENTED_EDGE('',*,*,#3339,.T.);
#2562=ORIENTED_EDGE('',*,*,#3337,.T.);
#2563=ORIENTED_EDGE('',*,*,#3335,.T.);
#2564=ORIENTED_EDGE('',*,*,#3333,.F.);
#2565=ORIENTED_EDGE('',*,*,#3331,.T.);
#2566=ORIENTED_EDGE('',*,*,#3329,.F.);
#2567=ORIENTED_EDGE('',*,*,#3312,.T.);
#2568=ORIENTED_EDGE('',*,*,#3537,.T.);
#2569=ORIENTED_EDGE('',*,*,#3324,.T.);
#2570=ORIENTED_EDGE('',*,*,#3322,.T.);
#2571=ORIENTED_EDGE('',*,*,#3320,.T.);
#2572=ORIENTED_EDGE('',*,*,#3318,.F.);
#2573=ORIENTED_EDGE('',*,*,#3316,.T.);
#2574=ORIENTED_EDGE('',*,*,#3314,.F.);
#2575=ORIENTED_EDGE('',*,*,#3297,.T.);
#2576=ORIENTED_EDGE('',*,*,#3536,.T.);
#2577=ORIENTED_EDGE('',*,*,#3309,.T.);
#2578=ORIENTED_EDGE('',*,*,#3307,.T.);
#2579=ORIENTED_EDGE('',*,*,#3305,.T.);
#2580=ORIENTED_EDGE('',*,*,#3303,.F.);
#2581=ORIENTED_EDGE('',*,*,#3301,.T.);
#2582=ORIENTED_EDGE('',*,*,#3299,.F.);
#2583=ORIENTED_EDGE('',*,*,#3290,.T.);
#2584=ORIENTED_EDGE('',*,*,#3552,.T.);
#2585=ORIENTED_EDGE('',*,*,#3294,.F.);
#2586=ORIENTED_EDGE('',*,*,#3292,.F.);
#2587=ORIENTED_EDGE('',*,*,#3553,.F.);
#2588=ORIENTED_EDGE('',*,*,#2999,.F.);
#2589=ORIENTED_EDGE('',*,*,#3286,.F.);
#2590=ORIENTED_EDGE('',*,*,#3261,.F.);
#2591=ORIENTED_EDGE('',*,*,#2832,.F.);
#2592=ORIENTED_EDGE('',*,*,#3554,.F.);
#2593=ORIENTED_EDGE('',*,*,#2834,.T.);
#2594=ORIENTED_EDGE('',*,*,#3265,.F.);
#2595=ORIENTED_EDGE('',*,*,#3555,.F.);
#2596=ORIENTED_EDGE('',*,*,#2978,.F.);
#2597=ORIENTED_EDGE('',*,*,#3555,.T.);
#2598=ORIENTED_EDGE('',*,*,#3267,.F.);
#2599=ORIENTED_EDGE('',*,*,#3556,.F.);
#2600=ORIENTED_EDGE('',*,*,#2979,.F.);
#2601=ORIENTED_EDGE('',*,*,#3556,.T.);
#2602=ORIENTED_EDGE('',*,*,#3269,.F.);
#2603=ORIENTED_EDGE('',*,*,#3557,.F.);
#2604=ORIENTED_EDGE('',*,*,#2980,.F.);
#2605=ORIENTED_EDGE('',*,*,#3557,.T.);
#2606=ORIENTED_EDGE('',*,*,#3271,.F.);
#2607=ORIENTED_EDGE('',*,*,#3558,.F.);
#2608=ORIENTED_EDGE('',*,*,#2981,.F.);
#2609=ORIENTED_EDGE('',*,*,#3558,.T.);
#2610=ORIENTED_EDGE('',*,*,#3273,.F.);
#2611=ORIENTED_EDGE('',*,*,#2837,.F.);
#2612=ORIENTED_EDGE('',*,*,#2982,.F.);
#2613=ORIENTED_EDGE('',*,*,#2839,.T.);
#2614=ORIENTED_EDGE('',*,*,#3276,.F.);
#2615=ORIENTED_EDGE('',*,*,#3559,.F.);
#2616=ORIENTED_EDGE('',*,*,#2984,.F.);
#2617=ORIENTED_EDGE('',*,*,#3559,.T.);
#2618=ORIENTED_EDGE('',*,*,#3278,.F.);
#2619=ORIENTED_EDGE('',*,*,#2843,.F.);
#2620=ORIENTED_EDGE('',*,*,#2985,.F.);
#2621=ORIENTED_EDGE('',*,*,#2845,.T.);
#2622=ORIENTED_EDGE('',*,*,#3281,.F.);
#2623=ORIENTED_EDGE('',*,*,#2849,.F.);
#2624=ORIENTED_EDGE('',*,*,#2987,.F.);
#2625=ORIENTED_EDGE('',*,*,#2851,.T.);
#2626=ORIENTED_EDGE('',*,*,#3250,.F.);
#2627=ORIENTED_EDGE('',*,*,#3560,.F.);
#2628=ORIENTED_EDGE('',*,*,#2989,.F.);
#2629=ORIENTED_EDGE('',*,*,#3560,.T.);
#2630=ORIENTED_EDGE('',*,*,#3253,.F.);
#2631=ORIENTED_EDGE('',*,*,#3561,.F.);
#2632=ORIENTED_EDGE('',*,*,#2990,.F.);
#2633=ORIENTED_EDGE('',*,*,#3561,.T.);
#2634=ORIENTED_EDGE('',*,*,#3255,.F.);
#2635=ORIENTED_EDGE('',*,*,#3562,.F.);
#2636=ORIENTED_EDGE('',*,*,#2991,.F.);
#2637=ORIENTED_EDGE('',*,*,#3562,.T.);
#2638=ORIENTED_EDGE('',*,*,#3257,.F.);
#2639=ORIENTED_EDGE('',*,*,#3563,.F.);
#2640=ORIENTED_EDGE('',*,*,#2992,.F.);
#2641=ORIENTED_EDGE('',*,*,#3564,.F.);
#2642=ORIENTED_EDGE('',*,*,#2856,.F.);
#2643=ORIENTED_EDGE('',*,*,#3139,.F.);
#2644=ORIENTED_EDGE('',*,*,#3284,.F.);
#2645=ORIENTED_EDGE('',*,*,#2995,.F.);
#2646=ORIENTED_EDGE('',*,*,#3565,.F.);
#2647=ORIENTED_EDGE('',*,*,#2993,.F.);
#2648=ORIENTED_EDGE('',*,*,#3563,.T.);
#2649=ORIENTED_EDGE('',*,*,#3259,.F.);
#2650=ORIENTED_EDGE('',*,*,#2854,.F.);
#2651=ORIENTED_EDGE('',*,*,#3564,.T.);
#2652=ORIENTED_EDGE('',*,*,#2994,.T.);
#2653=ORIENTED_EDGE('',*,*,#3565,.T.);
#2654=ORIENTED_EDGE('',*,*,#2853,.T.);
#2655=ORIENTED_EDGE('',*,*,#3156,.F.);
#2656=ORIENTED_EDGE('',*,*,#3238,.F.);
#2657=ORIENTED_EDGE('',*,*,#3204,.F.);
#2658=ORIENTED_EDGE('',*,*,#3227,.F.);
#2659=ORIENTED_EDGE('',*,*,#2847,.T.);
#2660=ORIENTED_EDGE('',*,*,#2988,.T.);
#2661=ORIENTED_EDGE('',*,*,#3165,.F.);
#2662=ORIENTED_EDGE('',*,*,#3240,.F.);
#2663=ORIENTED_EDGE('',*,*,#3195,.F.);
#2664=ORIENTED_EDGE('',*,*,#2820,.F.);
#2665=ORIENTED_EDGE('',*,*,#2841,.T.);
#2666=ORIENTED_EDGE('',*,*,#2986,.T.);
#2667=ORIENTED_EDGE('',*,*,#3168,.F.);
#2668=ORIENTED_EDGE('',*,*,#3242,.F.);
#2669=ORIENTED_EDGE('',*,*,#3192,.F.);
#2670=ORIENTED_EDGE('',*,*,#2824,.F.);
#2671=ORIENTED_EDGE('',*,*,#2835,.T.);
#2672=ORIENTED_EDGE('',*,*,#2983,.T.);
#2673=ORIENTED_EDGE('',*,*,#3173,.F.);
#2674=ORIENTED_EDGE('',*,*,#3243,.F.);
#2675=ORIENTED_EDGE('',*,*,#3187,.F.);
#2676=ORIENTED_EDGE('',*,*,#2828,.F.);
#2677=ORIENTED_EDGE('',*,*,#3553,.T.);
#2678=ORIENTED_EDGE('',*,*,#2831,.T.);
#2679=ORIENTED_EDGE('',*,*,#3554,.T.);
#2680=ORIENTED_EDGE('',*,*,#2977,.T.);
#2681=ORIENTED_EDGE('',*,*,#3248,.F.);
#2682=ORIENTED_EDGE('',*,*,#3181,.F.);
#2683=ORIENTED_EDGE('',*,*,#3178,.F.);
#2684=ORIENTED_EDGE('',*,*,#3149,.F.);
#2685=ORIENTED_EDGE('',*,*,#3566,.F.);
#2686=ORIENTED_EDGE('',*,*,#3567,.F.);
#2687=ORIENTED_EDGE('',*,*,#3568,.T.);
#2688=ORIENTED_EDGE('',*,*,#3569,.T.);
#2689=ORIENTED_EDGE('',*,*,#3570,.F.);
#2690=ORIENTED_EDGE('',*,*,#3571,.F.);
#2691=ORIENTED_EDGE('',*,*,#3572,.T.);
#2692=ORIENTED_EDGE('',*,*,#3567,.T.);
#2693=ORIENTED_EDGE('',*,*,#3573,.F.);
#2694=ORIENTED_EDGE('',*,*,#3574,.F.);
#2695=ORIENTED_EDGE('',*,*,#3575,.T.);
#2696=ORIENTED_EDGE('',*,*,#3571,.T.);
#2697=ORIENTED_EDGE('',*,*,#3576,.F.);
#2698=ORIENTED_EDGE('',*,*,#3577,.F.);
#2699=ORIENTED_EDGE('',*,*,#3578,.T.);
#2700=ORIENTED_EDGE('',*,*,#3574,.T.);
#2701=ORIENTED_EDGE('',*,*,#3579,.F.);
#2702=ORIENTED_EDGE('',*,*,#3580,.F.);
#2703=ORIENTED_EDGE('',*,*,#3581,.T.);
#2704=ORIENTED_EDGE('',*,*,#3577,.T.);
#2705=ORIENTED_EDGE('',*,*,#3582,.F.);
#2706=ORIENTED_EDGE('',*,*,#3583,.F.);
#2707=ORIENTED_EDGE('',*,*,#3584,.T.);
#2708=ORIENTED_EDGE('',*,*,#3580,.T.);
#2709=ORIENTED_EDGE('',*,*,#3585,.F.);
#2710=ORIENTED_EDGE('',*,*,#3586,.F.);
#2711=ORIENTED_EDGE('',*,*,#3587,.T.);
#2712=ORIENTED_EDGE('',*,*,#3583,.T.);
#2713=ORIENTED_EDGE('',*,*,#3588,.F.);
#2714=ORIENTED_EDGE('',*,*,#3589,.F.);
#2715=ORIENTED_EDGE('',*,*,#3590,.T.);
#2716=ORIENTED_EDGE('',*,*,#3586,.T.);
#2717=ORIENTED_EDGE('',*,*,#3591,.F.);
#2718=ORIENTED_EDGE('',*,*,#3592,.F.);
#2719=ORIENTED_EDGE('',*,*,#3593,.T.);
#2720=ORIENTED_EDGE('',*,*,#3589,.T.);
#2721=ORIENTED_EDGE('',*,*,#3594,.F.);
#2722=ORIENTED_EDGE('',*,*,#3595,.F.);
#2723=ORIENTED_EDGE('',*,*,#3596,.T.);
#2724=ORIENTED_EDGE('',*,*,#3592,.T.);
#2725=ORIENTED_EDGE('',*,*,#3597,.F.);
#2726=ORIENTED_EDGE('',*,*,#3598,.F.);
#2727=ORIENTED_EDGE('',*,*,#3599,.T.);
#2728=ORIENTED_EDGE('',*,*,#3595,.T.);
#2729=ORIENTED_EDGE('',*,*,#3600,.F.);
#2730=ORIENTED_EDGE('',*,*,#3601,.F.);
#2731=ORIENTED_EDGE('',*,*,#3602,.T.);
#2732=ORIENTED_EDGE('',*,*,#3598,.T.);
#2733=ORIENTED_EDGE('',*,*,#3603,.F.);
#2734=ORIENTED_EDGE('',*,*,#3604,.F.);
#2735=ORIENTED_EDGE('',*,*,#3605,.T.);
#2736=ORIENTED_EDGE('',*,*,#3601,.T.);
#2737=ORIENTED_EDGE('',*,*,#3606,.F.);
#2738=ORIENTED_EDGE('',*,*,#3607,.F.);
#2739=ORIENTED_EDGE('',*,*,#3608,.T.);
#2740=ORIENTED_EDGE('',*,*,#3604,.T.);
#2741=ORIENTED_EDGE('',*,*,#3609,.F.);
#2742=ORIENTED_EDGE('',*,*,#3610,.F.);
#2743=ORIENTED_EDGE('',*,*,#3611,.T.);
#2744=ORIENTED_EDGE('',*,*,#3607,.T.);
#2745=ORIENTED_EDGE('',*,*,#3612,.F.);
#2746=ORIENTED_EDGE('',*,*,#3613,.F.);
#2747=ORIENTED_EDGE('',*,*,#3614,.T.);
#2748=ORIENTED_EDGE('',*,*,#3610,.T.);
#2749=ORIENTED_EDGE('',*,*,#3615,.F.);
#2750=ORIENTED_EDGE('',*,*,#3616,.F.);
#2751=ORIENTED_EDGE('',*,*,#3617,.T.);
#2752=ORIENTED_EDGE('',*,*,#3613,.T.);
#2753=ORIENTED_EDGE('',*,*,#3618,.F.);
#2754=ORIENTED_EDGE('',*,*,#3619,.F.);
#2755=ORIENTED_EDGE('',*,*,#3620,.T.);
#2756=ORIENTED_EDGE('',*,*,#3616,.T.);
#2757=ORIENTED_EDGE('',*,*,#3621,.F.);
#2758=ORIENTED_EDGE('',*,*,#3569,.F.);
#2759=ORIENTED_EDGE('',*,*,#3622,.T.);
#2760=ORIENTED_EDGE('',*,*,#3619,.T.);
#2761=ORIENTED_EDGE('',*,*,#3623,.F.);
#2762=ORIENTED_EDGE('',*,*,#3624,.F.);
#2763=ORIENTED_EDGE('',*,*,#3625,.F.);
#2764=ORIENTED_EDGE('',*,*,#3626,.F.);
#2765=ORIENTED_EDGE('',*,*,#3627,.F.);
#2766=ORIENTED_EDGE('',*,*,#3568,.F.);
#2767=ORIENTED_EDGE('',*,*,#3572,.F.);
#2768=ORIENTED_EDGE('',*,*,#3575,.F.);
#2769=ORIENTED_EDGE('',*,*,#3578,.F.);
#2770=ORIENTED_EDGE('',*,*,#3581,.F.);
#2771=ORIENTED_EDGE('',*,*,#3584,.F.);
#2772=ORIENTED_EDGE('',*,*,#3587,.F.);
#2773=ORIENTED_EDGE('',*,*,#3590,.F.);
#2774=ORIENTED_EDGE('',*,*,#3593,.F.);
#2775=ORIENTED_EDGE('',*,*,#3596,.F.);
#2776=ORIENTED_EDGE('',*,*,#3599,.F.);
#2777=ORIENTED_EDGE('',*,*,#3602,.F.);
#2778=ORIENTED_EDGE('',*,*,#3605,.F.);
#2779=ORIENTED_EDGE('',*,*,#3608,.F.);
#2780=ORIENTED_EDGE('',*,*,#3611,.F.);
#2781=ORIENTED_EDGE('',*,*,#3614,.F.);
#2782=ORIENTED_EDGE('',*,*,#3617,.F.);
#2783=ORIENTED_EDGE('',*,*,#3620,.F.);
#2784=ORIENTED_EDGE('',*,*,#3622,.F.);
#2785=ORIENTED_EDGE('',*,*,#3628,.T.);
#2786=ORIENTED_EDGE('',*,*,#3629,.T.);
#2787=ORIENTED_EDGE('',*,*,#3630,.T.);
#2788=ORIENTED_EDGE('',*,*,#3631,.T.);
#2789=ORIENTED_EDGE('',*,*,#3632,.T.);
#2790=ORIENTED_EDGE('',*,*,#3566,.T.);
#2791=ORIENTED_EDGE('',*,*,#3621,.T.);
#2792=ORIENTED_EDGE('',*,*,#3618,.T.);
#2793=ORIENTED_EDGE('',*,*,#3615,.T.);
#2794=ORIENTED_EDGE('',*,*,#3612,.T.);
#2795=ORIENTED_EDGE('',*,*,#3609,.T.);
#2796=ORIENTED_EDGE('',*,*,#3606,.T.);
#2797=ORIENTED_EDGE('',*,*,#3603,.T.);
#2798=ORIENTED_EDGE('',*,*,#3600,.T.);
#2799=ORIENTED_EDGE('',*,*,#3597,.T.);
#2800=ORIENTED_EDGE('',*,*,#3594,.T.);
#2801=ORIENTED_EDGE('',*,*,#3591,.T.);
#2802=ORIENTED_EDGE('',*,*,#3588,.T.);
#2803=ORIENTED_EDGE('',*,*,#3585,.T.);
#2804=ORIENTED_EDGE('',*,*,#3582,.T.);
#2805=ORIENTED_EDGE('',*,*,#3579,.T.);
#2806=ORIENTED_EDGE('',*,*,#3576,.T.);
#2807=ORIENTED_EDGE('',*,*,#3573,.T.);
#2808=ORIENTED_EDGE('',*,*,#3570,.T.);
#2809=ORIENTED_EDGE('',*,*,#3627,.T.);
#2810=ORIENTED_EDGE('',*,*,#3632,.F.);
#2811=ORIENTED_EDGE('',*,*,#3626,.T.);
#2812=ORIENTED_EDGE('',*,*,#3631,.F.);
#2813=ORIENTED_EDGE('',*,*,#3625,.T.);
#2814=ORIENTED_EDGE('',*,*,#3630,.F.);
#2815=ORIENTED_EDGE('',*,*,#3624,.T.);
#2816=ORIENTED_EDGE('',*,*,#3629,.F.);
#2817=ORIENTED_EDGE('',*,*,#3623,.T.);
#2818=ORIENTED_EDGE('',*,*,#3628,.F.);
#2819=EDGE_CURVE('',#3633,#3634,#4176,.T.);
#2820=EDGE_CURVE('',#3633,#3635,#171,.F.);
#2821=EDGE_CURVE('',#3635,#3636,#4177,.T.);
#2822=EDGE_CURVE('',#3634,#3636,#172,.T.);
#2823=EDGE_CURVE('',#3637,#3638,#4178,.T.);
#2824=EDGE_CURVE('',#3637,#3639,#173,.F.);
#2825=EDGE_CURVE('',#3639,#3640,#4179,.T.);
#2826=EDGE_CURVE('',#3638,#3640,#174,.T.);
#2827=EDGE_CURVE('',#3641,#3642,#4180,.T.);
#2828=EDGE_CURVE('',#3641,#3643,#175,.F.);
#2829=EDGE_CURVE('',#3643,#3644,#4181,.T.);
#2830=EDGE_CURVE('',#3642,#3644,#176,.T.);
#2831=EDGE_CURVE('',#3645,#3646,#149,.T.);
#2832=EDGE_CURVE('',#3645,#3647,#150,.F.);
#2833=EDGE_CURVE('',#3648,#3647,#4182,.F.);
#2834=EDGE_CURVE('',#3646,#3648,#151,.F.);
#2835=EDGE_CURVE('',#3649,#3650,#152,.T.);
#2836=EDGE_CURVE('',#3651,#3649,#4183,.T.);
#2837=EDGE_CURVE('',#3651,#3652,#4184,.T.);
#2838=EDGE_CURVE('',#3653,#3652,#4185,.F.);
#2839=EDGE_CURVE('',#3654,#3653,#4186,.T.);
#2840=EDGE_CURVE('',#3650,#3654,#4187,.T.);
#2841=EDGE_CURVE('',#3655,#3656,#153,.T.);
#2842=EDGE_CURVE('',#3657,#3655,#4188,.T.);
#2843=EDGE_CURVE('',#3657,#3658,#4189,.T.);
#2844=EDGE_CURVE('',#3659,#3658,#4190,.F.);
#2845=EDGE_CURVE('',#3660,#3659,#4191,.T.);
#2846=EDGE_CURVE('',#3656,#3660,#4192,.T.);
#2847=EDGE_CURVE('',#3661,#3662,#154,.T.);
#2848=EDGE_CURVE('',#3663,#3661,#4193,.T.);
#2849=EDGE_CURVE('',#3663,#3664,#4194,.T.);
#2850=EDGE_CURVE('',#3665,#3664,#4195,.F.);
#2851=EDGE_CURVE('',#3666,#3665,#4196,.T.);
#2852=EDGE_CURVE('',#3662,#3666,#4197,.T.);
#2853=EDGE_CURVE('',#3667,#3668,#155,.T.);
#2854=EDGE_CURVE('',#3667,#3669,#156,.F.);
#2855=EDGE_CURVE('',#3670,#3669,#4198,.F.);
#2856=EDGE_CURVE('',#3670,#3668,#157,.T.);
#2857=EDGE_CURVE('',#3671,#3672,#177,.T.);
#2858=EDGE_CURVE('',#3673,#3671,#178,.T.);
#2859=EDGE_CURVE('',#3673,#3674,#179,.T.);
#2860=EDGE_CURVE('',#3674,#3672,#180,.F.);
#2861=EDGE_CURVE('',#3675,#3676,#181,.T.);
#2862=EDGE_CURVE('',#3675,#3677,#182,.T.);
#2863=EDGE_CURVE('',#3677,#3678,#183,.T.);
#2864=EDGE_CURVE('',#3678,#3676,#184,.F.);
#2865=EDGE_CURVE('',#3679,#3680,#185,.T.);
#2866=EDGE_CURVE('',#3679,#3681,#186,.T.);
#2867=EDGE_CURVE('',#3681,#3682,#187,.T.);
#2868=EDGE_CURVE('',#3682,#3680,#188,.F.);
#2869=EDGE_CURVE('',#3683,#3684,#189,.T.);
#2870=EDGE_CURVE('',#3683,#3685,#190,.T.);
#2871=EDGE_CURVE('',#3685,#3686,#191,.T.);
#2872=EDGE_CURVE('',#3686,#3684,#192,.F.);
#2873=EDGE_CURVE('',#3687,#3688,#193,.T.);
#2874=EDGE_CURVE('',#3687,#3689,#194,.T.);
#2875=EDGE_CURVE('',#3689,#3690,#195,.T.);
#2876=EDGE_CURVE('',#3690,#3688,#196,.F.);
#2877=EDGE_CURVE('',#3691,#3692,#197,.T.);
#2878=EDGE_CURVE('',#3691,#3693,#198,.T.);
#2879=EDGE_CURVE('',#3693,#3694,#199,.T.);
#2880=EDGE_CURVE('',#3694,#3692,#200,.F.);
#2881=EDGE_CURVE('',#3695,#3696,#201,.T.);
#2882=EDGE_CURVE('',#3695,#3697,#202,.T.);
#2883=EDGE_CURVE('',#3697,#3698,#203,.T.);
#2884=EDGE_CURVE('',#3696,#3698,#204,.T.);
#2885=EDGE_CURVE('',#3696,#3699,#205,.T.);
#2886=EDGE_CURVE('',#3698,#3700,#206,.T.);
#2887=EDGE_CURVE('',#3700,#3699,#207,.T.);
#2888=EDGE_CURVE('',#3701,#3702,#208,.F.);
#2889=EDGE_CURVE('',#3702,#3703,#209,.T.);
#2890=EDGE_CURVE('',#3703,#3704,#210,.T.);
#2891=EDGE_CURVE('',#3701,#3704,#211,.T.);
#2892=EDGE_CURVE('',#3705,#3706,#212,.F.);
#2893=EDGE_CURVE('',#3706,#3707,#213,.T.);
#2894=EDGE_CURVE('',#3707,#3708,#214,.T.);
#2895=EDGE_CURVE('',#3705,#3708,#215,.T.);
#2896=EDGE_CURVE('',#3709,#3710,#216,.T.);
#2897=EDGE_CURVE('',#3709,#3711,#217,.T.);
#2898=EDGE_CURVE('',#3711,#3712,#218,.T.);
#2899=EDGE_CURVE('',#3710,#3712,#219,.T.);
#2900=EDGE_CURVE('',#3710,#3713,#4199,.T.);
#2901=EDGE_CURVE('',#3712,#3714,#4200,.T.);
#2902=EDGE_CURVE('',#3713,#3714,#220,.T.);
#2903=EDGE_CURVE('',#3713,#3715,#221,.T.);
#2904=EDGE_CURVE('',#3714,#3716,#222,.T.);
#2905=EDGE_CURVE('',#3716,#3715,#223,.F.);
#2906=EDGE_CURVE('',#3717,#3718,#224,.T.);
#2907=EDGE_CURVE('',#3717,#3719,#225,.T.);
#2908=EDGE_CURVE('',#3719,#3720,#226,.T.);
#2909=EDGE_CURVE('',#3718,#3720,#227,.T.);
#2910=EDGE_CURVE('',#3718,#3721,#4201,.T.);
#2911=EDGE_CURVE('',#3720,#3722,#4202,.T.);
#2912=EDGE_CURVE('',#3721,#3722,#228,.T.);
#2913=EDGE_CURVE('',#3721,#3723,#229,.T.);
#2914=EDGE_CURVE('',#3722,#3724,#230,.T.);
#2915=EDGE_CURVE('',#3724,#3723,#231,.F.);
#2916=EDGE_CURVE('',#3725,#3726,#232,.T.);
#2917=EDGE_CURVE('',#3725,#3727,#233,.T.);
#2918=EDGE_CURVE('',#3727,#3728,#234,.T.);
#2919=EDGE_CURVE('',#3728,#3726,#235,.F.);
#2920=EDGE_CURVE('',#3729,#3730,#236,.T.);
#2921=EDGE_CURVE('',#3729,#3731,#237,.T.);
#2922=EDGE_CURVE('',#3731,#3732,#238,.T.);
#2923=EDGE_CURVE('',#3732,#3730,#239,.F.);
#2924=EDGE_CURVE('',#3733,#3734,#240,.T.);
#2925=EDGE_CURVE('',#3733,#3735,#241,.T.);
#2926=EDGE_CURVE('',#3735,#3736,#242,.T.);
#2927=EDGE_CURVE('',#3736,#3734,#243,.T.);
#2928=EDGE_CURVE('',#3737,#3738,#4203,.T.);
#2929=EDGE_CURVE('',#3737,#3739,#244,.T.);
#2930=EDGE_CURVE('',#3739,#3740,#4204,.T.);
#2931=EDGE_CURVE('',#3738,#3740,#245,.T.);
#2932=EDGE_CURVE('',#3738,#3687,#246,.T.);
#2933=EDGE_CURVE('',#3740,#3689,#247,.T.);
#2934=EDGE_CURVE('',#3741,#3742,#248,.T.);
#2935=EDGE_CURVE('',#3741,#3743,#249,.T.);
#2936=EDGE_CURVE('',#3743,#3744,#250,.T.);
#2937=EDGE_CURVE('',#3744,#3742,#251,.F.);
#2938=EDGE_CURVE('',#3680,#3683,#4205,.F.);
#2939=EDGE_CURVE('',#3685,#3682,#4206,.T.);
#2940=EDGE_CURVE('',#3723,#3679,#4207,.F.);
#2941=EDGE_CURVE('',#3681,#3724,#4208,.T.);
#2942=EDGE_CURVE('',#3745,#3717,#4209,.F.);
#2943=EDGE_CURVE('',#3745,#3746,#252,.T.);
#2944=EDGE_CURVE('',#3719,#3746,#4210,.T.);
#2945=EDGE_CURVE('',#3715,#3747,#4211,.F.);
#2946=EDGE_CURVE('',#3748,#3716,#4212,.T.);
#2947=EDGE_CURVE('',#3748,#3747,#253,.F.);
#2948=EDGE_CURVE('',#3672,#3675,#4213,.F.);
#2949=EDGE_CURVE('',#3677,#3674,#4214,.T.);
#2950=EDGE_CURVE('',#3676,#3703,#4215,.F.);
#2951=EDGE_CURVE('',#3704,#3678,#4216,.T.);
#2952=EDGE_CURVE('',#3706,#3709,#4217,.F.);
#2953=EDGE_CURVE('',#3711,#3705,#4218,.T.);
#2954=EDGE_CURVE('',#3702,#3707,#4219,.T.);
#2955=EDGE_CURVE('',#3708,#3701,#4220,.F.);
#2956=EDGE_CURVE('',#3749,#3741,#4221,.T.);
#2957=EDGE_CURVE('',#3749,#3750,#254,.T.);
#2958=EDGE_CURVE('',#3743,#3750,#4222,.F.);
#2959=EDGE_CURVE('',#3726,#3729,#4223,.T.);
#2960=EDGE_CURVE('',#3731,#3728,#4224,.F.);
#2961=EDGE_CURVE('',#3730,#3733,#4225,.T.);
#2962=EDGE_CURVE('',#3735,#3732,#4226,.F.);
#2963=EDGE_CURVE('',#3734,#3737,#4227,.F.);
#2964=EDGE_CURVE('',#3739,#3736,#4228,.T.);
#2965=EDGE_CURVE('',#3742,#3695,#4229,.F.);
#2966=EDGE_CURVE('',#3697,#3744,#4230,.T.);
#2967=EDGE_CURVE('',#3692,#3749,#4231,.F.);
#2968=EDGE_CURVE('',#3750,#3694,#4232,.T.);
#2969=EDGE_CURVE('',#3684,#3725,#4233,.F.);
#2970=EDGE_CURVE('',#3727,#3686,#4234,.T.);
#2971=EDGE_CURVE('',#3751,#3691,#4235,.F.);
#2972=EDGE_CURVE('',#3752,#3751,#255,.F.);
#2973=EDGE_CURVE('',#3693,#3752,#4236,.T.);
#2974=EDGE_CURVE('',#3688,#3753,#4237,.F.);
#2975=EDGE_CURVE('',#3754,#3690,#4238,.T.);
#2976=EDGE_CURVE('',#3753,#3754,#256,.T.);
#2977=EDGE_CURVE('',#3755,#3756,#4239,.T.);
#2978=EDGE_CURVE('',#3755,#3757,#257,.F.);
#2979=EDGE_CURVE('',#3757,#3758,#4240,.T.);
#2980=EDGE_CURVE('',#3758,#3759,#258,.F.);
#2981=EDGE_CURVE('',#3759,#3760,#4241,.T.);
#2982=EDGE_CURVE('',#3760,#3651,#259,.F.);
#2983=EDGE_CURVE('',#3650,#3649,#4242,.T.);
#2984=EDGE_CURVE('',#3654,#3761,#260,.F.);
#2985=EDGE_CURVE('',#3761,#3657,#261,.F.);
#2986=EDGE_CURVE('',#3656,#3655,#4243,.T.);
#2987=EDGE_CURVE('',#3660,#3663,#262,.F.);
#2988=EDGE_CURVE('',#3662,#3661,#4244,.T.);
#2989=EDGE_CURVE('',#3666,#3762,#263,.F.);
#2990=EDGE_CURVE('',#3762,#3763,#264,.F.);
#2991=EDGE_CURVE('',#3763,#3764,#4245,.T.);
#2992=EDGE_CURVE('',#3764,#3765,#265,.F.);
#2993=EDGE_CURVE('',#3765,#3766,#266,.F.);
#2994=EDGE_CURVE('',#3767,#3766,#4246,.T.);
#2995=EDGE_CURVE('',#3767,#3768,#267,.F.);
#2996=EDGE_CURVE('',#3769,#3768,#268,.T.);
#2997=EDGE_CURVE('',#3770,#3769,#269,.T.);
#2998=EDGE_CURVE('',#3770,#3771,#270,.T.);
#2999=EDGE_CURVE('',#3771,#3756,#271,.F.);
#3000=EDGE_CURVE('',#3772,#3772,#4247,.T.);
#3001=EDGE_CURVE('',#3773,#3773,#4248,.T.);
#3002=EDGE_CURVE('',#3774,#3774,#4249,.T.);
#3003=EDGE_CURVE('',#3775,#3775,#4250,.T.);
#3004=EDGE_CURVE('',#3776,#3776,#4251,.T.);
#3005=EDGE_CURVE('',#3777,#3777,#4252,.T.);
#3006=EDGE_CURVE('',#3778,#3779,#4253,.T.);
#3007=EDGE_CURVE('',#3778,#3780,#272,.T.);
#3008=EDGE_CURVE('',#3781,#3780,#4254,.T.);
#3009=EDGE_CURVE('',#3781,#3782,#273,.T.);
#3010=EDGE_CURVE('',#3783,#3782,#4255,.T.);
#3011=EDGE_CURVE('',#3784,#3783,#274,.T.);
#3012=EDGE_CURVE('',#3785,#3784,#4256,.T.);
#3013=EDGE_CURVE('',#3779,#3785,#275,.T.);
#3014=EDGE_CURVE('',#3786,#3787,#4257,.T.);
#3015=EDGE_CURVE('',#3786,#3788,#276,.T.);
#3016=EDGE_CURVE('',#3789,#3788,#4258,.T.);
#3017=EDGE_CURVE('',#3789,#3790,#277,.T.);
#3018=EDGE_CURVE('',#3791,#3790,#4259,.T.);
#3019=EDGE_CURVE('',#3792,#3791,#278,.T.);
#3020=EDGE_CURVE('',#3793,#3792,#4260,.T.);
#3021=EDGE_CURVE('',#3787,#3793,#279,.T.);
#3022=EDGE_CURVE('',#3794,#3795,#4261,.T.);
#3023=EDGE_CURVE('',#3794,#3796,#280,.T.);
#3024=EDGE_CURVE('',#3797,#3796,#4262,.T.);
#3025=EDGE_CURVE('',#3797,#3798,#281,.T.);
#3026=EDGE_CURVE('',#3799,#3798,#4263,.T.);
#3027=EDGE_CURVE('',#3800,#3799,#282,.T.);
#3028=EDGE_CURVE('',#3801,#3800,#4264,.T.);
#3029=EDGE_CURVE('',#3795,#3801,#283,.T.);
#3030=EDGE_CURVE('',#3802,#3803,#4265,.T.);
#3031=EDGE_CURVE('',#3802,#3804,#284,.T.);
#3032=EDGE_CURVE('',#3805,#3804,#4266,.T.);
#3033=EDGE_CURVE('',#3805,#3806,#285,.T.);
#3034=EDGE_CURVE('',#3807,#3806,#4267,.T.);
#3035=EDGE_CURVE('',#3808,#3807,#286,.T.);
#3036=EDGE_CURVE('',#3809,#3808,#4268,.T.);
#3037=EDGE_CURVE('',#3803,#3809,#287,.T.);
#3038=EDGE_CURVE('',#3810,#3811,#4269,.T.);
#3039=EDGE_CURVE('',#3810,#3812,#288,.T.);
#3040=EDGE_CURVE('',#3813,#3812,#4270,.T.);
#3041=EDGE_CURVE('',#3813,#3814,#289,.T.);
#3042=EDGE_CURVE('',#3815,#3814,#4271,.T.);
#3043=EDGE_CURVE('',#3816,#3815,#290,.T.);
#3044=EDGE_CURVE('',#3817,#3816,#4272,.T.);
#3045=EDGE_CURVE('',#3811,#3817,#291,.T.);
#3046=EDGE_CURVE('',#3818,#3819,#4273,.T.);
#3047=EDGE_CURVE('',#3818,#3820,#292,.T.);
#3048=EDGE_CURVE('',#3821,#3820,#4274,.T.);
#3049=EDGE_CURVE('',#3821,#3822,#293,.T.);
#3050=EDGE_CURVE('',#3823,#3822,#4275,.T.);
#3051=EDGE_CURVE('',#3824,#3823,#294,.T.);
#3052=EDGE_CURVE('',#3825,#3824,#4276,.T.);
#3053=EDGE_CURVE('',#3819,#3825,#295,.T.);
#3054=EDGE_CURVE('',#3826,#3827,#4277,.T.);
#3055=EDGE_CURVE('',#3826,#3828,#296,.T.);
#3056=EDGE_CURVE('',#3829,#3828,#4278,.T.);
#3057=EDGE_CURVE('',#3829,#3830,#297,.T.);
#3058=EDGE_CURVE('',#3831,#3830,#4279,.T.);
#3059=EDGE_CURVE('',#3832,#3831,#298,.T.);
#3060=EDGE_CURVE('',#3833,#3832,#4280,.T.);
#3061=EDGE_CURVE('',#3827,#3833,#299,.T.);
#3062=EDGE_CURVE('',#3834,#3835,#4281,.T.);
#3063=EDGE_CURVE('',#3834,#3836,#300,.T.);
#3064=EDGE_CURVE('',#3837,#3836,#4282,.T.);
#3065=EDGE_CURVE('',#3837,#3838,#301,.T.);
#3066=EDGE_CURVE('',#3839,#3838,#4283,.T.);
#3067=EDGE_CURVE('',#3840,#3839,#302,.T.);
#3068=EDGE_CURVE('',#3841,#3840,#4284,.T.);
#3069=EDGE_CURVE('',#3835,#3841,#303,.T.);
#3070=EDGE_CURVE('',#3842,#3843,#4285,.T.);
#3071=EDGE_CURVE('',#3842,#3844,#304,.T.);
#3072=EDGE_CURVE('',#3845,#3844,#4286,.T.);
#3073=EDGE_CURVE('',#3845,#3846,#305,.T.);
#3074=EDGE_CURVE('',#3847,#3846,#4287,.T.);
#3075=EDGE_CURVE('',#3848,#3847,#306,.T.);
#3076=EDGE_CURVE('',#3849,#3848,#4288,.T.);
#3077=EDGE_CURVE('',#3843,#3849,#307,.T.);
#3078=EDGE_CURVE('',#3850,#3851,#4289,.T.);
#3079=EDGE_CURVE('',#3850,#3852,#308,.T.);
#3080=EDGE_CURVE('',#3853,#3852,#4290,.T.);
#3081=EDGE_CURVE('',#3853,#3854,#309,.T.);
#3082=EDGE_CURVE('',#3855,#3854,#4291,.T.);
#3083=EDGE_CURVE('',#3856,#3855,#310,.T.);
#3084=EDGE_CURVE('',#3857,#3856,#4292,.T.);
#3085=EDGE_CURVE('',#3851,#3857,#311,.T.);
#3086=EDGE_CURVE('',#3858,#3859,#4293,.T.);
#3087=EDGE_CURVE('',#3858,#3860,#312,.T.);
#3088=EDGE_CURVE('',#3861,#3860,#4294,.T.);
#3089=EDGE_CURVE('',#3861,#3862,#313,.T.);
#3090=EDGE_CURVE('',#3863,#3862,#4295,.T.);
#3091=EDGE_CURVE('',#3864,#3863,#314,.T.);
#3092=EDGE_CURVE('',#3865,#3864,#4296,.T.);
#3093=EDGE_CURVE('',#3859,#3865,#315,.T.);
#3094=EDGE_CURVE('',#3866,#3867,#4297,.T.);
#3095=EDGE_CURVE('',#3866,#3868,#316,.T.);
#3096=EDGE_CURVE('',#3869,#3868,#4298,.T.);
#3097=EDGE_CURVE('',#3869,#3870,#317,.T.);
#3098=EDGE_CURVE('',#3871,#3870,#4299,.T.);
#3099=EDGE_CURVE('',#3872,#3871,#318,.T.);
#3100=EDGE_CURVE('',#3873,#3872,#4300,.T.);
#3101=EDGE_CURVE('',#3867,#3873,#319,.T.);
#3102=EDGE_CURVE('',#3874,#3875,#4301,.T.);
#3103=EDGE_CURVE('',#3874,#3876,#320,.T.);
#3104=EDGE_CURVE('',#3877,#3876,#4302,.T.);
#3105=EDGE_CURVE('',#3877,#3878,#321,.T.);
#3106=EDGE_CURVE('',#3879,#3878,#4303,.T.);
#3107=EDGE_CURVE('',#3880,#3879,#322,.T.);
#3108=EDGE_CURVE('',#3881,#3880,#4304,.T.);
#3109=EDGE_CURVE('',#3875,#3881,#323,.T.);
#3110=EDGE_CURVE('',#3882,#3883,#4305,.T.);
#3111=EDGE_CURVE('',#3882,#3884,#324,.T.);
#3112=EDGE_CURVE('',#3885,#3884,#4306,.T.);
#3113=EDGE_CURVE('',#3885,#3886,#325,.T.);
#3114=EDGE_CURVE('',#3887,#3886,#4307,.T.);
#3115=EDGE_CURVE('',#3888,#3887,#326,.T.);
#3116=EDGE_CURVE('',#3889,#3888,#4308,.T.);
#3117=EDGE_CURVE('',#3883,#3889,#327,.T.);
#3118=EDGE_CURVE('',#3890,#3891,#4309,.T.);
#3119=EDGE_CURVE('',#3890,#3892,#328,.T.);
#3120=EDGE_CURVE('',#3893,#3892,#4310,.T.);
#3121=EDGE_CURVE('',#3893,#3894,#329,.T.);
#3122=EDGE_CURVE('',#3895,#3894,#4311,.T.);
#3123=EDGE_CURVE('',#3896,#3895,#330,.T.);
#3124=EDGE_CURVE('',#3897,#3896,#4312,.T.);
#3125=EDGE_CURVE('',#3891,#3897,#331,.T.);
#3126=EDGE_CURVE('',#3898,#3899,#4313,.T.);
#3127=EDGE_CURVE('',#3898,#3900,#332,.T.);
#3128=EDGE_CURVE('',#3901,#3900,#4314,.T.);
#3129=EDGE_CURVE('',#3901,#3902,#333,.T.);
#3130=EDGE_CURVE('',#3903,#3902,#4315,.T.);
#3131=EDGE_CURVE('',#3904,#3903,#334,.T.);
#3132=EDGE_CURVE('',#3905,#3904,#4316,.T.);
#3133=EDGE_CURVE('',#3899,#3905,#335,.T.);
#3134=EDGE_CURVE('',#3906,#3907,#336,.T.);
#3135=EDGE_CURVE('',#3906,#3908,#337,.T.);
#3136=EDGE_CURVE('',#3908,#3909,#338,.T.);
#3137=EDGE_CURVE('',#3907,#3909,#339,.T.);
#3138=EDGE_CURVE('',#3910,#3911,#340,.T.);
#3139=EDGE_CURVE('',#3911,#3670,#341,.T.);
#3140=EDGE_CURVE('',#3670,#3912,#342,.T.);
#3141=EDGE_CURVE('',#3910,#3912,#343,.T.);
#3142=EDGE_CURVE('',#3913,#3913,#4317,.T.);
#3143=EDGE_CURVE('',#3914,#3914,#4318,.T.);
#3144=EDGE_CURVE('',#3915,#3915,#4319,.T.);
#3145=EDGE_CURVE('',#3916,#3916,#4320,.T.);
#3146=EDGE_CURVE('',#3917,#3917,#4321,.T.);
#3147=EDGE_CURVE('',#3918,#3918,#4322,.T.);
#3148=EDGE_CURVE('',#3919,#3920,#344,.T.);
#3149=EDGE_CURVE('',#3920,#3921,#4323,.T.);
#3150=EDGE_CURVE('',#3921,#3922,#345,.T.);
#3151=EDGE_CURVE('',#3700,#3922,#346,.T.);
#3152=EDGE_CURVE('',#3752,#3754,#4324,.F.);
#3153=EDGE_CURVE('',#3746,#3748,#4325,.F.);
#3154=EDGE_CURVE('',#3673,#3923,#347,.T.);
#3155=EDGE_CURVE('',#3923,#3924,#348,.T.);
#3156=EDGE_CURVE('',#3924,#3925,#4326,.T.);
#3157=EDGE_CURVE('',#3925,#3926,#349,.T.);
#3158=EDGE_CURVE('',#3926,#3927,#4327,.T.);
#3159=EDGE_CURVE('',#3927,#3928,#350,.T.);
#3160=EDGE_CURVE('',#3928,#3929,#4328,.T.);
#3161=EDGE_CURVE('',#3929,#3930,#351,.T.);
#3162=EDGE_CURVE('',#3930,#3931,#4329,.T.);
#3163=EDGE_CURVE('',#3931,#3932,#352,.T.);
#3164=EDGE_CURVE('',#3932,#3933,#4330,.T.);
#3165=EDGE_CURVE('',#3933,#3633,#4331,.T.);
#3166=EDGE_CURVE('',#3634,#3934,#353,.T.);
#3167=EDGE_CURVE('',#3934,#3935,#4332,.T.);
#3168=EDGE_CURVE('',#3935,#3637,#4333,.T.);
#3169=EDGE_CURVE('',#3638,#3936,#354,.T.);
#3170=EDGE_CURVE('',#3936,#3937,#4334,.T.);
#3171=EDGE_CURVE('',#3937,#3938,#355,.T.);
#3172=EDGE_CURVE('',#3938,#3939,#4335,.T.);
#3173=EDGE_CURVE('',#3939,#3641,#4336,.T.);
#3174=EDGE_CURVE('',#3642,#3940,#356,.T.);
#3175=EDGE_CURVE('',#3940,#3941,#4337,.T.);
#3176=EDGE_CURVE('',#3941,#3942,#357,.T.);
#3177=EDGE_CURVE('',#3942,#3919,#4338,.T.);
#3178=EDGE_CURVE('',#3921,#3943,#358,.F.);
#3179=EDGE_CURVE('',#3943,#3944,#359,.T.);
#3180=EDGE_CURVE('',#3922,#3944,#360,.T.);
#3181=EDGE_CURVE('',#3943,#3945,#4339,.T.);
#3182=EDGE_CURVE('',#3946,#3945,#361,.T.);
#3183=EDGE_CURVE('',#3947,#3946,#4340,.T.);
#3184=EDGE_CURVE('',#3948,#3947,#362,.T.);
#3185=EDGE_CURVE('',#3949,#3948,#4341,.T.);
#3186=EDGE_CURVE('',#3644,#3949,#363,.T.);
#3187=EDGE_CURVE('',#3643,#3950,#4342,.T.);
#3188=EDGE_CURVE('',#3951,#3950,#4343,.T.);
#3189=EDGE_CURVE('',#3952,#3951,#364,.T.);
#3190=EDGE_CURVE('',#3953,#3952,#4344,.T.);
#3191=EDGE_CURVE('',#3640,#3953,#365,.T.);
#3192=EDGE_CURVE('',#3639,#3954,#4345,.T.);
#3193=EDGE_CURVE('',#3955,#3954,#4346,.T.);
#3194=EDGE_CURVE('',#3636,#3955,#366,.T.);
#3195=EDGE_CURVE('',#3635,#3956,#4347,.T.);
#3196=EDGE_CURVE('',#3957,#3956,#4348,.T.);
#3197=EDGE_CURVE('',#3958,#3957,#367,.T.);
#3198=EDGE_CURVE('',#3959,#3958,#4349,.T.);
#3199=EDGE_CURVE('',#3960,#3959,#368,.T.);
#3200=EDGE_CURVE('',#3961,#3960,#4350,.T.);
#3201=EDGE_CURVE('',#3962,#3961,#369,.T.);
#3202=EDGE_CURVE('',#3963,#3962,#4351,.T.);
#3203=EDGE_CURVE('',#3964,#3963,#370,.T.);
#3204=EDGE_CURVE('',#3964,#3965,#4352,.T.);
#3205=EDGE_CURVE('',#3966,#3965,#371,.T.);
#3206=EDGE_CURVE('',#3966,#3910,#372,.T.);
#3207=EDGE_CURVE('',#3912,#3967,#4353,.T.);
#3208=EDGE_CURVE('',#3967,#3968,#373,.T.);
#3209=EDGE_CURVE('',#3968,#3969,#374,.T.);
#3210=EDGE_CURVE('',#3969,#3970,#4354,.T.);
#3211=EDGE_CURVE('',#3970,#3971,#375,.T.);
#3212=EDGE_CURVE('',#3971,#3972,#376,.T.);
#3213=EDGE_CURVE('',#3972,#3973,#4355,.T.);
#3214=EDGE_CURVE('',#3973,#3974,#377,.T.);
#3215=EDGE_CURVE('',#3974,#3975,#4356,.T.);
#3216=EDGE_CURVE('',#3975,#3976,#378,.T.);
#3217=EDGE_CURVE('',#3976,#3977,#379,.T.);
#3218=EDGE_CURVE('',#3977,#3978,#4357,.T.);
#3219=EDGE_CURVE('',#3978,#3979,#380,.T.);
#3220=EDGE_CURVE('',#3979,#3980,#4358,.T.);
#3221=EDGE_CURVE('',#3980,#3981,#381,.T.);
#3222=EDGE_CURVE('',#3981,#3982,#4359,.T.);
#3223=EDGE_CURVE('',#3982,#3983,#382,.T.);
#3224=EDGE_CURVE('',#3983,#3984,#4360,.T.);
#3225=EDGE_CURVE('',#3984,#3985,#383,.T.);
#3226=EDGE_CURVE('',#3944,#3985,#384,.T.);
#3227=EDGE_CURVE('',#3925,#3964,#385,.F.);
#3228=EDGE_CURVE('',#3926,#3963,#386,.T.);
#3229=EDGE_CURVE('',#3927,#3962,#387,.T.);
#3230=EDGE_CURVE('',#3928,#3961,#388,.T.);
#3231=EDGE_CURVE('',#3930,#3959,#389,.T.);
#3232=EDGE_CURVE('',#3929,#3960,#390,.T.);
#3233=EDGE_CURVE('',#3931,#3958,#391,.T.);
#3234=EDGE_CURVE('',#3932,#3957,#392,.T.);
#3235=EDGE_CURVE('',#3936,#3953,#393,.T.);
#3236=EDGE_CURVE('',#3937,#3952,#394,.T.);
#3237=EDGE_CURVE('',#3938,#3951,#395,.T.);
#3238=EDGE_CURVE('',#3965,#3924,#396,.T.);
#3239=EDGE_CURVE('',#3923,#3966,#397,.T.);
#3240=EDGE_CURVE('',#3956,#3933,#398,.T.);
#3241=EDGE_CURVE('',#3934,#3955,#399,.T.);
#3242=EDGE_CURVE('',#3954,#3935,#400,.T.);
#3243=EDGE_CURVE('',#3950,#3939,#401,.T.);
#3244=EDGE_CURVE('',#3940,#3949,#402,.T.);
#3245=EDGE_CURVE('',#3941,#3948,#403,.T.);
#3246=EDGE_CURVE('',#3942,#3947,#404,.T.);
#3247=EDGE_CURVE('',#3919,#3946,#405,.T.);
#3248=EDGE_CURVE('',#3945,#3920,#406,.T.);
#3249=EDGE_CURVE('',#3986,#3971,#407,.T.);
#3250=EDGE_CURVE('',#3986,#3665,#408,.T.);
#3251=EDGE_CURVE('',#3665,#3972,#409,.T.);
#3252=EDGE_CURVE('',#3987,#3970,#410,.T.);
#3253=EDGE_CURVE('',#3987,#3986,#411,.T.);
#3254=EDGE_CURVE('',#3988,#3969,#412,.T.);
#3255=EDGE_CURVE('',#3988,#3987,#4361,.F.);
#3256=EDGE_CURVE('',#3989,#3968,#413,.T.);
#3257=EDGE_CURVE('',#3989,#3988,#414,.T.);
#3258=EDGE_CURVE('',#3669,#3967,#415,.T.);
#3259=EDGE_CURVE('',#3669,#3989,#416,.T.);
#3260=EDGE_CURVE('',#3647,#3984,#417,.T.);
#3261=EDGE_CURVE('',#3647,#3990,#418,.T.);
#3262=EDGE_CURVE('',#3985,#3990,#419,.T.);
#3263=EDGE_CURVE('',#3648,#3983,#420,.T.);
#3264=EDGE_CURVE('',#3991,#3982,#421,.T.);
#3265=EDGE_CURVE('',#3991,#3648,#422,.T.);
#3266=EDGE_CURVE('',#3992,#3981,#423,.T.);
#3267=EDGE_CURVE('',#3992,#3991,#4362,.F.);
#3268=EDGE_CURVE('',#3993,#3980,#424,.T.);
#3269=EDGE_CURVE('',#3993,#3992,#425,.T.);
#3270=EDGE_CURVE('',#3994,#3979,#426,.T.);
#3271=EDGE_CURVE('',#3994,#3993,#4363,.F.);
#3272=EDGE_CURVE('',#3652,#3978,#427,.T.);
#3273=EDGE_CURVE('',#3652,#3994,#428,.T.);
#3274=EDGE_CURVE('',#3653,#3977,#429,.T.);
#3275=EDGE_CURVE('',#3995,#3976,#430,.T.);
#3276=EDGE_CURVE('',#3995,#3653,#431,.T.);
#3277=EDGE_CURVE('',#3658,#3975,#432,.T.);
#3278=EDGE_CURVE('',#3658,#3995,#433,.T.);
#3279=EDGE_CURVE('',#3659,#3974,#434,.T.);
#3280=EDGE_CURVE('',#3664,#3973,#435,.T.);
#3281=EDGE_CURVE('',#3664,#3659,#436,.T.);
#3282=EDGE_CURVE('',#3753,#3751,#4364,.T.);
#3283=EDGE_CURVE('',#3747,#3745,#4365,.T.);
#3284=EDGE_CURVE('',#3768,#3911,#4366,.F.);
#3285=EDGE_CURVE('',#3671,#3769,#437,.T.);
#3286=EDGE_CURVE('',#3990,#3771,#4367,.T.);
#3287=EDGE_CURVE('',#3699,#3770,#438,.T.);
#3288=EDGE_CURVE('',#3699,#3671,#439,.T.);
#3289=EDGE_CURVE('',#3996,#3907,#440,.T.);
#3290=EDGE_CURVE('',#3997,#3996,#441,.T.);
#3291=EDGE_CURVE('',#3997,#3906,#442,.T.);
#3292=EDGE_CURVE('',#3997,#3998,#443,.T.);
#3293=EDGE_CURVE('',#3998,#3908,#444,.T.);
#3294=EDGE_CURVE('',#3998,#3999,#445,.T.);
#3295=EDGE_CURVE('',#3999,#3909,#446,.T.);
#3296=EDGE_CURVE('',#4000,#3899,#447,.T.);
#3297=EDGE_CURVE('',#4001,#4000,#4368,.T.);
#3298=EDGE_CURVE('',#4001,#3898,#448,.T.);
#3299=EDGE_CURVE('',#4001,#4002,#449,.T.);
#3300=EDGE_CURVE('',#4002,#3900,#450,.T.);
#3301=EDGE_CURVE('',#4003,#4002,#4369,.T.);
#3302=EDGE_CURVE('',#4003,#3901,#451,.T.);
#3303=EDGE_CURVE('',#4003,#4004,#452,.T.);
#3304=EDGE_CURVE('',#4004,#3902,#453,.T.);
#3305=EDGE_CURVE('',#4005,#4004,#4370,.T.);
#3306=EDGE_CURVE('',#4005,#3903,#454,.T.);
#3307=EDGE_CURVE('',#4006,#4005,#455,.T.);
#3308=EDGE_CURVE('',#4006,#3904,#456,.T.);
#3309=EDGE_CURVE('',#4007,#4006,#4371,.T.);
#3310=EDGE_CURVE('',#4007,#3905,#457,.T.);
#3311=EDGE_CURVE('',#4008,#3891,#458,.T.);
#3312=EDGE_CURVE('',#4009,#4008,#4372,.T.);
#3313=EDGE_CURVE('',#4009,#3890,#459,.T.);
#3314=EDGE_CURVE('',#4009,#4010,#460,.T.);
#3315=EDGE_CURVE('',#4010,#3892,#461,.T.);
#3316=EDGE_CURVE('',#4011,#4010,#4373,.T.);
#3317=EDGE_CURVE('',#4011,#3893,#462,.T.);
#3318=EDGE_CURVE('',#4011,#4012,#463,.T.);
#3319=EDGE_CURVE('',#4012,#3894,#464,.T.);
#3320=EDGE_CURVE('',#4013,#4012,#4374,.T.);
#3321=EDGE_CURVE('',#4013,#3895,#465,.T.);
#3322=EDGE_CURVE('',#4014,#4013,#466,.T.);
#3323=EDGE_CURVE('',#4014,#3896,#467,.T.);
#3324=EDGE_CURVE('',#4015,#4014,#4375,.T.);
#3325=EDGE_CURVE('',#4015,#3897,#468,.T.);
#3326=EDGE_CURVE('',#4016,#3883,#469,.T.);
#3327=EDGE_CURVE('',#4017,#4016,#4376,.T.);
#3328=EDGE_CURVE('',#4017,#3882,#470,.T.);
#3329=EDGE_CURVE('',#4017,#4018,#471,.T.);
#3330=EDGE_CURVE('',#4018,#3884,#472,.T.);
#3331=EDGE_CURVE('',#4019,#4018,#4377,.T.);
#3332=EDGE_CURVE('',#4019,#3885,#473,.T.);
#3333=EDGE_CURVE('',#4019,#4020,#474,.T.);
#3334=EDGE_CURVE('',#4020,#3886,#475,.T.);
#3335=EDGE_CURVE('',#4021,#4020,#4378,.T.);
#3336=EDGE_CURVE('',#4021,#3887,#476,.T.);
#3337=EDGE_CURVE('',#4022,#4021,#477,.T.);
#3338=EDGE_CURVE('',#4022,#3888,#478,.T.);
#3339=EDGE_CURVE('',#4023,#4022,#4379,.T.);
#3340=EDGE_CURVE('',#4023,#3889,#479,.T.);
#3341=EDGE_CURVE('',#4024,#3875,#480,.T.);
#3342=EDGE_CURVE('',#4025,#4024,#4380,.T.);
#3343=EDGE_CURVE('',#4025,#3874,#481,.T.);
#3344=EDGE_CURVE('',#4025,#4026,#482,.T.);
#3345=EDGE_CURVE('',#4026,#3876,#483,.T.);
#3346=EDGE_CURVE('',#4027,#4026,#4381,.T.);
#3347=EDGE_CURVE('',#4027,#3877,#484,.T.);
#3348=EDGE_CURVE('',#4027,#4028,#485,.T.);
#3349=EDGE_CURVE('',#4028,#3878,#486,.T.);
#3350=EDGE_CURVE('',#4029,#4028,#4382,.T.);
#3351=EDGE_CURVE('',#4029,#3879,#487,.T.);
#3352=EDGE_CURVE('',#4030,#4029,#488,.T.);
#3353=EDGE_CURVE('',#4030,#3880,#489,.T.);
#3354=EDGE_CURVE('',#4031,#4030,#4383,.T.);
#3355=EDGE_CURVE('',#4031,#3881,#490,.T.);
#3356=EDGE_CURVE('',#4032,#3867,#491,.T.);
#3357=EDGE_CURVE('',#4033,#4032,#4384,.T.);
#3358=EDGE_CURVE('',#4033,#3866,#492,.T.);
#3359=EDGE_CURVE('',#4033,#4034,#493,.T.);
#3360=EDGE_CURVE('',#4034,#3868,#494,.T.);
#3361=EDGE_CURVE('',#4035,#4034,#4385,.T.);
#3362=EDGE_CURVE('',#4035,#3869,#495,.T.);
#3363=EDGE_CURVE('',#4035,#4036,#496,.T.);
#3364=EDGE_CURVE('',#4036,#3870,#497,.T.);
#3365=EDGE_CURVE('',#4037,#4036,#4386,.T.);
#3366=EDGE_CURVE('',#4037,#3871,#498,.T.);
#3367=EDGE_CURVE('',#4038,#4037,#499,.T.);
#3368=EDGE_CURVE('',#4038,#3872,#500,.T.);
#3369=EDGE_CURVE('',#4039,#4038,#4387,.T.);
#3370=EDGE_CURVE('',#4039,#3873,#501,.T.);
#3371=EDGE_CURVE('',#4040,#3859,#502,.T.);
#3372=EDGE_CURVE('',#4041,#4040,#4388,.T.);
#3373=EDGE_CURVE('',#4041,#3858,#503,.T.);
#3374=EDGE_CURVE('',#4041,#4042,#504,.T.);
#3375=EDGE_CURVE('',#4042,#3860,#505,.T.);
#3376=EDGE_CURVE('',#4043,#4042,#4389,.T.);
#3377=EDGE_CURVE('',#4043,#3861,#506,.T.);
#3378=EDGE_CURVE('',#4043,#4044,#507,.T.);
#3379=EDGE_CURVE('',#4044,#3862,#508,.T.);
#3380=EDGE_CURVE('',#4045,#4044,#4390,.T.);
#3381=EDGE_CURVE('',#4045,#3863,#509,.T.);
#3382=EDGE_CURVE('',#4046,#4045,#510,.T.);
#3383=EDGE_CURVE('',#4046,#3864,#511,.T.);
#3384=EDGE_CURVE('',#4047,#4046,#4391,.T.);
#3385=EDGE_CURVE('',#4047,#3865,#512,.T.);
#3386=EDGE_CURVE('',#4048,#3851,#513,.T.);
#3387=EDGE_CURVE('',#4049,#4048,#4392,.T.);
#3388=EDGE_CURVE('',#4049,#3850,#514,.T.);
#3389=EDGE_CURVE('',#4049,#4050,#515,.T.);
#3390=EDGE_CURVE('',#4050,#3852,#516,.T.);
#3391=EDGE_CURVE('',#4051,#4050,#4393,.T.);
#3392=EDGE_CURVE('',#4051,#3853,#517,.T.);
#3393=EDGE_CURVE('',#4051,#4052,#518,.T.);
#3394=EDGE_CURVE('',#4052,#3854,#519,.T.);
#3395=EDGE_CURVE('',#4053,#4052,#4394,.T.);
#3396=EDGE_CURVE('',#4053,#3855,#520,.T.);
#3397=EDGE_CURVE('',#4054,#4053,#521,.T.);
#3398=EDGE_CURVE('',#4054,#3856,#522,.T.);
#3399=EDGE_CURVE('',#4055,#4054,#4395,.T.);
#3400=EDGE_CURVE('',#4055,#3857,#523,.T.);
#3401=EDGE_CURVE('',#4056,#3843,#524,.T.);
#3402=EDGE_CURVE('',#4057,#4056,#4396,.T.);
#3403=EDGE_CURVE('',#4057,#3842,#525,.T.);
#3404=EDGE_CURVE('',#4057,#4058,#526,.T.);
#3405=EDGE_CURVE('',#4058,#3844,#527,.T.);
#3406=EDGE_CURVE('',#4059,#4058,#4397,.T.);
#3407=EDGE_CURVE('',#4059,#3845,#528,.T.);
#3408=EDGE_CURVE('',#4059,#4060,#529,.T.);
#3409=EDGE_CURVE('',#4060,#3846,#530,.T.);
#3410=EDGE_CURVE('',#4061,#4060,#4398,.T.);
#3411=EDGE_CURVE('',#4061,#3847,#531,.T.);
#3412=EDGE_CURVE('',#4062,#4061,#532,.T.);
#3413=EDGE_CURVE('',#4062,#3848,#533,.T.);
#3414=EDGE_CURVE('',#4063,#4062,#4399,.T.);
#3415=EDGE_CURVE('',#4063,#3849,#534,.T.);
#3416=EDGE_CURVE('',#4064,#3835,#535,.T.);
#3417=EDGE_CURVE('',#4065,#4064,#4400,.T.);
#3418=EDGE_CURVE('',#4065,#3834,#536,.T.);
#3419=EDGE_CURVE('',#4065,#4066,#537,.T.);
#3420=EDGE_CURVE('',#4066,#3836,#538,.T.);
#3421=EDGE_CURVE('',#4067,#4066,#4401,.T.);
#3422=EDGE_CURVE('',#4067,#3837,#539,.T.);
#3423=EDGE_CURVE('',#4067,#4068,#540,.T.);
#3424=EDGE_CURVE('',#4068,#3838,#541,.T.);
#3425=EDGE_CURVE('',#4069,#4068,#4402,.T.);
#3426=EDGE_CURVE('',#4069,#3839,#542,.T.);
#3427=EDGE_CURVE('',#4070,#4069,#543,.T.);
#3428=EDGE_CURVE('',#4070,#3840,#544,.T.);
#3429=EDGE_CURVE('',#4071,#4070,#4403,.T.);
#3430=EDGE_CURVE('',#4071,#3841,#545,.T.);
#3431=EDGE_CURVE('',#4072,#3827,#546,.T.);
#3432=EDGE_CURVE('',#4073,#4072,#4404,.T.);
#3433=EDGE_CURVE('',#4073,#3826,#547,.T.);
#3434=EDGE_CURVE('',#4073,#4074,#548,.T.);
#3435=EDGE_CURVE('',#4074,#3828,#549,.T.);
#3436=EDGE_CURVE('',#4075,#4074,#4405,.T.);
#3437=EDGE_CURVE('',#4075,#3829,#550,.T.);
#3438=EDGE_CURVE('',#4075,#4076,#551,.T.);
#3439=EDGE_CURVE('',#4076,#3830,#552,.T.);
#3440=EDGE_CURVE('',#4077,#4076,#4406,.T.);
#3441=EDGE_CURVE('',#4077,#3831,#553,.T.);
#3442=EDGE_CURVE('',#4078,#4077,#554,.T.);
#3443=EDGE_CURVE('',#4078,#3832,#555,.T.);
#3444=EDGE_CURVE('',#4079,#4078,#4407,.T.);
#3445=EDGE_CURVE('',#4079,#3833,#556,.T.);
#3446=EDGE_CURVE('',#4080,#3819,#557,.T.);
#3447=EDGE_CURVE('',#4081,#4080,#4408,.T.);
#3448=EDGE_CURVE('',#4081,#3818,#558,.T.);
#3449=EDGE_CURVE('',#4081,#4082,#559,.T.);
#3450=EDGE_CURVE('',#4082,#3820,#560,.T.);
#3451=EDGE_CURVE('',#4083,#4082,#4409,.T.);
#3452=EDGE_CURVE('',#4083,#3821,#561,.T.);
#3453=EDGE_CURVE('',#4083,#4084,#562,.T.);
#3454=EDGE_CURVE('',#4084,#3822,#563,.T.);
#3455=EDGE_CURVE('',#4085,#4084,#4410,.T.);
#3456=EDGE_CURVE('',#4085,#3823,#564,.T.);
#3457=EDGE_CURVE('',#4086,#4085,#565,.T.);
#3458=EDGE_CURVE('',#4086,#3824,#566,.T.);
#3459=EDGE_CURVE('',#4087,#4086,#4411,.T.);
#3460=EDGE_CURVE('',#4087,#3825,#567,.T.);
#3461=EDGE_CURVE('',#4088,#3811,#568,.T.);
#3462=EDGE_CURVE('',#4089,#4088,#4412,.T.);
#3463=EDGE_CURVE('',#4089,#3810,#569,.T.);
#3464=EDGE_CURVE('',#4089,#4090,#570,.T.);
#3465=EDGE_CURVE('',#4090,#3812,#571,.T.);
#3466=EDGE_CURVE('',#4091,#4090,#4413,.T.);
#3467=EDGE_CURVE('',#4091,#3813,#572,.T.);
#3468=EDGE_CURVE('',#4091,#4092,#573,.T.);
#3469=EDGE_CURVE('',#4092,#3814,#574,.T.);
#3470=EDGE_CURVE('',#4093,#4092,#4414,.T.);
#3471=EDGE_CURVE('',#4093,#3815,#575,.T.);
#3472=EDGE_CURVE('',#4094,#4093,#576,.T.);
#3473=EDGE_CURVE('',#4094,#3816,#577,.T.);
#3474=EDGE_CURVE('',#4095,#4094,#4415,.T.);
#3475=EDGE_CURVE('',#4095,#3817,#578,.T.);
#3476=EDGE_CURVE('',#4096,#3803,#579,.T.);
#3477=EDGE_CURVE('',#4097,#4096,#4416,.T.);
#3478=EDGE_CURVE('',#4097,#3802,#580,.T.);
#3479=EDGE_CURVE('',#4097,#4098,#581,.T.);
#3480=EDGE_CURVE('',#4098,#3804,#582,.T.);
#3481=EDGE_CURVE('',#4099,#4098,#4417,.T.);
#3482=EDGE_CURVE('',#4099,#3805,#583,.T.);
#3483=EDGE_CURVE('',#4099,#4100,#584,.T.);
#3484=EDGE_CURVE('',#4100,#3806,#585,.T.);
#3485=EDGE_CURVE('',#4101,#4100,#4418,.T.);
#3486=EDGE_CURVE('',#4101,#3807,#586,.T.);
#3487=EDGE_CURVE('',#4102,#4101,#587,.T.);
#3488=EDGE_CURVE('',#4102,#3808,#588,.T.);
#3489=EDGE_CURVE('',#4103,#4102,#4419,.T.);
#3490=EDGE_CURVE('',#4103,#3809,#589,.T.);
#3491=EDGE_CURVE('',#4104,#3795,#590,.T.);
#3492=EDGE_CURVE('',#4105,#4104,#4420,.T.);
#3493=EDGE_CURVE('',#4105,#3794,#591,.T.);
#3494=EDGE_CURVE('',#4105,#4106,#592,.T.);
#3495=EDGE_CURVE('',#4106,#3796,#593,.T.);
#3496=EDGE_CURVE('',#4107,#4106,#4421,.T.);
#3497=EDGE_CURVE('',#4107,#3797,#594,.T.);
#3498=EDGE_CURVE('',#4107,#4108,#595,.T.);
#3499=EDGE_CURVE('',#4108,#3798,#596,.T.);
#3500=EDGE_CURVE('',#4109,#4108,#4422,.T.);
#3501=EDGE_CURVE('',#4109,#3799,#597,.T.);
#3502=EDGE_CURVE('',#4110,#4109,#598,.T.);
#3503=EDGE_CURVE('',#4110,#3800,#599,.T.);
#3504=EDGE_CURVE('',#4111,#4110,#4423,.T.);
#3505=EDGE_CURVE('',#4111,#3801,#600,.T.);
#3506=EDGE_CURVE('',#4112,#3787,#601,.T.);
#3507=EDGE_CURVE('',#4113,#4112,#4424,.T.);
#3508=EDGE_CURVE('',#4113,#3786,#602,.T.);
#3509=EDGE_CURVE('',#4113,#4114,#603,.T.);
#3510=EDGE_CURVE('',#4114,#3788,#604,.T.);
#3511=EDGE_CURVE('',#4115,#4114,#4425,.T.);
#3512=EDGE_CURVE('',#4115,#3789,#605,.T.);
#3513=EDGE_CURVE('',#4115,#4116,#606,.T.);
#3514=EDGE_CURVE('',#4116,#3790,#607,.T.);
#3515=EDGE_CURVE('',#4117,#4116,#4426,.T.);
#3516=EDGE_CURVE('',#4117,#3791,#608,.T.);
#3517=EDGE_CURVE('',#4118,#4117,#609,.T.);
#3518=EDGE_CURVE('',#4118,#3792,#610,.T.);
#3519=EDGE_CURVE('',#4119,#4118,#4427,.T.);
#3520=EDGE_CURVE('',#4119,#3793,#611,.T.);
#3521=EDGE_CURVE('',#4120,#3779,#612,.T.);
#3522=EDGE_CURVE('',#4121,#4120,#4428,.T.);
#3523=EDGE_CURVE('',#4121,#3778,#613,.T.);
#3524=EDGE_CURVE('',#4121,#4122,#614,.T.);
#3525=EDGE_CURVE('',#4122,#3780,#615,.T.);
#3526=EDGE_CURVE('',#4123,#4122,#4429,.T.);
#3527=EDGE_CURVE('',#4123,#3781,#616,.T.);
#3528=EDGE_CURVE('',#4123,#4124,#617,.T.);
#3529=EDGE_CURVE('',#4124,#3782,#618,.T.);
#3530=EDGE_CURVE('',#4125,#4124,#4430,.T.);
#3531=EDGE_CURVE('',#4125,#3783,#619,.T.);
#3532=EDGE_CURVE('',#4126,#4125,#620,.T.);
#3533=EDGE_CURVE('',#4126,#3784,#621,.T.);
#3534=EDGE_CURVE('',#4127,#4126,#4431,.T.);
#3535=EDGE_CURVE('',#4127,#3785,#622,.T.);
#3536=EDGE_CURVE('',#4000,#4007,#623,.T.);
#3537=EDGE_CURVE('',#4008,#4015,#624,.T.);
#3538=EDGE_CURVE('',#4016,#4023,#625,.T.);
#3539=EDGE_CURVE('',#4024,#4031,#626,.T.);
#3540=EDGE_CURVE('',#4032,#4039,#627,.T.);
#3541=EDGE_CURVE('',#4040,#4047,#628,.T.);
#3542=EDGE_CURVE('',#4048,#4055,#629,.T.);
#3543=EDGE_CURVE('',#4056,#4063,#630,.T.);
#3544=EDGE_CURVE('',#4064,#4071,#631,.T.);
#3545=EDGE_CURVE('',#4072,#4079,#632,.T.);
#3546=EDGE_CURVE('',#4080,#4087,#633,.T.);
#3547=EDGE_CURVE('',#4088,#4095,#634,.T.);
#3548=EDGE_CURVE('',#4096,#4103,#635,.T.);
#3549=EDGE_CURVE('',#4104,#4111,#636,.T.);
#3550=EDGE_CURVE('',#4112,#4119,#637,.T.);
#3551=EDGE_CURVE('',#4120,#4127,#638,.T.);
#3552=EDGE_CURVE('',#3996,#3999,#639,.T.);
#3553=EDGE_CURVE('',#3756,#3645,#158,.T.);
#3554=EDGE_CURVE('',#3646,#3755,#159,.T.);
#3555=EDGE_CURVE('',#3757,#3991,#160,.F.);
#3556=EDGE_CURVE('',#3758,#3992,#161,.F.);
#3557=EDGE_CURVE('',#3759,#3993,#4432,.T.);
#3558=EDGE_CURVE('',#3760,#3994,#4433,.T.);
#3559=EDGE_CURVE('',#3761,#3995,#14,.F.);
#3560=EDGE_CURVE('',#3762,#3986,#15,.F.);
#3561=EDGE_CURVE('',#3763,#3987,#4434,.T.);
#3562=EDGE_CURVE('',#3764,#3988,#4435,.T.);
#3563=EDGE_CURVE('',#3765,#3989,#16,.F.);
#3564=EDGE_CURVE('',#3668,#3767,#162,.T.);
#3565=EDGE_CURVE('',#3766,#3667,#163,.T.);
#3566=EDGE_CURVE('',#4128,#4129,#640,.T.);
#3567=EDGE_CURVE('',#4130,#4128,#641,.T.);
#3568=EDGE_CURVE('',#4130,#4131,#642,.T.);
#3569=EDGE_CURVE('',#4131,#4129,#643,.T.);
#3570=EDGE_CURVE('',#4132,#4128,#644,.T.);
#3571=EDGE_CURVE('',#4133,#4132,#645,.T.);
#3572=EDGE_CURVE('',#4133,#4130,#646,.T.);
#3573=EDGE_CURVE('',#4134,#4132,#4436,.T.);
#3574=EDGE_CURVE('',#4135,#4134,#647,.T.);
#3575=EDGE_CURVE('',#4135,#4133,#4437,.T.);
#3576=EDGE_CURVE('',#4136,#4134,#648,.T.);
#3577=EDGE_CURVE('',#4137,#4136,#649,.T.);
#3578=EDGE_CURVE('',#4137,#4135,#650,.T.);
#3579=EDGE_CURVE('',#4138,#4136,#651,.T.);
#3580=EDGE_CURVE('',#4139,#4138,#652,.T.);
#3581=EDGE_CURVE('',#4139,#4137,#653,.T.);
#3582=EDGE_CURVE('',#4140,#4138,#4438,.T.);
#3583=EDGE_CURVE('',#4141,#4140,#654,.T.);
#3584=EDGE_CURVE('',#4141,#4139,#4439,.T.);
#3585=EDGE_CURVE('',#4142,#4140,#655,.T.);
#3586=EDGE_CURVE('',#4143,#4142,#656,.T.);
#3587=EDGE_CURVE('',#4143,#4141,#657,.T.);
#3588=EDGE_CURVE('',#4144,#4142,#4440,.T.);
#3589=EDGE_CURVE('',#4145,#4144,#658,.T.);
#3590=EDGE_CURVE('',#4145,#4143,#4441,.T.);
#3591=EDGE_CURVE('',#4146,#4144,#659,.T.);
#3592=EDGE_CURVE('',#4147,#4146,#660,.T.);
#3593=EDGE_CURVE('',#4147,#4145,#661,.T.);
#3594=EDGE_CURVE('',#4148,#4146,#4442,.T.);
#3595=EDGE_CURVE('',#4149,#4148,#662,.T.);
#3596=EDGE_CURVE('',#4149,#4147,#4443,.T.);
#3597=EDGE_CURVE('',#4150,#4148,#663,.T.);
#3598=EDGE_CURVE('',#4151,#4150,#664,.T.);
#3599=EDGE_CURVE('',#4151,#4149,#665,.T.);
#3600=EDGE_CURVE('',#4152,#4150,#4444,.T.);
#3601=EDGE_CURVE('',#4153,#4152,#666,.T.);
#3602=EDGE_CURVE('',#4153,#4151,#4445,.T.);
#3603=EDGE_CURVE('',#4154,#4152,#667,.T.);
#3604=EDGE_CURVE('',#4155,#4154,#668,.T.);
#3605=EDGE_CURVE('',#4155,#4153,#669,.T.);
#3606=EDGE_CURVE('',#4156,#4154,#4446,.T.);
#3607=EDGE_CURVE('',#4157,#4156,#670,.T.);
#3608=EDGE_CURVE('',#4157,#4155,#4447,.T.);
#3609=EDGE_CURVE('',#4158,#4156,#671,.T.);
#3610=EDGE_CURVE('',#4159,#4158,#672,.T.);
#3611=EDGE_CURVE('',#4159,#4157,#673,.T.);
#3612=EDGE_CURVE('',#4160,#4158,#674,.T.);
#3613=EDGE_CURVE('',#4161,#4160,#675,.T.);
#3614=EDGE_CURVE('',#4161,#4159,#676,.T.);
#3615=EDGE_CURVE('',#4162,#4160,#4448,.T.);
#3616=EDGE_CURVE('',#4163,#4162,#677,.T.);
#3617=EDGE_CURVE('',#4163,#4161,#4449,.T.);
#3618=EDGE_CURVE('',#4164,#4162,#678,.T.);
#3619=EDGE_CURVE('',#4165,#4164,#679,.T.);
#3620=EDGE_CURVE('',#4165,#4163,#680,.T.);
#3621=EDGE_CURVE('',#4129,#4164,#4450,.T.);
#3622=EDGE_CURVE('',#4131,#4165,#4451,.T.);
#3623=EDGE_CURVE('',#4166,#4166,#4452,.T.);
#3624=EDGE_CURVE('',#4167,#4167,#4453,.T.);
#3625=EDGE_CURVE('',#4168,#4168,#4454,.T.);
#3626=EDGE_CURVE('',#4169,#4169,#4455,.T.);
#3627=EDGE_CURVE('',#4170,#4170,#4456,.T.);
#3628=EDGE_CURVE('',#4171,#4171,#4457,.T.);
#3629=EDGE_CURVE('',#4172,#4172,#4458,.T.);
#3630=EDGE_CURVE('',#4173,#4173,#4459,.T.);
#3631=EDGE_CURVE('',#4174,#4174,#4460,.T.);
#3632=EDGE_CURVE('',#4175,#4175,#4461,.T.);
#3633=VERTEX_POINT('',#7843);
#3634=VERTEX_POINT('',#7844);
#3635=VERTEX_POINT('',#7846);
#3636=VERTEX_POINT('',#7848);
#3637=VERTEX_POINT('',#7852);
#3638=VERTEX_POINT('',#7853);
#3639=VERTEX_POINT('',#7855);
#3640=VERTEX_POINT('',#7857);
#3641=VERTEX_POINT('',#7861);
#3642=VERTEX_POINT('',#7862);
#3643=VERTEX_POINT('',#7864);
#3644=VERTEX_POINT('',#7866);
#3645=VERTEX_POINT('',#7874);
#3646=VERTEX_POINT('',#7875);
#3647=VERTEX_POINT('',#7880);
#3648=VERTEX_POINT('',#7882);
#3649=VERTEX_POINT('',#7897);
#3650=VERTEX_POINT('',#7898);
#3651=VERTEX_POINT('',#7900);
#3652=VERTEX_POINT('',#7902);
#3653=VERTEX_POINT('',#7904);
#3654=VERTEX_POINT('',#7906);
#3655=VERTEX_POINT('',#7918);
#3656=VERTEX_POINT('',#7919);
#3657=VERTEX_POINT('',#7921);
#3658=VERTEX_POINT('',#7923);
#3659=VERTEX_POINT('',#7925);
#3660=VERTEX_POINT('',#7927);
#3661=VERTEX_POINT('',#7939);
#3662=VERTEX_POINT('',#7940);
#3663=VERTEX_POINT('',#7942);
#3664=VERTEX_POINT('',#7944);
#3665=VERTEX_POINT('',#7946);
#3666=VERTEX_POINT('',#7948);
#3667=VERTEX_POINT('',#7956);
#3668=VERTEX_POINT('',#7957);
#3669=VERTEX_POINT('',#7962);
#3670=VERTEX_POINT('',#7964);
#3671=VERTEX_POINT('',#7971);
#3672=VERTEX_POINT('',#7972);
#3673=VERTEX_POINT('',#7974);
#3674=VERTEX_POINT('',#7976);
#3675=VERTEX_POINT('',#7980);
#3676=VERTEX_POINT('',#7981);
#3677=VERTEX_POINT('',#7983);
#3678=VERTEX_POINT('',#7985);
#3679=VERTEX_POINT('',#7989);
#3680=VERTEX_POINT('',#7990);
#3681=VERTEX_POINT('',#7992);
#3682=VERTEX_POINT('',#7994);
#3683=VERTEX_POINT('',#7998);
#3684=VERTEX_POINT('',#7999);
#3685=VERTEX_POINT('',#8001);
#3686=VERTEX_POINT('',#8003);
#3687=VERTEX_POINT('',#8007);
#3688=VERTEX_POINT('',#8008);
#3689=VERTEX_POINT('',#8010);
#3690=VERTEX_POINT('',#8012);
#3691=VERTEX_POINT('',#8016);
#3692=VERTEX_POINT('',#8017);
#3693=VERTEX_POINT('',#8019);
#3694=VERTEX_POINT('',#8021);
#3695=VERTEX_POINT('',#8025);
#3696=VERTEX_POINT('',#8026);
#3697=VERTEX_POINT('',#8028);
#3698=VERTEX_POINT('',#8030);
#3699=VERTEX_POINT('',#8034);
#3700=VERTEX_POINT('',#8036);
#3701=VERTEX_POINT('',#8040);
#3702=VERTEX_POINT('',#8041);
#3703=VERTEX_POINT('',#8043);
#3704=VERTEX_POINT('',#8045);
#3705=VERTEX_POINT('',#8049);
#3706=VERTEX_POINT('',#8050);
#3707=VERTEX_POINT('',#8052);
#3708=VERTEX_POINT('',#8054);
#3709=VERTEX_POINT('',#8058);
#3710=VERTEX_POINT('',#8059);
#3711=VERTEX_POINT('',#8061);
#3712=VERTEX_POINT('',#8063);
#3713=VERTEX_POINT('',#8067);
#3714=VERTEX_POINT('',#8069);
#3715=VERTEX_POINT('',#8073);
#3716=VERTEX_POINT('',#8075);
#3717=VERTEX_POINT('',#8079);
#3718=VERTEX_POINT('',#8080);
#3719=VERTEX_POINT('',#8082);
#3720=VERTEX_POINT('',#8084);
#3721=VERTEX_POINT('',#8088);
#3722=VERTEX_POINT('',#8090);
#3723=VERTEX_POINT('',#8094);
#3724=VERTEX_POINT('',#8096);
#3725=VERTEX_POINT('',#8100);
#3726=VERTEX_POINT('',#8101);
#3727=VERTEX_POINT('',#8103);
#3728=VERTEX_POINT('',#8105);
#3729=VERTEX_POINT('',#8109);
#3730=VERTEX_POINT('',#8110);
#3731=VERTEX_POINT('',#8112);
#3732=VERTEX_POINT('',#8114);
#3733=VERTEX_POINT('',#8118);
#3734=VERTEX_POINT('',#8119);
#3735=VERTEX_POINT('',#8121);
#3736=VERTEX_POINT('',#8123);
#3737=VERTEX_POINT('',#8127);
#3738=VERTEX_POINT('',#8128);
#3739=VERTEX_POINT('',#8130);
#3740=VERTEX_POINT('',#8132);
#3741=VERTEX_POINT('',#8139);
#3742=VERTEX_POINT('',#8140);
#3743=VERTEX_POINT('',#8142);
#3744=VERTEX_POINT('',#8144);
#3745=VERTEX_POINT('',#8154);
#3746=VERTEX_POINT('',#8156);
#3747=VERTEX_POINT('',#8160);
#3748=VERTEX_POINT('',#8162);
#3749=VERTEX_POINT('',#8178);
#3750=VERTEX_POINT('',#8180);
#3751=VERTEX_POINT('',#8202);
#3752=VERTEX_POINT('',#8204);
#3753=VERTEX_POINT('',#8208);
#3754=VERTEX_POINT('',#8210);
#3755=VERTEX_POINT('',#8214);
#3756=VERTEX_POINT('',#8215);
#3757=VERTEX_POINT('',#8217);
#3758=VERTEX_POINT('',#8219);
#3759=VERTEX_POINT('',#8221);
#3760=VERTEX_POINT('',#8223);
#3761=VERTEX_POINT('',#8227);
#3762=VERTEX_POINT('',#8233);
#3763=VERTEX_POINT('',#8235);
#3764=VERTEX_POINT('',#8237);
#3765=VERTEX_POINT('',#8239);
#3766=VERTEX_POINT('',#8241);
#3767=VERTEX_POINT('',#8243);
#3768=VERTEX_POINT('',#8245);
#3769=VERTEX_POINT('',#8247);
#3770=VERTEX_POINT('',#8249);
#3771=VERTEX_POINT('',#8251);
#3772=VERTEX_POINT('',#8254);
#3773=VERTEX_POINT('',#8256);
#3774=VERTEX_POINT('',#8258);
#3775=VERTEX_POINT('',#8260);
#3776=VERTEX_POINT('',#8262);
#3777=VERTEX_POINT('',#8264);
#3778=VERTEX_POINT('',#8266);
#3779=VERTEX_POINT('',#8267);
#3780=VERTEX_POINT('',#8269);
#3781=VERTEX_POINT('',#8271);
#3782=VERTEX_POINT('',#8273);
#3783=VERTEX_POINT('',#8275);
#3784=VERTEX_POINT('',#8277);
#3785=VERTEX_POINT('',#8279);
#3786=VERTEX_POINT('',#8282);
#3787=VERTEX_POINT('',#8283);
#3788=VERTEX_POINT('',#8285);
#3789=VERTEX_POINT('',#8287);
#3790=VERTEX_POINT('',#8289);
#3791=VERTEX_POINT('',#8291);
#3792=VERTEX_POINT('',#8293);
#3793=VERTEX_POINT('',#8295);
#3794=VERTEX_POINT('',#8298);
#3795=VERTEX_POINT('',#8299);
#3796=VERTEX_POINT('',#8301);
#3797=VERTEX_POINT('',#8303);
#3798=VERTEX_POINT('',#8305);
#3799=VERTEX_POINT('',#8307);
#3800=VERTEX_POINT('',#8309);
#3801=VERTEX_POINT('',#8311);
#3802=VERTEX_POINT('',#8314);
#3803=VERTEX_POINT('',#8315);
#3804=VERTEX_POINT('',#8317);
#3805=VERTEX_POINT('',#8319);
#3806=VERTEX_POINT('',#8321);
#3807=VERTEX_POINT('',#8323);
#3808=VERTEX_POINT('',#8325);
#3809=VERTEX_POINT('',#8327);
#3810=VERTEX_POINT('',#8330);
#3811=VERTEX_POINT('',#8331);
#3812=VERTEX_POINT('',#8333);
#3813=VERTEX_POINT('',#8335);
#3814=VERTEX_POINT('',#8337);
#3815=VERTEX_POINT('',#8339);
#3816=VERTEX_POINT('',#8341);
#3817=VERTEX_POINT('',#8343);
#3818=VERTEX_POINT('',#8346);
#3819=VERTEX_POINT('',#8347);
#3820=VERTEX_POINT('',#8349);
#3821=VERTEX_POINT('',#8351);
#3822=VERTEX_POINT('',#8353);
#3823=VERTEX_POINT('',#8355);
#3824=VERTEX_POINT('',#8357);
#3825=VERTEX_POINT('',#8359);
#3826=VERTEX_POINT('',#8362);
#3827=VERTEX_POINT('',#8363);
#3828=VERTEX_POINT('',#8365);
#3829=VERTEX_POINT('',#8367);
#3830=VERTEX_POINT('',#8369);
#3831=VERTEX_POINT('',#8371);
#3832=VERTEX_POINT('',#8373);
#3833=VERTEX_POINT('',#8375);
#3834=VERTEX_POINT('',#8378);
#3835=VERTEX_POINT('',#8379);
#3836=VERTEX_POINT('',#8381);
#3837=VERTEX_POINT('',#8383);
#3838=VERTEX_POINT('',#8385);
#3839=VERTEX_POINT('',#8387);
#3840=VERTEX_POINT('',#8389);
#3841=VERTEX_POINT('',#8391);
#3842=VERTEX_POINT('',#8394);
#3843=VERTEX_POINT('',#8395);
#3844=VERTEX_POINT('',#8397);
#3845=VERTEX_POINT('',#8399);
#3846=VERTEX_POINT('',#8401);
#3847=VERTEX_POINT('',#8403);
#3848=VERTEX_POINT('',#8405);
#3849=VERTEX_POINT('',#8407);
#3850=VERTEX_POINT('',#8410);
#3851=VERTEX_POINT('',#8411);
#3852=VERTEX_POINT('',#8413);
#3853=VERTEX_POINT('',#8415);
#3854=VERTEX_POINT('',#8417);
#3855=VERTEX_POINT('',#8419);
#3856=VERTEX_POINT('',#8421);
#3857=VERTEX_POINT('',#8423);
#3858=VERTEX_POINT('',#8426);
#3859=VERTEX_POINT('',#8427);
#3860=VERTEX_POINT('',#8429);
#3861=VERTEX_POINT('',#8431);
#3862=VERTEX_POINT('',#8433);
#3863=VERTEX_POINT('',#8435);
#3864=VERTEX_POINT('',#8437);
#3865=VERTEX_POINT('',#8439);
#3866=VERTEX_POINT('',#8442);
#3867=VERTEX_POINT('',#8443);
#3868=VERTEX_POINT('',#8445);
#3869=VERTEX_POINT('',#8447);
#3870=VERTEX_POINT('',#8449);
#3871=VERTEX_POINT('',#8451);
#3872=VERTEX_POINT('',#8453);
#3873=VERTEX_POINT('',#8455);
#3874=VERTEX_POINT('',#8458);
#3875=VERTEX_POINT('',#8459);
#3876=VERTEX_POINT('',#8461);
#3877=VERTEX_POINT('',#8463);
#3878=VERTEX_POINT('',#8465);
#3879=VERTEX_POINT('',#8467);
#3880=VERTEX_POINT('',#8469);
#3881=VERTEX_POINT('',#8471);
#3882=VERTEX_POINT('',#8474);
#3883=VERTEX_POINT('',#8475);
#3884=VERTEX_POINT('',#8477);
#3885=VERTEX_POINT('',#8479);
#3886=VERTEX_POINT('',#8481);
#3887=VERTEX_POINT('',#8483);
#3888=VERTEX_POINT('',#8485);
#3889=VERTEX_POINT('',#8487);
#3890=VERTEX_POINT('',#8490);
#3891=VERTEX_POINT('',#8491);
#3892=VERTEX_POINT('',#8493);
#3893=VERTEX_POINT('',#8495);
#3894=VERTEX_POINT('',#8497);
#3895=VERTEX_POINT('',#8499);
#3896=VERTEX_POINT('',#8501);
#3897=VERTEX_POINT('',#8503);
#3898=VERTEX_POINT('',#8506);
#3899=VERTEX_POINT('',#8507);
#3900=VERTEX_POINT('',#8509);
#3901=VERTEX_POINT('',#8511);
#3902=VERTEX_POINT('',#8513);
#3903=VERTEX_POINT('',#8515);
#3904=VERTEX_POINT('',#8517);
#3905=VERTEX_POINT('',#8519);
#3906=VERTEX_POINT('',#8522);
#3907=VERTEX_POINT('',#8523);
#3908=VERTEX_POINT('',#8525);
#3909=VERTEX_POINT('',#8527);
#3910=VERTEX_POINT('',#8531);
#3911=VERTEX_POINT('',#8532);
#3912=VERTEX_POINT('',#8535);
#3913=VERTEX_POINT('',#8539);
#3914=VERTEX_POINT('',#8541);
#3915=VERTEX_POINT('',#8543);
#3916=VERTEX_POINT('',#8545);
#3917=VERTEX_POINT('',#8547);
#3918=VERTEX_POINT('',#8549);
#3919=VERTEX_POINT('',#8551);
#3920=VERTEX_POINT('',#8552);
#3921=VERTEX_POINT('',#8554);
#3922=VERTEX_POINT('',#8556);
#3923=VERTEX_POINT('',#8561);
#3924=VERTEX_POINT('',#8563);
#3925=VERTEX_POINT('',#8565);
#3926=VERTEX_POINT('',#8567);
#3927=VERTEX_POINT('',#8569);
#3928=VERTEX_POINT('',#8571);
#3929=VERTEX_POINT('',#8573);
#3930=VERTEX_POINT('',#8575);
#3931=VERTEX_POINT('',#8577);
#3932=VERTEX_POINT('',#8579);
#3933=VERTEX_POINT('',#8581);
#3934=VERTEX_POINT('',#8584);
#3935=VERTEX_POINT('',#8586);
#3936=VERTEX_POINT('',#8589);
#3937=VERTEX_POINT('',#8591);
#3938=VERTEX_POINT('',#8593);
#3939=VERTEX_POINT('',#8595);
#3940=VERTEX_POINT('',#8598);
#3941=VERTEX_POINT('',#8600);
#3942=VERTEX_POINT('',#8602);
#3943=VERTEX_POINT('',#8606);
#3944=VERTEX_POINT('',#8608);
#3945=VERTEX_POINT('',#8612);
#3946=VERTEX_POINT('',#8614);
#3947=VERTEX_POINT('',#8616);
#3948=VERTEX_POINT('',#8618);
#3949=VERTEX_POINT('',#8620);
#3950=VERTEX_POINT('',#8623);
#3951=VERTEX_POINT('',#8625);
#3952=VERTEX_POINT('',#8627);
#3953=VERTEX_POINT('',#8629);
#3954=VERTEX_POINT('',#8632);
#3955=VERTEX_POINT('',#8634);
#3956=VERTEX_POINT('',#8637);
#3957=VERTEX_POINT('',#8639);
#3958=VERTEX_POINT('',#8641);
#3959=VERTEX_POINT('',#8643);
#3960=VERTEX_POINT('',#8645);
#3961=VERTEX_POINT('',#8647);
#3962=VERTEX_POINT('',#8649);
#3963=VERTEX_POINT('',#8651);
#3964=VERTEX_POINT('',#8653);
#3965=VERTEX_POINT('',#8655);
#3966=VERTEX_POINT('',#8657);
#3967=VERTEX_POINT('',#8660);
#3968=VERTEX_POINT('',#8662);
#3969=VERTEX_POINT('',#8664);
#3970=VERTEX_POINT('',#8666);
#3971=VERTEX_POINT('',#8668);
#3972=VERTEX_POINT('',#8670);
#3973=VERTEX_POINT('',#8672);
#3974=VERTEX_POINT('',#8674);
#3975=VERTEX_POINT('',#8676);
#3976=VERTEX_POINT('',#8678);
#3977=VERTEX_POINT('',#8680);
#3978=VERTEX_POINT('',#8682);
#3979=VERTEX_POINT('',#8684);
#3980=VERTEX_POINT('',#8686);
#3981=VERTEX_POINT('',#8688);
#3982=VERTEX_POINT('',#8690);
#3983=VERTEX_POINT('',#8692);
#3984=VERTEX_POINT('',#8694);
#3985=VERTEX_POINT('',#8696);
#3986=VERTEX_POINT('',#8748);
#3987=VERTEX_POINT('',#8753);
#3988=VERTEX_POINT('',#8757);
#3989=VERTEX_POINT('',#8761);
#3990=VERTEX_POINT('',#8770);
#3991=VERTEX_POINT('',#8776);
#3992=VERTEX_POINT('',#8780);
#3993=VERTEX_POINT('',#8784);
#3994=VERTEX_POINT('',#8788);
#3995=VERTEX_POINT('',#8797);
#3996=VERTEX_POINT('',#8822);
#3997=VERTEX_POINT('',#8824);
#3998=VERTEX_POINT('',#8828);
#3999=VERTEX_POINT('',#8832);
#4000=VERTEX_POINT('',#8836);
#4001=VERTEX_POINT('',#8838);
#4002=VERTEX_POINT('',#8842);
#4003=VERTEX_POINT('',#8846);
#4004=VERTEX_POINT('',#8850);
#4005=VERTEX_POINT('',#8854);
#4006=VERTEX_POINT('',#8858);
#4007=VERTEX_POINT('',#8862);
#4008=VERTEX_POINT('',#8866);
#4009=VERTEX_POINT('',#8868);
#4010=VERTEX_POINT('',#8872);
#4011=VERTEX_POINT('',#8876);
#4012=VERTEX_POINT('',#8880);
#4013=VERTEX_POINT('',#8884);
#4014=VERTEX_POINT('',#8888);
#4015=VERTEX_POINT('',#8892);
#4016=VERTEX_POINT('',#8896);
#4017=VERTEX_POINT('',#8898);
#4018=VERTEX_POINT('',#8902);
#4019=VERTEX_POINT('',#8906);
#4020=VERTEX_POINT('',#8910);
#4021=VERTEX_POINT('',#8914);
#4022=VERTEX_POINT('',#8918);
#4023=VERTEX_POINT('',#8922);
#4024=VERTEX_POINT('',#8926);
#4025=VERTEX_POINT('',#8928);
#4026=VERTEX_POINT('',#8932);
#4027=VERTEX_POINT('',#8936);
#4028=VERTEX_POINT('',#8940);
#4029=VERTEX_POINT('',#8944);
#4030=VERTEX_POINT('',#8948);
#4031=VERTEX_POINT('',#8952);
#4032=VERTEX_POINT('',#8956);
#4033=VERTEX_POINT('',#8958);
#4034=VERTEX_POINT('',#8962);
#4035=VERTEX_POINT('',#8966);
#4036=VERTEX_POINT('',#8970);
#4037=VERTEX_POINT('',#8974);
#4038=VERTEX_POINT('',#8978);
#4039=VERTEX_POINT('',#8982);
#4040=VERTEX_POINT('',#8986);
#4041=VERTEX_POINT('',#8988);
#4042=VERTEX_POINT('',#8992);
#4043=VERTEX_POINT('',#8996);
#4044=VERTEX_POINT('',#9000);
#4045=VERTEX_POINT('',#9004);
#4046=VERTEX_POINT('',#9008);
#4047=VERTEX_POINT('',#9012);
#4048=VERTEX_POINT('',#9016);
#4049=VERTEX_POINT('',#9018);
#4050=VERTEX_POINT('',#9022);
#4051=VERTEX_POINT('',#9026);
#4052=VERTEX_POINT('',#9030);
#4053=VERTEX_POINT('',#9034);
#4054=VERTEX_POINT('',#9038);
#4055=VERTEX_POINT('',#9042);
#4056=VERTEX_POINT('',#9046);
#4057=VERTEX_POINT('',#9048);
#4058=VERTEX_POINT('',#9052);
#4059=VERTEX_POINT('',#9056);
#4060=VERTEX_POINT('',#9060);
#4061=VERTEX_POINT('',#9064);
#4062=VERTEX_POINT('',#9068);
#4063=VERTEX_POINT('',#9072);
#4064=VERTEX_POINT('',#9076);
#4065=VERTEX_POINT('',#9078);
#4066=VERTEX_POINT('',#9082);
#4067=VERTEX_POINT('',#9086);
#4068=VERTEX_POINT('',#9090);
#4069=VERTEX_POINT('',#9094);
#4070=VERTEX_POINT('',#9098);
#4071=VERTEX_POINT('',#9102);
#4072=VERTEX_POINT('',#9106);
#4073=VERTEX_POINT('',#9108);
#4074=VERTEX_POINT('',#9112);
#4075=VERTEX_POINT('',#9116);
#4076=VERTEX_POINT('',#9120);
#4077=VERTEX_POINT('',#9124);
#4078=VERTEX_POINT('',#9128);
#4079=VERTEX_POINT('',#9132);
#4080=VERTEX_POINT('',#9136);
#4081=VERTEX_POINT('',#9138);
#4082=VERTEX_POINT('',#9142);
#4083=VERTEX_POINT('',#9146);
#4084=VERTEX_POINT('',#9150);
#4085=VERTEX_POINT('',#9154);
#4086=VERTEX_POINT('',#9158);
#4087=VERTEX_POINT('',#9162);
#4088=VERTEX_POINT('',#9166);
#4089=VERTEX_POINT('',#9168);
#4090=VERTEX_POINT('',#9172);
#4091=VERTEX_POINT('',#9176);
#4092=VERTEX_POINT('',#9180);
#4093=VERTEX_POINT('',#9184);
#4094=VERTEX_POINT('',#9188);
#4095=VERTEX_POINT('',#9192);
#4096=VERTEX_POINT('',#9196);
#4097=VERTEX_POINT('',#9198);
#4098=VERTEX_POINT('',#9202);
#4099=VERTEX_POINT('',#9206);
#4100=VERTEX_POINT('',#9210);
#4101=VERTEX_POINT('',#9214);
#4102=VERTEX_POINT('',#9218);
#4103=VERTEX_POINT('',#9222);
#4104=VERTEX_POINT('',#9226);
#4105=VERTEX_POINT('',#9228);
#4106=VERTEX_POINT('',#9232);
#4107=VERTEX_POINT('',#9236);
#4108=VERTEX_POINT('',#9240);
#4109=VERTEX_POINT('',#9244);
#4110=VERTEX_POINT('',#9248);
#4111=VERTEX_POINT('',#9252);
#4112=VERTEX_POINT('',#9256);
#4113=VERTEX_POINT('',#9258);
#4114=VERTEX_POINT('',#9262);
#4115=VERTEX_POINT('',#9266);
#4116=VERTEX_POINT('',#9270);
#4117=VERTEX_POINT('',#9274);
#4118=VERTEX_POINT('',#9278);
#4119=VERTEX_POINT('',#9282);
#4120=VERTEX_POINT('',#9286);
#4121=VERTEX_POINT('',#9288);
#4122=VERTEX_POINT('',#9292);
#4123=VERTEX_POINT('',#9296);
#4124=VERTEX_POINT('',#9300);
#4125=VERTEX_POINT('',#9304);
#4126=VERTEX_POINT('',#9308);
#4127=VERTEX_POINT('',#9312);
#4128=VERTEX_POINT('',#9405);
#4129=VERTEX_POINT('',#9406);
#4130=VERTEX_POINT('',#9408);
#4131=VERTEX_POINT('',#9410);
#4132=VERTEX_POINT('',#9414);
#4133=VERTEX_POINT('',#9416);
#4134=VERTEX_POINT('',#9420);
#4135=VERTEX_POINT('',#9422);
#4136=VERTEX_POINT('',#9426);
#4137=VERTEX_POINT('',#9428);
#4138=VERTEX_POINT('',#9432);
#4139=VERTEX_POINT('',#9434);
#4140=VERTEX_POINT('',#9438);
#4141=VERTEX_POINT('',#9440);
#4142=VERTEX_POINT('',#9444);
#4143=VERTEX_POINT('',#9446);
#4144=VERTEX_POINT('',#9450);
#4145=VERTEX_POINT('',#9452);
#4146=VERTEX_POINT('',#9456);
#4147=VERTEX_POINT('',#9458);
#4148=VERTEX_POINT('',#9462);
#4149=VERTEX_POINT('',#9464);
#4150=VERTEX_POINT('',#9468);
#4151=VERTEX_POINT('',#9470);
#4152=VERTEX_POINT('',#9474);
#4153=VERTEX_POINT('',#9476);
#4154=VERTEX_POINT('',#9480);
#4155=VERTEX_POINT('',#9482);
#4156=VERTEX_POINT('',#9486);
#4157=VERTEX_POINT('',#9488);
#4158=VERTEX_POINT('',#9492);
#4159=VERTEX_POINT('',#9494);
#4160=VERTEX_POINT('',#9498);
#4161=VERTEX_POINT('',#9500);
#4162=VERTEX_POINT('',#9504);
#4163=VERTEX_POINT('',#9506);
#4164=VERTEX_POINT('',#9510);
#4165=VERTEX_POINT('',#9512);
#4166=VERTEX_POINT('',#9519);
#4167=VERTEX_POINT('',#9521);
#4168=VERTEX_POINT('',#9523);
#4169=VERTEX_POINT('',#9525);
#4170=VERTEX_POINT('',#9527);
#4171=VERTEX_POINT('',#9530);
#4172=VERTEX_POINT('',#9532);
#4173=VERTEX_POINT('',#9534);
#4174=VERTEX_POINT('',#9536);
#4175=VERTEX_POINT('',#9538);
#4176=CIRCLE('',#5616,0.00199999850585);
#4177=CIRCLE('',#5617,0.00199999850585);
#4178=CIRCLE('',#5619,0.00199999850585);
#4179=CIRCLE('',#5620,0.00199999850585);
#4180=CIRCLE('',#5622,0.002000002202773);
#4181=CIRCLE('',#5623,0.002000002202773);
#4182=CIRCLE('',#5625,0.00335525591143177);
#4183=CIRCLE('',#5627,0.00200000220277283);
#4184=CIRCLE('',#5628,0.002);
#4185=CIRCLE('',#5629,0.00400000220277283);
#4186=CIRCLE('',#5630,0.002);
#4187=CIRCLE('',#5631,0.00200000220277283);
#4188=CIRCLE('',#5633,0.00199999850584993);
#4189=CIRCLE('',#5634,0.002);
#4190=CIRCLE('',#5635,0.00399999850584993);
#4191=CIRCLE('',#5636,0.002);
#4192=CIRCLE('',#5637,0.00199999850584993);
#4193=CIRCLE('',#5639,0.00199999850585007);
#4194=CIRCLE('',#5640,0.002);
#4195=CIRCLE('',#5641,0.00399999850585007);
#4196=CIRCLE('',#5642,0.002);
#4197=CIRCLE('',#5643,0.00199999850585007);
#4198=CIRCLE('',#5645,0.00335525591143199);
#4199=CIRCLE('',#5658,0.00315505572632298);
#4200=CIRCLE('',#5659,0.00315505572632298);
#4201=CIRCLE('',#5663,0.00399999850585);
#4202=CIRCLE('',#5664,0.00399999850585);
#4203=CIRCLE('',#5670,0.00399999850584988);
#4204=CIRCLE('',#5671,0.00399999850584988);
#4205=CIRCLE('',#5675,0.002);
#4206=CIRCLE('',#5676,0.002);
#4207=CIRCLE('',#5678,0.002);
#4208=CIRCLE('',#5679,0.002);
#4209=CIRCLE('',#5681,0.002);
#4210=CIRCLE('',#5682,0.002);
#4211=CIRCLE('',#5684,0.002);
#4212=CIRCLE('',#5685,0.002);
#4213=CIRCLE('',#5687,0.002);
#4214=CIRCLE('',#5688,0.002);
#4215=CIRCLE('',#5690,0.002);
#4216=CIRCLE('',#5691,0.002);
#4217=CIRCLE('',#5693,0.002);
#4218=CIRCLE('',#5694,0.002);
#4219=CIRCLE('',#5696,0.002);
#4220=CIRCLE('',#5697,0.002);
#4221=CIRCLE('',#5699,0.002);
#4222=CIRCLE('',#5700,0.002);
#4223=CIRCLE('',#5702,0.002);
#4224=CIRCLE('',#5703,0.002);
#4225=CIRCLE('',#5705,0.002);
#4226=CIRCLE('',#5706,0.002);
#4227=CIRCLE('',#5708,0.002);
#4228=CIRCLE('',#5709,0.002);
#4229=CIRCLE('',#5711,0.002);
#4230=CIRCLE('',#5712,0.002);
#4231=CIRCLE('',#5714,0.002);
#4232=CIRCLE('',#5715,0.002);
#4233=CIRCLE('',#5717,0.002);
#4234=CIRCLE('',#5718,0.002);
#4235=CIRCLE('',#5720,0.002);
#4236=CIRCLE('',#5721,0.002);
#4237=CIRCLE('',#5723,0.002);
#4238=CIRCLE('',#5724,0.002);
#4239=CIRCLE('',#5726,0.0015);
#4240=CIRCLE('',#5727,0.00135525591143231);
#4241=CIRCLE('',#5728,0.00199999850585001);
#4242=CIRCLE('',#5729,0.0015);
#4243=CIRCLE('',#5730,0.0015);
#4244=CIRCLE('',#5731,0.0015);
#4245=CIRCLE('',#5732,0.00199999850584987);
#4246=CIRCLE('',#5733,0.0015);
#4247=CIRCLE('',#5734,0.0011);
#4248=CIRCLE('',#5735,0.0011);
#4249=CIRCLE('',#5736,0.0011);
#4250=CIRCLE('',#5737,0.0011);
#4251=CIRCLE('',#5738,0.0011);
#4252=CIRCLE('',#5739,0.0011);
#4253=CIRCLE('',#5740,0.0005);
#4254=CIRCLE('',#5741,0.0005);
#4255=CIRCLE('',#5742,0.0005);
#4256=CIRCLE('',#5743,0.0005);
#4257=CIRCLE('',#5744,0.0005);
#4258=CIRCLE('',#5745,0.0005);
#4259=CIRCLE('',#5746,0.0005);
#4260=CIRCLE('',#5747,0.0005);
#4261=CIRCLE('',#5748,0.0005);
#4262=CIRCLE('',#5749,0.0005);
#4263=CIRCLE('',#5750,0.0005);
#4264=CIRCLE('',#5751,0.0005);
#4265=CIRCLE('',#5752,0.0005);
#4266=CIRCLE('',#5753,0.0005);
#4267=CIRCLE('',#5754,0.0005);
#4268=CIRCLE('',#5755,0.0005);
#4269=CIRCLE('',#5756,0.0005);
#4270=CIRCLE('',#5757,0.0005);
#4271=CIRCLE('',#5758,0.0005);
#4272=CIRCLE('',#5759,0.0005);
#4273=CIRCLE('',#5760,0.0005);
#4274=CIRCLE('',#5761,0.0005);
#4275=CIRCLE('',#5762,0.0005);
#4276=CIRCLE('',#5763,0.0005);
#4277=CIRCLE('',#5764,0.0005);
#4278=CIRCLE('',#5765,0.0005);
#4279=CIRCLE('',#5766,0.0005);
#4280=CIRCLE('',#5767,0.0005);
#4281=CIRCLE('',#5768,0.0005);
#4282=CIRCLE('',#5769,0.0005);
#4283=CIRCLE('',#5770,0.0005);
#4284=CIRCLE('',#5771,0.000500000000000014);
#4285=CIRCLE('',#5772,0.0005);
#4286=CIRCLE('',#5773,0.0005);
#4287=CIRCLE('',#5774,0.0005);
#4288=CIRCLE('',#5775,0.0005);
#4289=CIRCLE('',#5776,0.0005);
#4290=CIRCLE('',#5777,0.0005);
#4291=CIRCLE('',#5778,0.0005);
#4292=CIRCLE('',#5779,0.0005);
#4293=CIRCLE('',#5780,0.0005);
#4294=CIRCLE('',#5781,0.0005);
#4295=CIRCLE('',#5782,0.0005);
#4296=CIRCLE('',#5783,0.0005);
#4297=CIRCLE('',#5784,0.0005);
#4298=CIRCLE('',#5785,0.0005);
#4299=CIRCLE('',#5786,0.0005);
#4300=CIRCLE('',#5787,0.0005);
#4301=CIRCLE('',#5788,0.00049999999999998);
#4302=CIRCLE('',#5789,0.000500000000000011);
#4303=CIRCLE('',#5790,0.0005);
#4304=CIRCLE('',#5791,0.00049999999999998);
#4305=CIRCLE('',#5792,0.0005);
#4306=CIRCLE('',#5793,0.0005);
#4307=CIRCLE('',#5794,0.0005);
#4308=CIRCLE('',#5795,0.0005);
#4309=CIRCLE('',#5796,0.0005);
#4310=CIRCLE('',#5797,0.0005);
#4311=CIRCLE('',#5798,0.0005);
#4312=CIRCLE('',#5799,0.0005);
#4313=CIRCLE('',#5800,0.0005);
#4314=CIRCLE('',#5801,0.0005);
#4315=CIRCLE('',#5802,0.0005);
#4316=CIRCLE('',#5803,0.0005);
#4317=CIRCLE('',#5806,0.0011);
#4318=CIRCLE('',#5807,0.0011);
#4319=CIRCLE('',#5808,0.0011);
#4320=CIRCLE('',#5809,0.0011);
#4321=CIRCLE('',#5810,0.0011);
#4322=CIRCLE('',#5811,0.0011);
#4323=CIRCLE('',#5812,0.0015);
#4324=CIRCLE('',#5813,0.002);
#4325=CIRCLE('',#5814,0.002);
#4326=CIRCLE('',#5815,0.0015);
#4327=CIRCLE('',#5816,0.001155055726323);
#4328=CIRCLE('',#5817,0.00199999850585);
#4329=CIRCLE('',#5818,0.00199999850585);
#4330=CIRCLE('',#5819,0.00199999850585);
#4331=CIRCLE('',#5820,0.0015);
#4332=CIRCLE('',#5821,0.00199999850585);
#4333=CIRCLE('',#5822,0.0015);
#4334=CIRCLE('',#5823,0.00199999850585);
#4335=CIRCLE('',#5824,0.002000002202773);
#4336=CIRCLE('',#5825,0.0015);
#4337=CIRCLE('',#5826,0.00199999850585);
#4338=CIRCLE('',#5827,0.001355255911432);
#4339=CIRCLE('',#5830,0.0015);
#4340=CIRCLE('',#5831,0.001355255911432);
#4341=CIRCLE('',#5832,0.00199999850585);
#4342=CIRCLE('',#5833,0.0015);
#4343=CIRCLE('',#5834,0.002000002202773);
#4344=CIRCLE('',#5835,0.00199999850585);
#4345=CIRCLE('',#5836,0.0015);
#4346=CIRCLE('',#5837,0.00199999850585);
#4347=CIRCLE('',#5838,0.0015);
#4348=CIRCLE('',#5839,0.00199999850585);
#4349=CIRCLE('',#5840,0.00199999850585);
#4350=CIRCLE('',#5841,0.00199999850585);
#4351=CIRCLE('',#5842,0.001155055726323);
#4352=CIRCLE('',#5843,0.0015);
#4353=CIRCLE('',#5844,0.00335525591143199);
#4354=CIRCLE('',#5845,0.00399999850584988);
#4355=CIRCLE('',#5846,0.00399999850585007);
#4356=CIRCLE('',#5847,0.00399999850584993);
#4357=CIRCLE('',#5848,0.00400000220277283);
#4358=CIRCLE('',#5849,0.00399999850585001);
#4359=CIRCLE('',#5850,0.0033552559114323);
#4360=CIRCLE('',#5851,0.00335525591143177);
#4361=CIRCLE('',#5881,0.00399999850584988);
#4362=CIRCLE('',#5889,0.0033552559114323);
#4363=CIRCLE('',#5892,0.00399999850585001);
#4364=CIRCLE('',#5901,0.002);
#4365=CIRCLE('',#5903,0.002);
#4366=CIRCLE('',#5905,0.002);
#4367=CIRCLE('',#5907,0.002);
#4368=CIRCLE('',#5913,0.0005);
#4369=CIRCLE('',#5916,0.0005);
#4370=CIRCLE('',#5919,0.0005);
#4371=CIRCLE('',#5922,0.0005);
#4372=CIRCLE('',#5924,0.0005);
#4373=CIRCLE('',#5927,0.0005);
#4374=CIRCLE('',#5930,0.0005);
#4375=CIRCLE('',#5933,0.0005);
#4376=CIRCLE('',#5935,0.0005);
#4377=CIRCLE('',#5938,0.0005);
#4378=CIRCLE('',#5941,0.0005);
#4379=CIRCLE('',#5944,0.0005);
#4380=CIRCLE('',#5946,0.00049999999999998);
#4381=CIRCLE('',#5949,0.000500000000000011);
#4382=CIRCLE('',#5952,0.0005);
#4383=CIRCLE('',#5955,0.00049999999999998);
#4384=CIRCLE('',#5957,0.0005);
#4385=CIRCLE('',#5960,0.0005);
#4386=CIRCLE('',#5963,0.0005);
#4387=CIRCLE('',#5966,0.0005);
#4388=CIRCLE('',#5968,0.0005);
#4389=CIRCLE('',#5971,0.0005);
#4390=CIRCLE('',#5974,0.0005);
#4391=CIRCLE('',#5977,0.0005);
#4392=CIRCLE('',#5979,0.0005);
#4393=CIRCLE('',#5982,0.0005);
#4394=CIRCLE('',#5985,0.0005);
#4395=CIRCLE('',#5988,0.0005);
#4396=CIRCLE('',#5990,0.0005);
#4397=CIRCLE('',#5993,0.0005);
#4398=CIRCLE('',#5996,0.0005);
#4399=CIRCLE('',#5999,0.0005);
#4400=CIRCLE('',#6001,0.0005);
#4401=CIRCLE('',#6004,0.0005);
#4402=CIRCLE('',#6007,0.0005);
#4403=CIRCLE('',#6010,0.000500000000000014);
#4404=CIRCLE('',#6012,0.0005);
#4405=CIRCLE('',#6015,0.0005);
#4406=CIRCLE('',#6018,0.0005);
#4407=CIRCLE('',#6021,0.0005);
#4408=CIRCLE('',#6023,0.0005);
#4409=CIRCLE('',#6026,0.0005);
#4410=CIRCLE('',#6029,0.0005);
#4411=CIRCLE('',#6032,0.0005);
#4412=CIRCLE('',#6034,0.0005);
#4413=CIRCLE('',#6037,0.0005);
#4414=CIRCLE('',#6040,0.0005);
#4415=CIRCLE('',#6043,0.0005);
#4416=CIRCLE('',#6045,0.0005);
#4417=CIRCLE('',#6048,0.0005);
#4418=CIRCLE('',#6051,0.0005);
#4419=CIRCLE('',#6054,0.0005);
#4420=CIRCLE('',#6056,0.0005);
#4421=CIRCLE('',#6059,0.0005);
#4422=CIRCLE('',#6062,0.0005);
#4423=CIRCLE('',#6065,0.0005);
#4424=CIRCLE('',#6067,0.0005);
#4425=CIRCLE('',#6070,0.0005);
#4426=CIRCLE('',#6073,0.0005);
#4427=CIRCLE('',#6076,0.0005);
#4428=CIRCLE('',#6078,0.0005);
#4429=CIRCLE('',#6081,0.0005);
#4430=CIRCLE('',#6084,0.0005);
#4431=CIRCLE('',#6087,0.0005);
#4432=CIRCLE('',#6110,0.002);
#4433=CIRCLE('',#6112,0.002);
#4434=CIRCLE('',#6121,0.002);
#4435=CIRCLE('',#6123,0.002);
#4436=CIRCLE('',#6137,0.00399999850584988);
#4437=CIRCLE('',#6138,0.00399999850584988);
#4438=CIRCLE('',#6142,0.00335525591143199);
#4439=CIRCLE('',#6143,0.00335525591143199);
#4440=CIRCLE('',#6146,0.00335525591143177);
#4441=CIRCLE('',#6147,0.00335525591143177);
#4442=CIRCLE('',#6150,0.0033552559114323);
#4443=CIRCLE('',#6151,0.0033552559114323);
#4444=CIRCLE('',#6154,0.00399999850585001);
#4445=CIRCLE('',#6155,0.00399999850585001);
#4446=CIRCLE('',#6158,0.00400000220277283);
#4447=CIRCLE('',#6159,0.00400000220277283);
#4448=CIRCLE('',#6163,0.00399999850584993);
#4449=CIRCLE('',#6164,0.00399999850584993);
#4450=CIRCLE('',#6167,0.00399999850585007);
#4451=CIRCLE('',#6168,0.00399999850585007);
#4452=CIRCLE('',#6170,0.0015);
#4453=CIRCLE('',#6171,0.0015);
#4454=CIRCLE('',#6172,0.0015);
#4455=CIRCLE('',#6173,0.0015);
#4456=CIRCLE('',#6174,0.0015);
#4457=CIRCLE('',#6176,0.0015);
#4458=CIRCLE('',#6177,0.0015);
#4459=CIRCLE('',#6178,0.0015);
#4460=CIRCLE('',#6179,0.0015);
#4461=CIRCLE('',#6180,0.0015);
#4462=EDGE_LOOP('',(#1191,#1192,#1193,#1194));
#4463=EDGE_LOOP('',(#1195,#1196,#1197,#1198));
#4464=EDGE_LOOP('',(#1199,#1200,#1201,#1202));
#4465=EDGE_LOOP('',(#1203,#1204,#1205,#1206));
#4466=EDGE_LOOP('',(#1207,#1208,#1209,#1210,#1211,#1212));
#4467=EDGE_LOOP('',(#1213,#1214,#1215,#1216,#1217,#1218));
#4468=EDGE_LOOP('',(#1219,#1220,#1221,#1222,#1223,#1224));
#4469=EDGE_LOOP('',(#1225,#1226,#1227,#1228));
#4470=EDGE_LOOP('',(#1229,#1230,#1231,#1232));
#4471=EDGE_LOOP('',(#1233,#1234,#1235,#1236));
#4472=EDGE_LOOP('',(#1237,#1238,#1239,#1240));
#4473=EDGE_LOOP('',(#1241,#1242,#1243,#1244));
#4474=EDGE_LOOP('',(#1245,#1246,#1247,#1248));
#4475=EDGE_LOOP('',(#1249,#1250,#1251,#1252));
#4476=EDGE_LOOP('',(#1253,#1254,#1255,#1256));
#4477=EDGE_LOOP('',(#1257,#1258,#1259,#1260));
#4478=EDGE_LOOP('',(#1261,#1262,#1263,#1264));
#4479=EDGE_LOOP('',(#1265,#1266,#1267,#1268));
#4480=EDGE_LOOP('',(#1269,#1270,#1271,#1272));
#4481=EDGE_LOOP('',(#1273,#1274,#1275,#1276));
#4482=EDGE_LOOP('',(#1277,#1278,#1279,#1280));
#4483=EDGE_LOOP('',(#1281,#1282,#1283,#1284));
#4484=EDGE_LOOP('',(#1285,#1286,#1287,#1288));
#4485=EDGE_LOOP('',(#1289,#1290,#1291,#1292));
#4486=EDGE_LOOP('',(#1293,#1294,#1295,#1296));
#4487=EDGE_LOOP('',(#1297,#1298,#1299,#1300));
#4488=EDGE_LOOP('',(#1301,#1302,#1303,#1304));
#4489=EDGE_LOOP('',(#1305,#1306,#1307,#1308));
#4490=EDGE_LOOP('',(#1309,#1310,#1311,#1312));
#4491=EDGE_LOOP('',(#1313,#1314,#1315,#1316));
#4492=EDGE_LOOP('',(#1317,#1318,#1319,#1320));
#4493=EDGE_LOOP('',(#1321,#1322,#1323,#1324));
#4494=EDGE_LOOP('',(#1325,#1326,#1327,#1328));
#4495=EDGE_LOOP('',(#1329,#1330,#1331,#1332));
#4496=EDGE_LOOP('',(#1333,#1334,#1335,#1336));
#4497=EDGE_LOOP('',(#1337,#1338,#1339,#1340));
#4498=EDGE_LOOP('',(#1341,#1342,#1343,#1344));
#4499=EDGE_LOOP('',(#1345,#1346,#1347,#1348));
#4500=EDGE_LOOP('',(#1349,#1350,#1351,#1352));
#4501=EDGE_LOOP('',(#1353,#1354,#1355,#1356));
#4502=EDGE_LOOP('',(#1357,#1358,#1359,#1360));
#4503=EDGE_LOOP('',(#1361,#1362,#1363,#1364));
#4504=EDGE_LOOP('',(#1365,#1366,#1367,#1368));
#4505=EDGE_LOOP('',(#1369,#1370,#1371,#1372));
#4506=EDGE_LOOP('',(#1373,#1374,#1375,#1376));
#4507=EDGE_LOOP('',(#1377,#1378,#1379,#1380));
#4508=EDGE_LOOP('',(#1381,#1382,#1383,#1384));
#4509=EDGE_LOOP('',(#1385,#1386,#1387,#1388,#1389,#1390,#1391,#1392,#1393,
#1394,#1395,#1396,#1397,#1398,#1399,#1400,#1401,#1402,#1403,#1404,#1405,
#1406,#1407,#1408,#1409,#1410,#1411,#1412,#1413));
#4510=EDGE_LOOP('',(#1414));
#4511=EDGE_LOOP('',(#1415));
#4512=EDGE_LOOP('',(#1416));
#4513=EDGE_LOOP('',(#1417));
#4514=EDGE_LOOP('',(#1418));
#4515=EDGE_LOOP('',(#1419));
#4516=EDGE_LOOP('',(#1420,#1421,#1422,#1423,#1424,#1425,#1426,#1427));
#4517=EDGE_LOOP('',(#1428,#1429,#1430,#1431,#1432,#1433,#1434,#1435));
#4518=EDGE_LOOP('',(#1436,#1437,#1438,#1439,#1440,#1441,#1442,#1443));
#4519=EDGE_LOOP('',(#1444,#1445,#1446,#1447,#1448,#1449,#1450,#1451));
#4520=EDGE_LOOP('',(#1452,#1453,#1454,#1455,#1456,#1457,#1458,#1459));
#4521=EDGE_LOOP('',(#1460,#1461,#1462,#1463,#1464,#1465,#1466,#1467));
#4522=EDGE_LOOP('',(#1468,#1469,#1470,#1471,#1472,#1473,#1474,#1475));
#4523=EDGE_LOOP('',(#1476,#1477,#1478,#1479,#1480,#1481,#1482,#1483));
#4524=EDGE_LOOP('',(#1484,#1485,#1486,#1487,#1488,#1489,#1490,#1491));
#4525=EDGE_LOOP('',(#1492,#1493,#1494,#1495,#1496,#1497,#1498,#1499));
#4526=EDGE_LOOP('',(#1500,#1501,#1502,#1503,#1504,#1505,#1506,#1507));
#4527=EDGE_LOOP('',(#1508,#1509,#1510,#1511,#1512,#1513,#1514,#1515));
#4528=EDGE_LOOP('',(#1516,#1517,#1518,#1519,#1520,#1521,#1522,#1523));
#4529=EDGE_LOOP('',(#1524,#1525,#1526,#1527,#1528,#1529,#1530,#1531));
#4530=EDGE_LOOP('',(#1532,#1533,#1534,#1535,#1536,#1537,#1538,#1539));
#4531=EDGE_LOOP('',(#1540,#1541,#1542,#1543,#1544,#1545,#1546,#1547));
#4532=EDGE_LOOP('',(#1548,#1549,#1550,#1551));
#4533=EDGE_LOOP('',(#1552,#1553,#1554,#1555));
#4534=EDGE_LOOP('',(#1556));
#4535=EDGE_LOOP('',(#1557));
#4536=EDGE_LOOP('',(#1558));
#4537=EDGE_LOOP('',(#1559));
#4538=EDGE_LOOP('',(#1560));
#4539=EDGE_LOOP('',(#1561));
#4540=EDGE_LOOP('',(#1562,#1563,#1564,#1565,#1566,#1567,#1568,#1569,#1570,
#1571,#1572,#1573,#1574,#1575,#1576,#1577,#1578,#1579,#1580,#1581,#1582,
#1583,#1584,#1585,#1586,#1587,#1588,#1589,#1590,#1591,#1592,#1593,#1594,
#1595,#1596,#1597,#1598,#1599,#1600,#1601,#1602,#1603,#1604,#1605,#1606,
#1607,#1608,#1609,#1610,#1611,#1612,#1613,#1614,#1615,#1616,#1617,#1618,
#1619,#1620,#1621,#1622,#1623,#1624,#1625,#1626,#1627,#1628,#1629,#1630,
#1631,#1632,#1633));
#4541=EDGE_LOOP('',(#1634,#1635,#1636,#1637));
#4542=EDGE_LOOP('',(#1638,#1639,#1640,#1641,#1642,#1643,#1644,#1645,#1646,
#1647,#1648,#1649,#1650,#1651,#1652,#1653,#1654,#1655,#1656,#1657,#1658,
#1659,#1660,#1661,#1662,#1663,#1664,#1665,#1666,#1667,#1668,#1669,#1670,
#1671,#1672,#1673,#1674,#1675,#1676,#1677,#1678,#1679,#1680,#1681,#1682,
#1683,#1684,#1685,#1686,#1687,#1688));
#4543=EDGE_LOOP('',(#1689));
#4544=EDGE_LOOP('',(#1690));
#4545=EDGE_LOOP('',(#1691));
#4546=EDGE_LOOP('',(#1692));
#4547=EDGE_LOOP('',(#1693));
#4548=EDGE_LOOP('',(#1694));
#4549=EDGE_LOOP('',(#1695));
#4550=EDGE_LOOP('',(#1696));
#4551=EDGE_LOOP('',(#1697));
#4552=EDGE_LOOP('',(#1698));
#4553=EDGE_LOOP('',(#1699));
#4554=EDGE_LOOP('',(#1700));
#4555=EDGE_LOOP('',(#1701,#1702,#1703,#1704));
#4556=EDGE_LOOP('',(#1705,#1706,#1707,#1708));
#4557=EDGE_LOOP('',(#1709,#1710,#1711,#1712));
#4558=EDGE_LOOP('',(#1713,#1714,#1715,#1716));
#4559=EDGE_LOOP('',(#1717,#1718,#1719,#1720));
#4560=EDGE_LOOP('',(#1721,#1722,#1723,#1724));
#4561=EDGE_LOOP('',(#1725,#1726,#1727,#1728));
#4562=EDGE_LOOP('',(#1729,#1730,#1731,#1732));
#4563=EDGE_LOOP('',(#1733,#1734,#1735,#1736));
#4564=EDGE_LOOP('',(#1737,#1738,#1739,#1740));
#4565=EDGE_LOOP('',(#1741,#1742,#1743,#1744));
#4566=EDGE_LOOP('',(#1745,#1746,#1747,#1748));
#4567=EDGE_LOOP('',(#1749,#1750,#1751,#1752));
#4568=EDGE_LOOP('',(#1753,#1754,#1755,#1756));
#4569=EDGE_LOOP('',(#1757,#1758,#1759,#1760));
#4570=EDGE_LOOP('',(#1761,#1762,#1763,#1764));
#4571=EDGE_LOOP('',(#1765,#1766,#1767,#1768));
#4572=EDGE_LOOP('',(#1769,#1770,#1771,#1772));
#4573=EDGE_LOOP('',(#1773,#1774,#1775,#1776));
#4574=EDGE_LOOP('',(#1777,#1778,#1779,#1780));
#4575=EDGE_LOOP('',(#1781,#1782,#1783,#1784));
#4576=EDGE_LOOP('',(#1785,#1786,#1787,#1788));
#4577=EDGE_LOOP('',(#1789,#1790,#1791,#1792));
#4578=EDGE_LOOP('',(#1793,#1794,#1795,#1796));
#4579=EDGE_LOOP('',(#1797,#1798,#1799,#1800));
#4580=EDGE_LOOP('',(#1801,#1802,#1803,#1804));
#4581=EDGE_LOOP('',(#1805,#1806,#1807,#1808));
#4582=EDGE_LOOP('',(#1809,#1810,#1811,#1812));
#4583=EDGE_LOOP('',(#1813,#1814,#1815,#1816));
#4584=EDGE_LOOP('',(#1817,#1818,#1819,#1820));
#4585=EDGE_LOOP('',(#1821,#1822,#1823,#1824));
#4586=EDGE_LOOP('',(#1825,#1826,#1827,#1828));
#4587=EDGE_LOOP('',(#1829,#1830,#1831,#1832));
#4588=EDGE_LOOP('',(#1833,#1834,#1835,#1836));
#4589=EDGE_LOOP('',(#1837,#1838,#1839,#1840));
#4590=EDGE_LOOP('',(#1841,#1842,#1843,#1844));
#4591=EDGE_LOOP('',(#1845,#1846,#1847,#1848));
#4592=EDGE_LOOP('',(#1849,#1850,#1851,#1852));
#4593=EDGE_LOOP('',(#1853,#1854,#1855,#1856));
#4594=EDGE_LOOP('',(#1857,#1858,#1859,#1860));
#4595=EDGE_LOOP('',(#1861,#1862,#1863,#1864));
#4596=EDGE_LOOP('',(#1865,#1866,#1867,#1868,#1869,#1870,#1871,#1872));
#4597=EDGE_LOOP('',(#1873,#1874,#1875,#1876,#1877,#1878,#1879,#1880));
#4598=EDGE_LOOP('',(#1881,#1882,#1883,#1884));
#4599=EDGE_LOOP('',(#1885,#1886,#1887,#1888));
#4600=EDGE_LOOP('',(#1889,#1890,#1891,#1892));
#4601=EDGE_LOOP('',(#1893,#1894,#1895,#1896));
#4602=EDGE_LOOP('',(#1897,#1898,#1899,#1900));
#4603=EDGE_LOOP('',(#1901,#1902,#1903,#1904));
#4604=EDGE_LOOP('',(#1905,#1906,#1907,#1908));
#4605=EDGE_LOOP('',(#1909,#1910,#1911,#1912));
#4606=EDGE_LOOP('',(#1913,#1914,#1915,#1916));
#4607=EDGE_LOOP('',(#1917,#1918,#1919,#1920));
#4608=EDGE_LOOP('',(#1921,#1922,#1923,#1924));
#4609=EDGE_LOOP('',(#1925,#1926,#1927,#1928));
#4610=EDGE_LOOP('',(#1929,#1930,#1931,#1932));
#4611=EDGE_LOOP('',(#1933,#1934,#1935,#1936));
#4612=EDGE_LOOP('',(#1937,#1938,#1939,#1940));
#4613=EDGE_LOOP('',(#1941,#1942,#1943,#1944));
#4614=EDGE_LOOP('',(#1945,#1946,#1947,#1948));
#4615=EDGE_LOOP('',(#1949,#1950,#1951,#1952));
#4616=EDGE_LOOP('',(#1953,#1954,#1955,#1956));
#4617=EDGE_LOOP('',(#1957,#1958,#1959,#1960));
#4618=EDGE_LOOP('',(#1961,#1962,#1963,#1964));
#4619=EDGE_LOOP('',(#1965,#1966,#1967,#1968));
#4620=EDGE_LOOP('',(#1969,#1970,#1971,#1972));
#4621=EDGE_LOOP('',(#1973,#1974,#1975,#1976));
#4622=EDGE_LOOP('',(#1977,#1978,#1979,#1980));
#4623=EDGE_LOOP('',(#1981,#1982,#1983,#1984));
#4624=EDGE_LOOP('',(#1985,#1986,#1987,#1988));
#4625=EDGE_LOOP('',(#1989,#1990,#1991,#1992));
#4626=EDGE_LOOP('',(#1993,#1994,#1995,#1996));
#4627=EDGE_LOOP('',(#1997,#1998,#1999,#2000));
#4628=EDGE_LOOP('',(#2001,#2002,#2003,#2004));
#4629=EDGE_LOOP('',(#2005,#2006,#2007,#2008));
#4630=EDGE_LOOP('',(#2009,#2010,#2011,#2012));
#4631=EDGE_LOOP('',(#2013,#2014,#2015,#2016));
#4632=EDGE_LOOP('',(#2017,#2018,#2019,#2020));
#4633=EDGE_LOOP('',(#2021,#2022,#2023,#2024));
#4634=EDGE_LOOP('',(#2025,#2026,#2027,#2028));
#4635=EDGE_LOOP('',(#2029,#2030,#2031,#2032));
#4636=EDGE_LOOP('',(#2033,#2034,#2035,#2036));
#4637=EDGE_LOOP('',(#2037,#2038,#2039,#2040));
#4638=EDGE_LOOP('',(#2041,#2042,#2043,#2044));
#4639=EDGE_LOOP('',(#2045,#2046,#2047,#2048));
#4640=EDGE_LOOP('',(#2049,#2050,#2051,#2052));
#4641=EDGE_LOOP('',(#2053,#2054,#2055,#2056));
#4642=EDGE_LOOP('',(#2057,#2058,#2059,#2060));
#4643=EDGE_LOOP('',(#2061,#2062,#2063,#2064));
#4644=EDGE_LOOP('',(#2065,#2066,#2067,#2068));
#4645=EDGE_LOOP('',(#2069,#2070,#2071,#2072));
#4646=EDGE_LOOP('',(#2073,#2074,#2075,#2076));
#4647=EDGE_LOOP('',(#2077,#2078,#2079,#2080));
#4648=EDGE_LOOP('',(#2081,#2082,#2083,#2084));
#4649=EDGE_LOOP('',(#2085,#2086,#2087,#2088));
#4650=EDGE_LOOP('',(#2089,#2090,#2091,#2092));
#4651=EDGE_LOOP('',(#2093,#2094,#2095,#2096));
#4652=EDGE_LOOP('',(#2097,#2098,#2099,#2100));
#4653=EDGE_LOOP('',(#2101,#2102,#2103,#2104));
#4654=EDGE_LOOP('',(#2105,#2106,#2107,#2108));
#4655=EDGE_LOOP('',(#2109,#2110,#2111,#2112));
#4656=EDGE_LOOP('',(#2113,#2114,#2115,#2116));
#4657=EDGE_LOOP('',(#2117,#2118,#2119,#2120));
#4658=EDGE_LOOP('',(#2121,#2122,#2123,#2124));
#4659=EDGE_LOOP('',(#2125,#2126,#2127,#2128));
#4660=EDGE_LOOP('',(#2129,#2130,#2131,#2132));
#4661=EDGE_LOOP('',(#2133,#2134,#2135,#2136));
#4662=EDGE_LOOP('',(#2137,#2138,#2139,#2140));
#4663=EDGE_LOOP('',(#2141,#2142,#2143,#2144));
#4664=EDGE_LOOP('',(#2145,#2146,#2147,#2148));
#4665=EDGE_LOOP('',(#2149,#2150,#2151,#2152));
#4666=EDGE_LOOP('',(#2153,#2154,#2155,#2156));
#4667=EDGE_LOOP('',(#2157,#2158,#2159,#2160));
#4668=EDGE_LOOP('',(#2161,#2162,#2163,#2164));
#4669=EDGE_LOOP('',(#2165,#2166,#2167,#2168));
#4670=EDGE_LOOP('',(#2169,#2170,#2171,#2172));
#4671=EDGE_LOOP('',(#2173,#2174,#2175,#2176));
#4672=EDGE_LOOP('',(#2177,#2178,#2179,#2180));
#4673=EDGE_LOOP('',(#2181,#2182,#2183,#2184));
#4674=EDGE_LOOP('',(#2185,#2186,#2187,#2188));
#4675=EDGE_LOOP('',(#2189,#2190,#2191,#2192));
#4676=EDGE_LOOP('',(#2193,#2194,#2195,#2196));
#4677=EDGE_LOOP('',(#2197,#2198,#2199,#2200));
#4678=EDGE_LOOP('',(#2201,#2202,#2203,#2204));
#4679=EDGE_LOOP('',(#2205,#2206,#2207,#2208));
#4680=EDGE_LOOP('',(#2209,#2210,#2211,#2212));
#4681=EDGE_LOOP('',(#2213,#2214,#2215,#2216));
#4682=EDGE_LOOP('',(#2217,#2218,#2219,#2220));
#4683=EDGE_LOOP('',(#2221,#2222,#2223,#2224));
#4684=EDGE_LOOP('',(#2225,#2226,#2227,#2228));
#4685=EDGE_LOOP('',(#2229,#2230,#2231,#2232));
#4686=EDGE_LOOP('',(#2233,#2234,#2235,#2236));
#4687=EDGE_LOOP('',(#2237,#2238,#2239,#2240));
#4688=EDGE_LOOP('',(#2241,#2242,#2243,#2244));
#4689=EDGE_LOOP('',(#2245,#2246,#2247,#2248));
#4690=EDGE_LOOP('',(#2249,#2250,#2251,#2252));
#4691=EDGE_LOOP('',(#2253,#2254,#2255,#2256));
#4692=EDGE_LOOP('',(#2257,#2258,#2259,#2260));
#4693=EDGE_LOOP('',(#2261,#2262,#2263,#2264));
#4694=EDGE_LOOP('',(#2265,#2266,#2267,#2268));
#4695=EDGE_LOOP('',(#2269,#2270,#2271,#2272));
#4696=EDGE_LOOP('',(#2273,#2274,#2275,#2276));
#4697=EDGE_LOOP('',(#2277,#2278,#2279,#2280));
#4698=EDGE_LOOP('',(#2281,#2282,#2283,#2284));
#4699=EDGE_LOOP('',(#2285,#2286,#2287,#2288));
#4700=EDGE_LOOP('',(#2289,#2290,#2291,#2292));
#4701=EDGE_LOOP('',(#2293,#2294,#2295,#2296));
#4702=EDGE_LOOP('',(#2297,#2298,#2299,#2300));
#4703=EDGE_LOOP('',(#2301,#2302,#2303,#2304));
#4704=EDGE_LOOP('',(#2305,#2306,#2307,#2308));
#4705=EDGE_LOOP('',(#2309,#2310,#2311,#2312));
#4706=EDGE_LOOP('',(#2313,#2314,#2315,#2316));
#4707=EDGE_LOOP('',(#2317,#2318,#2319,#2320));
#4708=EDGE_LOOP('',(#2321,#2322,#2323,#2324));
#4709=EDGE_LOOP('',(#2325,#2326,#2327,#2328));
#4710=EDGE_LOOP('',(#2329,#2330,#2331,#2332));
#4711=EDGE_LOOP('',(#2333,#2334,#2335,#2336));
#4712=EDGE_LOOP('',(#2337,#2338,#2339,#2340));
#4713=EDGE_LOOP('',(#2341,#2342,#2343,#2344));
#4714=EDGE_LOOP('',(#2345,#2346,#2347,#2348));
#4715=EDGE_LOOP('',(#2349,#2350,#2351,#2352));
#4716=EDGE_LOOP('',(#2353,#2354,#2355,#2356));
#4717=EDGE_LOOP('',(#2357,#2358,#2359,#2360));
#4718=EDGE_LOOP('',(#2361,#2362,#2363,#2364));
#4719=EDGE_LOOP('',(#2365,#2366,#2367,#2368));
#4720=EDGE_LOOP('',(#2369,#2370,#2371,#2372));
#4721=EDGE_LOOP('',(#2373,#2374,#2375,#2376));
#4722=EDGE_LOOP('',(#2377,#2378,#2379,#2380));
#4723=EDGE_LOOP('',(#2381,#2382,#2383,#2384));
#4724=EDGE_LOOP('',(#2385,#2386,#2387,#2388));
#4725=EDGE_LOOP('',(#2389,#2390,#2391,#2392));
#4726=EDGE_LOOP('',(#2393,#2394,#2395,#2396));
#4727=EDGE_LOOP('',(#2397,#2398,#2399,#2400));
#4728=EDGE_LOOP('',(#2401,#2402,#2403,#2404));
#4729=EDGE_LOOP('',(#2405,#2406,#2407,#2408));
#4730=EDGE_LOOP('',(#2409,#2410,#2411,#2412));
#4731=EDGE_LOOP('',(#2413,#2414,#2415,#2416,#2417,#2418,#2419,#2420,#2421,
#2422,#2423,#2424,#2425,#2426,#2427,#2428,#2429,#2430,#2431,#2432,#2433,
#2434,#2435,#2436,#2437,#2438,#2439,#2440,#2441,#2442,#2443,#2444,#2445,
#2446,#2447,#2448,#2449,#2450,#2451,#2452,#2453,#2454));
#4732=EDGE_LOOP('',(#2455,#2456,#2457,#2458,#2459,#2460,#2461,#2462));
#4733=EDGE_LOOP('',(#2463,#2464,#2465,#2466,#2467,#2468,#2469,#2470));
#4734=EDGE_LOOP('',(#2471,#2472,#2473,#2474,#2475,#2476,#2477,#2478));
#4735=EDGE_LOOP('',(#2479,#2480,#2481,#2482,#2483,#2484,#2485,#2486));
#4736=EDGE_LOOP('',(#2487,#2488,#2489,#2490,#2491,#2492,#2493,#2494));
#4737=EDGE_LOOP('',(#2495,#2496,#2497,#2498,#2499,#2500,#2501,#2502));
#4738=EDGE_LOOP('',(#2503,#2504,#2505,#2506,#2507,#2508,#2509,#2510));
#4739=EDGE_LOOP('',(#2511,#2512,#2513,#2514,#2515,#2516,#2517,#2518));
#4740=EDGE_LOOP('',(#2519,#2520,#2521,#2522,#2523,#2524,#2525,#2526));
#4741=EDGE_LOOP('',(#2527,#2528,#2529,#2530,#2531,#2532,#2533,#2534));
#4742=EDGE_LOOP('',(#2535,#2536,#2537,#2538,#2539,#2540,#2541,#2542));
#4743=EDGE_LOOP('',(#2543,#2544,#2545,#2546,#2547,#2548,#2549,#2550));
#4744=EDGE_LOOP('',(#2551,#2552,#2553,#2554,#2555,#2556,#2557,#2558));
#4745=EDGE_LOOP('',(#2559,#2560,#2561,#2562,#2563,#2564,#2565,#2566));
#4746=EDGE_LOOP('',(#2567,#2568,#2569,#2570,#2571,#2572,#2573,#2574));
#4747=EDGE_LOOP('',(#2575,#2576,#2577,#2578,#2579,#2580,#2581,#2582));
#4748=EDGE_LOOP('',(#2583,#2584,#2585,#2586));
#4749=EDGE_LOOP('',(#2587,#2588,#2589,#2590,#2591));
#4750=EDGE_LOOP('',(#2592,#2593,#2594,#2595,#2596));
#4751=EDGE_LOOP('',(#2597,#2598,#2599,#2600));
#4752=EDGE_LOOP('',(#2601,#2602,#2603,#2604));
#4753=EDGE_LOOP('',(#2605,#2606,#2607,#2608));
#4754=EDGE_LOOP('',(#2609,#2610,#2611,#2612));
#4755=EDGE_LOOP('',(#2613,#2614,#2615,#2616));
#4756=EDGE_LOOP('',(#2617,#2618,#2619,#2620));
#4757=EDGE_LOOP('',(#2621,#2622,#2623,#2624));
#4758=EDGE_LOOP('',(#2625,#2626,#2627,#2628));
#4759=EDGE_LOOP('',(#2629,#2630,#2631,#2632));
#4760=EDGE_LOOP('',(#2633,#2634,#2635,#2636));
#4761=EDGE_LOOP('',(#2637,#2638,#2639,#2640));
#4762=EDGE_LOOP('',(#2641,#2642,#2643,#2644,#2645));
#4763=EDGE_LOOP('',(#2646,#2647,#2648,#2649,#2650));
#4764=EDGE_LOOP('',(#2651,#2652,#2653,#2654));
#4765=EDGE_LOOP('',(#2655,#2656,#2657,#2658));
#4766=EDGE_LOOP('',(#2659,#2660));
#4767=EDGE_LOOP('',(#2661,#2662,#2663,#2664));
#4768=EDGE_LOOP('',(#2665,#2666));
#4769=EDGE_LOOP('',(#2667,#2668,#2669,#2670));
#4770=EDGE_LOOP('',(#2671,#2672));
#4771=EDGE_LOOP('',(#2673,#2674,#2675,#2676));
#4772=EDGE_LOOP('',(#2677,#2678,#2679,#2680));
#4773=EDGE_LOOP('',(#2681,#2682,#2683,#2684));
#4774=EDGE_LOOP('',(#2685,#2686,#2687,#2688));
#4775=EDGE_LOOP('',(#2689,#2690,#2691,#2692));
#4776=EDGE_LOOP('',(#2693,#2694,#2695,#2696));
#4777=EDGE_LOOP('',(#2697,#2698,#2699,#2700));
#4778=EDGE_LOOP('',(#2701,#2702,#2703,#2704));
#4779=EDGE_LOOP('',(#2705,#2706,#2707,#2708));
#4780=EDGE_LOOP('',(#2709,#2710,#2711,#2712));
#4781=EDGE_LOOP('',(#2713,#2714,#2715,#2716));
#4782=EDGE_LOOP('',(#2717,#2718,#2719,#2720));
#4783=EDGE_LOOP('',(#2721,#2722,#2723,#2724));
#4784=EDGE_LOOP('',(#2725,#2726,#2727,#2728));
#4785=EDGE_LOOP('',(#2729,#2730,#2731,#2732));
#4786=EDGE_LOOP('',(#2733,#2734,#2735,#2736));
#4787=EDGE_LOOP('',(#2737,#2738,#2739,#2740));
#4788=EDGE_LOOP('',(#2741,#2742,#2743,#2744));
#4789=EDGE_LOOP('',(#2745,#2746,#2747,#2748));
#4790=EDGE_LOOP('',(#2749,#2750,#2751,#2752));
#4791=EDGE_LOOP('',(#2753,#2754,#2755,#2756));
#4792=EDGE_LOOP('',(#2757,#2758,#2759,#2760));
#4793=EDGE_LOOP('',(#2761));
#4794=EDGE_LOOP('',(#2762));
#4795=EDGE_LOOP('',(#2763));
#4796=EDGE_LOOP('',(#2764));
#4797=EDGE_LOOP('',(#2765));
#4798=EDGE_LOOP('',(#2766,#2767,#2768,#2769,#2770,#2771,#2772,#2773,#2774,
#2775,#2776,#2777,#2778,#2779,#2780,#2781,#2782,#2783,#2784));
#4799=EDGE_LOOP('',(#2785));
#4800=EDGE_LOOP('',(#2786));
#4801=EDGE_LOOP('',(#2787));
#4802=EDGE_LOOP('',(#2788));
#4803=EDGE_LOOP('',(#2789));
#4804=EDGE_LOOP('',(#2790,#2791,#2792,#2793,#2794,#2795,#2796,#2797,#2798,
#2799,#2800,#2801,#2802,#2803,#2804,#2805,#2806,#2807,#2808));
#4805=EDGE_LOOP('',(#2809));
#4806=EDGE_LOOP('',(#2810));
#4807=EDGE_LOOP('',(#2811));
#4808=EDGE_LOOP('',(#2812));
#4809=EDGE_LOOP('',(#2813));
#4810=EDGE_LOOP('',(#2814));
#4811=EDGE_LOOP('',(#2815));
#4812=EDGE_LOOP('',(#2816));
#4813=EDGE_LOOP('',(#2817));
#4814=EDGE_LOOP('',(#2818));
#4815=FACE_BOUND('',#4462,.T.);
#4816=FACE_BOUND('',#4463,.T.);
#4817=FACE_BOUND('',#4464,.T.);
#4818=FACE_BOUND('',#4465,.T.);
#4819=FACE_BOUND('',#4466,.T.);
#4820=FACE_BOUND('',#4467,.T.);
#4821=FACE_BOUND('',#4468,.T.);
#4822=FACE_BOUND('',#4469,.T.);
#4823=FACE_BOUND('',#4470,.T.);
#4824=FACE_BOUND('',#4471,.T.);
#4825=FACE_BOUND('',#4472,.T.);
#4826=FACE_BOUND('',#4473,.T.);
#4827=FACE_BOUND('',#4474,.T.);
#4828=FACE_BOUND('',#4475,.T.);
#4829=FACE_BOUND('',#4476,.T.);
#4830=FACE_BOUND('',#4477,.T.);
#4831=FACE_BOUND('',#4478,.T.);
#4832=FACE_BOUND('',#4479,.T.);
#4833=FACE_BOUND('',#4480,.T.);
#4834=FACE_BOUND('',#4481,.T.);
#4835=FACE_BOUND('',#4482,.T.);
#4836=FACE_BOUND('',#4483,.T.);
#4837=FACE_BOUND('',#4484,.T.);
#4838=FACE_BOUND('',#4485,.T.);
#4839=FACE_BOUND('',#4486,.T.);
#4840=FACE_BOUND('',#4487,.T.);
#4841=FACE_BOUND('',#4488,.T.);
#4842=FACE_BOUND('',#4489,.T.);
#4843=FACE_BOUND('',#4490,.T.);
#4844=FACE_BOUND('',#4491,.T.);
#4845=FACE_BOUND('',#4492,.T.);
#4846=FACE_BOUND('',#4493,.T.);
#4847=FACE_BOUND('',#4494,.T.);
#4848=FACE_BOUND('',#4495,.T.);
#4849=FACE_BOUND('',#4496,.T.);
#4850=FACE_BOUND('',#4497,.T.);
#4851=FACE_BOUND('',#4498,.T.);
#4852=FACE_BOUND('',#4499,.T.);
#4853=FACE_BOUND('',#4500,.T.);
#4854=FACE_BOUND('',#4501,.T.);
#4855=FACE_BOUND('',#4502,.T.);
#4856=FACE_BOUND('',#4503,.T.);
#4857=FACE_BOUND('',#4504,.T.);
#4858=FACE_BOUND('',#4505,.T.);
#4859=FACE_BOUND('',#4506,.T.);
#4860=FACE_BOUND('',#4507,.T.);
#4861=FACE_BOUND('',#4508,.T.);
#4862=FACE_BOUND('',#4509,.T.);
#4863=FACE_BOUND('',#4510,.T.);
#4864=FACE_BOUND('',#4511,.T.);
#4865=FACE_BOUND('',#4512,.T.);
#4866=FACE_BOUND('',#4513,.T.);
#4867=FACE_BOUND('',#4514,.T.);
#4868=FACE_BOUND('',#4515,.T.);
#4869=FACE_BOUND('',#4516,.T.);
#4870=FACE_BOUND('',#4517,.T.);
#4871=FACE_BOUND('',#4518,.T.);
#4872=FACE_BOUND('',#4519,.T.);
#4873=FACE_BOUND('',#4520,.T.);
#4874=FACE_BOUND('',#4521,.T.);
#4875=FACE_BOUND('',#4522,.T.);
#4876=FACE_BOUND('',#4523,.T.);
#4877=FACE_BOUND('',#4524,.T.);
#4878=FACE_BOUND('',#4525,.T.);
#4879=FACE_BOUND('',#4526,.T.);
#4880=FACE_BOUND('',#4527,.T.);
#4881=FACE_BOUND('',#4528,.T.);
#4882=FACE_BOUND('',#4529,.T.);
#4883=FACE_BOUND('',#4530,.T.);
#4884=FACE_BOUND('',#4531,.T.);
#4885=FACE_BOUND('',#4532,.T.);
#4886=FACE_BOUND('',#4533,.T.);
#4887=FACE_BOUND('',#4534,.T.);
#4888=FACE_BOUND('',#4535,.T.);
#4889=FACE_BOUND('',#4536,.T.);
#4890=FACE_BOUND('',#4537,.T.);
#4891=FACE_BOUND('',#4538,.T.);
#4892=FACE_BOUND('',#4539,.T.);
#4893=FACE_BOUND('',#4540,.T.);
#4894=FACE_BOUND('',#4541,.T.);
#4895=FACE_BOUND('',#4542,.T.);
#4896=FACE_BOUND('',#4543,.T.);
#4897=FACE_BOUND('',#4544,.T.);
#4898=FACE_BOUND('',#4545,.T.);
#4899=FACE_BOUND('',#4546,.T.);
#4900=FACE_BOUND('',#4547,.T.);
#4901=FACE_BOUND('',#4548,.T.);
#4902=FACE_BOUND('',#4549,.T.);
#4903=FACE_BOUND('',#4550,.T.);
#4904=FACE_BOUND('',#4551,.T.);
#4905=FACE_BOUND('',#4552,.T.);
#4906=FACE_BOUND('',#4553,.T.);
#4907=FACE_BOUND('',#4554,.T.);
#4908=FACE_BOUND('',#4555,.T.);
#4909=FACE_BOUND('',#4556,.T.);
#4910=FACE_BOUND('',#4557,.T.);
#4911=FACE_BOUND('',#4558,.T.);
#4912=FACE_BOUND('',#4559,.T.);
#4913=FACE_BOUND('',#4560,.T.);
#4914=FACE_BOUND('',#4561,.T.);
#4915=FACE_BOUND('',#4562,.T.);
#4916=FACE_BOUND('',#4563,.T.);
#4917=FACE_BOUND('',#4564,.T.);
#4918=FACE_BOUND('',#4565,.T.);
#4919=FACE_BOUND('',#4566,.T.);
#4920=FACE_BOUND('',#4567,.T.);
#4921=FACE_BOUND('',#4568,.T.);
#4922=FACE_BOUND('',#4569,.T.);
#4923=FACE_BOUND('',#4570,.T.);
#4924=FACE_BOUND('',#4571,.T.);
#4925=FACE_BOUND('',#4572,.T.);
#4926=FACE_BOUND('',#4573,.T.);
#4927=FACE_BOUND('',#4574,.T.);
#4928=FACE_BOUND('',#4575,.T.);
#4929=FACE_BOUND('',#4576,.T.);
#4930=FACE_BOUND('',#4577,.T.);
#4931=FACE_BOUND('',#4578,.T.);
#4932=FACE_BOUND('',#4579,.T.);
#4933=FACE_BOUND('',#4580,.T.);
#4934=FACE_BOUND('',#4581,.T.);
#4935=FACE_BOUND('',#4582,.T.);
#4936=FACE_BOUND('',#4583,.T.);
#4937=FACE_BOUND('',#4584,.T.);
#4938=FACE_BOUND('',#4585,.T.);
#4939=FACE_BOUND('',#4586,.T.);
#4940=FACE_BOUND('',#4587,.T.);
#4941=FACE_BOUND('',#4588,.T.);
#4942=FACE_BOUND('',#4589,.T.);
#4943=FACE_BOUND('',#4590,.T.);
#4944=FACE_BOUND('',#4591,.T.);
#4945=FACE_BOUND('',#4592,.T.);
#4946=FACE_BOUND('',#4593,.T.);
#4947=FACE_BOUND('',#4594,.T.);
#4948=FACE_BOUND('',#4595,.T.);
#4949=FACE_BOUND('',#4596,.T.);
#4950=FACE_BOUND('',#4597,.T.);
#4951=FACE_BOUND('',#4598,.T.);
#4952=FACE_BOUND('',#4599,.T.);
#4953=FACE_BOUND('',#4600,.T.);
#4954=FACE_BOUND('',#4601,.T.);
#4955=FACE_BOUND('',#4602,.T.);
#4956=FACE_BOUND('',#4603,.T.);
#4957=FACE_BOUND('',#4604,.T.);
#4958=FACE_BOUND('',#4605,.T.);
#4959=FACE_BOUND('',#4606,.T.);
#4960=FACE_BOUND('',#4607,.T.);
#4961=FACE_BOUND('',#4608,.T.);
#4962=FACE_BOUND('',#4609,.T.);
#4963=FACE_BOUND('',#4610,.T.);
#4964=FACE_BOUND('',#4611,.T.);
#4965=FACE_BOUND('',#4612,.T.);
#4966=FACE_BOUND('',#4613,.T.);
#4967=FACE_BOUND('',#4614,.T.);
#4968=FACE_BOUND('',#4615,.T.);
#4969=FACE_BOUND('',#4616,.T.);
#4970=FACE_BOUND('',#4617,.T.);
#4971=FACE_BOUND('',#4618,.T.);
#4972=FACE_BOUND('',#4619,.T.);
#4973=FACE_BOUND('',#4620,.T.);
#4974=FACE_BOUND('',#4621,.T.);
#4975=FACE_BOUND('',#4622,.T.);
#4976=FACE_BOUND('',#4623,.T.);
#4977=FACE_BOUND('',#4624,.T.);
#4978=FACE_BOUND('',#4625,.T.);
#4979=FACE_BOUND('',#4626,.T.);
#4980=FACE_BOUND('',#4627,.T.);
#4981=FACE_BOUND('',#4628,.T.);
#4982=FACE_BOUND('',#4629,.T.);
#4983=FACE_BOUND('',#4630,.T.);
#4984=FACE_BOUND('',#4631,.T.);
#4985=FACE_BOUND('',#4632,.T.);
#4986=FACE_BOUND('',#4633,.T.);
#4987=FACE_BOUND('',#4634,.T.);
#4988=FACE_BOUND('',#4635,.T.);
#4989=FACE_BOUND('',#4636,.T.);
#4990=FACE_BOUND('',#4637,.T.);
#4991=FACE_BOUND('',#4638,.T.);
#4992=FACE_BOUND('',#4639,.T.);
#4993=FACE_BOUND('',#4640,.T.);
#4994=FACE_BOUND('',#4641,.T.);
#4995=FACE_BOUND('',#4642,.T.);
#4996=FACE_BOUND('',#4643,.T.);
#4997=FACE_BOUND('',#4644,.T.);
#4998=FACE_BOUND('',#4645,.T.);
#4999=FACE_BOUND('',#4646,.T.);
#5000=FACE_BOUND('',#4647,.T.);
#5001=FACE_BOUND('',#4648,.T.);
#5002=FACE_BOUND('',#4649,.T.);
#5003=FACE_BOUND('',#4650,.T.);
#5004=FACE_BOUND('',#4651,.T.);
#5005=FACE_BOUND('',#4652,.T.);
#5006=FACE_BOUND('',#4653,.T.);
#5007=FACE_BOUND('',#4654,.T.);
#5008=FACE_BOUND('',#4655,.T.);
#5009=FACE_BOUND('',#4656,.T.);
#5010=FACE_BOUND('',#4657,.T.);
#5011=FACE_BOUND('',#4658,.T.);
#5012=FACE_BOUND('',#4659,.T.);
#5013=FACE_BOUND('',#4660,.T.);
#5014=FACE_BOUND('',#4661,.T.);
#5015=FACE_BOUND('',#4662,.T.);
#5016=FACE_BOUND('',#4663,.T.);
#5017=FACE_BOUND('',#4664,.T.);
#5018=FACE_BOUND('',#4665,.T.);
#5019=FACE_BOUND('',#4666,.T.);
#5020=FACE_BOUND('',#4667,.T.);
#5021=FACE_BOUND('',#4668,.T.);
#5022=FACE_BOUND('',#4669,.T.);
#5023=FACE_BOUND('',#4670,.T.);
#5024=FACE_BOUND('',#4671,.T.);
#5025=FACE_BOUND('',#4672,.T.);
#5026=FACE_BOUND('',#4673,.T.);
#5027=FACE_BOUND('',#4674,.T.);
#5028=FACE_BOUND('',#4675,.T.);
#5029=FACE_BOUND('',#4676,.T.);
#5030=FACE_BOUND('',#4677,.T.);
#5031=FACE_BOUND('',#4678,.T.);
#5032=FACE_BOUND('',#4679,.T.);
#5033=FACE_BOUND('',#4680,.T.);
#5034=FACE_BOUND('',#4681,.T.);
#5035=FACE_BOUND('',#4682,.T.);
#5036=FACE_BOUND('',#4683,.T.);
#5037=FACE_BOUND('',#4684,.T.);
#5038=FACE_BOUND('',#4685,.T.);
#5039=FACE_BOUND('',#4686,.T.);
#5040=FACE_BOUND('',#4687,.T.);
#5041=FACE_BOUND('',#4688,.T.);
#5042=FACE_BOUND('',#4689,.T.);
#5043=FACE_BOUND('',#4690,.T.);
#5044=FACE_BOUND('',#4691,.T.);
#5045=FACE_BOUND('',#4692,.T.);
#5046=FACE_BOUND('',#4693,.T.);
#5047=FACE_BOUND('',#4694,.T.);
#5048=FACE_BOUND('',#4695,.T.);
#5049=FACE_BOUND('',#4696,.T.);
#5050=FACE_BOUND('',#4697,.T.);
#5051=FACE_BOUND('',#4698,.T.);
#5052=FACE_BOUND('',#4699,.T.);
#5053=FACE_BOUND('',#4700,.T.);
#5054=FACE_BOUND('',#4701,.T.);
#5055=FACE_BOUND('',#4702,.T.);
#5056=FACE_BOUND('',#4703,.T.);
#5057=FACE_BOUND('',#4704,.T.);
#5058=FACE_BOUND('',#4705,.T.);
#5059=FACE_BOUND('',#4706,.T.);
#5060=FACE_BOUND('',#4707,.T.);
#5061=FACE_BOUND('',#4708,.T.);
#5062=FACE_BOUND('',#4709,.T.);
#5063=FACE_BOUND('',#4710,.T.);
#5064=FACE_BOUND('',#4711,.T.);
#5065=FACE_BOUND('',#4712,.T.);
#5066=FACE_BOUND('',#4713,.T.);
#5067=FACE_BOUND('',#4714,.T.);
#5068=FACE_BOUND('',#4715,.T.);
#5069=FACE_BOUND('',#4716,.T.);
#5070=FACE_BOUND('',#4717,.T.);
#5071=FACE_BOUND('',#4718,.T.);
#5072=FACE_BOUND('',#4719,.T.);
#5073=FACE_BOUND('',#4720,.T.);
#5074=FACE_BOUND('',#4721,.T.);
#5075=FACE_BOUND('',#4722,.T.);
#5076=FACE_BOUND('',#4723,.T.);
#5077=FACE_BOUND('',#4724,.T.);
#5078=FACE_BOUND('',#4725,.T.);
#5079=FACE_BOUND('',#4726,.T.);
#5080=FACE_BOUND('',#4727,.T.);
#5081=FACE_BOUND('',#4728,.T.);
#5082=FACE_BOUND('',#4729,.T.);
#5083=FACE_BOUND('',#4730,.T.);
#5084=FACE_BOUND('',#4731,.T.);
#5085=FACE_BOUND('',#4732,.T.);
#5086=FACE_BOUND('',#4733,.T.);
#5087=FACE_BOUND('',#4734,.T.);
#5088=FACE_BOUND('',#4735,.T.);
#5089=FACE_BOUND('',#4736,.T.);
#5090=FACE_BOUND('',#4737,.T.);
#5091=FACE_BOUND('',#4738,.T.);
#5092=FACE_BOUND('',#4739,.T.);
#5093=FACE_BOUND('',#4740,.T.);
#5094=FACE_BOUND('',#4741,.T.);
#5095=FACE_BOUND('',#4742,.T.);
#5096=FACE_BOUND('',#4743,.T.);
#5097=FACE_BOUND('',#4744,.T.);
#5098=FACE_BOUND('',#4745,.T.);
#5099=FACE_BOUND('',#4746,.T.);
#5100=FACE_BOUND('',#4747,.T.);
#5101=FACE_BOUND('',#4748,.T.);
#5102=FACE_BOUND('',#4749,.T.);
#5103=FACE_BOUND('',#4750,.T.);
#5104=FACE_BOUND('',#4751,.T.);
#5105=FACE_BOUND('',#4752,.T.);
#5106=FACE_BOUND('',#4753,.T.);
#5107=FACE_BOUND('',#4754,.T.);
#5108=FACE_BOUND('',#4755,.T.);
#5109=FACE_BOUND('',#4756,.T.);
#5110=FACE_BOUND('',#4757,.T.);
#5111=FACE_BOUND('',#4758,.T.);
#5112=FACE_BOUND('',#4759,.T.);
#5113=FACE_BOUND('',#4760,.T.);
#5114=FACE_BOUND('',#4761,.T.);
#5115=FACE_BOUND('',#4762,.T.);
#5116=FACE_BOUND('',#4763,.T.);
#5117=FACE_BOUND('',#4764,.T.);
#5118=FACE_BOUND('',#4765,.T.);
#5119=FACE_BOUND('',#4766,.T.);
#5120=FACE_BOUND('',#4767,.T.);
#5121=FACE_BOUND('',#4768,.T.);
#5122=FACE_BOUND('',#4769,.T.);
#5123=FACE_BOUND('',#4770,.T.);
#5124=FACE_BOUND('',#4771,.T.);
#5125=FACE_BOUND('',#4772,.T.);
#5126=FACE_BOUND('',#4773,.T.);
#5127=FACE_BOUND('',#4774,.T.);
#5128=FACE_BOUND('',#4775,.T.);
#5129=FACE_BOUND('',#4776,.T.);
#5130=FACE_BOUND('',#4777,.T.);
#5131=FACE_BOUND('',#4778,.T.);
#5132=FACE_BOUND('',#4779,.T.);
#5133=FACE_BOUND('',#4780,.T.);
#5134=FACE_BOUND('',#4781,.T.);
#5135=FACE_BOUND('',#4782,.T.);
#5136=FACE_BOUND('',#4783,.T.);
#5137=FACE_BOUND('',#4784,.T.);
#5138=FACE_BOUND('',#4785,.T.);
#5139=FACE_BOUND('',#4786,.T.);
#5140=FACE_BOUND('',#4787,.T.);
#5141=FACE_BOUND('',#4788,.T.);
#5142=FACE_BOUND('',#4789,.T.);
#5143=FACE_BOUND('',#4790,.T.);
#5144=FACE_BOUND('',#4791,.T.);
#5145=FACE_BOUND('',#4792,.T.);
#5146=FACE_BOUND('',#4793,.T.);
#5147=FACE_BOUND('',#4794,.T.);
#5148=FACE_BOUND('',#4795,.T.);
#5149=FACE_BOUND('',#4796,.T.);
#5150=FACE_BOUND('',#4797,.T.);
#5151=FACE_BOUND('',#4798,.T.);
#5152=FACE_BOUND('',#4799,.T.);
#5153=FACE_BOUND('',#4800,.T.);
#5154=FACE_BOUND('',#4801,.T.);
#5155=FACE_BOUND('',#4802,.T.);
#5156=FACE_BOUND('',#4803,.T.);
#5157=FACE_BOUND('',#4804,.T.);
#5158=FACE_BOUND('',#4805,.T.);
#5159=FACE_BOUND('',#4806,.T.);
#5160=FACE_BOUND('',#4807,.T.);
#5161=FACE_BOUND('',#4808,.T.);
#5162=FACE_BOUND('',#4809,.T.);
#5163=FACE_BOUND('',#4810,.T.);
#5164=FACE_BOUND('',#4811,.T.);
#5165=FACE_BOUND('',#4812,.T.);
#5166=FACE_BOUND('',#4813,.T.);
#5167=FACE_BOUND('',#4814,.T.);
#5168=CYLINDRICAL_SURFACE('',#5615,0.00199999850585);
#5169=CYLINDRICAL_SURFACE('',#5618,0.00199999850585);
#5170=CYLINDRICAL_SURFACE('',#5621,0.002000002202773);
#5171=CYLINDRICAL_SURFACE('',#5657,0.00315505572632298);
#5172=CYLINDRICAL_SURFACE('',#5662,0.00399999850585);
#5173=CYLINDRICAL_SURFACE('',#5669,0.00399999850584988);
#5174=CYLINDRICAL_SURFACE('',#5674,0.002);
#5175=CYLINDRICAL_SURFACE('',#5677,0.002);
#5176=CYLINDRICAL_SURFACE('',#5680,0.002);
#5177=CYLINDRICAL_SURFACE('',#5683,0.002);
#5178=CYLINDRICAL_SURFACE('',#5686,0.002);
#5179=CYLINDRICAL_SURFACE('',#5689,0.002);
#5180=CYLINDRICAL_SURFACE('',#5692,0.002);
#5181=CYLINDRICAL_SURFACE('',#5695,0.002);
#5182=CYLINDRICAL_SURFACE('',#5698,0.002);
#5183=CYLINDRICAL_SURFACE('',#5701,0.002);
#5184=CYLINDRICAL_SURFACE('',#5704,0.002);
#5185=CYLINDRICAL_SURFACE('',#5707,0.002);
#5186=CYLINDRICAL_SURFACE('',#5710,0.002);
#5187=CYLINDRICAL_SURFACE('',#5713,0.002);
#5188=CYLINDRICAL_SURFACE('',#5716,0.002);
#5189=CYLINDRICAL_SURFACE('',#5719,0.002);
#5190=CYLINDRICAL_SURFACE('',#5722,0.002);
#5191=CYLINDRICAL_SURFACE('',#5852,0.0011);
#5192=CYLINDRICAL_SURFACE('',#5853,0.0011);
#5193=CYLINDRICAL_SURFACE('',#5854,0.0011);
#5194=CYLINDRICAL_SURFACE('',#5855,0.0011);
#5195=CYLINDRICAL_SURFACE('',#5856,0.0011);
#5196=CYLINDRICAL_SURFACE('',#5857,0.0011);
#5197=CYLINDRICAL_SURFACE('',#5859,0.001155055726323);
#5198=CYLINDRICAL_SURFACE('',#5862,0.00199999850585);
#5199=CYLINDRICAL_SURFACE('',#5865,0.00199999850585);
#5200=CYLINDRICAL_SURFACE('',#5868,0.00199999850585);
#5201=CYLINDRICAL_SURFACE('',#5869,0.00199999850585);
#5202=CYLINDRICAL_SURFACE('',#5871,0.00199999850585);
#5203=CYLINDRICAL_SURFACE('',#5872,0.002000002202773);
#5204=CYLINDRICAL_SURFACE('',#5874,0.00199999850585);
#5205=CYLINDRICAL_SURFACE('',#5876,0.001355255911432);
#5206=CYLINDRICAL_SURFACE('',#5880,0.00399999850584988);
#5207=CYLINDRICAL_SURFACE('',#5884,0.00335525591143199);
#5208=CYLINDRICAL_SURFACE('',#5886,0.00335525591143177);
#5209=CYLINDRICAL_SURFACE('',#5888,0.0033552559114323);
#5210=CYLINDRICAL_SURFACE('',#5891,0.00399999850585001);
#5211=CYLINDRICAL_SURFACE('',#5894,0.00400000220277283);
#5212=CYLINDRICAL_SURFACE('',#5897,0.00399999850584993);
#5213=CYLINDRICAL_SURFACE('',#5899,0.00399999850585007);
#5214=CYLINDRICAL_SURFACE('',#5900,0.002);
#5215=CYLINDRICAL_SURFACE('',#5902,0.002);
#5216=CYLINDRICAL_SURFACE('',#5912,0.0005);
#5217=CYLINDRICAL_SURFACE('',#5915,0.0005);
#5218=CYLINDRICAL_SURFACE('',#5918,0.0005);
#5219=CYLINDRICAL_SURFACE('',#5921,0.0005);
#5220=CYLINDRICAL_SURFACE('',#5923,0.0005);
#5221=CYLINDRICAL_SURFACE('',#5926,0.0005);
#5222=CYLINDRICAL_SURFACE('',#5929,0.0005);
#5223=CYLINDRICAL_SURFACE('',#5932,0.0005);
#5224=CYLINDRICAL_SURFACE('',#5934,0.0005);
#5225=CYLINDRICAL_SURFACE('',#5937,0.0005);
#5226=CYLINDRICAL_SURFACE('',#5940,0.0005);
#5227=CYLINDRICAL_SURFACE('',#5943,0.0005);
#5228=CYLINDRICAL_SURFACE('',#5945,0.00049999999999998);
#5229=CYLINDRICAL_SURFACE('',#5948,0.000500000000000011);
#5230=CYLINDRICAL_SURFACE('',#5951,0.0005);
#5231=CYLINDRICAL_SURFACE('',#5954,0.00049999999999998);
#5232=CYLINDRICAL_SURFACE('',#5956,0.0005);
#5233=CYLINDRICAL_SURFACE('',#5959,0.0005);
#5234=CYLINDRICAL_SURFACE('',#5962,0.0005);
#5235=CYLINDRICAL_SURFACE('',#5965,0.0005);
#5236=CYLINDRICAL_SURFACE('',#5967,0.0005);
#5237=CYLINDRICAL_SURFACE('',#5970,0.0005);
#5238=CYLINDRICAL_SURFACE('',#5973,0.0005);
#5239=CYLINDRICAL_SURFACE('',#5976,0.0005);
#5240=CYLINDRICAL_SURFACE('',#5978,0.0005);
#5241=CYLINDRICAL_SURFACE('',#5981,0.0005);
#5242=CYLINDRICAL_SURFACE('',#5984,0.0005);
#5243=CYLINDRICAL_SURFACE('',#5987,0.0005);
#5244=CYLINDRICAL_SURFACE('',#5989,0.0005);
#5245=CYLINDRICAL_SURFACE('',#5992,0.0005);
#5246=CYLINDRICAL_SURFACE('',#5995,0.0005);
#5247=CYLINDRICAL_SURFACE('',#5998,0.0005);
#5248=CYLINDRICAL_SURFACE('',#6000,0.0005);
#5249=CYLINDRICAL_SURFACE('',#6003,0.0005);
#5250=CYLINDRICAL_SURFACE('',#6006,0.0005);
#5251=CYLINDRICAL_SURFACE('',#6009,0.000500000000000014);
#5252=CYLINDRICAL_SURFACE('',#6011,0.0005);
#5253=CYLINDRICAL_SURFACE('',#6014,0.0005);
#5254=CYLINDRICAL_SURFACE('',#6017,0.0005);
#5255=CYLINDRICAL_SURFACE('',#6020,0.0005);
#5256=CYLINDRICAL_SURFACE('',#6022,0.0005);
#5257=CYLINDRICAL_SURFACE('',#6025,0.0005);
#5258=CYLINDRICAL_SURFACE('',#6028,0.0005);
#5259=CYLINDRICAL_SURFACE('',#6031,0.0005);
#5260=CYLINDRICAL_SURFACE('',#6033,0.0005);
#5261=CYLINDRICAL_SURFACE('',#6036,0.0005);
#5262=CYLINDRICAL_SURFACE('',#6039,0.0005);
#5263=CYLINDRICAL_SURFACE('',#6042,0.0005);
#5264=CYLINDRICAL_SURFACE('',#6044,0.0005);
#5265=CYLINDRICAL_SURFACE('',#6047,0.0005);
#5266=CYLINDRICAL_SURFACE('',#6050,0.0005);
#5267=CYLINDRICAL_SURFACE('',#6053,0.0005);
#5268=CYLINDRICAL_SURFACE('',#6055,0.0005);
#5269=CYLINDRICAL_SURFACE('',#6058,0.0005);
#5270=CYLINDRICAL_SURFACE('',#6061,0.0005);
#5271=CYLINDRICAL_SURFACE('',#6064,0.0005);
#5272=CYLINDRICAL_SURFACE('',#6066,0.0005);
#5273=CYLINDRICAL_SURFACE('',#6069,0.0005);
#5274=CYLINDRICAL_SURFACE('',#6072,0.0005);
#5275=CYLINDRICAL_SURFACE('',#6075,0.0005);
#5276=CYLINDRICAL_SURFACE('',#6077,0.0005);
#5277=CYLINDRICAL_SURFACE('',#6080,0.0005);
#5278=CYLINDRICAL_SURFACE('',#6083,0.0005);
#5279=CYLINDRICAL_SURFACE('',#6086,0.0005);
#5280=CYLINDRICAL_SURFACE('',#6106,0.002);
#5281=CYLINDRICAL_SURFACE('',#6107,0.002);
#5282=CYLINDRICAL_SURFACE('',#6109,0.002);
#5283=CYLINDRICAL_SURFACE('',#6113,0.002);
#5284=CYLINDRICAL_SURFACE('',#6114,0.002);
#5285=CYLINDRICAL_SURFACE('',#6116,0.002);
#5286=CYLINDRICAL_SURFACE('',#6117,0.002);
#5287=CYLINDRICAL_SURFACE('',#6118,0.002);
#5288=CYLINDRICAL_SURFACE('',#6120,0.002);
#5289=CYLINDRICAL_SURFACE('',#6124,0.002);
#5290=CYLINDRICAL_SURFACE('',#6126,0.002);
#5291=CYLINDRICAL_SURFACE('',#6127,0.002);
#5292=CYLINDRICAL_SURFACE('',#6128,0.0015);
#5293=CYLINDRICAL_SURFACE('',#6129,0.0015);
#5294=CYLINDRICAL_SURFACE('',#6130,0.0015);
#5295=CYLINDRICAL_SURFACE('',#6131,0.0015);
#5296=CYLINDRICAL_SURFACE('',#6132,0.0015);
#5297=CYLINDRICAL_SURFACE('',#6136,0.00399999850584988);
#5298=CYLINDRICAL_SURFACE('',#6141,0.00335525591143199);
#5299=CYLINDRICAL_SURFACE('',#6145,0.00335525591143177);
#5300=CYLINDRICAL_SURFACE('',#6149,0.0033552559114323);
#5301=CYLINDRICAL_SURFACE('',#6153,0.00399999850585001);
#5302=CYLINDRICAL_SURFACE('',#6157,0.00400000220277283);
#5303=CYLINDRICAL_SURFACE('',#6162,0.00399999850584993);
#5304=CYLINDRICAL_SURFACE('',#6166,0.00399999850585007);
#5305=CYLINDRICAL_SURFACE('',#6181,0.0015);
#5306=CYLINDRICAL_SURFACE('',#6182,0.0015);
#5307=CYLINDRICAL_SURFACE('',#6183,0.0015);
#5308=CYLINDRICAL_SURFACE('',#6184,0.0015);
#5309=CYLINDRICAL_SURFACE('',#6185,0.0015);
#5310=ADVANCED_FACE('',(#4815),#5168,.F.);
#5311=ADVANCED_FACE('',(#4816),#5169,.F.);
#5312=ADVANCED_FACE('',(#4817),#5170,.F.);
#5313=ADVANCED_FACE('',(#4818),#164,.T.);
#5314=ADVANCED_FACE('',(#4819),#148,.T.);
#5315=ADVANCED_FACE('',(#4820),#165,.T.);
#5316=ADVANCED_FACE('',(#4821),#166,.T.);
#5317=ADVANCED_FACE('',(#4822),#167,.T.);
#5318=ADVANCED_FACE('',(#4823),#17,.F.);
#5319=ADVANCED_FACE('',(#4824),#18,.F.);
#5320=ADVANCED_FACE('',(#4825),#19,.F.);
#5321=ADVANCED_FACE('',(#4826),#20,.F.);
#5322=ADVANCED_FACE('',(#4827),#21,.F.);
#5323=ADVANCED_FACE('',(#4828),#22,.F.);
#5324=ADVANCED_FACE('',(#4829),#23,.F.);
#5325=ADVANCED_FACE('',(#4830),#24,.F.);
#5326=ADVANCED_FACE('',(#4831),#25,.T.);
#5327=ADVANCED_FACE('',(#4832),#26,.T.);
#5328=ADVANCED_FACE('',(#4833),#27,.F.);
#5329=ADVANCED_FACE('',(#4834),#5171,.T.);
#5330=ADVANCED_FACE('',(#4835),#28,.F.);
#5331=ADVANCED_FACE('',(#4836),#29,.F.);
#5332=ADVANCED_FACE('',(#4837),#5172,.T.);
#5333=ADVANCED_FACE('',(#4838),#30,.F.);
#5334=ADVANCED_FACE('',(#4839),#31,.F.);
#5335=ADVANCED_FACE('',(#4840),#32,.F.);
#5336=ADVANCED_FACE('',(#4841),#33,.F.);
#5337=ADVANCED_FACE('',(#4842),#5173,.T.);
#5338=ADVANCED_FACE('',(#4843),#34,.F.);
#5339=ADVANCED_FACE('',(#4844),#35,.F.);
#5340=ADVANCED_FACE('',(#4845),#5174,.F.);
#5341=ADVANCED_FACE('',(#4846),#5175,.F.);
#5342=ADVANCED_FACE('',(#4847),#5176,.F.);
#5343=ADVANCED_FACE('',(#4848),#5177,.F.);
#5344=ADVANCED_FACE('',(#4849),#5178,.F.);
#5345=ADVANCED_FACE('',(#4850),#5179,.F.);
#5346=ADVANCED_FACE('',(#4851),#5180,.F.);
#5347=ADVANCED_FACE('',(#4852),#5181,.T.);
#5348=ADVANCED_FACE('',(#4853),#5182,.T.);
#5349=ADVANCED_FACE('',(#4854),#5183,.T.);
#5350=ADVANCED_FACE('',(#4855),#5184,.T.);
#5351=ADVANCED_FACE('',(#4856),#5185,.F.);
#5352=ADVANCED_FACE('',(#4857),#5186,.F.);
#5353=ADVANCED_FACE('',(#4858),#5187,.F.);
#5354=ADVANCED_FACE('',(#4859),#5188,.F.);
#5355=ADVANCED_FACE('',(#4860),#5189,.F.);
#5356=ADVANCED_FACE('',(#4861),#5190,.F.);
#5357=ADVANCED_FACE('',(#4862,#4863,#4864,#4865,#4866,#4867,#4868,#4869,
#4870,#4871,#4872,#4873,#4874,#4875,#4876,#4877,#4878,#4879,#4880,#4881,
#4882,#4883,#4884,#4885),#36,.T.);
#5358=ADVANCED_FACE('',(#4886),#37,.T.);
#5359=ADVANCED_FACE('',(#4887,#4888,#4889,#4890,#4891,#4892,#4893),#38,
 .F.);
#5360=ADVANCED_FACE('',(#4894),#39,.F.);
#5361=ADVANCED_FACE('',(#4895),#40,.F.);
#5362=ADVANCED_FACE('',(#4896,#4897),#5191,.F.);
#5363=ADVANCED_FACE('',(#4898,#4899),#5192,.F.);
#5364=ADVANCED_FACE('',(#4900,#4901),#5193,.F.);
#5365=ADVANCED_FACE('',(#4902,#4903),#5194,.F.);
#5366=ADVANCED_FACE('',(#4904,#4905),#5195,.F.);
#5367=ADVANCED_FACE('',(#4906,#4907),#5196,.F.);
#5368=ADVANCED_FACE('',(#4908),#41,.F.);
#5369=ADVANCED_FACE('',(#4909),#5197,.T.);
#5370=ADVANCED_FACE('',(#4910),#42,.F.);
#5371=ADVANCED_FACE('',(#4911),#43,.F.);
#5372=ADVANCED_FACE('',(#4912),#5198,.T.);
#5373=ADVANCED_FACE('',(#4913),#44,.F.);
#5374=ADVANCED_FACE('',(#4914),#45,.F.);
#5375=ADVANCED_FACE('',(#4915),#5199,.T.);
#5376=ADVANCED_FACE('',(#4916),#46,.F.);
#5377=ADVANCED_FACE('',(#4917),#47,.F.);
#5378=ADVANCED_FACE('',(#4918),#5200,.F.);
#5379=ADVANCED_FACE('',(#4919),#5201,.F.);
#5380=ADVANCED_FACE('',(#4920),#48,.F.);
#5381=ADVANCED_FACE('',(#4921),#5202,.F.);
#5382=ADVANCED_FACE('',(#4922),#5203,.F.);
#5383=ADVANCED_FACE('',(#4923),#49,.F.);
#5384=ADVANCED_FACE('',(#4924),#5204,.F.);
#5385=ADVANCED_FACE('',(#4925),#50,.F.);
#5386=ADVANCED_FACE('',(#4926),#5205,.F.);
#5387=ADVANCED_FACE('',(#4927),#51,.F.);
#5388=ADVANCED_FACE('',(#4928),#52,.T.);
#5389=ADVANCED_FACE('',(#4929),#53,.T.);
#5390=ADVANCED_FACE('',(#4930),#5206,.T.);
#5391=ADVANCED_FACE('',(#4931),#54,.T.);
#5392=ADVANCED_FACE('',(#4932),#55,.T.);
#5393=ADVANCED_FACE('',(#4933),#5207,.T.);
#5394=ADVANCED_FACE('',(#4934),#56,.T.);
#5395=ADVANCED_FACE('',(#4935),#5208,.T.);
#5396=ADVANCED_FACE('',(#4936),#57,.T.);
#5397=ADVANCED_FACE('',(#4937),#5209,.T.);
#5398=ADVANCED_FACE('',(#4938),#58,.T.);
#5399=ADVANCED_FACE('',(#4939),#5210,.T.);
#5400=ADVANCED_FACE('',(#4940),#59,.T.);
#5401=ADVANCED_FACE('',(#4941),#5211,.T.);
#5402=ADVANCED_FACE('',(#4942),#60,.T.);
#5403=ADVANCED_FACE('',(#4943),#61,.T.);
#5404=ADVANCED_FACE('',(#4944),#5212,.T.);
#5405=ADVANCED_FACE('',(#4945),#62,.T.);
#5406=ADVANCED_FACE('',(#4946),#5213,.T.);
#5407=ADVANCED_FACE('',(#4947),#5214,.T.);
#5408=ADVANCED_FACE('',(#4948),#5215,.T.);
#5409=ADVANCED_FACE('',(#4949),#63,.F.);
#5410=ADVANCED_FACE('',(#4950),#64,.T.);
#5411=ADVANCED_FACE('',(#4951),#65,.F.);
#5412=ADVANCED_FACE('',(#4952),#66,.F.);
#5413=ADVANCED_FACE('',(#4953),#67,.T.);
#5414=ADVANCED_FACE('',(#4954),#68,.T.);
#5415=ADVANCED_FACE('',(#4955),#5216,.F.);
#5416=ADVANCED_FACE('',(#4956),#69,.T.);
#5417=ADVANCED_FACE('',(#4957),#5217,.F.);
#5418=ADVANCED_FACE('',(#4958),#70,.T.);
#5419=ADVANCED_FACE('',(#4959),#5218,.F.);
#5420=ADVANCED_FACE('',(#4960),#71,.F.);
#5421=ADVANCED_FACE('',(#4961),#5219,.F.);
#5422=ADVANCED_FACE('',(#4962),#5220,.F.);
#5423=ADVANCED_FACE('',(#4963),#72,.T.);
#5424=ADVANCED_FACE('',(#4964),#5221,.F.);
#5425=ADVANCED_FACE('',(#4965),#73,.T.);
#5426=ADVANCED_FACE('',(#4966),#5222,.F.);
#5427=ADVANCED_FACE('',(#4967),#74,.F.);
#5428=ADVANCED_FACE('',(#4968),#5223,.F.);
#5429=ADVANCED_FACE('',(#4969),#5224,.F.);
#5430=ADVANCED_FACE('',(#4970),#75,.T.);
#5431=ADVANCED_FACE('',(#4971),#5225,.F.);
#5432=ADVANCED_FACE('',(#4972),#76,.T.);
#5433=ADVANCED_FACE('',(#4973),#5226,.F.);
#5434=ADVANCED_FACE('',(#4974),#77,.F.);
#5435=ADVANCED_FACE('',(#4975),#5227,.F.);
#5436=ADVANCED_FACE('',(#4976),#5228,.F.);
#5437=ADVANCED_FACE('',(#4977),#78,.T.);
#5438=ADVANCED_FACE('',(#4978),#5229,.F.);
#5439=ADVANCED_FACE('',(#4979),#79,.T.);
#5440=ADVANCED_FACE('',(#4980),#5230,.F.);
#5441=ADVANCED_FACE('',(#4981),#80,.F.);
#5442=ADVANCED_FACE('',(#4982),#5231,.F.);
#5443=ADVANCED_FACE('',(#4983),#5232,.F.);
#5444=ADVANCED_FACE('',(#4984),#81,.T.);
#5445=ADVANCED_FACE('',(#4985),#5233,.F.);
#5446=ADVANCED_FACE('',(#4986),#82,.T.);
#5447=ADVANCED_FACE('',(#4987),#5234,.F.);
#5448=ADVANCED_FACE('',(#4988),#83,.F.);
#5449=ADVANCED_FACE('',(#4989),#5235,.F.);
#5450=ADVANCED_FACE('',(#4990),#5236,.F.);
#5451=ADVANCED_FACE('',(#4991),#84,.T.);
#5452=ADVANCED_FACE('',(#4992),#5237,.F.);
#5453=ADVANCED_FACE('',(#4993),#85,.T.);
#5454=ADVANCED_FACE('',(#4994),#5238,.F.);
#5455=ADVANCED_FACE('',(#4995),#86,.F.);
#5456=ADVANCED_FACE('',(#4996),#5239,.F.);
#5457=ADVANCED_FACE('',(#4997),#5240,.F.);
#5458=ADVANCED_FACE('',(#4998),#87,.T.);
#5459=ADVANCED_FACE('',(#4999),#5241,.F.);
#5460=ADVANCED_FACE('',(#5000),#88,.T.);
#5461=ADVANCED_FACE('',(#5001),#5242,.F.);
#5462=ADVANCED_FACE('',(#5002),#89,.F.);
#5463=ADVANCED_FACE('',(#5003),#5243,.F.);
#5464=ADVANCED_FACE('',(#5004),#5244,.F.);
#5465=ADVANCED_FACE('',(#5005),#90,.T.);
#5466=ADVANCED_FACE('',(#5006),#5245,.F.);
#5467=ADVANCED_FACE('',(#5007),#91,.T.);
#5468=ADVANCED_FACE('',(#5008),#5246,.F.);
#5469=ADVANCED_FACE('',(#5009),#92,.F.);
#5470=ADVANCED_FACE('',(#5010),#5247,.F.);
#5471=ADVANCED_FACE('',(#5011),#5248,.F.);
#5472=ADVANCED_FACE('',(#5012),#93,.T.);
#5473=ADVANCED_FACE('',(#5013),#5249,.F.);
#5474=ADVANCED_FACE('',(#5014),#94,.T.);
#5475=ADVANCED_FACE('',(#5015),#5250,.F.);
#5476=ADVANCED_FACE('',(#5016),#95,.F.);
#5477=ADVANCED_FACE('',(#5017),#5251,.F.);
#5478=ADVANCED_FACE('',(#5018),#5252,.F.);
#5479=ADVANCED_FACE('',(#5019),#96,.T.);
#5480=ADVANCED_FACE('',(#5020),#5253,.F.);
#5481=ADVANCED_FACE('',(#5021),#97,.T.);
#5482=ADVANCED_FACE('',(#5022),#5254,.F.);
#5483=ADVANCED_FACE('',(#5023),#98,.F.);
#5484=ADVANCED_FACE('',(#5024),#5255,.F.);
#5485=ADVANCED_FACE('',(#5025),#5256,.F.);
#5486=ADVANCED_FACE('',(#5026),#99,.T.);
#5487=ADVANCED_FACE('',(#5027),#5257,.F.);
#5488=ADVANCED_FACE('',(#5028),#100,.T.);
#5489=ADVANCED_FACE('',(#5029),#5258,.F.);
#5490=ADVANCED_FACE('',(#5030),#101,.F.);
#5491=ADVANCED_FACE('',(#5031),#5259,.F.);
#5492=ADVANCED_FACE('',(#5032),#5260,.F.);
#5493=ADVANCED_FACE('',(#5033),#102,.T.);
#5494=ADVANCED_FACE('',(#5034),#5261,.F.);
#5495=ADVANCED_FACE('',(#5035),#103,.T.);
#5496=ADVANCED_FACE('',(#5036),#5262,.F.);
#5497=ADVANCED_FACE('',(#5037),#104,.F.);
#5498=ADVANCED_FACE('',(#5038),#5263,.F.);
#5499=ADVANCED_FACE('',(#5039),#5264,.F.);
#5500=ADVANCED_FACE('',(#5040),#105,.T.);
#5501=ADVANCED_FACE('',(#5041),#5265,.F.);
#5502=ADVANCED_FACE('',(#5042),#106,.T.);
#5503=ADVANCED_FACE('',(#5043),#5266,.F.);
#5504=ADVANCED_FACE('',(#5044),#107,.F.);
#5505=ADVANCED_FACE('',(#5045),#5267,.F.);
#5506=ADVANCED_FACE('',(#5046),#5268,.F.);
#5507=ADVANCED_FACE('',(#5047),#108,.T.);
#5508=ADVANCED_FACE('',(#5048),#5269,.F.);
#5509=ADVANCED_FACE('',(#5049),#109,.T.);
#5510=ADVANCED_FACE('',(#5050),#5270,.F.);
#5511=ADVANCED_FACE('',(#5051),#110,.F.);
#5512=ADVANCED_FACE('',(#5052),#5271,.F.);
#5513=ADVANCED_FACE('',(#5053),#5272,.F.);
#5514=ADVANCED_FACE('',(#5054),#111,.T.);
#5515=ADVANCED_FACE('',(#5055),#5273,.F.);
#5516=ADVANCED_FACE('',(#5056),#112,.T.);
#5517=ADVANCED_FACE('',(#5057),#5274,.F.);
#5518=ADVANCED_FACE('',(#5058),#113,.F.);
#5519=ADVANCED_FACE('',(#5059),#5275,.F.);
#5520=ADVANCED_FACE('',(#5060),#5276,.F.);
#5521=ADVANCED_FACE('',(#5061),#114,.T.);
#5522=ADVANCED_FACE('',(#5062),#5277,.F.);
#5523=ADVANCED_FACE('',(#5063),#115,.T.);
#5524=ADVANCED_FACE('',(#5064),#5278,.F.);
#5525=ADVANCED_FACE('',(#5065),#116,.F.);
#5526=ADVANCED_FACE('',(#5066),#5279,.F.);
#5527=ADVANCED_FACE('',(#5067),#117,.F.);
#5528=ADVANCED_FACE('',(#5068),#118,.F.);
#5529=ADVANCED_FACE('',(#5069),#119,.F.);
#5530=ADVANCED_FACE('',(#5070),#120,.F.);
#5531=ADVANCED_FACE('',(#5071),#121,.F.);
#5532=ADVANCED_FACE('',(#5072),#122,.F.);
#5533=ADVANCED_FACE('',(#5073),#123,.F.);
#5534=ADVANCED_FACE('',(#5074),#124,.F.);
#5535=ADVANCED_FACE('',(#5075),#125,.F.);
#5536=ADVANCED_FACE('',(#5076),#126,.F.);
#5537=ADVANCED_FACE('',(#5077),#127,.F.);
#5538=ADVANCED_FACE('',(#5078),#128,.F.);
#5539=ADVANCED_FACE('',(#5079),#129,.F.);
#5540=ADVANCED_FACE('',(#5080),#130,.F.);
#5541=ADVANCED_FACE('',(#5081),#131,.F.);
#5542=ADVANCED_FACE('',(#5082),#132,.F.);
#5543=ADVANCED_FACE('',(#5083),#133,.F.);
#5544=ADVANCED_FACE('',(#5084,#5085,#5086,#5087,#5088,#5089,#5090,#5091,
#5092,#5093,#5094,#5095,#5096,#5097,#5098,#5099,#5100,#5101),#134,.F.);
#5545=ADVANCED_FACE('',(#5102),#5280,.T.);
#5546=ADVANCED_FACE('',(#5103),#5281,.T.);
#5547=ADVANCED_FACE('',(#5104),#168,.T.);
#5548=ADVANCED_FACE('',(#5105),#5282,.T.);
#5549=ADVANCED_FACE('',(#5106),#169,.T.);
#5550=ADVANCED_FACE('',(#5107),#5283,.T.);
#5551=ADVANCED_FACE('',(#5108),#5284,.T.);
#5552=ADVANCED_FACE('',(#5109),#5285,.T.);
#5553=ADVANCED_FACE('',(#5110),#5286,.T.);
#5554=ADVANCED_FACE('',(#5111),#5287,.T.);
#5555=ADVANCED_FACE('',(#5112),#5288,.T.);
#5556=ADVANCED_FACE('',(#5113),#170,.T.);
#5557=ADVANCED_FACE('',(#5114),#5289,.T.);
#5558=ADVANCED_FACE('',(#5115),#5290,.T.);
#5559=ADVANCED_FACE('',(#5116),#5291,.T.);
#5560=ADVANCED_FACE('',(#5117,#5118),#5292,.F.);
#5561=ADVANCED_FACE('',(#5119,#5120),#5293,.F.);
#5562=ADVANCED_FACE('',(#5121,#5122),#5294,.F.);
#5563=ADVANCED_FACE('',(#5123,#5124),#5295,.F.);
#5564=ADVANCED_FACE('',(#5125,#5126),#5296,.F.);
#5565=ADVANCED_FACE('',(#5127),#135,.T.);
#5566=ADVANCED_FACE('',(#5128),#136,.T.);
#5567=ADVANCED_FACE('',(#5129),#5297,.T.);
#5568=ADVANCED_FACE('',(#5130),#137,.T.);
#5569=ADVANCED_FACE('',(#5131),#138,.T.);
#5570=ADVANCED_FACE('',(#5132),#5298,.T.);
#5571=ADVANCED_FACE('',(#5133),#139,.T.);
#5572=ADVANCED_FACE('',(#5134),#5299,.T.);
#5573=ADVANCED_FACE('',(#5135),#140,.T.);
#5574=ADVANCED_FACE('',(#5136),#5300,.T.);
#5575=ADVANCED_FACE('',(#5137),#141,.T.);
#5576=ADVANCED_FACE('',(#5138),#5301,.T.);
#5577=ADVANCED_FACE('',(#5139),#142,.T.);
#5578=ADVANCED_FACE('',(#5140),#5302,.T.);
#5579=ADVANCED_FACE('',(#5141),#143,.T.);
#5580=ADVANCED_FACE('',(#5142),#144,.T.);
#5581=ADVANCED_FACE('',(#5143),#5303,.T.);
#5582=ADVANCED_FACE('',(#5144),#145,.T.);
#5583=ADVANCED_FACE('',(#5145),#5304,.T.);
#5584=ADVANCED_FACE('',(#5146,#5147,#5148,#5149,#5150,#5151),#146,.T.);
#5585=ADVANCED_FACE('',(#5152,#5153,#5154,#5155,#5156,#5157),#147,.F.);
#5586=ADVANCED_FACE('',(#5158,#5159),#5305,.F.);
#5587=ADVANCED_FACE('',(#5160,#5161),#5306,.F.);
#5588=ADVANCED_FACE('',(#5162,#5163),#5307,.F.);
#5589=ADVANCED_FACE('',(#5164,#5165),#5308,.F.);
#5590=ADVANCED_FACE('',(#5166,#5167),#5309,.F.);
#5591=CLOSED_SHELL('',(#5310,#5311,#5312,#5313,#5314,#5315,#5316,#5317,
#5318,#5319,#5320,#5321,#5322,#5323,#5324,#5325,#5326,#5327,#5328,#5329,
#5330,#5331,#5332,#5333,#5334,#5335,#5336,#5337,#5338,#5339,#5340,#5341,
#5342,#5343,#5344,#5345,#5346,#5347,#5348,#5349,#5350,#5351,#5352,#5353,
#5354,#5355,#5356,#5357,#5358,#5359,#5360,#5361,#5362,#5363,#5364,#5365,
#5366,#5367,#5368,#5369,#5370,#5371,#5372,#5373,#5374,#5375,#5376,#5377,
#5378,#5379,#5380,#5381,#5382,#5383,#5384,#5385,#5386,#5387,#5388,#5389,
#5390,#5391,#5392,#5393,#5394,#5395,#5396,#5397,#5398,#5399,#5400,#5401,
#5402,#5403,#5404,#5405,#5406,#5407,#5408,#5409,#5410,#5411,#5412,#5413,
#5414,#5415,#5416,#5417,#5418,#5419,#5420,#5421,#5422,#5423,#5424,#5425,
#5426,#5427,#5428,#5429,#5430,#5431,#5432,#5433,#5434,#5435,#5436,#5437,
#5438,#5439,#5440,#5441,#5442,#5443,#5444,#5445,#5446,#5447,#5448,#5449,
#5450,#5451,#5452,#5453,#5454,#5455,#5456,#5457,#5458,#5459,#5460,#5461,
#5462,#5463,#5464,#5465,#5466,#5467,#5468,#5469,#5470,#5471,#5472,#5473,
#5474,#5475,#5476,#5477,#5478,#5479,#5480,#5481,#5482,#5483,#5484,#5485,
#5486,#5487,#5488,#5489,#5490,#5491,#5492,#5493,#5494,#5495,#5496,#5497,
#5498,#5499,#5500,#5501,#5502,#5503,#5504,#5505,#5506,#5507,#5508,#5509,
#5510,#5511,#5512,#5513,#5514,#5515,#5516,#5517,#5518,#5519,#5520,#5521,
#5522,#5523,#5524,#5525,#5526,#5527,#5528,#5529,#5530,#5531,#5532,#5533,
#5534,#5535,#5536,#5537,#5538,#5539,#5540,#5541,#5542,#5543,#5544,#5545,
#5546,#5547,#5548,#5549,#5550,#5551,#5552,#5553,#5554,#5555,#5556,#5557,
#5558,#5559,#5560,#5561,#5562,#5563,#5564));
#5592=CLOSED_SHELL('',(#5565,#5566,#5567,#5568,#5569,#5570,#5571,#5572,
#5573,#5574,#5575,#5576,#5577,#5578,#5579,#5580,#5581,#5582,#5583,#5584,
#5585,#5586,#5587,#5588,#5589,#5590));
#5593=STYLED_ITEM('',(#5595),#5608);
#5594=STYLED_ITEM('',(#5596),#5609);
#5595=PRESENTATION_STYLE_ASSIGNMENT((#5597));
#5596=PRESENTATION_STYLE_ASSIGNMENT((#5598));
#5597=SURFACE_STYLE_USAGE(.BOTH.,#5599);
#5598=SURFACE_STYLE_USAGE(.BOTH.,#5600);
#5599=SURFACE_SIDE_STYLE('',(#5601));
#5600=SURFACE_SIDE_STYLE('',(#5602));
#5601=SURFACE_STYLE_FILL_AREA(#5603);
#5602=SURFACE_STYLE_FILL_AREA(#5604);
#5603=FILL_AREA_STYLE('',(#5605));
#5604=FILL_AREA_STYLE('',(#5606));
#5605=FILL_AREA_STYLE_COLOUR('',#5607);
#5606=FILL_AREA_STYLE_COLOUR('',#5607);
#5607=COLOUR_RGB('',0.647058823529412,0.647058823529412,0.647058823529412);
#5608=MANIFOLD_SOLID_BREP('Right Top Mount',#5591);
#5609=MANIFOLD_SOLID_BREP('Right Bottom Mount',#5592);
#5610=SHAPE_DEFINITION_REPRESENTATION(#9556,#5612);
#5611=SHAPE_DEFINITION_REPRESENTATION(#9557,#5613);
#5612=SHAPE_REPRESENTATION('Right Top Mount',(#5614),#9546);
#5613=SHAPE_REPRESENTATION('Right Bottom Mount',(#6133),#9547);
#5614=AXIS2_PLACEMENT_3D('',#7840,#6186,#6187);
#5615=AXIS2_PLACEMENT_3D('',#7841,#6188,#6189);
#5616=AXIS2_PLACEMENT_3D('',#7842,#6190,#6191);
#5617=AXIS2_PLACEMENT_3D('',#7847,#6193,#6194);
#5618=AXIS2_PLACEMENT_3D('',#7850,#6196,#6197);
#5619=AXIS2_PLACEMENT_3D('',#7851,#6198,#6199);
#5620=AXIS2_PLACEMENT_3D('',#7856,#6201,#6202);
#5621=AXIS2_PLACEMENT_3D('',#7859,#6204,#6205);
#5622=AXIS2_PLACEMENT_3D('',#7860,#6206,#6207);
#5623=AXIS2_PLACEMENT_3D('',#7865,#6209,#6210);
#5624=AXIS2_PLACEMENT_3D('',#7868,#6212,#6213);
#5625=AXIS2_PLACEMENT_3D('',#7881,#6214,#6215);
#5626=AXIS2_PLACEMENT_3D('',#7887,#6216,#6217);
#5627=AXIS2_PLACEMENT_3D('',#7899,#6218,#6219);
#5628=AXIS2_PLACEMENT_3D('',#7901,#6220,#6221);
#5629=AXIS2_PLACEMENT_3D('',#7903,#6222,#6223);
#5630=AXIS2_PLACEMENT_3D('',#7905,#6224,#6225);
#5631=AXIS2_PLACEMENT_3D('',#7907,#6226,#6227);
#5632=AXIS2_PLACEMENT_3D('',#7908,#6228,#6229);
#5633=AXIS2_PLACEMENT_3D('',#7920,#6230,#6231);
#5634=AXIS2_PLACEMENT_3D('',#7922,#6232,#6233);
#5635=AXIS2_PLACEMENT_3D('',#7924,#6234,#6235);
#5636=AXIS2_PLACEMENT_3D('',#7926,#6236,#6237);
#5637=AXIS2_PLACEMENT_3D('',#7928,#6238,#6239);
#5638=AXIS2_PLACEMENT_3D('',#7929,#6240,#6241);
#5639=AXIS2_PLACEMENT_3D('',#7941,#6242,#6243);
#5640=AXIS2_PLACEMENT_3D('',#7943,#6244,#6245);
#5641=AXIS2_PLACEMENT_3D('',#7945,#6246,#6247);
#5642=AXIS2_PLACEMENT_3D('',#7947,#6248,#6249);
#5643=AXIS2_PLACEMENT_3D('',#7949,#6250,#6251);
#5644=AXIS2_PLACEMENT_3D('',#7950,#6252,#6253);
#5645=AXIS2_PLACEMENT_3D('',#7963,#6254,#6255);
#5646=AXIS2_PLACEMENT_3D('',#7969,#6256,#6257);
#5647=AXIS2_PLACEMENT_3D('',#7978,#6262,#6263);
#5648=AXIS2_PLACEMENT_3D('',#7987,#6268,#6269);
#5649=AXIS2_PLACEMENT_3D('',#7996,#6274,#6275);
#5650=AXIS2_PLACEMENT_3D('',#8005,#6280,#6281);
#5651=AXIS2_PLACEMENT_3D('',#8014,#6286,#6287);
#5652=AXIS2_PLACEMENT_3D('',#8023,#6292,#6293);
#5653=AXIS2_PLACEMENT_3D('',#8032,#6298,#6299);
#5654=AXIS2_PLACEMENT_3D('',#8038,#6303,#6304);
#5655=AXIS2_PLACEMENT_3D('',#8047,#6309,#6310);
#5656=AXIS2_PLACEMENT_3D('',#8056,#6315,#6316);
#5657=AXIS2_PLACEMENT_3D('',#8065,#6321,#6322);
#5658=AXIS2_PLACEMENT_3D('',#8066,#6323,#6324);
#5659=AXIS2_PLACEMENT_3D('',#8068,#6325,#6326);
#5660=AXIS2_PLACEMENT_3D('',#8071,#6328,#6329);
#5661=AXIS2_PLACEMENT_3D('',#8077,#6333,#6334);
#5662=AXIS2_PLACEMENT_3D('',#8086,#6339,#6340);
#5663=AXIS2_PLACEMENT_3D('',#8087,#6341,#6342);
#5664=AXIS2_PLACEMENT_3D('',#8089,#6343,#6344);
#5665=AXIS2_PLACEMENT_3D('',#8092,#6346,#6347);
#5666=AXIS2_PLACEMENT_3D('',#8098,#6351,#6352);
#5667=AXIS2_PLACEMENT_3D('',#8107,#6357,#6358);
#5668=AXIS2_PLACEMENT_3D('',#8116,#6363,#6364);
#5669=AXIS2_PLACEMENT_3D('',#8125,#6369,#6370);
#5670=AXIS2_PLACEMENT_3D('',#8126,#6371,#6372);
#5671=AXIS2_PLACEMENT_3D('',#8131,#6374,#6375);
#5672=AXIS2_PLACEMENT_3D('',#8134,#6377,#6378);
#5673=AXIS2_PLACEMENT_3D('',#8137,#6381,#6382);
#5674=AXIS2_PLACEMENT_3D('',#8146,#6387,#6388);
#5675=AXIS2_PLACEMENT_3D('',#8147,#6389,#6390);
#5676=AXIS2_PLACEMENT_3D('',#8148,#6391,#6392);
#5677=AXIS2_PLACEMENT_3D('',#8149,#6393,#6394);
#5678=AXIS2_PLACEMENT_3D('',#8150,#6395,#6396);
#5679=AXIS2_PLACEMENT_3D('',#8151,#6397,#6398);
#5680=AXIS2_PLACEMENT_3D('',#8152,#6399,#6400);
#5681=AXIS2_PLACEMENT_3D('',#8153,#6401,#6402);
#5682=AXIS2_PLACEMENT_3D('',#8157,#6404,#6405);
#5683=AXIS2_PLACEMENT_3D('',#8158,#6406,#6407);
#5684=AXIS2_PLACEMENT_3D('',#8159,#6408,#6409);
#5685=AXIS2_PLACEMENT_3D('',#8161,#6410,#6411);
#5686=AXIS2_PLACEMENT_3D('',#8164,#6413,#6414);
#5687=AXIS2_PLACEMENT_3D('',#8165,#6415,#6416);
#5688=AXIS2_PLACEMENT_3D('',#8166,#6417,#6418);
#5689=AXIS2_PLACEMENT_3D('',#8167,#6419,#6420);
#5690=AXIS2_PLACEMENT_3D('',#8168,#6421,#6422);
#5691=AXIS2_PLACEMENT_3D('',#8169,#6423,#6424);
#5692=AXIS2_PLACEMENT_3D('',#8170,#6425,#6426);
#5693=AXIS2_PLACEMENT_3D('',#8171,#6427,#6428);
#5694=AXIS2_PLACEMENT_3D('',#8172,#6429,#6430);
#5695=AXIS2_PLACEMENT_3D('',#8173,#6431,#6432);
#5696=AXIS2_PLACEMENT_3D('',#8174,#6433,#6434);
#5697=AXIS2_PLACEMENT_3D('',#8175,#6435,#6436);
#5698=AXIS2_PLACEMENT_3D('',#8176,#6437,#6438);
#5699=AXIS2_PLACEMENT_3D('',#8177,#6439,#6440);
#5700=AXIS2_PLACEMENT_3D('',#8181,#6442,#6443);
#5701=AXIS2_PLACEMENT_3D('',#8182,#6444,#6445);
#5702=AXIS2_PLACEMENT_3D('',#8183,#6446,#6447);
#5703=AXIS2_PLACEMENT_3D('',#8184,#6448,#6449);
#5704=AXIS2_PLACEMENT_3D('',#8185,#6450,#6451);
#5705=AXIS2_PLACEMENT_3D('',#8186,#6452,#6453);
#5706=AXIS2_PLACEMENT_3D('',#8187,#6454,#6455);
#5707=AXIS2_PLACEMENT_3D('',#8188,#6456,#6457);
#5708=AXIS2_PLACEMENT_3D('',#8189,#6458,#6459);
#5709=AXIS2_PLACEMENT_3D('',#8190,#6460,#6461);
#5710=AXIS2_PLACEMENT_3D('',#8191,#6462,#6463);
#5711=AXIS2_PLACEMENT_3D('',#8192,#6464,#6465);
#5712=AXIS2_PLACEMENT_3D('',#8193,#6466,#6467);
#5713=AXIS2_PLACEMENT_3D('',#8194,#6468,#6469);
#5714=AXIS2_PLACEMENT_3D('',#8195,#6470,#6471);
#5715=AXIS2_PLACEMENT_3D('',#8196,#6472,#6473);
#5716=AXIS2_PLACEMENT_3D('',#8197,#6474,#6475);
#5717=AXIS2_PLACEMENT_3D('',#8198,#6476,#6477);
#5718=AXIS2_PLACEMENT_3D('',#8199,#6478,#6479);
#5719=AXIS2_PLACEMENT_3D('',#8200,#6480,#6481);
#5720=AXIS2_PLACEMENT_3D('',#8201,#6482,#6483);
#5721=AXIS2_PLACEMENT_3D('',#8205,#6485,#6486);
#5722=AXIS2_PLACEMENT_3D('',#8206,#6487,#6488);
#5723=AXIS2_PLACEMENT_3D('',#8207,#6489,#6490);
#5724=AXIS2_PLACEMENT_3D('',#8209,#6491,#6492);
#5725=AXIS2_PLACEMENT_3D('',#8212,#6494,#6495);
#5726=AXIS2_PLACEMENT_3D('',#8213,#6496,#6497);
#5727=AXIS2_PLACEMENT_3D('',#8218,#6499,#6500);
#5728=AXIS2_PLACEMENT_3D('',#8222,#6502,#6503);
#5729=AXIS2_PLACEMENT_3D('',#8225,#6505,#6506);
#5730=AXIS2_PLACEMENT_3D('',#8229,#6509,#6510);
#5731=AXIS2_PLACEMENT_3D('',#8231,#6512,#6513);
#5732=AXIS2_PLACEMENT_3D('',#8236,#6516,#6517);
#5733=AXIS2_PLACEMENT_3D('',#8242,#6520,#6521);
#5734=AXIS2_PLACEMENT_3D('',#8253,#6527,#6528);
#5735=AXIS2_PLACEMENT_3D('',#8255,#6529,#6530);
#5736=AXIS2_PLACEMENT_3D('',#8257,#6531,#6532);
#5737=AXIS2_PLACEMENT_3D('',#8259,#6533,#6534);
#5738=AXIS2_PLACEMENT_3D('',#8261,#6535,#6536);
#5739=AXIS2_PLACEMENT_3D('',#8263,#6537,#6538);
#5740=AXIS2_PLACEMENT_3D('',#8265,#6539,#6540);
#5741=AXIS2_PLACEMENT_3D('',#8270,#6542,#6543);
#5742=AXIS2_PLACEMENT_3D('',#8274,#6545,#6546);
#5743=AXIS2_PLACEMENT_3D('',#8278,#6548,#6549);
#5744=AXIS2_PLACEMENT_3D('',#8281,#6551,#6552);
#5745=AXIS2_PLACEMENT_3D('',#8286,#6554,#6555);
#5746=AXIS2_PLACEMENT_3D('',#8290,#6557,#6558);
#5747=AXIS2_PLACEMENT_3D('',#8294,#6560,#6561);
#5748=AXIS2_PLACEMENT_3D('',#8297,#6563,#6564);
#5749=AXIS2_PLACEMENT_3D('',#8302,#6566,#6567);
#5750=AXIS2_PLACEMENT_3D('',#8306,#6569,#6570);
#5751=AXIS2_PLACEMENT_3D('',#8310,#6572,#6573);
#5752=AXIS2_PLACEMENT_3D('',#8313,#6575,#6576);
#5753=AXIS2_PLACEMENT_3D('',#8318,#6578,#6579);
#5754=AXIS2_PLACEMENT_3D('',#8322,#6581,#6582);
#5755=AXIS2_PLACEMENT_3D('',#8326,#6584,#6585);
#5756=AXIS2_PLACEMENT_3D('',#8329,#6587,#6588);
#5757=AXIS2_PLACEMENT_3D('',#8334,#6590,#6591);
#5758=AXIS2_PLACEMENT_3D('',#8338,#6593,#6594);
#5759=AXIS2_PLACEMENT_3D('',#8342,#6596,#6597);
#5760=AXIS2_PLACEMENT_3D('',#8345,#6599,#6600);
#5761=AXIS2_PLACEMENT_3D('',#8350,#6602,#6603);
#5762=AXIS2_PLACEMENT_3D('',#8354,#6605,#6606);
#5763=AXIS2_PLACEMENT_3D('',#8358,#6608,#6609);
#5764=AXIS2_PLACEMENT_3D('',#8361,#6611,#6612);
#5765=AXIS2_PLACEMENT_3D('',#8366,#6614,#6615);
#5766=AXIS2_PLACEMENT_3D('',#8370,#6617,#6618);
#5767=AXIS2_PLACEMENT_3D('',#8374,#6620,#6621);
#5768=AXIS2_PLACEMENT_3D('',#8377,#6623,#6624);
#5769=AXIS2_PLACEMENT_3D('',#8382,#6626,#6627);
#5770=AXIS2_PLACEMENT_3D('',#8386,#6629,#6630);
#5771=AXIS2_PLACEMENT_3D('',#8390,#6632,#6633);
#5772=AXIS2_PLACEMENT_3D('',#8393,#6635,#6636);
#5773=AXIS2_PLACEMENT_3D('',#8398,#6638,#6639);
#5774=AXIS2_PLACEMENT_3D('',#8402,#6641,#6642);
#5775=AXIS2_PLACEMENT_3D('',#8406,#6644,#6645);
#5776=AXIS2_PLACEMENT_3D('',#8409,#6647,#6648);
#5777=AXIS2_PLACEMENT_3D('',#8414,#6650,#6651);
#5778=AXIS2_PLACEMENT_3D('',#8418,#6653,#6654);
#5779=AXIS2_PLACEMENT_3D('',#8422,#6656,#6657);
#5780=AXIS2_PLACEMENT_3D('',#8425,#6659,#6660);
#5781=AXIS2_PLACEMENT_3D('',#8430,#6662,#6663);
#5782=AXIS2_PLACEMENT_3D('',#8434,#6665,#6666);
#5783=AXIS2_PLACEMENT_3D('',#8438,#6668,#6669);
#5784=AXIS2_PLACEMENT_3D('',#8441,#6671,#6672);
#5785=AXIS2_PLACEMENT_3D('',#8446,#6674,#6675);
#5786=AXIS2_PLACEMENT_3D('',#8450,#6677,#6678);
#5787=AXIS2_PLACEMENT_3D('',#8454,#6680,#6681);
#5788=AXIS2_PLACEMENT_3D('',#8457,#6683,#6684);
#5789=AXIS2_PLACEMENT_3D('',#8462,#6686,#6687);
#5790=AXIS2_PLACEMENT_3D('',#8466,#6689,#6690);
#5791=AXIS2_PLACEMENT_3D('',#8470,#6692,#6693);
#5792=AXIS2_PLACEMENT_3D('',#8473,#6695,#6696);
#5793=AXIS2_PLACEMENT_3D('',#8478,#6698,#6699);
#5794=AXIS2_PLACEMENT_3D('',#8482,#6701,#6702);
#5795=AXIS2_PLACEMENT_3D('',#8486,#6704,#6705);
#5796=AXIS2_PLACEMENT_3D('',#8489,#6707,#6708);
#5797=AXIS2_PLACEMENT_3D('',#8494,#6710,#6711);
#5798=AXIS2_PLACEMENT_3D('',#8498,#6713,#6714);
#5799=AXIS2_PLACEMENT_3D('',#8502,#6716,#6717);
#5800=AXIS2_PLACEMENT_3D('',#8505,#6719,#6720);
#5801=AXIS2_PLACEMENT_3D('',#8510,#6722,#6723);
#5802=AXIS2_PLACEMENT_3D('',#8514,#6725,#6726);
#5803=AXIS2_PLACEMENT_3D('',#8518,#6728,#6729);
#5804=AXIS2_PLACEMENT_3D('',#8529,#6735,#6736);
#5805=AXIS2_PLACEMENT_3D('',#8537,#6741,#6742);
#5806=AXIS2_PLACEMENT_3D('',#8538,#6743,#6744);
#5807=AXIS2_PLACEMENT_3D('',#8540,#6745,#6746);
#5808=AXIS2_PLACEMENT_3D('',#8542,#6747,#6748);
#5809=AXIS2_PLACEMENT_3D('',#8544,#6749,#6750);
#5810=AXIS2_PLACEMENT_3D('',#8546,#6751,#6752);
#5811=AXIS2_PLACEMENT_3D('',#8548,#6753,#6754);
#5812=AXIS2_PLACEMENT_3D('',#8553,#6756,#6757);
#5813=AXIS2_PLACEMENT_3D('',#8558,#6760,#6761);
#5814=AXIS2_PLACEMENT_3D('',#8559,#6762,#6763);
#5815=AXIS2_PLACEMENT_3D('',#8564,#6766,#6767);
#5816=AXIS2_PLACEMENT_3D('',#8568,#6769,#6770);
#5817=AXIS2_PLACEMENT_3D('',#8572,#6772,#6773);
#5818=AXIS2_PLACEMENT_3D('',#8576,#6775,#6776);
#5819=AXIS2_PLACEMENT_3D('',#8580,#6778,#6779);
#5820=AXIS2_PLACEMENT_3D('',#8582,#6780,#6781);
#5821=AXIS2_PLACEMENT_3D('',#8585,#6783,#6784);
#5822=AXIS2_PLACEMENT_3D('',#8587,#6785,#6786);
#5823=AXIS2_PLACEMENT_3D('',#8590,#6788,#6789);
#5824=AXIS2_PLACEMENT_3D('',#8594,#6791,#6792);
#5825=AXIS2_PLACEMENT_3D('',#8596,#6793,#6794);
#5826=AXIS2_PLACEMENT_3D('',#8599,#6796,#6797);
#5827=AXIS2_PLACEMENT_3D('',#8603,#6799,#6800);
#5828=AXIS2_PLACEMENT_3D('',#8604,#6801,#6802);
#5829=AXIS2_PLACEMENT_3D('',#8610,#6806,#6807);
#5830=AXIS2_PLACEMENT_3D('',#8611,#6808,#6809);
#5831=AXIS2_PLACEMENT_3D('',#8615,#6811,#6812);
#5832=AXIS2_PLACEMENT_3D('',#8619,#6814,#6815);
#5833=AXIS2_PLACEMENT_3D('',#8622,#6817,#6818);
#5834=AXIS2_PLACEMENT_3D('',#8624,#6819,#6820);
#5835=AXIS2_PLACEMENT_3D('',#8628,#6822,#6823);
#5836=AXIS2_PLACEMENT_3D('',#8631,#6825,#6826);
#5837=AXIS2_PLACEMENT_3D('',#8633,#6827,#6828);
#5838=AXIS2_PLACEMENT_3D('',#8636,#6830,#6831);
#5839=AXIS2_PLACEMENT_3D('',#8638,#6832,#6833);
#5840=AXIS2_PLACEMENT_3D('',#8642,#6835,#6836);
#5841=AXIS2_PLACEMENT_3D('',#8646,#6838,#6839);
#5842=AXIS2_PLACEMENT_3D('',#8650,#6841,#6842);
#5843=AXIS2_PLACEMENT_3D('',#8654,#6844,#6845);
#5844=AXIS2_PLACEMENT_3D('',#8659,#6848,#6849);
#5845=AXIS2_PLACEMENT_3D('',#8665,#6852,#6853);
#5846=AXIS2_PLACEMENT_3D('',#8671,#6856,#6857);
#5847=AXIS2_PLACEMENT_3D('',#8675,#6859,#6860);
#5848=AXIS2_PLACEMENT_3D('',#8681,#6863,#6864);
#5849=AXIS2_PLACEMENT_3D('',#8685,#6866,#6867);
#5850=AXIS2_PLACEMENT_3D('',#8689,#6869,#6870);
#5851=AXIS2_PLACEMENT_3D('',#8693,#6872,#6873);
#5852=AXIS2_PLACEMENT_3D('',#8698,#6876,#6877);
#5853=AXIS2_PLACEMENT_3D('',#8699,#6878,#6879);
#5854=AXIS2_PLACEMENT_3D('',#8700,#6880,#6881);
#5855=AXIS2_PLACEMENT_3D('',#8701,#6882,#6883);
#5856=AXIS2_PLACEMENT_3D('',#8702,#6884,#6885);
#5857=AXIS2_PLACEMENT_3D('',#8703,#6886,#6887);
#5858=AXIS2_PLACEMENT_3D('',#8704,#6888,#6889);
#5859=AXIS2_PLACEMENT_3D('',#8707,#6892,#6893);
#5860=AXIS2_PLACEMENT_3D('',#8709,#6895,#6896);
#5861=AXIS2_PLACEMENT_3D('',#8711,#6898,#6899);
#5862=AXIS2_PLACEMENT_3D('',#8714,#6902,#6903);
#5863=AXIS2_PLACEMENT_3D('',#8716,#6905,#6906);
#5864=AXIS2_PLACEMENT_3D('',#8718,#6908,#6909);
#5865=AXIS2_PLACEMENT_3D('',#8720,#6911,#6912);
#5866=AXIS2_PLACEMENT_3D('',#8722,#6914,#6915);
#5867=AXIS2_PLACEMENT_3D('',#8724,#6917,#6918);
#5868=AXIS2_PLACEMENT_3D('',#8727,#6921,#6922);
#5869=AXIS2_PLACEMENT_3D('',#8728,#6923,#6924);
#5870=AXIS2_PLACEMENT_3D('',#8730,#6926,#6927);
#5871=AXIS2_PLACEMENT_3D('',#8732,#6929,#6930);
#5872=AXIS2_PLACEMENT_3D('',#8734,#6932,#6933);
#5873=AXIS2_PLACEMENT_3D('',#8736,#6935,#6936);
#5874=AXIS2_PLACEMENT_3D('',#8738,#6938,#6939);
#5875=AXIS2_PLACEMENT_3D('',#8740,#6941,#6942);
#5876=AXIS2_PLACEMENT_3D('',#8742,#6944,#6945);
#5877=AXIS2_PLACEMENT_3D('',#8744,#6947,#6948);
#5878=AXIS2_PLACEMENT_3D('',#8746,#6950,#6951);
#5879=AXIS2_PLACEMENT_3D('',#8751,#6955,#6956);
#5880=AXIS2_PLACEMENT_3D('',#8755,#6959,#6960);
#5881=AXIS2_PLACEMENT_3D('',#8758,#6962,#6963);
#5882=AXIS2_PLACEMENT_3D('',#8759,#6964,#6965);
#5883=AXIS2_PLACEMENT_3D('',#8763,#6968,#6969);
#5884=AXIS2_PLACEMENT_3D('',#8766,#6972,#6973);
#5885=AXIS2_PLACEMENT_3D('',#8767,#6974,#6975);
#5886=AXIS2_PLACEMENT_3D('',#8772,#6979,#6980);
#5887=AXIS2_PLACEMENT_3D('',#8774,#6982,#6983);
#5888=AXIS2_PLACEMENT_3D('',#8778,#6986,#6987);
#5889=AXIS2_PLACEMENT_3D('',#8781,#6989,#6990);
#5890=AXIS2_PLACEMENT_3D('',#8782,#6991,#6992);
#5891=AXIS2_PLACEMENT_3D('',#8786,#6995,#6996);
#5892=AXIS2_PLACEMENT_3D('',#8789,#6998,#6999);
#5893=AXIS2_PLACEMENT_3D('',#8790,#7000,#7001);
#5894=AXIS2_PLACEMENT_3D('',#8793,#7004,#7005);
#5895=AXIS2_PLACEMENT_3D('',#8795,#7007,#7008);
#5896=AXIS2_PLACEMENT_3D('',#8799,#7011,#7012);
#5897=AXIS2_PLACEMENT_3D('',#8802,#7015,#7016);
#5898=AXIS2_PLACEMENT_3D('',#8804,#7018,#7019);
#5899=AXIS2_PLACEMENT_3D('',#8807,#7022,#7023);
#5900=AXIS2_PLACEMENT_3D('',#8808,#7024,#7025);
#5901=AXIS2_PLACEMENT_3D('',#8809,#7026,#7027);
#5902=AXIS2_PLACEMENT_3D('',#8810,#7028,#7029);
#5903=AXIS2_PLACEMENT_3D('',#8811,#7030,#7031);
#5904=AXIS2_PLACEMENT_3D('',#8812,#7032,#7033);
#5905=AXIS2_PLACEMENT_3D('',#8813,#7034,#7035);
#5906=AXIS2_PLACEMENT_3D('',#8815,#7037,#7038);
#5907=AXIS2_PLACEMENT_3D('',#8816,#7039,#7040);
#5908=AXIS2_PLACEMENT_3D('',#8818,#7042,#7043);
#5909=AXIS2_PLACEMENT_3D('',#8820,#7045,#7046);
#5910=AXIS2_PLACEMENT_3D('',#8826,#7050,#7051);
#5911=AXIS2_PLACEMENT_3D('',#8830,#7054,#7055);
#5912=AXIS2_PLACEMENT_3D('',#8834,#7058,#7059);
#5913=AXIS2_PLACEMENT_3D('',#8837,#7061,#7062);
#5914=AXIS2_PLACEMENT_3D('',#8840,#7064,#7065);
#5915=AXIS2_PLACEMENT_3D('',#8844,#7068,#7069);
#5916=AXIS2_PLACEMENT_3D('',#8845,#7070,#7071);
#5917=AXIS2_PLACEMENT_3D('',#8848,#7073,#7074);
#5918=AXIS2_PLACEMENT_3D('',#8852,#7077,#7078);
#5919=AXIS2_PLACEMENT_3D('',#8853,#7079,#7080);
#5920=AXIS2_PLACEMENT_3D('',#8856,#7082,#7083);
#5921=AXIS2_PLACEMENT_3D('',#8860,#7086,#7087);
#5922=AXIS2_PLACEMENT_3D('',#8861,#7088,#7089);
#5923=AXIS2_PLACEMENT_3D('',#8864,#7091,#7092);
#5924=AXIS2_PLACEMENT_3D('',#8867,#7094,#7095);
#5925=AXIS2_PLACEMENT_3D('',#8870,#7097,#7098);
#5926=AXIS2_PLACEMENT_3D('',#8874,#7101,#7102);
#5927=AXIS2_PLACEMENT_3D('',#8875,#7103,#7104);
#5928=AXIS2_PLACEMENT_3D('',#8878,#7106,#7107);
#5929=AXIS2_PLACEMENT_3D('',#8882,#7110,#7111);
#5930=AXIS2_PLACEMENT_3D('',#8883,#7112,#7113);
#5931=AXIS2_PLACEMENT_3D('',#8886,#7115,#7116);
#5932=AXIS2_PLACEMENT_3D('',#8890,#7119,#7120);
#5933=AXIS2_PLACEMENT_3D('',#8891,#7121,#7122);
#5934=AXIS2_PLACEMENT_3D('',#8894,#7124,#7125);
#5935=AXIS2_PLACEMENT_3D('',#8897,#7127,#7128);
#5936=AXIS2_PLACEMENT_3D('',#8900,#7130,#7131);
#5937=AXIS2_PLACEMENT_3D('',#8904,#7134,#7135);
#5938=AXIS2_PLACEMENT_3D('',#8905,#7136,#7137);
#5939=AXIS2_PLACEMENT_3D('',#8908,#7139,#7140);
#5940=AXIS2_PLACEMENT_3D('',#8912,#7143,#7144);
#5941=AXIS2_PLACEMENT_3D('',#8913,#7145,#7146);
#5942=AXIS2_PLACEMENT_3D('',#8916,#7148,#7149);
#5943=AXIS2_PLACEMENT_3D('',#8920,#7152,#7153);
#5944=AXIS2_PLACEMENT_3D('',#8921,#7154,#7155);
#5945=AXIS2_PLACEMENT_3D('',#8924,#7157,#7158);
#5946=AXIS2_PLACEMENT_3D('',#8927,#7160,#7161);
#5947=AXIS2_PLACEMENT_3D('',#8930,#7163,#7164);
#5948=AXIS2_PLACEMENT_3D('',#8934,#7167,#7168);
#5949=AXIS2_PLACEMENT_3D('',#8935,#7169,#7170);
#5950=AXIS2_PLACEMENT_3D('',#8938,#7172,#7173);
#5951=AXIS2_PLACEMENT_3D('',#8942,#7176,#7177);
#5952=AXIS2_PLACEMENT_3D('',#8943,#7178,#7179);
#5953=AXIS2_PLACEMENT_3D('',#8946,#7181,#7182);
#5954=AXIS2_PLACEMENT_3D('',#8950,#7185,#7186);
#5955=AXIS2_PLACEMENT_3D('',#8951,#7187,#7188);
#5956=AXIS2_PLACEMENT_3D('',#8954,#7190,#7191);
#5957=AXIS2_PLACEMENT_3D('',#8957,#7193,#7194);
#5958=AXIS2_PLACEMENT_3D('',#8960,#7196,#7197);
#5959=AXIS2_PLACEMENT_3D('',#8964,#7200,#7201);
#5960=AXIS2_PLACEMENT_3D('',#8965,#7202,#7203);
#5961=AXIS2_PLACEMENT_3D('',#8968,#7205,#7206);
#5962=AXIS2_PLACEMENT_3D('',#8972,#7209,#7210);
#5963=AXIS2_PLACEMENT_3D('',#8973,#7211,#7212);
#5964=AXIS2_PLACEMENT_3D('',#8976,#7214,#7215);
#5965=AXIS2_PLACEMENT_3D('',#8980,#7218,#7219);
#5966=AXIS2_PLACEMENT_3D('',#8981,#7220,#7221);
#5967=AXIS2_PLACEMENT_3D('',#8984,#7223,#7224);
#5968=AXIS2_PLACEMENT_3D('',#8987,#7226,#7227);
#5969=AXIS2_PLACEMENT_3D('',#8990,#7229,#7230);
#5970=AXIS2_PLACEMENT_3D('',#8994,#7233,#7234);
#5971=AXIS2_PLACEMENT_3D('',#8995,#7235,#7236);
#5972=AXIS2_PLACEMENT_3D('',#8998,#7238,#7239);
#5973=AXIS2_PLACEMENT_3D('',#9002,#7242,#7243);
#5974=AXIS2_PLACEMENT_3D('',#9003,#7244,#7245);
#5975=AXIS2_PLACEMENT_3D('',#9006,#7247,#7248);
#5976=AXIS2_PLACEMENT_3D('',#9010,#7251,#7252);
#5977=AXIS2_PLACEMENT_3D('',#9011,#7253,#7254);
#5978=AXIS2_PLACEMENT_3D('',#9014,#7256,#7257);
#5979=AXIS2_PLACEMENT_3D('',#9017,#7259,#7260);
#5980=AXIS2_PLACEMENT_3D('',#9020,#7262,#7263);
#5981=AXIS2_PLACEMENT_3D('',#9024,#7266,#7267);
#5982=AXIS2_PLACEMENT_3D('',#9025,#7268,#7269);
#5983=AXIS2_PLACEMENT_3D('',#9028,#7271,#7272);
#5984=AXIS2_PLACEMENT_3D('',#9032,#7275,#7276);
#5985=AXIS2_PLACEMENT_3D('',#9033,#7277,#7278);
#5986=AXIS2_PLACEMENT_3D('',#9036,#7280,#7281);
#5987=AXIS2_PLACEMENT_3D('',#9040,#7284,#7285);
#5988=AXIS2_PLACEMENT_3D('',#9041,#7286,#7287);
#5989=AXIS2_PLACEMENT_3D('',#9044,#7289,#7290);
#5990=AXIS2_PLACEMENT_3D('',#9047,#7292,#7293);
#5991=AXIS2_PLACEMENT_3D('',#9050,#7295,#7296);
#5992=AXIS2_PLACEMENT_3D('',#9054,#7299,#7300);
#5993=AXIS2_PLACEMENT_3D('',#9055,#7301,#7302);
#5994=AXIS2_PLACEMENT_3D('',#9058,#7304,#7305);
#5995=AXIS2_PLACEMENT_3D('',#9062,#7308,#7309);
#5996=AXIS2_PLACEMENT_3D('',#9063,#7310,#7311);
#5997=AXIS2_PLACEMENT_3D('',#9066,#7313,#7314);
#5998=AXIS2_PLACEMENT_3D('',#9070,#7317,#7318);
#5999=AXIS2_PLACEMENT_3D('',#9071,#7319,#7320);
#6000=AXIS2_PLACEMENT_3D('',#9074,#7322,#7323);
#6001=AXIS2_PLACEMENT_3D('',#9077,#7325,#7326);
#6002=AXIS2_PLACEMENT_3D('',#9080,#7328,#7329);
#6003=AXIS2_PLACEMENT_3D('',#9084,#7332,#7333);
#6004=AXIS2_PLACEMENT_3D('',#9085,#7334,#7335);
#6005=AXIS2_PLACEMENT_3D('',#9088,#7337,#7338);
#6006=AXIS2_PLACEMENT_3D('',#9092,#7341,#7342);
#6007=AXIS2_PLACEMENT_3D('',#9093,#7343,#7344);
#6008=AXIS2_PLACEMENT_3D('',#9096,#7346,#7347);
#6009=AXIS2_PLACEMENT_3D('',#9100,#7350,#7351);
#6010=AXIS2_PLACEMENT_3D('',#9101,#7352,#7353);
#6011=AXIS2_PLACEMENT_3D('',#9104,#7355,#7356);
#6012=AXIS2_PLACEMENT_3D('',#9107,#7358,#7359);
#6013=AXIS2_PLACEMENT_3D('',#9110,#7361,#7362);
#6014=AXIS2_PLACEMENT_3D('',#9114,#7365,#7366);
#6015=AXIS2_PLACEMENT_3D('',#9115,#7367,#7368);
#6016=AXIS2_PLACEMENT_3D('',#9118,#7370,#7371);
#6017=AXIS2_PLACEMENT_3D('',#9122,#7374,#7375);
#6018=AXIS2_PLACEMENT_3D('',#9123,#7376,#7377);
#6019=AXIS2_PLACEMENT_3D('',#9126,#7379,#7380);
#6020=AXIS2_PLACEMENT_3D('',#9130,#7383,#7384);
#6021=AXIS2_PLACEMENT_3D('',#9131,#7385,#7386);
#6022=AXIS2_PLACEMENT_3D('',#9134,#7388,#7389);
#6023=AXIS2_PLACEMENT_3D('',#9137,#7391,#7392);
#6024=AXIS2_PLACEMENT_3D('',#9140,#7394,#7395);
#6025=AXIS2_PLACEMENT_3D('',#9144,#7398,#7399);
#6026=AXIS2_PLACEMENT_3D('',#9145,#7400,#7401);
#6027=AXIS2_PLACEMENT_3D('',#9148,#7403,#7404);
#6028=AXIS2_PLACEMENT_3D('',#9152,#7407,#7408);
#6029=AXIS2_PLACEMENT_3D('',#9153,#7409,#7410);
#6030=AXIS2_PLACEMENT_3D('',#9156,#7412,#7413);
#6031=AXIS2_PLACEMENT_3D('',#9160,#7416,#7417);
#6032=AXIS2_PLACEMENT_3D('',#9161,#7418,#7419);
#6033=AXIS2_PLACEMENT_3D('',#9164,#7421,#7422);
#6034=AXIS2_PLACEMENT_3D('',#9167,#7424,#7425);
#6035=AXIS2_PLACEMENT_3D('',#9170,#7427,#7428);
#6036=AXIS2_PLACEMENT_3D('',#9174,#7431,#7432);
#6037=AXIS2_PLACEMENT_3D('',#9175,#7433,#7434);
#6038=AXIS2_PLACEMENT_3D('',#9178,#7436,#7437);
#6039=AXIS2_PLACEMENT_3D('',#9182,#7440,#7441);
#6040=AXIS2_PLACEMENT_3D('',#9183,#7442,#7443);
#6041=AXIS2_PLACEMENT_3D('',#9186,#7445,#7446);
#6042=AXIS2_PLACEMENT_3D('',#9190,#7449,#7450);
#6043=AXIS2_PLACEMENT_3D('',#9191,#7451,#7452);
#6044=AXIS2_PLACEMENT_3D('',#9194,#7454,#7455);
#6045=AXIS2_PLACEMENT_3D('',#9197,#7457,#7458);
#6046=AXIS2_PLACEMENT_3D('',#9200,#7460,#7461);
#6047=AXIS2_PLACEMENT_3D('',#9204,#7464,#7465);
#6048=AXIS2_PLACEMENT_3D('',#9205,#7466,#7467);
#6049=AXIS2_PLACEMENT_3D('',#9208,#7469,#7470);
#6050=AXIS2_PLACEMENT_3D('',#9212,#7473,#7474);
#6051=AXIS2_PLACEMENT_3D('',#9213,#7475,#7476);
#6052=AXIS2_PLACEMENT_3D('',#9216,#7478,#7479);
#6053=AXIS2_PLACEMENT_3D('',#9220,#7482,#7483);
#6054=AXIS2_PLACEMENT_3D('',#9221,#7484,#7485);
#6055=AXIS2_PLACEMENT_3D('',#9224,#7487,#7488);
#6056=AXIS2_PLACEMENT_3D('',#9227,#7490,#7491);
#6057=AXIS2_PLACEMENT_3D('',#9230,#7493,#7494);
#6058=AXIS2_PLACEMENT_3D('',#9234,#7497,#7498);
#6059=AXIS2_PLACEMENT_3D('',#9235,#7499,#7500);
#6060=AXIS2_PLACEMENT_3D('',#9238,#7502,#7503);
#6061=AXIS2_PLACEMENT_3D('',#9242,#7506,#7507);
#6062=AXIS2_PLACEMENT_3D('',#9243,#7508,#7509);
#6063=AXIS2_PLACEMENT_3D('',#9246,#7511,#7512);
#6064=AXIS2_PLACEMENT_3D('',#9250,#7515,#7516);
#6065=AXIS2_PLACEMENT_3D('',#9251,#7517,#7518);
#6066=AXIS2_PLACEMENT_3D('',#9254,#7520,#7521);
#6067=AXIS2_PLACEMENT_3D('',#9257,#7523,#7524);
#6068=AXIS2_PLACEMENT_3D('',#9260,#7526,#7527);
#6069=AXIS2_PLACEMENT_3D('',#9264,#7530,#7531);
#6070=AXIS2_PLACEMENT_3D('',#9265,#7532,#7533);
#6071=AXIS2_PLACEMENT_3D('',#9268,#7535,#7536);
#6072=AXIS2_PLACEMENT_3D('',#9272,#7539,#7540);
#6073=AXIS2_PLACEMENT_3D('',#9273,#7541,#7542);
#6074=AXIS2_PLACEMENT_3D('',#9276,#7544,#7545);
#6075=AXIS2_PLACEMENT_3D('',#9280,#7548,#7549);
#6076=AXIS2_PLACEMENT_3D('',#9281,#7550,#7551);
#6077=AXIS2_PLACEMENT_3D('',#9284,#7553,#7554);
#6078=AXIS2_PLACEMENT_3D('',#9287,#7556,#7557);
#6079=AXIS2_PLACEMENT_3D('',#9290,#7559,#7560);
#6080=AXIS2_PLACEMENT_3D('',#9294,#7563,#7564);
#6081=AXIS2_PLACEMENT_3D('',#9295,#7565,#7566);
#6082=AXIS2_PLACEMENT_3D('',#9298,#7568,#7569);
#6083=AXIS2_PLACEMENT_3D('',#9302,#7572,#7573);
#6084=AXIS2_PLACEMENT_3D('',#9303,#7574,#7575);
#6085=AXIS2_PLACEMENT_3D('',#9306,#7577,#7578);
#6086=AXIS2_PLACEMENT_3D('',#9310,#7581,#7582);
#6087=AXIS2_PLACEMENT_3D('',#9311,#7583,#7584);
#6088=AXIS2_PLACEMENT_3D('',#9314,#7586,#7587);
#6089=AXIS2_PLACEMENT_3D('',#9316,#7589,#7590);
#6090=AXIS2_PLACEMENT_3D('',#9318,#7592,#7593);
#6091=AXIS2_PLACEMENT_3D('',#9320,#7595,#7596);
#6092=AXIS2_PLACEMENT_3D('',#9322,#7598,#7599);
#6093=AXIS2_PLACEMENT_3D('',#9324,#7601,#7602);
#6094=AXIS2_PLACEMENT_3D('',#9326,#7604,#7605);
#6095=AXIS2_PLACEMENT_3D('',#9328,#7607,#7608);
#6096=AXIS2_PLACEMENT_3D('',#9330,#7610,#7611);
#6097=AXIS2_PLACEMENT_3D('',#9332,#7613,#7614);
#6098=AXIS2_PLACEMENT_3D('',#9334,#7616,#7617);
#6099=AXIS2_PLACEMENT_3D('',#9336,#7619,#7620);
#6100=AXIS2_PLACEMENT_3D('',#9338,#7622,#7623);
#6101=AXIS2_PLACEMENT_3D('',#9340,#7625,#7626);
#6102=AXIS2_PLACEMENT_3D('',#9342,#7628,#7629);
#6103=AXIS2_PLACEMENT_3D('',#9344,#7631,#7632);
#6104=AXIS2_PLACEMENT_3D('',#9346,#7634,#7635);
#6105=AXIS2_PLACEMENT_3D('',#9348,#7637,#7638);
#6106=AXIS2_PLACEMENT_3D('',#9349,#7639,#7640);
#6107=AXIS2_PLACEMENT_3D('',#9354,#7641,#7642);
#6108=AXIS2_PLACEMENT_3D('',#9364,#7643,#7644);
#6109=AXIS2_PLACEMENT_3D('',#9370,#7645,#7646);
#6110=AXIS2_PLACEMENT_3D('',#9371,#7647,#7648);
#6111=AXIS2_PLACEMENT_3D('',#9372,#7649,#7650);
#6112=AXIS2_PLACEMENT_3D('',#9373,#7651,#7652);
#6113=AXIS2_PLACEMENT_3D('',#9374,#7653,#7654);
#6114=AXIS2_PLACEMENT_3D('',#9375,#7655,#7656);
#6115=AXIS2_PLACEMENT_3D('',#9376,#7657,#7658);
#6116=AXIS2_PLACEMENT_3D('',#9377,#7659,#7660);
#6117=AXIS2_PLACEMENT_3D('',#9378,#7661,#7662);
#6118=AXIS2_PLACEMENT_3D('',#9379,#7663,#7664);
#6119=AXIS2_PLACEMENT_3D('',#9380,#7665,#7666);
#6120=AXIS2_PLACEMENT_3D('',#9381,#7667,#7668);
#6121=AXIS2_PLACEMENT_3D('',#9382,#7669,#7670);
#6122=AXIS2_PLACEMENT_3D('',#9383,#7671,#7672);
#6123=AXIS2_PLACEMENT_3D('',#9384,#7673,#7674);
#6124=AXIS2_PLACEMENT_3D('',#9385,#7675,#7676);
#6125=AXIS2_PLACEMENT_3D('',#9386,#7677,#7678);
#6126=AXIS2_PLACEMENT_3D('',#9387,#7679,#7680);
#6127=AXIS2_PLACEMENT_3D('',#9392,#7681,#7682);
#6128=AXIS2_PLACEMENT_3D('',#9397,#7683,#7684);
#6129=AXIS2_PLACEMENT_3D('',#9398,#7685,#7686);
#6130=AXIS2_PLACEMENT_3D('',#9399,#7687,#7688);
#6131=AXIS2_PLACEMENT_3D('',#9400,#7689,#7690);
#6132=AXIS2_PLACEMENT_3D('',#9401,#7691,#7692);
#6133=AXIS2_PLACEMENT_3D('',#9402,#7693,#7694);
#6134=AXIS2_PLACEMENT_3D('',#9403,#7695,#7696);
#6135=AXIS2_PLACEMENT_3D('',#9412,#7701,#7702);
#6136=AXIS2_PLACEMENT_3D('',#9418,#7706,#7707);
#6137=AXIS2_PLACEMENT_3D('',#9419,#7708,#7709);
#6138=AXIS2_PLACEMENT_3D('',#9423,#7711,#7712);
#6139=AXIS2_PLACEMENT_3D('',#9424,#7713,#7714);
#6140=AXIS2_PLACEMENT_3D('',#9430,#7718,#7719);
#6141=AXIS2_PLACEMENT_3D('',#9436,#7723,#7724);
#6142=AXIS2_PLACEMENT_3D('',#9437,#7725,#7726);
#6143=AXIS2_PLACEMENT_3D('',#9441,#7728,#7729);
#6144=AXIS2_PLACEMENT_3D('',#9442,#7730,#7731);
#6145=AXIS2_PLACEMENT_3D('',#9448,#7735,#7736);
#6146=AXIS2_PLACEMENT_3D('',#9449,#7737,#7738);
#6147=AXIS2_PLACEMENT_3D('',#9453,#7740,#7741);
#6148=AXIS2_PLACEMENT_3D('',#9454,#7742,#7743);
#6149=AXIS2_PLACEMENT_3D('',#9460,#7747,#7748);
#6150=AXIS2_PLACEMENT_3D('',#9461,#7749,#7750);
#6151=AXIS2_PLACEMENT_3D('',#9465,#7752,#7753);
#6152=AXIS2_PLACEMENT_3D('',#9466,#7754,#7755);
#6153=AXIS2_PLACEMENT_3D('',#9472,#7759,#7760);
#6154=AXIS2_PLACEMENT_3D('',#9473,#7761,#7762);
#6155=AXIS2_PLACEMENT_3D('',#9477,#7764,#7765);
#6156=AXIS2_PLACEMENT_3D('',#9478,#7766,#7767);
#6157=AXIS2_PLACEMENT_3D('',#9484,#7771,#7772);
#6158=AXIS2_PLACEMENT_3D('',#9485,#7773,#7774);
#6159=AXIS2_PLACEMENT_3D('',#9489,#7776,#7777);
#6160=AXIS2_PLACEMENT_3D('',#9490,#7778,#7779);
#6161=AXIS2_PLACEMENT_3D('',#9496,#7783,#7784);
#6162=AXIS2_PLACEMENT_3D('',#9502,#7788,#7789);
#6163=AXIS2_PLACEMENT_3D('',#9503,#7790,#7791);
#6164=AXIS2_PLACEMENT_3D('',#9507,#7793,#7794);
#6165=AXIS2_PLACEMENT_3D('',#9508,#7795,#7796);
#6166=AXIS2_PLACEMENT_3D('',#9514,#7800,#7801);
#6167=AXIS2_PLACEMENT_3D('',#9515,#7802,#7803);
#6168=AXIS2_PLACEMENT_3D('',#9516,#7804,#7805);
#6169=AXIS2_PLACEMENT_3D('',#9517,#7806,#7807);
#6170=AXIS2_PLACEMENT_3D('',#9518,#7808,#7809);
#6171=AXIS2_PLACEMENT_3D('',#9520,#7810,#7811);
#6172=AXIS2_PLACEMENT_3D('',#9522,#7812,#7813);
#6173=AXIS2_PLACEMENT_3D('',#9524,#7814,#7815);
#6174=AXIS2_PLACEMENT_3D('',#9526,#7816,#7817);
#6175=AXIS2_PLACEMENT_3D('',#9528,#7818,#7819);
#6176=AXIS2_PLACEMENT_3D('',#9529,#7820,#7821);
#6177=AXIS2_PLACEMENT_3D('',#9531,#7822,#7823);
#6178=AXIS2_PLACEMENT_3D('',#9533,#7824,#7825);
#6179=AXIS2_PLACEMENT_3D('',#9535,#7826,#7827);
#6180=AXIS2_PLACEMENT_3D('',#9537,#7828,#7829);
#6181=AXIS2_PLACEMENT_3D('',#9539,#7830,#7831);
#6182=AXIS2_PLACEMENT_3D('',#9540,#7832,#7833);
#6183=AXIS2_PLACEMENT_3D('',#9541,#7834,#7835);
#6184=AXIS2_PLACEMENT_3D('',#9542,#7836,#7837);
#6185=AXIS2_PLACEMENT_3D('',#9543,#7838,#7839);
#6186=DIRECTION('',(0.,0.,1.));
#6187=DIRECTION('',(1.,0.,0.));
#6188=DIRECTION('',(0.,-1.,0.));
#6189=DIRECTION('',(-1.,0.,0.));
#6190=DIRECTION('',(0.,-1.,0.));
#6191=DIRECTION('',(-7.47075720742792E-7,0.,-0.999999999999721));
#6192=DIRECTION('',(0.,1.,0.));
#6193=DIRECTION('',(0.,-1.,0.));
#6194=DIRECTION('',(-7.47075720742792E-7,0.,-0.999999999999721));
#6195=DIRECTION('',(0.,-1.,0.));
#6196=DIRECTION('',(0.,-1.,0.));
#6197=DIRECTION('',(-1.,0.,0.));
#6198=DIRECTION('',(0.,-1.,0.));
#6199=DIRECTION('',(0.999999999999721,0.,-7.47075734953692E-7));
#6200=DIRECTION('',(0.,1.,0.));
#6201=DIRECTION('',(0.,-1.,0.));
#6202=DIRECTION('',(0.999999999999721,0.,-7.47075734953692E-7));
#6203=DIRECTION('',(0.,-1.,0.));
#6204=DIRECTION('',(0.,-1.,0.));
#6205=DIRECTION('',(-1.,0.,0.));
#6206=DIRECTION('',(0.,-1.,0.));
#6207=DIRECTION('',(1.,0.,1.858199368365E-8));
#6208=DIRECTION('',(0.,1.,0.));
#6209=DIRECTION('',(0.,-1.,0.));
#6210=DIRECTION('',(1.,0.,1.858199368365E-8));
#6211=DIRECTION('',(0.,-1.,0.));
#6212=DIRECTION('',(0.,1.,0.));
#6213=DIRECTION('',(1.,0.,0.));
#6214=DIRECTION('',(0.,1.,0.));
#6215=DIRECTION('',(1.,0.,0.));
#6216=DIRECTION('',(0.,1.,0.));
#6217=DIRECTION('',(1.,0.,0.));
#6218=DIRECTION('',(0.,1.,0.));
#6219=DIRECTION('',(1.,0.,0.));
#6220=DIRECTION('',(0.999999993615932,0.,0.000112996175638536));
#6221=DIRECTION('',(0.000112996175638536,0.,-0.999999993615932));
#6222=DIRECTION('',(0.,1.,0.));
#6223=DIRECTION('',(1.,0.,0.));
#6224=DIRECTION('',(-3.94744897880276E-6,0.,-0.999999999992209));
#6225=DIRECTION('',(-0.999999999992209,0.,3.94744897880276E-6));
#6226=DIRECTION('',(0.,1.,0.));
#6227=DIRECTION('',(1.,0.,0.));
#6228=DIRECTION('',(0.,1.,0.));
#6229=DIRECTION('',(1.,0.,0.));
#6230=DIRECTION('',(0.,1.,0.));
#6231=DIRECTION('',(1.,0.,0.));
#6232=DIRECTION('',(0.999999980716387,0.,0.000196385399053867));
#6233=DIRECTION('',(0.000196385399053867,0.,-0.999999980716387));
#6234=DIRECTION('',(0.,1.,0.));
#6235=DIRECTION('',(1.,0.,0.));
#6236=DIRECTION('',(0.,0.,-1.));
#6237=DIRECTION('',(0.,1.,0.));
#6238=DIRECTION('',(0.,1.,0.));
#6239=DIRECTION('',(1.,0.,0.));
#6240=DIRECTION('',(0.,1.,0.));
#6241=DIRECTION('',(1.,0.,0.));
#6242=DIRECTION('',(0.,1.,0.));
#6243=DIRECTION('',(1.,0.,0.));
#6244=DIRECTION('',(-2.77555756156289E-14,0.,-1.));
#6245=DIRECTION('',(-1.,0.,2.77555756156289E-14));
#6246=DIRECTION('',(0.,1.,0.));
#6247=DIRECTION('',(1.,0.,0.));
#6248=DIRECTION('',(-1.,0.,0.));
#6249=DIRECTION('',(0.,1.,0.));
#6250=DIRECTION('',(0.,1.,0.));
#6251=DIRECTION('',(1.,0.,0.));
#6252=DIRECTION('',(0.,1.,0.));
#6253=DIRECTION('',(1.,0.,0.));
#6254=DIRECTION('',(0.,1.,0.));
#6255=DIRECTION('',(1.,0.,0.));
#6256=DIRECTION('',(0.,0.,-1.));
#6257=DIRECTION('',(0.,1.,0.));
#6258=DIRECTION('',(1.,0.,0.));
#6259=DIRECTION('',(0.,1.,0.));
#6260=DIRECTION('',(1.,0.,0.));
#6261=DIRECTION('',(0.,-1.,0.));
#6262=DIRECTION('',(0.709668096380874,0.,-0.70453615448687));
#6263=DIRECTION('',(-0.70453615448687,0.,-0.709668096380874));
#6264=DIRECTION('',(0.70453615448687,0.,0.709668096380874));
#6265=DIRECTION('',(0.,-1.,0.));
#6266=DIRECTION('',(0.70453615448687,0.,0.709668096380874));
#6267=DIRECTION('',(0.,-1.,0.));
#6268=DIRECTION('',(1.,0.,0.));
#6269=DIRECTION('',(0.,-1.,0.));
#6270=DIRECTION('',(0.,0.,1.));
#6271=DIRECTION('',(0.,-1.,0.));
#6272=DIRECTION('',(0.,0.,1.));
#6273=DIRECTION('',(0.,-1.,0.));
#6274=DIRECTION('',(-0.000196385399049214,0.,0.999999980716387));
#6275=DIRECTION('',(0.999999980716387,0.,0.000196385399049214));
#6276=DIRECTION('',(-0.999999980716387,0.,-0.000196385399049214));
#6277=DIRECTION('',(0.,-1.,0.));
#6278=DIRECTION('',(-0.999999980716387,0.,-0.000196385399049214));
#6279=DIRECTION('',(0.,-1.,0.));
#6280=DIRECTION('',(-0.000112996175631754,0.,0.999999993615932));
#6281=DIRECTION('',(0.999999993615932,0.,0.000112996175631754));
#6282=DIRECTION('',(-0.999999993615932,0.,-0.000112996175631754));
#6283=DIRECTION('',(0.,-1.,0.));
#6284=DIRECTION('',(-0.999999993615932,0.,-0.000112996175631754));
#6285=DIRECTION('',(0.,-1.,0.));
#6286=DIRECTION('',(-1.,0.,0.));
#6287=DIRECTION('',(0.,1.,0.));
#6288=DIRECTION('',(0.,0.,-1.));
#6289=DIRECTION('',(0.,-1.,0.));
#6290=DIRECTION('',(0.,0.,-1.));
#6291=DIRECTION('',(0.,-1.,0.));
#6292=DIRECTION('',(-0.707315798020804,0.,-0.706897702549805));
#6293=DIRECTION('',(-0.706897702549805,0.,0.707315798020804));
#6294=DIRECTION('',(0.706897702549805,0.,-0.707315798020804));
#6295=DIRECTION('',(0.,-1.,0.));
#6296=DIRECTION('',(0.706897702549805,0.,-0.707315798020804));
#6297=DIRECTION('',(0.,-1.,0.));
#6298=DIRECTION('',(0.,0.,-1.));
#6299=DIRECTION('',(0.,1.,0.));
#6300=DIRECTION('',(1.,0.,0.));
#6301=DIRECTION('',(1.,0.,0.));
#6302=DIRECTION('',(0.,1.,0.));
#6303=DIRECTION('',(-1.,0.,0.));
#6304=DIRECTION('',(0.,1.,0.));
#6305=DIRECTION('',(0.,-1.,0.));
#6306=DIRECTION('',(0.,0.,-1.));
#6307=DIRECTION('',(0.,-1.,0.));
#6308=DIRECTION('',(0.,0.,-1.));
#6309=DIRECTION('',(0.,0.,1.));
#6310=DIRECTION('',(0.,-1.,0.));
#6311=DIRECTION('',(0.,-1.,0.));
#6312=DIRECTION('',(-1.,0.,0.));
#6313=DIRECTION('',(0.,-1.,0.));
#6314=DIRECTION('',(-1.,0.,0.));
#6315=DIRECTION('',(0.709668096380866,0.,-0.704536154486878));
#6316=DIRECTION('',(-0.704536154486878,0.,-0.709668096380866));
#6317=DIRECTION('',(0.704536154486878,0.,0.709668096380866));
#6318=DIRECTION('',(0.,-1.,0.));
#6319=DIRECTION('',(0.704536154486878,0.,0.709668096380866));
#6320=DIRECTION('',(0.,-1.,0.));
#6321=DIRECTION('',(0.,-1.,0.));
#6322=DIRECTION('',(-1.,0.,0.));
#6323=DIRECTION('',(0.,1.,0.));
#6324=DIRECTION('',(1.,0.,0.));
#6325=DIRECTION('',(0.,1.,0.));
#6326=DIRECTION('',(1.,0.,0.));
#6327=DIRECTION('',(0.,-1.,0.));
#6328=DIRECTION('',(9.54063214575906E-5,0.,-0.999999995448817));
#6329=DIRECTION('',(-0.999999995448817,0.,-9.54063214575907E-5));
#6330=DIRECTION('',(0.999999995448817,0.,9.54063214575906E-5));
#6331=DIRECTION('',(0.999999995448817,0.,9.54063214575906E-5));
#6332=DIRECTION('',(0.,-1.,0.));
#6333=DIRECTION('',(0.999999711647895,0.,-0.000759410380724377));
#6334=DIRECTION('',(-0.000759410380724377,0.,-0.999999711647895));
#6335=DIRECTION('',(0.000759410380724377,0.,0.999999711647895));
#6336=DIRECTION('',(0.,-1.,0.));
#6337=DIRECTION('',(0.000759410380724377,0.,0.999999711647895));
#6338=DIRECTION('',(0.,-1.,0.));
#6339=DIRECTION('',(0.,-1.,0.));
#6340=DIRECTION('',(-1.,0.,0.));
#6341=DIRECTION('',(0.,1.,0.));
#6342=DIRECTION('',(1.,0.,0.));
#6343=DIRECTION('',(0.,1.,0.));
#6344=DIRECTION('',(1.,0.,0.));
#6345=DIRECTION('',(0.,-1.,0.));
#6346=DIRECTION('',(0.,0.,-1.));
#6347=DIRECTION('',(0.,1.,0.));
#6348=DIRECTION('',(1.,0.,0.));
#6349=DIRECTION('',(1.,0.,0.));
#6350=DIRECTION('',(0.,-1.,0.));
#6351=DIRECTION('',(-0.999999980716387,0.,-0.000196385399052473));
#6352=DIRECTION('',(-0.000196385399052473,0.,0.999999980716387));
#6353=DIRECTION('',(0.000196385399052473,0.,-0.999999980716387));
#6354=DIRECTION('',(0.,-1.,0.));
#6355=DIRECTION('',(0.000196385399052473,0.,-0.999999980716387));
#6356=DIRECTION('',(0.,-1.,0.));
#6357=DIRECTION('',(3.94744898308262E-6,0.,0.999999999992209));
#6358=DIRECTION('',(0.999999999992209,0.,-3.94744898308263E-6));
#6359=DIRECTION('',(-0.999999999992209,0.,3.94744898308263E-6));
#6360=DIRECTION('',(0.,-1.,0.));
#6361=DIRECTION('',(-0.999999999992209,0.,3.94744898308263E-6));
#6362=DIRECTION('',(0.,-1.,0.));
#6363=DIRECTION('',(1.,0.,0.));
#6364=DIRECTION('',(0.,-1.,0.));
#6365=DIRECTION('',(0.,0.,1.));
#6366=DIRECTION('',(0.,-1.,0.));
#6367=DIRECTION('',(0.,0.,1.));
#6368=DIRECTION('',(0.,1.,0.));
#6369=DIRECTION('',(0.,-1.,0.));
#6370=DIRECTION('',(-1.,0.,0.));
#6371=DIRECTION('',(0.,1.,0.));
#6372=DIRECTION('',(1.,0.,0.));
#6373=DIRECTION('',(0.,-1.,0.));
#6374=DIRECTION('',(0.,1.,0.));
#6375=DIRECTION('',(1.,0.,0.));
#6376=DIRECTION('',(0.,-1.,0.));
#6377=DIRECTION('',(0.999999999992209,0.,-3.94744898186517E-6));
#6378=DIRECTION('',(-3.94744898186517E-6,0.,-0.999999999992209));
#6379=DIRECTION('',(3.94744898186517E-6,0.,0.999999999992209));
#6380=DIRECTION('',(3.94744898186517E-6,0.,0.999999999992209));
#6381=DIRECTION('',(-1.,0.,0.));
#6382=DIRECTION('',(0.,1.,0.));
#6383=DIRECTION('',(0.,0.,-1.));
#6384=DIRECTION('',(0.,-1.,0.));
#6385=DIRECTION('',(0.,0.,-1.));
#6386=DIRECTION('',(0.,-1.,0.));
#6387=DIRECTION('',(0.,1.,0.));
#6388=DIRECTION('',(1.,0.,0.));
#6389=DIRECTION('',(0.,1.,0.));
#6390=DIRECTION('',(1.,0.,0.));
#6391=DIRECTION('',(0.,1.,0.));
#6392=DIRECTION('',(1.,0.,0.));
#6393=DIRECTION('',(0.,1.,0.));
#6394=DIRECTION('',(1.,0.,0.));
#6395=DIRECTION('',(0.,1.,0.));
#6396=DIRECTION('',(1.,0.,0.));
#6397=DIRECTION('',(0.,1.,0.));
#6398=DIRECTION('',(1.,0.,0.));
#6399=DIRECTION('',(0.,-1.,0.));
#6400=DIRECTION('',(-1.,0.,0.));
#6401=DIRECTION('',(0.,1.,0.));
#6402=DIRECTION('',(1.,0.,0.));
#6403=DIRECTION('',(0.,-1.,0.));
#6404=DIRECTION('',(0.,1.,0.));
#6405=DIRECTION('',(1.,0.,0.));
#6406=DIRECTION('',(0.,-1.,0.));
#6407=DIRECTION('',(-1.,0.,0.));
#6408=DIRECTION('',(0.,1.,0.));
#6409=DIRECTION('',(1.,0.,0.));
#6410=DIRECTION('',(0.,1.,0.));
#6411=DIRECTION('',(1.,0.,0.));
#6412=DIRECTION('',(0.,-1.,0.));
#6413=DIRECTION('',(0.,1.,0.));
#6414=DIRECTION('',(1.,0.,0.));
#6415=DIRECTION('',(0.,1.,0.));
#6416=DIRECTION('',(1.,0.,0.));
#6417=DIRECTION('',(0.,1.,0.));
#6418=DIRECTION('',(1.,0.,0.));
#6419=DIRECTION('',(0.,-1.,0.));
#6420=DIRECTION('',(-1.,0.,0.));
#6421=DIRECTION('',(0.,1.,0.));
#6422=DIRECTION('',(1.,0.,0.));
#6423=DIRECTION('',(0.,1.,0.));
#6424=DIRECTION('',(1.,0.,0.));
#6425=DIRECTION('',(0.,-1.,0.));
#6426=DIRECTION('',(-1.,0.,0.));
#6427=DIRECTION('',(0.,1.,0.));
#6428=DIRECTION('',(1.,0.,0.));
#6429=DIRECTION('',(0.,1.,0.));
#6430=DIRECTION('',(1.,0.,0.));
#6431=DIRECTION('',(0.,-1.,0.));
#6432=DIRECTION('',(-1.,0.,0.));
#6433=DIRECTION('',(0.,1.,0.));
#6434=DIRECTION('',(1.,0.,0.));
#6435=DIRECTION('',(0.,1.,0.));
#6436=DIRECTION('',(1.,0.,0.));
#6437=DIRECTION('',(0.,-1.,0.));
#6438=DIRECTION('',(-1.,0.,0.));
#6439=DIRECTION('',(0.,1.,0.));
#6440=DIRECTION('',(1.,0.,0.));
#6441=DIRECTION('',(0.,-1.,0.));
#6442=DIRECTION('',(0.,1.,0.));
#6443=DIRECTION('',(1.,0.,0.));
#6444=DIRECTION('',(0.,-1.,0.));
#6445=DIRECTION('',(-1.,0.,0.));
#6446=DIRECTION('',(0.,1.,0.));
#6447=DIRECTION('',(1.,0.,0.));
#6448=DIRECTION('',(0.,1.,0.));
#6449=DIRECTION('',(1.,0.,0.));
#6450=DIRECTION('',(0.,-1.,0.));
#6451=DIRECTION('',(-1.,0.,0.));
#6452=DIRECTION('',(0.,1.,0.));
#6453=DIRECTION('',(1.,0.,0.));
#6454=DIRECTION('',(0.,1.,0.));
#6455=DIRECTION('',(1.,0.,0.));
#6456=DIRECTION('',(0.,-1.,0.));
#6457=DIRECTION('',(-1.,0.,0.));
#6458=DIRECTION('',(0.,1.,0.));
#6459=DIRECTION('',(1.,0.,0.));
#6460=DIRECTION('',(0.,1.,0.));
#6461=DIRECTION('',(1.,0.,0.));
#6462=DIRECTION('',(0.,1.,0.));
#6463=DIRECTION('',(1.,0.,0.));
#6464=DIRECTION('',(0.,1.,0.));
#6465=DIRECTION('',(1.,0.,0.));
#6466=DIRECTION('',(0.,1.,0.));
#6467=DIRECTION('',(1.,0.,0.));
#6468=DIRECTION('',(0.,-1.,0.));
#6469=DIRECTION('',(-1.,0.,0.));
#6470=DIRECTION('',(0.,1.,0.));
#6471=DIRECTION('',(1.,0.,0.));
#6472=DIRECTION('',(0.,1.,0.));
#6473=DIRECTION('',(1.,0.,0.));
#6474=DIRECTION('',(0.,1.,0.));
#6475=DIRECTION('',(1.,0.,0.));
#6476=DIRECTION('',(0.,1.,0.));
#6477=DIRECTION('',(1.,0.,0.));
#6478=DIRECTION('',(0.,1.,0.));
#6479=DIRECTION('',(1.,0.,0.));
#6480=DIRECTION('',(0.,-1.,0.));
#6481=DIRECTION('',(-1.,0.,0.));
#6482=DIRECTION('',(0.,1.,0.));
#6483=DIRECTION('',(1.,0.,0.));
#6484=DIRECTION('',(0.,-1.,0.));
#6485=DIRECTION('',(0.,1.,0.));
#6486=DIRECTION('',(1.,0.,0.));
#6487=DIRECTION('',(0.,-1.,0.));
#6488=DIRECTION('',(-1.,0.,0.));
#6489=DIRECTION('',(0.,1.,0.));
#6490=DIRECTION('',(1.,0.,0.));
#6491=DIRECTION('',(0.,1.,0.));
#6492=DIRECTION('',(1.,0.,0.));
#6493=DIRECTION('',(0.,-1.,0.));
#6494=DIRECTION('',(0.,1.,0.));
#6495=DIRECTION('',(1.,0.,0.));
#6496=DIRECTION('',(0.,1.,0.));
#6497=DIRECTION('',(1.,0.,0.));
#6498=DIRECTION('',(0.706897702549805,0.,-0.707315798020805));
#6499=DIRECTION('',(0.,1.,0.));
#6500=DIRECTION('',(1.,0.,0.));
#6501=DIRECTION('',(0.,0.,-1.));
#6502=DIRECTION('',(0.,1.,0.));
#6503=DIRECTION('',(1.,0.,0.));
#6504=DIRECTION('',(-0.999999993615932,0.,-0.00011299617563159));
#6505=DIRECTION('',(0.,1.,0.));
#6506=DIRECTION('',(1.,0.,0.));
#6507=DIRECTION('',(3.94744898232664E-6,0.,0.999999999992209));
#6508=DIRECTION('',(-0.999999980716388,0.,-0.000196385399048988));
#6509=DIRECTION('',(0.,1.,0.));
#6510=DIRECTION('',(1.,0.,0.));
#6511=DIRECTION('',(0.,0.,1.));
#6512=DIRECTION('',(0.,1.,0.));
#6513=DIRECTION('',(1.,0.,0.));
#6514=DIRECTION('',(1.,0.,0.));
#6515=DIRECTION('',(0.00075941038073322,0.,0.999999711647895));
#6516=DIRECTION('',(0.,1.,0.));
#6517=DIRECTION('',(1.,0.,0.));
#6518=DIRECTION('',(0.999999995448817,0.,9.54063214579522E-5));
#6519=DIRECTION('',(0.704536154486872,0.,0.709668096380872));
#6520=DIRECTION('',(0.,1.,0.));
#6521=DIRECTION('',(1.,0.,0.));
#6522=DIRECTION('',(1.,0.,0.));
#6523=DIRECTION('',(0.,0.,-1.));
#6524=DIRECTION('',(1.,0.,0.));
#6525=DIRECTION('',(0.,0.,-1.));
#6526=DIRECTION('',(1.,0.,0.));
#6527=DIRECTION('',(0.,-1.,0.));
#6528=DIRECTION('',(0.,0.,1.));
#6529=DIRECTION('',(0.,-1.,0.));
#6530=DIRECTION('',(0.,0.,1.));
#6531=DIRECTION('',(0.,-1.,0.));
#6532=DIRECTION('',(0.,0.,1.));
#6533=DIRECTION('',(0.,-1.,0.));
#6534=DIRECTION('',(0.,0.,1.));
#6535=DIRECTION('',(0.,-1.,0.));
#6536=DIRECTION('',(0.,0.,1.));
#6537=DIRECTION('',(0.,-1.,0.));
#6538=DIRECTION('',(0.,0.,1.));
#6539=DIRECTION('',(0.,1.,0.));
#6540=DIRECTION('',(1.,0.,0.));
#6541=DIRECTION('',(1.,0.,0.));
#6542=DIRECTION('',(0.,1.,0.));
#6543=DIRECTION('',(1.,0.,0.));
#6544=DIRECTION('',(0.,0.,1.));
#6545=DIRECTION('',(0.,1.,0.));
#6546=DIRECTION('',(1.,0.,0.));
#6547=DIRECTION('',(1.,0.,0.));
#6548=DIRECTION('',(0.,1.,0.));
#6549=DIRECTION('',(1.,0.,0.));
#6550=DIRECTION('',(0.,0.,1.));
#6551=DIRECTION('',(0.,1.,0.));
#6552=DIRECTION('',(1.,0.,0.));
#6553=DIRECTION('',(1.,0.,0.));
#6554=DIRECTION('',(0.,1.,0.));
#6555=DIRECTION('',(1.,0.,0.));
#6556=DIRECTION('',(0.,0.,1.));
#6557=DIRECTION('',(0.,1.,0.));
#6558=DIRECTION('',(1.,0.,0.));
#6559=DIRECTION('',(1.,0.,0.));
#6560=DIRECTION('',(0.,1.,0.));
#6561=DIRECTION('',(1.,0.,0.));
#6562=DIRECTION('',(0.,0.,1.));
#6563=DIRECTION('',(0.,1.,0.));
#6564=DIRECTION('',(1.,0.,0.));
#6565=DIRECTION('',(1.,0.,0.));
#6566=DIRECTION('',(0.,1.,0.));
#6567=DIRECTION('',(1.,0.,0.));
#6568=DIRECTION('',(0.,0.,1.));
#6569=DIRECTION('',(0.,1.,0.));
#6570=DIRECTION('',(1.,0.,0.));
#6571=DIRECTION('',(1.,0.,0.));
#6572=DIRECTION('',(0.,1.,0.));
#6573=DIRECTION('',(1.,0.,0.));
#6574=DIRECTION('',(0.,0.,1.));
#6575=DIRECTION('',(0.,1.,0.));
#6576=DIRECTION('',(1.,0.,0.));
#6577=DIRECTION('',(1.,0.,0.));
#6578=DIRECTION('',(0.,1.,0.));
#6579=DIRECTION('',(1.,0.,0.));
#6580=DIRECTION('',(0.,0.,1.));
#6581=DIRECTION('',(0.,1.,0.));
#6582=DIRECTION('',(1.,0.,0.));
#6583=DIRECTION('',(1.,0.,0.));
#6584=DIRECTION('',(0.,1.,0.));
#6585=DIRECTION('',(1.,0.,0.));
#6586=DIRECTION('',(0.,0.,1.));
#6587=DIRECTION('',(0.,1.,0.));
#6588=DIRECTION('',(1.,0.,0.));
#6589=DIRECTION('',(1.,0.,0.));
#6590=DIRECTION('',(0.,1.,0.));
#6591=DIRECTION('',(1.,0.,0.));
#6592=DIRECTION('',(0.,0.,1.));
#6593=DIRECTION('',(0.,1.,0.));
#6594=DIRECTION('',(1.,0.,0.));
#6595=DIRECTION('',(1.,0.,0.));
#6596=DIRECTION('',(0.,1.,0.));
#6597=DIRECTION('',(1.,0.,0.));
#6598=DIRECTION('',(0.,0.,1.));
#6599=DIRECTION('',(0.,1.,0.));
#6600=DIRECTION('',(1.,0.,0.));
#6601=DIRECTION('',(1.,0.,0.));
#6602=DIRECTION('',(0.,1.,0.));
#6603=DIRECTION('',(1.,0.,0.));
#6604=DIRECTION('',(0.,0.,1.));
#6605=DIRECTION('',(0.,1.,0.));
#6606=DIRECTION('',(1.,0.,0.));
#6607=DIRECTION('',(1.,0.,0.));
#6608=DIRECTION('',(0.,1.,0.));
#6609=DIRECTION('',(1.,0.,0.));
#6610=DIRECTION('',(0.,0.,1.));
#6611=DIRECTION('',(0.,1.,0.));
#6612=DIRECTION('',(1.,0.,0.));
#6613=DIRECTION('',(1.,0.,0.));
#6614=DIRECTION('',(0.,1.,0.));
#6615=DIRECTION('',(1.,0.,0.));
#6616=DIRECTION('',(0.,0.,1.));
#6617=DIRECTION('',(0.,1.,0.));
#6618=DIRECTION('',(1.,0.,0.));
#6619=DIRECTION('',(1.,0.,0.));
#6620=DIRECTION('',(0.,1.,0.));
#6621=DIRECTION('',(1.,0.,0.));
#6622=DIRECTION('',(0.,0.,1.));
#6623=DIRECTION('',(0.,1.,0.));
#6624=DIRECTION('',(1.,0.,0.));
#6625=DIRECTION('',(1.,0.,0.));
#6626=DIRECTION('',(0.,1.,0.));
#6627=DIRECTION('',(1.,0.,0.));
#6628=DIRECTION('',(0.,0.,1.));
#6629=DIRECTION('',(0.,1.,0.));
#6630=DIRECTION('',(1.,0.,0.));
#6631=DIRECTION('',(1.,0.,0.));
#6632=DIRECTION('',(0.,1.,0.));
#6633=DIRECTION('',(1.,0.,0.));
#6634=DIRECTION('',(0.,0.,1.));
#6635=DIRECTION('',(0.,1.,0.));
#6636=DIRECTION('',(1.,0.,0.));
#6637=DIRECTION('',(1.,0.,0.));
#6638=DIRECTION('',(0.,1.,0.));
#6639=DIRECTION('',(1.,0.,0.));
#6640=DIRECTION('',(0.,0.,1.));
#6641=DIRECTION('',(0.,1.,0.));
#6642=DIRECTION('',(1.,0.,0.));
#6643=DIRECTION('',(1.,0.,0.));
#6644=DIRECTION('',(0.,1.,0.));
#6645=DIRECTION('',(1.,0.,0.));
#6646=DIRECTION('',(0.,0.,1.));
#6647=DIRECTION('',(0.,1.,0.));
#6648=DIRECTION('',(1.,0.,0.));
#6649=DIRECTION('',(1.,0.,0.));
#6650=DIRECTION('',(0.,1.,0.));
#6651=DIRECTION('',(1.,0.,0.));
#6652=DIRECTION('',(0.,0.,1.));
#6653=DIRECTION('',(0.,1.,0.));
#6654=DIRECTION('',(1.,0.,0.));
#6655=DIRECTION('',(1.,0.,0.));
#6656=DIRECTION('',(0.,1.,0.));
#6657=DIRECTION('',(1.,0.,0.));
#6658=DIRECTION('',(0.,0.,1.));
#6659=DIRECTION('',(0.,1.,0.));
#6660=DIRECTION('',(1.,0.,0.));
#6661=DIRECTION('',(1.,0.,0.));
#6662=DIRECTION('',(0.,1.,0.));
#6663=DIRECTION('',(1.,0.,0.));
#6664=DIRECTION('',(0.,0.,1.));
#6665=DIRECTION('',(0.,1.,0.));
#6666=DIRECTION('',(1.,0.,0.));
#6667=DIRECTION('',(1.,0.,0.));
#6668=DIRECTION('',(0.,1.,0.));
#6669=DIRECTION('',(1.,0.,0.));
#6670=DIRECTION('',(0.,0.,1.));
#6671=DIRECTION('',(0.,1.,0.));
#6672=DIRECTION('',(1.,0.,0.));
#6673=DIRECTION('',(1.,0.,0.));
#6674=DIRECTION('',(0.,1.,0.));
#6675=DIRECTION('',(1.,0.,0.));
#6676=DIRECTION('',(0.,0.,1.));
#6677=DIRECTION('',(0.,1.,0.));
#6678=DIRECTION('',(1.,0.,0.));
#6679=DIRECTION('',(1.,0.,0.));
#6680=DIRECTION('',(0.,1.,0.));
#6681=DIRECTION('',(1.,0.,0.));
#6682=DIRECTION('',(0.,0.,1.));
#6683=DIRECTION('',(0.,1.,0.));
#6684=DIRECTION('',(1.,0.,0.));
#6685=DIRECTION('',(1.,0.,0.));
#6686=DIRECTION('',(0.,1.,0.));
#6687=DIRECTION('',(1.,0.,0.));
#6688=DIRECTION('',(0.,0.,1.));
#6689=DIRECTION('',(0.,1.,0.));
#6690=DIRECTION('',(1.,0.,0.));
#6691=DIRECTION('',(1.,0.,0.));
#6692=DIRECTION('',(0.,1.,0.));
#6693=DIRECTION('',(1.,0.,0.));
#6694=DIRECTION('',(0.,0.,1.));
#6695=DIRECTION('',(0.,1.,0.));
#6696=DIRECTION('',(1.,0.,0.));
#6697=DIRECTION('',(1.,0.,0.));
#6698=DIRECTION('',(0.,1.,0.));
#6699=DIRECTION('',(1.,0.,0.));
#6700=DIRECTION('',(0.,0.,1.));
#6701=DIRECTION('',(0.,1.,0.));
#6702=DIRECTION('',(1.,0.,0.));
#6703=DIRECTION('',(1.,0.,0.));
#6704=DIRECTION('',(0.,1.,0.));
#6705=DIRECTION('',(1.,0.,0.));
#6706=DIRECTION('',(0.,0.,1.));
#6707=DIRECTION('',(0.,1.,0.));
#6708=DIRECTION('',(1.,0.,0.));
#6709=DIRECTION('',(1.,0.,0.));
#6710=DIRECTION('',(0.,1.,0.));
#6711=DIRECTION('',(1.,0.,0.));
#6712=DIRECTION('',(0.,0.,1.));
#6713=DIRECTION('',(0.,1.,0.));
#6714=DIRECTION('',(1.,0.,0.));
#6715=DIRECTION('',(1.,0.,0.));
#6716=DIRECTION('',(0.,1.,0.));
#6717=DIRECTION('',(1.,0.,0.));
#6718=DIRECTION('',(0.,0.,1.));
#6719=DIRECTION('',(0.,1.,0.));
#6720=DIRECTION('',(1.,0.,0.));
#6721=DIRECTION('',(1.,0.,0.));
#6722=DIRECTION('',(0.,1.,0.));
#6723=DIRECTION('',(1.,0.,0.));
#6724=DIRECTION('',(0.,0.,1.));
#6725=DIRECTION('',(0.,1.,0.));
#6726=DIRECTION('',(1.,0.,0.));
#6727=DIRECTION('',(1.,0.,0.));
#6728=DIRECTION('',(0.,1.,0.));
#6729=DIRECTION('',(1.,0.,0.));
#6730=DIRECTION('',(0.,0.,1.));
#6731=DIRECTION('',(-1.,0.,0.));
#6732=DIRECTION('',(0.,0.,1.));
#6733=DIRECTION('',(-1.,0.,0.));
#6734=DIRECTION('',(0.,0.,1.));
#6735=DIRECTION('',(0.,0.,-1.));
#6736=DIRECTION('',(0.,1.,0.));
#6737=DIRECTION('',(0.,1.,0.));
#6738=DIRECTION('',(1.,0.,0.));
#6739=DIRECTION('',(0.,-1.,0.));
#6740=DIRECTION('',(1.,0.,0.));
#6741=DIRECTION('',(0.,1.,0.));
#6742=DIRECTION('',(1.,0.,0.));
#6743=DIRECTION('',(0.,-1.,0.));
#6744=DIRECTION('',(0.,0.,1.));
#6745=DIRECTION('',(0.,-1.,0.));
#6746=DIRECTION('',(0.,0.,1.));
#6747=DIRECTION('',(0.,-1.,0.));
#6748=DIRECTION('',(0.,0.,1.));
#6749=DIRECTION('',(0.,-1.,0.));
#6750=DIRECTION('',(0.,0.,1.));
#6751=DIRECTION('',(0.,-1.,0.));
#6752=DIRECTION('',(0.,0.,1.));
#6753=DIRECTION('',(0.,-1.,0.));
#6754=DIRECTION('',(0.,0.,1.));
#6755=DIRECTION('',(0.706897702549805,0.,-0.707315798020805));
#6756=DIRECTION('',(0.,1.,0.));
#6757=DIRECTION('',(1.,0.,0.));
#6758=DIRECTION('',(1.,0.,0.));
#6759=DIRECTION('',(0.,0.,-1.));
#6760=DIRECTION('',(0.,1.,0.));
#6761=DIRECTION('',(1.,0.,0.));
#6762=DIRECTION('',(0.,1.,0.));
#6763=DIRECTION('',(1.,0.,0.));
#6764=DIRECTION('',(0.,0.,-1.));
#6765=DIRECTION('',(1.,0.,0.));
#6766=DIRECTION('',(0.,1.,0.));
#6767=DIRECTION('',(1.,0.,0.));
#6768=DIRECTION('',(0.704536154486872,0.,0.709668096380872));
#6769=DIRECTION('',(0.,1.,0.));
#6770=DIRECTION('',(-0.734146229540681,0.,0.678991394386705));
#6771=DIRECTION('',(0.999999995448817,0.,9.54063214578413E-5));
#6772=DIRECTION('',(0.,-1.,0.));
#6773=DIRECTION('',(-7.47075720742792E-7,0.,-0.999999999999721));
#6774=DIRECTION('',(0.000759410380731621,0.,0.999999711647895));
#6775=DIRECTION('',(0.,1.,0.));
#6776=DIRECTION('',(-0.999999999999721,0.,-7.47075759822692E-7));
#6777=DIRECTION('',(1.,0.,0.));
#6778=DIRECTION('',(0.,-1.,0.));
#6779=DIRECTION('',(-7.47075720742792E-7,0.,-0.999999999999721));
#6780=DIRECTION('',(0.,1.,0.));
#6781=DIRECTION('',(1.,0.,0.));
#6782=DIRECTION('',(0.,0.,1.));
#6783=DIRECTION('',(0.,-1.,0.));
#6784=DIRECTION('',(0.999999999999721,0.,-7.47075734953692E-7));
#6785=DIRECTION('',(0.,1.,0.));
#6786=DIRECTION('',(1.,0.,0.));
#6787=DIRECTION('',(-0.999999980716387,0.,-0.000196385399048676));
#6788=DIRECTION('',(0.,1.,0.));
#6789=DIRECTION('',(7.47075720742792E-7,0.,-0.999999999999721));
#6790=DIRECTION('',(3.94744898268783E-6,0.,0.999999999992209));
#6791=DIRECTION('',(0.,-1.,0.));
#6792=DIRECTION('',(1.,0.,1.858199368365E-8));
#6793=DIRECTION('',(0.,1.,0.));
#6794=DIRECTION('',(1.,0.,0.));
#6795=DIRECTION('',(-0.999999993615932,0.,-0.000112996175631692));
#6796=DIRECTION('',(0.,-1.,0.));
#6797=DIRECTION('',(7.47075756269992E-7,0.,0.999999999999721));
#6798=DIRECTION('',(0.,0.,-1.));
#6799=DIRECTION('',(0.,-1.,0.));
#6800=DIRECTION('',(-0.999078645340685,0.,-0.0429169013818764));
#6801=DIRECTION('',(0.,0.,-1.));
#6802=DIRECTION('',(0.,1.,0.));
#6803=DIRECTION('',(0.,1.,0.));
#6804=DIRECTION('',(1.,0.,0.));
#6805=DIRECTION('',(0.,-1.,0.));
#6806=DIRECTION('',(0.,1.,0.));
#6807=DIRECTION('',(1.,0.,0.));
#6808=DIRECTION('',(0.,1.,0.));
#6809=DIRECTION('',(1.,0.,0.));
#6810=DIRECTION('',(0.706897702549805,0.,-0.707315798020805));
#6811=DIRECTION('',(0.,-1.,0.));
#6812=DIRECTION('',(-0.999078645340685,0.,-0.0429169013818764));
#6813=DIRECTION('',(0.,0.,-1.));
#6814=DIRECTION('',(0.,-1.,0.));
#6815=DIRECTION('',(7.47075756269992E-7,0.,0.999999999999721));
#6816=DIRECTION('',(-0.999999993615932,0.,-0.000112996175631692));
#6817=DIRECTION('',(0.,1.,0.));
#6818=DIRECTION('',(1.,0.,0.));
#6819=DIRECTION('',(0.,-1.,0.));
#6820=DIRECTION('',(1.,0.,1.858199368365E-8));
#6821=DIRECTION('',(3.94744898268783E-6,0.,0.999999999992209));
#6822=DIRECTION('',(0.,1.,0.));
#6823=DIRECTION('',(7.47075720742792E-7,0.,-0.999999999999721));
#6824=DIRECTION('',(-0.999999980716387,0.,-0.000196385399048676));
#6825=DIRECTION('',(0.,1.,0.));
#6826=DIRECTION('',(1.,0.,0.));
#6827=DIRECTION('',(0.,-1.,0.));
#6828=DIRECTION('',(0.999999999999721,0.,-7.47075734953692E-7));
#6829=DIRECTION('',(0.,0.,1.));
#6830=DIRECTION('',(0.,1.,0.));
#6831=DIRECTION('',(1.,0.,0.));
#6832=DIRECTION('',(0.,-1.,0.));
#6833=DIRECTION('',(-7.47075720742792E-7,0.,-0.999999999999721));
#6834=DIRECTION('',(1.,0.,0.));
#6835=DIRECTION('',(0.,1.,0.));
#6836=DIRECTION('',(-0.999999999999721,0.,-7.47075759822692E-7));
#6837=DIRECTION('',(0.000759410380731621,0.,0.999999711647895));
#6838=DIRECTION('',(0.,-1.,0.));
#6839=DIRECTION('',(-7.47075720742792E-7,0.,-0.999999999999721));
#6840=DIRECTION('',(0.999999995448817,0.,9.54063214578413E-5));
#6841=DIRECTION('',(0.,1.,0.));
#6842=DIRECTION('',(-0.734146229540681,0.,0.678991394386705));
#6843=DIRECTION('',(0.704536154486872,0.,0.709668096380872));
#6844=DIRECTION('',(0.,1.,0.));
#6845=DIRECTION('',(1.,0.,0.));
#6846=DIRECTION('',(1.,0.,0.));
#6847=DIRECTION('',(0.,0.,-1.));
#6848=DIRECTION('',(0.,-1.,0.));
#6849=DIRECTION('',(1.,0.,0.));
#6850=DIRECTION('',(0.704536154486872,0.,0.709668096380872));
#6851=DIRECTION('',(0.999999995448817,0.,9.54063214579522E-5));
#6852=DIRECTION('',(0.,-1.,0.));
#6853=DIRECTION('',(1.,0.,0.));
#6854=DIRECTION('',(0.00075941038073322,0.,0.999999711647895));
#6855=DIRECTION('',(1.,0.,0.));
#6856=DIRECTION('',(0.,-1.,0.));
#6857=DIRECTION('',(1.,0.,0.));
#6858=DIRECTION('',(0.,0.,1.));
#6859=DIRECTION('',(0.,-1.,0.));
#6860=DIRECTION('',(1.,0.,0.));
#6861=DIRECTION('',(-0.999999980716387,0.,-0.000196385399048988));
#6862=DIRECTION('',(3.94744898232664E-6,0.,0.999999999992209));
#6863=DIRECTION('',(0.,-1.,0.));
#6864=DIRECTION('',(1.,0.,0.));
#6865=DIRECTION('',(-0.999999993615932,0.,-0.00011299617563159));
#6866=DIRECTION('',(0.,-1.,0.));
#6867=DIRECTION('',(1.,0.,0.));
#6868=DIRECTION('',(0.,0.,-1.));
#6869=DIRECTION('',(0.,-1.,0.));
#6870=DIRECTION('',(1.,0.,0.));
#6871=DIRECTION('',(0.706897702549805,0.,-0.707315798020805));
#6872=DIRECTION('',(0.,-1.,0.));
#6873=DIRECTION('',(1.,0.,0.));
#6874=DIRECTION('',(1.,0.,0.));
#6875=DIRECTION('',(0.,0.,-1.));
#6876=DIRECTION('',(0.,-1.,0.));
#6877=DIRECTION('',(-1.,0.,0.));
#6878=DIRECTION('',(0.,-1.,0.));
#6879=DIRECTION('',(-1.,0.,0.));
#6880=DIRECTION('',(0.,-1.,0.));
#6881=DIRECTION('',(-1.,0.,0.));
#6882=DIRECTION('',(0.,-1.,0.));
#6883=DIRECTION('',(-1.,0.,0.));
#6884=DIRECTION('',(0.,-1.,0.));
#6885=DIRECTION('',(-1.,0.,0.));
#6886=DIRECTION('',(0.,-1.,0.));
#6887=DIRECTION('',(-1.,0.,0.));
#6888=DIRECTION('',(0.709668096380872,0.,-0.704536154486872));
#6889=DIRECTION('',(-0.704536154486872,0.,-0.709668096380872));
#6890=DIRECTION('',(0.,1.,0.));
#6891=DIRECTION('',(0.,-1.,0.));
#6892=DIRECTION('',(0.,-1.,0.));
#6893=DIRECTION('',(-1.,0.,0.));
#6894=DIRECTION('',(0.,-1.,0.));
#6895=DIRECTION('',(9.54063214578413E-5,0.,-0.999999995448817));
#6896=DIRECTION('',(-0.999999995448817,0.,-9.54063214578413E-5));
#6897=DIRECTION('',(0.,-1.,0.));
#6898=DIRECTION('',(0.999999711647895,0.,-0.000759410380731621));
#6899=DIRECTION('',(-0.000759410380731621,0.,-0.999999711647895));
#6900=DIRECTION('',(0.,-1.,0.));
#6901=DIRECTION('',(0.,-1.,0.));
#6902=DIRECTION('',(0.,-1.,0.));
#6903=DIRECTION('',(-1.,0.,0.));
#6904=DIRECTION('',(0.,-1.,0.));
#6905=DIRECTION('',(0.,0.,-1.));
#6906=DIRECTION('',(0.,1.,0.));
#6907=DIRECTION('',(0.,-1.,0.));
#6908=DIRECTION('',(-0.000196385399048676,0.,0.999999980716387));
#6909=DIRECTION('',(0.999999980716387,0.,0.000196385399048676));
#6910=DIRECTION('',(0.,-1.,0.));
#6911=DIRECTION('',(0.,-1.,0.));
#6912=DIRECTION('',(-1.,0.,0.));
#6913=DIRECTION('',(0.,-1.,0.));
#6914=DIRECTION('',(0.999999999992209,0.,-3.94744898268783E-6));
#6915=DIRECTION('',(-3.94744898268783E-6,0.,-0.999999999992209));
#6916=DIRECTION('',(0.,-1.,0.));
#6917=DIRECTION('',(0.,0.,-1.));
#6918=DIRECTION('',(0.,1.,0.));
#6919=DIRECTION('',(0.,1.,0.));
#6920=DIRECTION('',(0.,-1.,0.));
#6921=DIRECTION('',(0.,-1.,0.));
#6922=DIRECTION('',(-1.,0.,0.));
#6923=DIRECTION('',(0.,-1.,0.));
#6924=DIRECTION('',(-1.,0.,0.));
#6925=DIRECTION('',(0.,1.,0.));
#6926=DIRECTION('',(1.,0.,0.));
#6927=DIRECTION('',(0.,-1.,0.));
#6928=DIRECTION('',(0.,-1.,0.));
#6929=DIRECTION('',(0.,-1.,0.));
#6930=DIRECTION('',(-1.,0.,0.));
#6931=DIRECTION('',(0.,1.,0.));
#6932=DIRECTION('',(0.,-1.,0.));
#6933=DIRECTION('',(-1.,0.,0.));
#6934=DIRECTION('',(0.,1.,0.));
#6935=DIRECTION('',(-0.000112996175631692,0.,0.999999993615932));
#6936=DIRECTION('',(0.999999993615932,0.,0.000112996175631692));
#6937=DIRECTION('',(0.,-1.,0.));
#6938=DIRECTION('',(0.,-1.,0.));
#6939=DIRECTION('',(-1.,0.,0.));
#6940=DIRECTION('',(0.,-1.,0.));
#6941=DIRECTION('',(-1.,0.,0.));
#6942=DIRECTION('',(0.,1.,0.));
#6943=DIRECTION('',(0.,-1.,0.));
#6944=DIRECTION('',(0.,-1.,0.));
#6945=DIRECTION('',(-1.,0.,0.));
#6946=DIRECTION('',(0.,-1.,0.));
#6947=DIRECTION('',(-0.707315798020805,0.,-0.706897702549805));
#6948=DIRECTION('',(-0.706897702549805,0.,0.707315798020805));
#6949=DIRECTION('',(0.,1.,0.));
#6950=DIRECTION('',(0.,0.,-1.));
#6951=DIRECTION('',(0.,1.,0.));
#6952=DIRECTION('',(0.,-1.,0.));
#6953=DIRECTION('',(1.,0.,0.));
#6954=DIRECTION('',(0.,-1.,0.));
#6955=DIRECTION('',(0.999999711647895,0.,-0.00075941038073322));
#6956=DIRECTION('',(-0.00075941038073322,0.,-0.999999711647895));
#6957=DIRECTION('',(0.,-1.,0.));
#6958=DIRECTION('',(0.00075941038073322,0.,0.999999711647895));
#6959=DIRECTION('',(0.,-1.,0.));
#6960=DIRECTION('',(-1.,0.,0.));
#6961=DIRECTION('',(0.,-1.,0.));
#6962=DIRECTION('',(0.,1.,0.));
#6963=DIRECTION('',(1.,0.,0.));
#6964=DIRECTION('',(9.54063214579521E-5,0.,-0.999999995448817));
#6965=DIRECTION('',(-0.999999995448817,0.,-9.54063214579522E-5));
#6966=DIRECTION('',(0.,-1.,0.));
#6967=DIRECTION('',(0.999999995448817,0.,9.54063214579522E-5));
#6968=DIRECTION('',(0.709668096380872,0.,-0.704536154486872));
#6969=DIRECTION('',(-0.704536154486872,0.,-0.709668096380872));
#6970=DIRECTION('',(0.,-1.,0.));
#6971=DIRECTION('',(0.704536154486872,0.,0.709668096380872));
#6972=DIRECTION('',(0.,-1.,0.));
#6973=DIRECTION('',(-1.,0.,0.));
#6974=DIRECTION('',(0.,0.,-1.));
#6975=DIRECTION('',(0.,1.,0.));
#6976=DIRECTION('',(0.,-1.,0.));
#6977=DIRECTION('',(1.,0.,0.));
#6978=DIRECTION('',(0.,1.,0.));
#6979=DIRECTION('',(0.,-1.,0.));
#6980=DIRECTION('',(-1.,0.,0.));
#6981=DIRECTION('',(0.,-1.,0.));
#6982=DIRECTION('',(-0.707315798020805,0.,-0.706897702549805));
#6983=DIRECTION('',(-0.706897702549805,0.,0.707315798020805));
#6984=DIRECTION('',(0.,-1.,0.));
#6985=DIRECTION('',(0.706897702549805,0.,-0.707315798020805));
#6986=DIRECTION('',(0.,-1.,0.));
#6987=DIRECTION('',(-1.,0.,0.));
#6988=DIRECTION('',(0.,-1.,0.));
#6989=DIRECTION('',(0.,1.,0.));
#6990=DIRECTION('',(1.,0.,0.));
#6991=DIRECTION('',(-1.,0.,0.));
#6992=DIRECTION('',(0.,1.,0.));
#6993=DIRECTION('',(0.,-1.,0.));
#6994=DIRECTION('',(0.,0.,-1.));
#6995=DIRECTION('',(0.,-1.,0.));
#6996=DIRECTION('',(-1.,0.,0.));
#6997=DIRECTION('',(0.,-1.,0.));
#6998=DIRECTION('',(0.,1.,0.));
#6999=DIRECTION('',(1.,0.,0.));
#7000=DIRECTION('',(-0.00011299617563159,0.,0.999999993615932));
#7001=DIRECTION('',(0.999999993615932,0.,0.00011299617563159));
#7002=DIRECTION('',(0.,-1.,0.));
#7003=DIRECTION('',(-0.999999993615932,0.,-0.00011299617563159));
#7004=DIRECTION('',(0.,-1.,0.));
#7005=DIRECTION('',(-1.,0.,0.));
#7006=DIRECTION('',(0.,-1.,0.));
#7007=DIRECTION('',(0.999999999992209,0.,-3.94744898232664E-6));
#7008=DIRECTION('',(-3.94744898232664E-6,0.,-0.999999999992209));
#7009=DIRECTION('',(0.,-1.,0.));
#7010=DIRECTION('',(3.94744898232664E-6,0.,0.999999999992209));
#7011=DIRECTION('',(-0.000196385399048988,0.,0.999999980716387));
#7012=DIRECTION('',(0.999999980716388,0.,0.000196385399048988));
#7013=DIRECTION('',(0.,-1.,0.));
#7014=DIRECTION('',(-0.999999980716388,0.,-0.000196385399048988));
#7015=DIRECTION('',(0.,-1.,0.));
#7016=DIRECTION('',(-1.,0.,0.));
#7017=DIRECTION('',(0.,-1.,0.));
#7018=DIRECTION('',(1.,0.,0.));
#7019=DIRECTION('',(0.,-1.,0.));
#7020=DIRECTION('',(0.,-1.,0.));
#7021=DIRECTION('',(0.,0.,1.));
#7022=DIRECTION('',(0.,-1.,0.));
#7023=DIRECTION('',(-1.,0.,0.));
#7024=DIRECTION('',(0.,-1.,0.));
#7025=DIRECTION('',(-1.,0.,0.));
#7026=DIRECTION('',(0.,1.,0.));
#7027=DIRECTION('',(1.,0.,0.));
#7028=DIRECTION('',(0.,-1.,0.));
#7029=DIRECTION('',(-1.,0.,0.));
#7030=DIRECTION('',(0.,1.,0.));
#7031=DIRECTION('',(1.,0.,0.));
#7032=DIRECTION('',(1.,0.,0.));
#7033=DIRECTION('',(0.,-1.,0.));
#7034=DIRECTION('',(1.,0.,0.));
#7035=DIRECTION('',(0.,-1.,0.));
#7036=DIRECTION('',(0.,1.,0.));
#7037=DIRECTION('',(1.,0.,0.));
#7038=DIRECTION('',(0.,-1.,0.));
#7039=DIRECTION('',(1.,0.,0.));
#7040=DIRECTION('',(0.,-1.,0.));
#7041=DIRECTION('',(0.,1.,0.));
#7042=DIRECTION('',(0.,0.,1.));
#7043=DIRECTION('',(0.,-1.,0.));
#7044=DIRECTION('',(1.,0.,0.));
#7045=DIRECTION('',(0.,0.,-1.));
#7046=DIRECTION('',(0.,1.,0.));
#7047=DIRECTION('',(0.,1.,0.));
#7048=DIRECTION('',(-1.,0.,0.));
#7049=DIRECTION('',(0.,1.,0.));
#7050=DIRECTION('',(-1.,0.,0.));
#7051=DIRECTION('',(0.,1.,0.));
#7052=DIRECTION('',(0.,0.,1.));
#7053=DIRECTION('',(0.,1.,0.));
#7054=DIRECTION('',(0.,0.,-1.));
#7055=DIRECTION('',(0.,1.,0.));
#7056=DIRECTION('',(-1.,0.,0.));
#7057=DIRECTION('',(0.,1.,0.));
#7058=DIRECTION('',(0.,1.,0.));
#7059=DIRECTION('',(1.,0.,0.));
#7060=DIRECTION('',(0.,1.,0.));
#7061=DIRECTION('',(0.,1.,0.));
#7062=DIRECTION('',(1.,0.,0.));
#7063=DIRECTION('',(0.,1.,0.));
#7064=DIRECTION('',(0.,0.,1.));
#7065=DIRECTION('',(0.,-1.,0.));
#7066=DIRECTION('',(1.,0.,0.));
#7067=DIRECTION('',(0.,1.,0.));
#7068=DIRECTION('',(0.,1.,0.));
#7069=DIRECTION('',(1.,0.,0.));
#7070=DIRECTION('',(0.,1.,0.));
#7071=DIRECTION('',(1.,0.,0.));
#7072=DIRECTION('',(0.,1.,0.));
#7073=DIRECTION('',(-1.,0.,0.));
#7074=DIRECTION('',(0.,1.,0.));
#7075=DIRECTION('',(0.,0.,1.));
#7076=DIRECTION('',(0.,1.,0.));
#7077=DIRECTION('',(0.,1.,0.));
#7078=DIRECTION('',(1.,0.,0.));
#7079=DIRECTION('',(0.,1.,0.));
#7080=DIRECTION('',(1.,0.,0.));
#7081=DIRECTION('',(0.,1.,0.));
#7082=DIRECTION('',(0.,0.,1.));
#7083=DIRECTION('',(0.,-1.,0.));
#7084=DIRECTION('',(1.,0.,0.));
#7085=DIRECTION('',(0.,1.,0.));
#7086=DIRECTION('',(0.,1.,0.));
#7087=DIRECTION('',(1.,0.,0.));
#7088=DIRECTION('',(0.,1.,0.));
#7089=DIRECTION('',(1.,0.,0.));
#7090=DIRECTION('',(0.,1.,0.));
#7091=DIRECTION('',(0.,1.,0.));
#7092=DIRECTION('',(1.,0.,0.));
#7093=DIRECTION('',(0.,1.,0.));
#7094=DIRECTION('',(0.,1.,0.));
#7095=DIRECTION('',(1.,0.,0.));
#7096=DIRECTION('',(0.,1.,0.));
#7097=DIRECTION('',(0.,0.,1.));
#7098=DIRECTION('',(0.,-1.,0.));
#7099=DIRECTION('',(1.,0.,0.));
#7100=DIRECTION('',(0.,1.,0.));
#7101=DIRECTION('',(0.,1.,0.));
#7102=DIRECTION('',(1.,0.,0.));
#7103=DIRECTION('',(0.,1.,0.));
#7104=DIRECTION('',(1.,0.,0.));
#7105=DIRECTION('',(0.,1.,0.));
#7106=DIRECTION('',(-1.,0.,0.));
#7107=DIRECTION('',(0.,1.,0.));
#7108=DIRECTION('',(0.,0.,1.));
#7109=DIRECTION('',(0.,1.,0.));
#7110=DIRECTION('',(0.,1.,0.));
#7111=DIRECTION('',(1.,0.,0.));
#7112=DIRECTION('',(0.,1.,0.));
#7113=DIRECTION('',(1.,0.,0.));
#7114=DIRECTION('',(0.,1.,0.));
#7115=DIRECTION('',(0.,0.,1.));
#7116=DIRECTION('',(0.,-1.,0.));
#7117=DIRECTION('',(1.,0.,0.));
#7118=DIRECTION('',(0.,1.,0.));
#7119=DIRECTION('',(0.,1.,0.));
#7120=DIRECTION('',(1.,0.,0.));
#7121=DIRECTION('',(0.,1.,0.));
#7122=DIRECTION('',(1.,0.,0.));
#7123=DIRECTION('',(0.,1.,0.));
#7124=DIRECTION('',(0.,1.,0.));
#7125=DIRECTION('',(1.,0.,0.));
#7126=DIRECTION('',(0.,1.,0.));
#7127=DIRECTION('',(0.,1.,0.));
#7128=DIRECTION('',(1.,0.,0.));
#7129=DIRECTION('',(0.,1.,0.));
#7130=DIRECTION('',(0.,0.,1.));
#7131=DIRECTION('',(0.,-1.,0.));
#7132=DIRECTION('',(1.,0.,0.));
#7133=DIRECTION('',(0.,1.,0.));
#7134=DIRECTION('',(0.,1.,0.));
#7135=DIRECTION('',(1.,0.,0.));
#7136=DIRECTION('',(0.,1.,0.));
#7137=DIRECTION('',(1.,0.,0.));
#7138=DIRECTION('',(0.,1.,0.));
#7139=DIRECTION('',(-1.,0.,0.));
#7140=DIRECTION('',(0.,1.,0.));
#7141=DIRECTION('',(0.,0.,1.));
#7142=DIRECTION('',(0.,1.,0.));
#7143=DIRECTION('',(0.,1.,0.));
#7144=DIRECTION('',(1.,0.,0.));
#7145=DIRECTION('',(0.,1.,0.));
#7146=DIRECTION('',(1.,0.,0.));
#7147=DIRECTION('',(0.,1.,0.));
#7148=DIRECTION('',(0.,0.,1.));
#7149=DIRECTION('',(0.,-1.,0.));
#7150=DIRECTION('',(1.,0.,0.));
#7151=DIRECTION('',(0.,1.,0.));
#7152=DIRECTION('',(0.,1.,0.));
#7153=DIRECTION('',(1.,0.,0.));
#7154=DIRECTION('',(0.,1.,0.));
#7155=DIRECTION('',(1.,0.,0.));
#7156=DIRECTION('',(0.,1.,0.));
#7157=DIRECTION('',(0.,1.,0.));
#7158=DIRECTION('',(1.,0.,0.));
#7159=DIRECTION('',(0.,1.,0.));
#7160=DIRECTION('',(0.,1.,0.));
#7161=DIRECTION('',(1.,0.,0.));
#7162=DIRECTION('',(0.,1.,0.));
#7163=DIRECTION('',(0.,0.,1.));
#7164=DIRECTION('',(0.,-1.,0.));
#7165=DIRECTION('',(1.,0.,0.));
#7166=DIRECTION('',(0.,1.,0.));
#7167=DIRECTION('',(0.,1.,0.));
#7168=DIRECTION('',(1.,0.,0.));
#7169=DIRECTION('',(0.,1.,0.));
#7170=DIRECTION('',(1.,0.,0.));
#7171=DIRECTION('',(0.,1.,0.));
#7172=DIRECTION('',(-1.,0.,0.));
#7173=DIRECTION('',(0.,1.,0.));
#7174=DIRECTION('',(0.,0.,1.));
#7175=DIRECTION('',(0.,1.,0.));
#7176=DIRECTION('',(0.,1.,0.));
#7177=DIRECTION('',(1.,0.,0.));
#7178=DIRECTION('',(0.,1.,0.));
#7179=DIRECTION('',(1.,0.,0.));
#7180=DIRECTION('',(0.,1.,0.));
#7181=DIRECTION('',(0.,0.,1.));
#7182=DIRECTION('',(0.,-1.,0.));
#7183=DIRECTION('',(1.,0.,0.));
#7184=DIRECTION('',(0.,1.,0.));
#7185=DIRECTION('',(0.,1.,0.));
#7186=DIRECTION('',(1.,0.,0.));
#7187=DIRECTION('',(0.,1.,0.));
#7188=DIRECTION('',(1.,0.,0.));
#7189=DIRECTION('',(0.,1.,0.));
#7190=DIRECTION('',(0.,1.,0.));
#7191=DIRECTION('',(1.,0.,0.));
#7192=DIRECTION('',(0.,1.,0.));
#7193=DIRECTION('',(0.,1.,0.));
#7194=DIRECTION('',(1.,0.,0.));
#7195=DIRECTION('',(0.,1.,0.));
#7196=DIRECTION('',(0.,0.,1.));
#7197=DIRECTION('',(0.,-1.,0.));
#7198=DIRECTION('',(1.,0.,0.));
#7199=DIRECTION('',(0.,1.,0.));
#7200=DIRECTION('',(0.,1.,0.));
#7201=DIRECTION('',(1.,0.,0.));
#7202=DIRECTION('',(0.,1.,0.));
#7203=DIRECTION('',(1.,0.,0.));
#7204=DIRECTION('',(0.,1.,0.));
#7205=DIRECTION('',(-1.,0.,0.));
#7206=DIRECTION('',(0.,1.,0.));
#7207=DIRECTION('',(0.,0.,1.));
#7208=DIRECTION('',(0.,1.,0.));
#7209=DIRECTION('',(0.,1.,0.));
#7210=DIRECTION('',(1.,0.,0.));
#7211=DIRECTION('',(0.,1.,0.));
#7212=DIRECTION('',(1.,0.,0.));
#7213=DIRECTION('',(0.,1.,0.));
#7214=DIRECTION('',(0.,0.,1.));
#7215=DIRECTION('',(0.,-1.,0.));
#7216=DIRECTION('',(1.,0.,0.));
#7217=DIRECTION('',(0.,1.,0.));
#7218=DIRECTION('',(0.,1.,0.));
#7219=DIRECTION('',(1.,0.,0.));
#7220=DIRECTION('',(0.,1.,0.));
#7221=DIRECTION('',(1.,0.,0.));
#7222=DIRECTION('',(0.,1.,0.));
#7223=DIRECTION('',(0.,1.,0.));
#7224=DIRECTION('',(1.,0.,0.));
#7225=DIRECTION('',(0.,1.,0.));
#7226=DIRECTION('',(0.,1.,0.));
#7227=DIRECTION('',(1.,0.,0.));
#7228=DIRECTION('',(0.,1.,0.));
#7229=DIRECTION('',(0.,0.,1.));
#7230=DIRECTION('',(0.,-1.,0.));
#7231=DIRECTION('',(1.,0.,0.));
#7232=DIRECTION('',(0.,1.,0.));
#7233=DIRECTION('',(0.,1.,0.));
#7234=DIRECTION('',(1.,0.,0.));
#7235=DIRECTION('',(0.,1.,0.));
#7236=DIRECTION('',(1.,0.,0.));
#7237=DIRECTION('',(0.,1.,0.));
#7238=DIRECTION('',(-1.,0.,0.));
#7239=DIRECTION('',(0.,1.,0.));
#7240=DIRECTION('',(0.,0.,1.));
#7241=DIRECTION('',(0.,1.,0.));
#7242=DIRECTION('',(0.,1.,0.));
#7243=DIRECTION('',(1.,0.,0.));
#7244=DIRECTION('',(0.,1.,0.));
#7245=DIRECTION('',(1.,0.,0.));
#7246=DIRECTION('',(0.,1.,0.));
#7247=DIRECTION('',(0.,0.,1.));
#7248=DIRECTION('',(0.,-1.,0.));
#7249=DIRECTION('',(1.,0.,0.));
#7250=DIRECTION('',(0.,1.,0.));
#7251=DIRECTION('',(0.,1.,0.));
#7252=DIRECTION('',(1.,0.,0.));
#7253=DIRECTION('',(0.,1.,0.));
#7254=DIRECTION('',(1.,0.,0.));
#7255=DIRECTION('',(0.,1.,0.));
#7256=DIRECTION('',(0.,1.,0.));
#7257=DIRECTION('',(1.,0.,0.));
#7258=DIRECTION('',(0.,1.,0.));
#7259=DIRECTION('',(0.,1.,0.));
#7260=DIRECTION('',(1.,0.,0.));
#7261=DIRECTION('',(0.,1.,0.));
#7262=DIRECTION('',(0.,0.,1.));
#7263=DIRECTION('',(0.,-1.,0.));
#7264=DIRECTION('',(1.,0.,0.));
#7265=DIRECTION('',(0.,1.,0.));
#7266=DIRECTION('',(0.,1.,0.));
#7267=DIRECTION('',(1.,0.,0.));
#7268=DIRECTION('',(0.,1.,0.));
#7269=DIRECTION('',(1.,0.,0.));
#7270=DIRECTION('',(0.,1.,0.));
#7271=DIRECTION('',(-1.,0.,0.));
#7272=DIRECTION('',(0.,1.,0.));
#7273=DIRECTION('',(0.,0.,1.));
#7274=DIRECTION('',(0.,1.,0.));
#7275=DIRECTION('',(0.,1.,0.));
#7276=DIRECTION('',(1.,0.,0.));
#7277=DIRECTION('',(0.,1.,0.));
#7278=DIRECTION('',(1.,0.,0.));
#7279=DIRECTION('',(0.,1.,0.));
#7280=DIRECTION('',(0.,0.,1.));
#7281=DIRECTION('',(0.,-1.,0.));
#7282=DIRECTION('',(1.,0.,0.));
#7283=DIRECTION('',(0.,1.,0.));
#7284=DIRECTION('',(0.,1.,0.));
#7285=DIRECTION('',(1.,0.,0.));
#7286=DIRECTION('',(0.,1.,0.));
#7287=DIRECTION('',(1.,0.,0.));
#7288=DIRECTION('',(0.,1.,0.));
#7289=DIRECTION('',(0.,1.,0.));
#7290=DIRECTION('',(1.,0.,0.));
#7291=DIRECTION('',(0.,1.,0.));
#7292=DIRECTION('',(0.,1.,0.));
#7293=DIRECTION('',(1.,0.,0.));
#7294=DIRECTION('',(0.,1.,0.));
#7295=DIRECTION('',(0.,0.,1.));
#7296=DIRECTION('',(0.,-1.,0.));
#7297=DIRECTION('',(1.,0.,0.));
#7298=DIRECTION('',(0.,1.,0.));
#7299=DIRECTION('',(0.,1.,0.));
#7300=DIRECTION('',(1.,0.,0.));
#7301=DIRECTION('',(0.,1.,0.));
#7302=DIRECTION('',(1.,0.,0.));
#7303=DIRECTION('',(0.,1.,0.));
#7304=DIRECTION('',(-1.,0.,0.));
#7305=DIRECTION('',(0.,1.,0.));
#7306=DIRECTION('',(0.,0.,1.));
#7307=DIRECTION('',(0.,1.,0.));
#7308=DIRECTION('',(0.,1.,0.));
#7309=DIRECTION('',(1.,0.,0.));
#7310=DIRECTION('',(0.,1.,0.));
#7311=DIRECTION('',(1.,0.,0.));
#7312=DIRECTION('',(0.,1.,0.));
#7313=DIRECTION('',(0.,0.,1.));
#7314=DIRECTION('',(0.,-1.,0.));
#7315=DIRECTION('',(1.,0.,0.));
#7316=DIRECTION('',(0.,1.,0.));
#7317=DIRECTION('',(0.,1.,0.));
#7318=DIRECTION('',(1.,0.,0.));
#7319=DIRECTION('',(0.,1.,0.));
#7320=DIRECTION('',(1.,0.,0.));
#7321=DIRECTION('',(0.,1.,0.));
#7322=DIRECTION('',(0.,1.,0.));
#7323=DIRECTION('',(1.,0.,0.));
#7324=DIRECTION('',(0.,1.,0.));
#7325=DIRECTION('',(0.,1.,0.));
#7326=DIRECTION('',(1.,0.,0.));
#7327=DIRECTION('',(0.,1.,0.));
#7328=DIRECTION('',(0.,0.,1.));
#7329=DIRECTION('',(0.,-1.,0.));
#7330=DIRECTION('',(1.,0.,0.));
#7331=DIRECTION('',(0.,1.,0.));
#7332=DIRECTION('',(0.,1.,0.));
#7333=DIRECTION('',(1.,0.,0.));
#7334=DIRECTION('',(0.,1.,0.));
#7335=DIRECTION('',(1.,0.,0.));
#7336=DIRECTION('',(0.,1.,0.));
#7337=DIRECTION('',(-1.,0.,0.));
#7338=DIRECTION('',(0.,1.,0.));
#7339=DIRECTION('',(0.,0.,1.));
#7340=DIRECTION('',(0.,1.,0.));
#7341=DIRECTION('',(0.,1.,0.));
#7342=DIRECTION('',(1.,0.,0.));
#7343=DIRECTION('',(0.,1.,0.));
#7344=DIRECTION('',(1.,0.,0.));
#7345=DIRECTION('',(0.,1.,0.));
#7346=DIRECTION('',(0.,0.,1.));
#7347=DIRECTION('',(0.,-1.,0.));
#7348=DIRECTION('',(1.,0.,0.));
#7349=DIRECTION('',(0.,1.,0.));
#7350=DIRECTION('',(0.,1.,0.));
#7351=DIRECTION('',(1.,0.,0.));
#7352=DIRECTION('',(0.,1.,0.));
#7353=DIRECTION('',(1.,0.,0.));
#7354=DIRECTION('',(0.,1.,0.));
#7355=DIRECTION('',(0.,1.,0.));
#7356=DIRECTION('',(1.,0.,0.));
#7357=DIRECTION('',(0.,1.,0.));
#7358=DIRECTION('',(0.,1.,0.));
#7359=DIRECTION('',(1.,0.,0.));
#7360=DIRECTION('',(0.,1.,0.));
#7361=DIRECTION('',(0.,0.,1.));
#7362=DIRECTION('',(0.,-1.,0.));
#7363=DIRECTION('',(1.,0.,0.));
#7364=DIRECTION('',(0.,1.,0.));
#7365=DIRECTION('',(0.,1.,0.));
#7366=DIRECTION('',(1.,0.,0.));
#7367=DIRECTION('',(0.,1.,0.));
#7368=DIRECTION('',(1.,0.,0.));
#7369=DIRECTION('',(0.,1.,0.));
#7370=DIRECTION('',(-1.,0.,0.));
#7371=DIRECTION('',(0.,1.,0.));
#7372=DIRECTION('',(0.,0.,1.));
#7373=DIRECTION('',(0.,1.,0.));
#7374=DIRECTION('',(0.,1.,0.));
#7375=DIRECTION('',(1.,0.,0.));
#7376=DIRECTION('',(0.,1.,0.));
#7377=DIRECTION('',(1.,0.,0.));
#7378=DIRECTION('',(0.,1.,0.));
#7379=DIRECTION('',(0.,0.,1.));
#7380=DIRECTION('',(0.,-1.,0.));
#7381=DIRECTION('',(1.,0.,0.));
#7382=DIRECTION('',(0.,1.,0.));
#7383=DIRECTION('',(0.,1.,0.));
#7384=DIRECTION('',(1.,0.,0.));
#7385=DIRECTION('',(0.,1.,0.));
#7386=DIRECTION('',(1.,0.,0.));
#7387=DIRECTION('',(0.,1.,0.));
#7388=DIRECTION('',(0.,1.,0.));
#7389=DIRECTION('',(1.,0.,0.));
#7390=DIRECTION('',(0.,1.,0.));
#7391=DIRECTION('',(0.,1.,0.));
#7392=DIRECTION('',(1.,0.,0.));
#7393=DIRECTION('',(0.,1.,0.));
#7394=DIRECTION('',(0.,0.,1.));
#7395=DIRECTION('',(0.,-1.,0.));
#7396=DIRECTION('',(1.,0.,0.));
#7397=DIRECTION('',(0.,1.,0.));
#7398=DIRECTION('',(0.,1.,0.));
#7399=DIRECTION('',(1.,0.,0.));
#7400=DIRECTION('',(0.,1.,0.));
#7401=DIRECTION('',(1.,0.,0.));
#7402=DIRECTION('',(0.,1.,0.));
#7403=DIRECTION('',(-1.,0.,0.));
#7404=DIRECTION('',(0.,1.,0.));
#7405=DIRECTION('',(0.,0.,1.));
#7406=DIRECTION('',(0.,1.,0.));
#7407=DIRECTION('',(0.,1.,0.));
#7408=DIRECTION('',(1.,0.,0.));
#7409=DIRECTION('',(0.,1.,0.));
#7410=DIRECTION('',(1.,0.,0.));
#7411=DIRECTION('',(0.,1.,0.));
#7412=DIRECTION('',(0.,0.,1.));
#7413=DIRECTION('',(0.,-1.,0.));
#7414=DIRECTION('',(1.,0.,0.));
#7415=DIRECTION('',(0.,1.,0.));
#7416=DIRECTION('',(0.,1.,0.));
#7417=DIRECTION('',(1.,0.,0.));
#7418=DIRECTION('',(0.,1.,0.));
#7419=DIRECTION('',(1.,0.,0.));
#7420=DIRECTION('',(0.,1.,0.));
#7421=DIRECTION('',(0.,1.,0.));
#7422=DIRECTION('',(1.,0.,0.));
#7423=DIRECTION('',(0.,1.,0.));
#7424=DIRECTION('',(0.,1.,0.));
#7425=DIRECTION('',(1.,0.,0.));
#7426=DIRECTION('',(0.,1.,0.));
#7427=DIRECTION('',(0.,0.,1.));
#7428=DIRECTION('',(0.,-1.,0.));
#7429=DIRECTION('',(1.,0.,0.));
#7430=DIRECTION('',(0.,1.,0.));
#7431=DIRECTION('',(0.,1.,0.));
#7432=DIRECTION('',(1.,0.,0.));
#7433=DIRECTION('',(0.,1.,0.));
#7434=DIRECTION('',(1.,0.,0.));
#7435=DIRECTION('',(0.,1.,0.));
#7436=DIRECTION('',(-1.,0.,0.));
#7437=DIRECTION('',(0.,1.,0.));
#7438=DIRECTION('',(0.,0.,1.));
#7439=DIRECTION('',(0.,1.,0.));
#7440=DIRECTION('',(0.,1.,0.));
#7441=DIRECTION('',(1.,0.,0.));
#7442=DIRECTION('',(0.,1.,0.));
#7443=DIRECTION('',(1.,0.,0.));
#7444=DIRECTION('',(0.,1.,0.));
#7445=DIRECTION('',(0.,0.,1.));
#7446=DIRECTION('',(0.,-1.,0.));
#7447=DIRECTION('',(1.,0.,0.));
#7448=DIRECTION('',(0.,1.,0.));
#7449=DIRECTION('',(0.,1.,0.));
#7450=DIRECTION('',(1.,0.,0.));
#7451=DIRECTION('',(0.,1.,0.));
#7452=DIRECTION('',(1.,0.,0.));
#7453=DIRECTION('',(0.,1.,0.));
#7454=DIRECTION('',(0.,1.,0.));
#7455=DIRECTION('',(1.,0.,0.));
#7456=DIRECTION('',(0.,1.,0.));
#7457=DIRECTION('',(0.,1.,0.));
#7458=DIRECTION('',(1.,0.,0.));
#7459=DIRECTION('',(0.,1.,0.));
#7460=DIRECTION('',(0.,0.,1.));
#7461=DIRECTION('',(0.,-1.,0.));
#7462=DIRECTION('',(1.,0.,0.));
#7463=DIRECTION('',(0.,1.,0.));
#7464=DIRECTION('',(0.,1.,0.));
#7465=DIRECTION('',(1.,0.,0.));
#7466=DIRECTION('',(0.,1.,0.));
#7467=DIRECTION('',(1.,0.,0.));
#7468=DIRECTION('',(0.,1.,0.));
#7469=DIRECTION('',(-1.,0.,0.));
#7470=DIRECTION('',(0.,1.,0.));
#7471=DIRECTION('',(0.,0.,1.));
#7472=DIRECTION('',(0.,1.,0.));
#7473=DIRECTION('',(0.,1.,0.));
#7474=DIRECTION('',(1.,0.,0.));
#7475=DIRECTION('',(0.,1.,0.));
#7476=DIRECTION('',(1.,0.,0.));
#7477=DIRECTION('',(0.,1.,0.));
#7478=DIRECTION('',(0.,0.,1.));
#7479=DIRECTION('',(0.,-1.,0.));
#7480=DIRECTION('',(1.,0.,0.));
#7481=DIRECTION('',(0.,1.,0.));
#7482=DIRECTION('',(0.,1.,0.));
#7483=DIRECTION('',(1.,0.,0.));
#7484=DIRECTION('',(0.,1.,0.));
#7485=DIRECTION('',(1.,0.,0.));
#7486=DIRECTION('',(0.,1.,0.));
#7487=DIRECTION('',(0.,1.,0.));
#7488=DIRECTION('',(1.,0.,0.));
#7489=DIRECTION('',(0.,1.,0.));
#7490=DIRECTION('',(0.,1.,0.));
#7491=DIRECTION('',(1.,0.,0.));
#7492=DIRECTION('',(0.,1.,0.));
#7493=DIRECTION('',(0.,0.,1.));
#7494=DIRECTION('',(0.,-1.,0.));
#7495=DIRECTION('',(1.,0.,0.));
#7496=DIRECTION('',(0.,1.,0.));
#7497=DIRECTION('',(0.,1.,0.));
#7498=DIRECTION('',(1.,0.,0.));
#7499=DIRECTION('',(0.,1.,0.));
#7500=DIRECTION('',(1.,0.,0.));
#7501=DIRECTION('',(0.,1.,0.));
#7502=DIRECTION('',(-1.,0.,0.));
#7503=DIRECTION('',(0.,1.,0.));
#7504=DIRECTION('',(0.,0.,1.));
#7505=DIRECTION('',(0.,1.,0.));
#7506=DIRECTION('',(0.,1.,0.));
#7507=DIRECTION('',(1.,0.,0.));
#7508=DIRECTION('',(0.,1.,0.));
#7509=DIRECTION('',(1.,0.,0.));
#7510=DIRECTION('',(0.,1.,0.));
#7511=DIRECTION('',(0.,0.,1.));
#7512=DIRECTION('',(0.,-1.,0.));
#7513=DIRECTION('',(1.,0.,0.));
#7514=DIRECTION('',(0.,1.,0.));
#7515=DIRECTION('',(0.,1.,0.));
#7516=DIRECTION('',(1.,0.,0.));
#7517=DIRECTION('',(0.,1.,0.));
#7518=DIRECTION('',(1.,0.,0.));
#7519=DIRECTION('',(0.,1.,0.));
#7520=DIRECTION('',(0.,1.,0.));
#7521=DIRECTION('',(1.,0.,0.));
#7522=DIRECTION('',(0.,1.,0.));
#7523=DIRECTION('',(0.,1.,0.));
#7524=DIRECTION('',(1.,0.,0.));
#7525=DIRECTION('',(0.,1.,0.));
#7526=DIRECTION('',(0.,0.,1.));
#7527=DIRECTION('',(0.,-1.,0.));
#7528=DIRECTION('',(1.,0.,0.));
#7529=DIRECTION('',(0.,1.,0.));
#7530=DIRECTION('',(0.,1.,0.));
#7531=DIRECTION('',(1.,0.,0.));
#7532=DIRECTION('',(0.,1.,0.));
#7533=DIRECTION('',(1.,0.,0.));
#7534=DIRECTION('',(0.,1.,0.));
#7535=DIRECTION('',(-1.,0.,0.));
#7536=DIRECTION('',(0.,1.,0.));
#7537=DIRECTION('',(0.,0.,1.));
#7538=DIRECTION('',(0.,1.,0.));
#7539=DIRECTION('',(0.,1.,0.));
#7540=DIRECTION('',(1.,0.,0.));
#7541=DIRECTION('',(0.,1.,0.));
#7542=DIRECTION('',(1.,0.,0.));
#7543=DIRECTION('',(0.,1.,0.));
#7544=DIRECTION('',(0.,0.,1.));
#7545=DIRECTION('',(0.,-1.,0.));
#7546=DIRECTION('',(1.,0.,0.));
#7547=DIRECTION('',(0.,1.,0.));
#7548=DIRECTION('',(0.,1.,0.));
#7549=DIRECTION('',(1.,0.,0.));
#7550=DIRECTION('',(0.,1.,0.));
#7551=DIRECTION('',(1.,0.,0.));
#7552=DIRECTION('',(0.,1.,0.));
#7553=DIRECTION('',(0.,1.,0.));
#7554=DIRECTION('',(1.,0.,0.));
#7555=DIRECTION('',(0.,1.,0.));
#7556=DIRECTION('',(0.,1.,0.));
#7557=DIRECTION('',(1.,0.,0.));
#7558=DIRECTION('',(0.,1.,0.));
#7559=DIRECTION('',(0.,0.,1.));
#7560=DIRECTION('',(0.,-1.,0.));
#7561=DIRECTION('',(1.,0.,0.));
#7562=DIRECTION('',(0.,1.,0.));
#7563=DIRECTION('',(0.,1.,0.));
#7564=DIRECTION('',(1.,0.,0.));
#7565=DIRECTION('',(0.,1.,0.));
#7566=DIRECTION('',(1.,0.,0.));
#7567=DIRECTION('',(0.,1.,0.));
#7568=DIRECTION('',(-1.,0.,0.));
#7569=DIRECTION('',(0.,1.,0.));
#7570=DIRECTION('',(0.,0.,1.));
#7571=DIRECTION('',(0.,1.,0.));
#7572=DIRECTION('',(0.,1.,0.));
#7573=DIRECTION('',(1.,0.,0.));
#7574=DIRECTION('',(0.,1.,0.));
#7575=DIRECTION('',(1.,0.,0.));
#7576=DIRECTION('',(0.,1.,0.));
#7577=DIRECTION('',(0.,0.,1.));
#7578=DIRECTION('',(0.,-1.,0.));
#7579=DIRECTION('',(1.,0.,0.));
#7580=DIRECTION('',(0.,1.,0.));
#7581=DIRECTION('',(0.,1.,0.));
#7582=DIRECTION('',(1.,0.,0.));
#7583=DIRECTION('',(0.,1.,0.));
#7584=DIRECTION('',(1.,0.,0.));
#7585=DIRECTION('',(0.,1.,0.));
#7586=DIRECTION('',(-1.,0.,0.));
#7587=DIRECTION('',(0.,1.,0.));
#7588=DIRECTION('',(0.,0.,1.));
#7589=DIRECTION('',(-1.,0.,0.));
#7590=DIRECTION('',(0.,1.,0.));
#7591=DIRECTION('',(0.,0.,1.));
#7592=DIRECTION('',(-1.,0.,0.));
#7593=DIRECTION('',(0.,1.,0.));
#7594=DIRECTION('',(0.,0.,1.));
#7595=DIRECTION('',(-1.,0.,0.));
#7596=DIRECTION('',(0.,1.,0.));
#7597=DIRECTION('',(0.,0.,1.));
#7598=DIRECTION('',(-1.,0.,0.));
#7599=DIRECTION('',(0.,1.,0.));
#7600=DIRECTION('',(0.,0.,1.));
#7601=DIRECTION('',(-1.,0.,0.));
#7602=DIRECTION('',(0.,1.,0.));
#7603=DIRECTION('',(0.,0.,1.));
#7604=DIRECTION('',(-1.,0.,0.));
#7605=DIRECTION('',(0.,1.,0.));
#7606=DIRECTION('',(0.,0.,1.));
#7607=DIRECTION('',(-1.,0.,0.));
#7608=DIRECTION('',(0.,1.,0.));
#7609=DIRECTION('',(0.,0.,1.));
#7610=DIRECTION('',(-1.,0.,0.));
#7611=DIRECTION('',(0.,1.,0.));
#7612=DIRECTION('',(0.,0.,1.));
#7613=DIRECTION('',(-1.,0.,0.));
#7614=DIRECTION('',(0.,1.,0.));
#7615=DIRECTION('',(0.,0.,1.));
#7616=DIRECTION('',(-1.,0.,0.));
#7617=DIRECTION('',(0.,1.,0.));
#7618=DIRECTION('',(0.,0.,1.));
#7619=DIRECTION('',(-1.,0.,0.));
#7620=DIRECTION('',(0.,1.,0.));
#7621=DIRECTION('',(0.,0.,1.));
#7622=DIRECTION('',(-1.,0.,0.));
#7623=DIRECTION('',(0.,1.,0.));
#7624=DIRECTION('',(0.,0.,1.));
#7625=DIRECTION('',(-1.,0.,0.));
#7626=DIRECTION('',(0.,1.,0.));
#7627=DIRECTION('',(0.,0.,1.));
#7628=DIRECTION('',(-1.,0.,0.));
#7629=DIRECTION('',(0.,1.,0.));
#7630=DIRECTION('',(0.,0.,1.));
#7631=DIRECTION('',(-1.,0.,0.));
#7632=DIRECTION('',(0.,1.,0.));
#7633=DIRECTION('',(0.,0.,1.));
#7634=DIRECTION('',(-1.,0.,0.));
#7635=DIRECTION('',(0.,1.,0.));
#7636=DIRECTION('',(0.,0.,1.));
#7637=DIRECTION('',(0.,1.,0.));
#7638=DIRECTION('',(1.,0.,0.));
#7639=DIRECTION('',(1.,0.,0.));
#7640=DIRECTION('',(0.,-1.,0.));
#7641=DIRECTION('',(0.706897702549805,0.,-0.707315798020805));
#7642=DIRECTION('',(-0.707315798020805,0.,-0.706897702549805));
#7643=DIRECTION('',(0.,1.,0.));
#7644=DIRECTION('',(1.,0.,0.));
#7645=DIRECTION('',(0.,0.,-1.));
#7646=DIRECTION('',(0.,1.,0.));
#7647=DIRECTION('',(0.,0.,1.));
#7648=DIRECTION('',(0.,-1.,0.));
#7649=DIRECTION('',(0.,1.,0.));
#7650=DIRECTION('',(1.,0.,0.));
#7651=DIRECTION('',(0.999999993615932,0.,0.000112996175624657));
#7652=DIRECTION('',(0.000112996175624657,0.,-0.999999993615932));
#7653=DIRECTION('',(-0.999999993615932,0.,-0.00011299617563159));
#7654=DIRECTION('',(-0.00011299617563159,0.,0.999999993615932));
#7655=DIRECTION('',(3.94744898232664E-6,0.,0.999999999992209));
#7656=DIRECTION('',(0.999999999992209,0.,-3.94744898232664E-6));
#7657=DIRECTION('',(-0.707174815003384,0.,0.707038740823252));
#7658=DIRECTION('',(-0.707038740823252,0.,-0.707174815003384));
#7659=DIRECTION('',(-0.999999980716388,0.,-0.000196385399048988));
#7660=DIRECTION('',(-0.000196385399048988,0.,0.999999980716388));
#7661=DIRECTION('',(0.,0.,1.));
#7662=DIRECTION('',(0.,-1.,0.));
#7663=DIRECTION('',(1.,0.,0.));
#7664=DIRECTION('',(0.,-1.,0.));
#7665=DIRECTION('',(0.707375222346928,0.,0.706838238078299));
#7666=DIRECTION('',(-0.706838238078299,0.,0.707375222346929));
#7667=DIRECTION('',(0.00075941038073322,0.,0.999999711647895));
#7668=DIRECTION('',(0.999999711647895,0.,-0.00075941038073322));
#7669=DIRECTION('',(-0.00075941038073234,0.,-0.999999711647895));
#7670=DIRECTION('',(-0.999999711647895,0.,0.00075941038073234));
#7671=DIRECTION('',(0.,1.,0.));
#7672=DIRECTION('',(1.,0.,0.));
#7673=DIRECTION('',(-0.999999995448817,0.,-9.54063214542165E-5));
#7674=DIRECTION('',(-9.54063214542165E-5,0.,0.999999995448817));
#7675=DIRECTION('',(0.999999995448817,0.,9.54063214579522E-5));
#7676=DIRECTION('',(9.54063214579522E-5,0.,-0.999999995448817));
#7677=DIRECTION('',(0.92316532767914,0.,0.384403144850645));
#7678=DIRECTION('',(-0.384403144850645,0.,0.92316532767914));
#7679=DIRECTION('',(1.,0.,0.));
#7680=DIRECTION('',(0.,-1.,0.));
#7681=DIRECTION('',(0.704536154486872,0.,0.709668096380872));
#7682=DIRECTION('',(0.709668096380872,0.,-0.704536154486872));
#7683=DIRECTION('',(0.,1.,0.));
#7684=DIRECTION('',(1.,0.,0.));
#7685=DIRECTION('',(0.,1.,0.));
#7686=DIRECTION('',(1.,0.,0.));
#7687=DIRECTION('',(0.,1.,0.));
#7688=DIRECTION('',(1.,0.,0.));
#7689=DIRECTION('',(0.,1.,0.));
#7690=DIRECTION('',(1.,0.,0.));
#7691=DIRECTION('',(0.,1.,0.));
#7692=DIRECTION('',(1.,0.,0.));
#7693=DIRECTION('',(0.,0.,1.));
#7694=DIRECTION('',(1.,0.,0.));
#7695=DIRECTION('',(0.,0.,-1.));
#7696=DIRECTION('',(0.,1.,0.));
#7697=DIRECTION('',(1.,0.,0.));
#7698=DIRECTION('',(0.,-1.,0.));
#7699=DIRECTION('',(1.,0.,0.));
#7700=DIRECTION('',(0.,-1.,0.));
#7701=DIRECTION('',(0.999999711647895,0.,-0.00075941038073322));
#7702=DIRECTION('',(-0.00075941038073322,0.,-0.999999711647895));
#7703=DIRECTION('',(0.00075941038073322,0.,0.999999711647895));
#7704=DIRECTION('',(0.,-1.,0.));
#7705=DIRECTION('',(0.00075941038073322,0.,0.999999711647895));
#7706=DIRECTION('',(0.,-1.,0.));
#7707=DIRECTION('',(-1.,0.,0.));
#7708=DIRECTION('',(0.,-1.,0.));
#7709=DIRECTION('',(1.,0.,0.));
#7710=DIRECTION('',(0.,-1.,0.));
#7711=DIRECTION('',(0.,-1.,0.));
#7712=DIRECTION('',(1.,0.,0.));
#7713=DIRECTION('',(9.54063214579521E-5,0.,-0.999999995448817));
#7714=DIRECTION('',(-0.999999995448817,0.,-9.54063214579522E-5));
#7715=DIRECTION('',(0.999999995448817,0.,9.54063214579522E-5));
#7716=DIRECTION('',(0.,-1.,0.));
#7717=DIRECTION('',(0.999999995448817,0.,9.54063214579522E-5));
#7718=DIRECTION('',(0.709668096380872,0.,-0.704536154486872));
#7719=DIRECTION('',(-0.704536154486872,0.,-0.709668096380872));
#7720=DIRECTION('',(0.704536154486872,0.,0.709668096380872));
#7721=DIRECTION('',(0.,-1.,0.));
#7722=DIRECTION('',(0.704536154486872,0.,0.709668096380872));
#7723=DIRECTION('',(0.,-1.,0.));
#7724=DIRECTION('',(-1.,0.,0.));
#7725=DIRECTION('',(0.,-1.,0.));
#7726=DIRECTION('',(1.,0.,0.));
#7727=DIRECTION('',(0.,-1.,0.));
#7728=DIRECTION('',(0.,-1.,0.));
#7729=DIRECTION('',(1.,0.,0.));
#7730=DIRECTION('',(0.,0.,-1.));
#7731=DIRECTION('',(0.,1.,0.));
#7732=DIRECTION('',(1.,0.,0.));
#7733=DIRECTION('',(0.,-1.,0.));
#7734=DIRECTION('',(1.,0.,0.));
#7735=DIRECTION('',(0.,-1.,0.));
#7736=DIRECTION('',(-1.,0.,0.));
#7737=DIRECTION('',(0.,-1.,0.));
#7738=DIRECTION('',(1.,0.,0.));
#7739=DIRECTION('',(0.,-1.,0.));
#7740=DIRECTION('',(0.,-1.,0.));
#7741=DIRECTION('',(1.,0.,0.));
#7742=DIRECTION('',(-0.707315798020805,0.,-0.706897702549805));
#7743=DIRECTION('',(-0.706897702549805,0.,0.707315798020805));
#7744=DIRECTION('',(0.706897702549805,0.,-0.707315798020805));
#7745=DIRECTION('',(0.,-1.,0.));
#7746=DIRECTION('',(0.706897702549805,0.,-0.707315798020805));
#7747=DIRECTION('',(0.,-1.,0.));
#7748=DIRECTION('',(-1.,0.,0.));
#7749=DIRECTION('',(0.,-1.,0.));
#7750=DIRECTION('',(1.,0.,0.));
#7751=DIRECTION('',(0.,-1.,0.));
#7752=DIRECTION('',(0.,-1.,0.));
#7753=DIRECTION('',(1.,0.,0.));
#7754=DIRECTION('',(-1.,0.,0.));
#7755=DIRECTION('',(0.,1.,0.));
#7756=DIRECTION('',(0.,0.,-1.));
#7757=DIRECTION('',(0.,-1.,0.));
#7758=DIRECTION('',(0.,0.,-1.));
#7759=DIRECTION('',(0.,-1.,0.));
#7760=DIRECTION('',(-1.,0.,0.));
#7761=DIRECTION('',(0.,-1.,0.));
#7762=DIRECTION('',(1.,0.,0.));
#7763=DIRECTION('',(0.,-1.,0.));
#7764=DIRECTION('',(0.,-1.,0.));
#7765=DIRECTION('',(1.,0.,0.));
#7766=DIRECTION('',(-0.00011299617563159,0.,0.999999993615932));
#7767=DIRECTION('',(0.999999993615932,0.,0.00011299617563159));
#7768=DIRECTION('',(-0.999999993615932,0.,-0.00011299617563159));
#7769=DIRECTION('',(0.,-1.,0.));
#7770=DIRECTION('',(-0.999999993615932,0.,-0.00011299617563159));
#7771=DIRECTION('',(0.,-1.,0.));
#7772=DIRECTION('',(-1.,0.,0.));
#7773=DIRECTION('',(0.,-1.,0.));
#7774=DIRECTION('',(1.,0.,0.));
#7775=DIRECTION('',(0.,-1.,0.));
#7776=DIRECTION('',(0.,-1.,0.));
#7777=DIRECTION('',(1.,0.,0.));
#7778=DIRECTION('',(0.999999999992209,0.,-3.94744898232664E-6));
#7779=DIRECTION('',(-3.94744898232664E-6,0.,-0.999999999992209));
#7780=DIRECTION('',(3.94744898232664E-6,0.,0.999999999992209));
#7781=DIRECTION('',(0.,-1.,0.));
#7782=DIRECTION('',(3.94744898232664E-6,0.,0.999999999992209));
#7783=DIRECTION('',(-0.000196385399048988,0.,0.999999980716387));
#7784=DIRECTION('',(0.999999980716387,0.,0.000196385399048988));
#7785=DIRECTION('',(-0.999999980716387,0.,-0.000196385399048988));
#7786=DIRECTION('',(0.,-1.,0.));
#7787=DIRECTION('',(-0.999999980716387,0.,-0.000196385399048988));
#7788=DIRECTION('',(0.,-1.,0.));
#7789=DIRECTION('',(-1.,0.,0.));
#7790=DIRECTION('',(0.,-1.,0.));
#7791=DIRECTION('',(1.,0.,0.));
#7792=DIRECTION('',(0.,-1.,0.));
#7793=DIRECTION('',(0.,-1.,0.));
#7794=DIRECTION('',(1.,0.,0.));
#7795=DIRECTION('',(1.,0.,0.));
#7796=DIRECTION('',(0.,-1.,0.));
#7797=DIRECTION('',(0.,0.,1.));
#7798=DIRECTION('',(0.,-1.,0.));
#7799=DIRECTION('',(0.,0.,1.));
#7800=DIRECTION('',(0.,-1.,0.));
#7801=DIRECTION('',(-1.,0.,0.));
#7802=DIRECTION('',(0.,-1.,0.));
#7803=DIRECTION('',(1.,0.,0.));
#7804=DIRECTION('',(0.,-1.,0.));
#7805=DIRECTION('',(1.,0.,0.));
#7806=DIRECTION('',(0.,1.,0.));
#7807=DIRECTION('',(1.,0.,0.));
#7808=DIRECTION('',(0.,1.,0.));
#7809=DIRECTION('',(1.,0.,0.));
#7810=DIRECTION('',(0.,1.,0.));
#7811=DIRECTION('',(1.,0.,0.));
#7812=DIRECTION('',(0.,1.,0.));
#7813=DIRECTION('',(1.,0.,0.));
#7814=DIRECTION('',(0.,1.,0.));
#7815=DIRECTION('',(1.,0.,0.));
#7816=DIRECTION('',(0.,1.,0.));
#7817=DIRECTION('',(1.,0.,0.));
#7818=DIRECTION('',(0.,1.,0.));
#7819=DIRECTION('',(1.,0.,0.));
#7820=DIRECTION('',(0.,1.,0.));
#7821=DIRECTION('',(1.,0.,0.));
#7822=DIRECTION('',(0.,1.,0.));
#7823=DIRECTION('',(1.,0.,0.));
#7824=DIRECTION('',(0.,1.,0.));
#7825=DIRECTION('',(1.,0.,0.));
#7826=DIRECTION('',(0.,1.,0.));
#7827=DIRECTION('',(1.,0.,0.));
#7828=DIRECTION('',(0.,1.,0.));
#7829=DIRECTION('',(1.,0.,0.));
#7830=DIRECTION('',(0.,1.,0.));
#7831=DIRECTION('',(1.,0.,0.));
#7832=DIRECTION('',(0.,1.,0.));
#7833=DIRECTION('',(1.,0.,0.));
#7834=DIRECTION('',(0.,1.,0.));
#7835=DIRECTION('',(1.,0.,0.));
#7836=DIRECTION('',(0.,1.,0.));
#7837=DIRECTION('',(1.,0.,0.));
#7838=DIRECTION('',(0.,1.,0.));
#7839=DIRECTION('',(1.,0.,0.));
#7840=CARTESIAN_POINT('',(0.,0.,0.));
#7841=CARTESIAN_POINT('',(0.332372653653213,0.00451,0.0692207625236524));
#7842=CARTESIAN_POINT('',(0.332372653653213,0.00151,0.0692207625236524));
#7843=CARTESIAN_POINT('',(0.334372376472455,0.00151,0.0691875560543253));
#7844=CARTESIAN_POINT('',(0.334372652159063,0.00151,0.0692207625236524));
#7845=CARTESIAN_POINT('',(0.334372376472455,-0.00799,0.0691875560543253));
#7846=CARTESIAN_POINT('',(0.334372376472455,-0.00299,0.0691875560543253));
#7847=CARTESIAN_POINT('',(0.332372653653213,-0.00299,0.0692207625236524));
#7848=CARTESIAN_POINT('',(0.334372652159063,-0.00299,0.0692207625236524));
#7849=CARTESIAN_POINT('',(0.334372652159063,0.00451,0.0692207625236524));
#7850=CARTESIAN_POINT('',(0.332372653653213,0.00451,0.125970765511902));
#7851=CARTESIAN_POINT('',(0.332372653653213,0.00151,0.125970765511902));
#7852=CARTESIAN_POINT('',(0.332405663764197,0.00151,0.127970491582137));
#7853=CARTESIAN_POINT('',(0.332372652159063,0.00151,0.127970764017777));
#7854=CARTESIAN_POINT('',(0.332405663764197,-0.00799,0.127970491582137));
#7855=CARTESIAN_POINT('',(0.332405663764197,-0.00299,0.127970491582137));
#7856=CARTESIAN_POINT('',(0.332372653653213,-0.00299,0.125970765511902));
#7857=CARTESIAN_POINT('',(0.332372652159063,-0.00299,0.127970764017777));
#7858=CARTESIAN_POINT('',(0.332372652159063,0.00451,0.127970764017777));
#7859=CARTESIAN_POINT('',(0.275919716956283,0.00451,0.142373542980602));
#7860=CARTESIAN_POINT('',(0.275919716956283,0.00151,0.142373542980602));
#7861=CARTESIAN_POINT('',(0.275952817443677,0.00151,0.144373271254351));
#7862=CARTESIAN_POINT('',(0.275922660159063,0.00151,0.144373543017784));
#7863=CARTESIAN_POINT('',(0.275952817443677,-0.00799,0.144373271254351));
#7864=CARTESIAN_POINT('',(0.275952817443677,-0.00299,0.144373271254351));
#7865=CARTESIAN_POINT('',(0.275919716956283,-0.00299,0.142373542980602));
#7866=CARTESIAN_POINT('',(0.275922660159063,-0.00299,0.144373543017784));
#7867=CARTESIAN_POINT('',(0.275922660159063,0.00451,0.144373543017784));
#7868=CARTESIAN_POINT('',(0.248932841235037,0.00251,0.0480405469290019));
#7869=CARTESIAN_POINT('',(0.249013878652579,0.00408240746233138,0.0454506237410426));
#7870=CARTESIAN_POINT('',(0.248639968308979,0.00395264202759732,0.045273750509188));
#7871=CARTESIAN_POINT('',(0.247703912750275,0.0037210146044177,0.0452440818634499));
#7872=CARTESIAN_POINT('',(0.247071845451773,0.00393748795628143,0.0459523770515596));
#7873=CARTESIAN_POINT('',(0.24694484581425,0.00406578879689129,0.0463462452173436));
#7874=CARTESIAN_POINT('',(0.249013878652579,0.00408240746233148,0.0454506237410426));
#7875=CARTESIAN_POINT('',(0.246944845814249,0.00406578879689119,0.0463462452173436));
#7876=CARTESIAN_POINT('',(0.249025058200607,0.00251,0.0446865585178024));
#7877=CARTESIAN_POINT('',(0.249025058200607,0.00311906627359289,0.0446865585178024));
#7878=CARTESIAN_POINT('',(0.249021275351658,0.00371069600113137,0.044977717009704));
#7879=CARTESIAN_POINT('',(0.249013878652577,0.00408240746233146,0.0454506237410426));
#7880=CARTESIAN_POINT('',(0.249025058200607,0.00251,0.0446865585178024));
#7881=CARTESIAN_POINT('',(0.248932841235037,0.00251,0.0480405469290019));
#7882=CARTESIAN_POINT('',(0.246399625917383,0.00251,0.0458404191178061));
#7883=CARTESIAN_POINT('',(0.246399625917383,0.00251,0.0458404191178061));
#7884=CARTESIAN_POINT('',(0.246399625917383,0.00311014400568271,0.0458404191178061));
#7885=CARTESIAN_POINT('',(0.246606179668037,0.0036937521751019,0.0460336077534648));
#7886=CARTESIAN_POINT('',(0.246944845814248,0.00406578879689113,0.0463462452173449));
#7887=CARTESIAN_POINT('',(0.275919716956283,0.00251,0.142373542980602));
#7888=CARTESIAN_POINT('',(0.275952817443677,0.00451000000000051,0.144373271254351));
#7889=CARTESIAN_POINT('',(0.276149488090434,0.00451000000000051,0.144837215256498));
#7890=CARTESIAN_POINT('',(0.276798819900318,0.00426808879557432,0.14533036334606));
#7891=CARTESIAN_POINT('',(0.277767400872306,0.00392359605829302,0.145285582761689));
#7892=CARTESIAN_POINT('',(0.278439331532697,0.00378789171213239,0.144897658931124));
#7893=CARTESIAN_POINT('',(0.278831355380324,0.00392209919500606,0.144225743217827));
#7894=CARTESIAN_POINT('',(0.278875483393613,0.00426913684971817,0.143249608006613));
#7895=CARTESIAN_POINT('',(0.27838835032994,0.00450999999999995,0.142605697103498));
#7896=CARTESIAN_POINT('',(0.277919441608576,0.00451,0.142406861535621));
#7897=CARTESIAN_POINT('',(0.275952817443677,0.00451,0.144373271254351));
#7898=CARTESIAN_POINT('',(0.277919441608576,0.00451,0.142406861535621));
#7899=CARTESIAN_POINT('',(0.275919716956283,0.00451,0.142373542980602));
#7900=CARTESIAN_POINT('',(0.275919490963967,0.00451,0.144373542659695));
#7901=CARTESIAN_POINT('',(0.275919490963967,0.00251,0.144373542659695));
#7902=CARTESIAN_POINT('',(0.275919264971616,0.00251,0.146373542646927));
#7903=CARTESIAN_POINT('',(0.275919716956283,0.00251,0.142373542980602));
#7904=CARTESIAN_POINT('',(0.279919719159025,0.00251,0.142373527190798));
#7905=CARTESIAN_POINT('',(0.27791971915904,0.00251,0.142373535085696));
#7906=CARTESIAN_POINT('',(0.27791971915904,0.00451,0.142373535085696));
#7907=CARTESIAN_POINT('',(0.275919716956283,0.00451,0.142373542980602));
#7908=CARTESIAN_POINT('',(0.332372653653213,0.00251,0.125970765511902));
#7909=CARTESIAN_POINT('',(0.332405663764197,0.00451000000000052,0.127970491582137));
#7910=CARTESIAN_POINT('',(0.332602300210952,0.00451000000000056,0.128434412248899));
#7911=CARTESIAN_POINT('',(0.333251625639745,0.00426808977726068,0.128927626601191));
#7912=CARTESIAN_POINT('',(0.334220202627617,0.00392359691466729,0.128882884420723));
#7913=CARTESIAN_POINT('',(0.334892160949842,0.00378789135960792,0.128494985315197));
#7914=CARTESIAN_POINT('',(0.335284205045749,0.0039220997279942,0.127823089951697));
#7915=CARTESIAN_POINT('',(0.335328388410692,0.00426913039260294,0.126846975051616));
#7916=CARTESIAN_POINT('',(0.334841254438938,0.00451000000000001,0.126203015996276));
#7917=CARTESIAN_POINT('',(0.334372373202181,0.00451,0.126004168339252));
#7918=CARTESIAN_POINT('',(0.332405663764197,0.00451,0.127970491582137));
#7919=CARTESIAN_POINT('',(0.334372373202181,0.00451,0.126004168339252));
#7920=CARTESIAN_POINT('',(0.332372653653213,0.00451,0.125970765511902));
#7921=CARTESIAN_POINT('',(0.332372260882716,0.00451,0.127970763940961));
#7922=CARTESIAN_POINT('',(0.332372260882716,0.00251,0.127970763940961));
#7923=CARTESIAN_POINT('',(0.332371868111917,0.00251,0.129970763902394));
#7924=CARTESIAN_POINT('',(0.332372653653213,0.00251,0.125970765511902));
#7925=CARTESIAN_POINT('',(0.336372652159063,0.00251,0.125970765511902));
#7926=CARTESIAN_POINT('',(0.334372652159063,0.00251,0.125970765511902));
#7927=CARTESIAN_POINT('',(0.334372652159063,0.00451,0.125970765511902));
#7928=CARTESIAN_POINT('',(0.332372653653213,0.00451,0.125970765511902));
#7929=CARTESIAN_POINT('',(0.332372653653213,0.00251,0.0692207625236525));
#7930=CARTESIAN_POINT('',(0.334372376472455,0.00451000000000049,0.0691875560543252));
#7931=CARTESIAN_POINT('',(0.334836356075365,0.00451000000000049,0.06899084088037));
#7932=CARTESIAN_POINT('',(0.335329416177436,0.00426808742188385,0.0683415039566735));
#7933=CARTESIAN_POINT('',(0.335284588736011,0.0039235947426558,0.0673729153969193));
#7934=CARTESIAN_POINT('',(0.334896634940389,0.00378789222440644,0.0667010209765642));
#7935=CARTESIAN_POINT('',(0.334224692078079,0.00392209849162341,0.0663090202583531));
#7936=CARTESIAN_POINT('',(0.333248527827116,0.00426914590496245,0.0662649645341488));
#7937=CARTESIAN_POINT('',(0.332604681732552,0.00451000000000003,0.0667520917843877));
#7938=CARTESIAN_POINT('',(0.33240586012254,0.00451,0.0672210397044106));
#7939=CARTESIAN_POINT('',(0.334372376472455,0.00451,0.0691875560543252));
#7940=CARTESIAN_POINT('',(0.33240586012254,0.00451,0.0672210397044105));
#7941=CARTESIAN_POINT('',(0.332372653653213,0.00451,0.0692207625236525));
#7942=CARTESIAN_POINT('',(0.334372652159063,0.00451,0.0692207625236525));
#7943=CARTESIAN_POINT('',(0.334372652159063,0.00251,0.0692207625236525));
#7944=CARTESIAN_POINT('',(0.336372652159063,0.00251,0.0692207625236524));
#7945=CARTESIAN_POINT('',(0.332372653653213,0.00251,0.0692207625236525));
#7946=CARTESIAN_POINT('',(0.332372653653213,0.00251,0.0652207640178024));
#7947=CARTESIAN_POINT('',(0.332372653653213,0.00251,0.0672207640178024));
#7948=CARTESIAN_POINT('',(0.332372653653213,0.00451,0.0672207640178024));
#7949=CARTESIAN_POINT('',(0.332372653653213,0.00451,0.0692207625236525));
#7950=CARTESIAN_POINT('',(0.287412134559787,0.00251,0.0480404512879667));
#7951=CARTESIAN_POINT('',(0.28944033093035,0.00402894031477357,0.0463250613239278));
#7952=CARTESIAN_POINT('',(0.289308415566398,0.00391284425088223,0.0459592095744069));
#7953=CARTESIAN_POINT('',(0.288724588765624,0.00373709817121681,0.0453131572719273));
#7954=CARTESIAN_POINT('',(0.287857307947634,0.00394749943428262,0.0452945589190496));
#7955=CARTESIAN_POINT('',(0.287496480061646,0.00406731389818,0.0454316587518707));
#7956=CARTESIAN_POINT('',(0.28944033093035,0.00402894031477363,0.0463250613239278));
#7957=CARTESIAN_POINT('',(0.287496480061646,0.00406731389817992,0.0454316587518706));
#7958=CARTESIAN_POINT('',(0.289954823553342,0.00251,0.0458512790897938));
#7959=CARTESIAN_POINT('',(0.289954823553342,0.00309066654994362,0.0458512790897938));
#7960=CARTESIAN_POINT('',(0.289760986459998,0.00365665000465701,0.0460311540384763));
#7961=CARTESIAN_POINT('',(0.28944033093035,0.00402894031477358,0.0463250613239279));
#7962=CARTESIAN_POINT('',(0.289954823553342,0.00251,0.0458512790897938));
#7963=CARTESIAN_POINT('',(0.287412134559787,0.00251,0.0480404512879667));
#7964=CARTESIAN_POINT('',(0.287507766758544,0.00251,0.0446865585178024));
#7965=CARTESIAN_POINT('',(0.287507766758544,0.00251,0.0446865585178024));
#7966=CARTESIAN_POINT('',(0.287507766758544,0.00311088360643689,0.0446865585178024));
#7967=CARTESIAN_POINT('',(0.287503942811269,0.00369521977497647,0.0449698949001055));
#7968=CARTESIAN_POINT('',(0.287496480061645,0.00406731389817991,0.0454316587518706));
#7969=CARTESIAN_POINT('',(0.268171756775912,0.00451,0.0486865585178024));
#7970=CARTESIAN_POINT('',(0.268171756775912,0.00251,0.0486865585178024));
#7971=CARTESIAN_POINT('',(0.269874777223982,0.00251,0.0486865585178024));
#7972=CARTESIAN_POINT('',(0.286300480291828,0.00251,0.0486865585178024));
#7973=CARTESIAN_POINT('',(0.269874777223982,-0.02049,0.0486865585178024));
#7974=CARTESIAN_POINT('',(0.269874777223982,0.00151,0.0486865585178024));
#7975=CARTESIAN_POINT('',(0.268171756775912,0.00151,0.0486865585178024));
#7976=CARTESIAN_POINT('',(0.286300480291828,0.00151,0.0486865585178024));
#7977=CARTESIAN_POINT('',(0.286300480291828,0.00451,0.0486865585178024));
#7978=CARTESIAN_POINT('',(0.287751440613559,0.00451,0.0493093406924666));
#7979=CARTESIAN_POINT('',(0.287751440613559,0.00251,0.0493093406924666));
#7980=CARTESIAN_POINT('',(0.287719816484589,0.00251,0.0492774862088287));
#7981=CARTESIAN_POINT('',(0.287789055351825,0.00251,0.0493472294218537));
#7982=CARTESIAN_POINT('',(0.287719816484589,0.00151,0.0492774862088287));
#7983=CARTESIAN_POINT('',(0.287719816484589,0.00151,0.0492774862088287));
#7984=CARTESIAN_POINT('',(0.287751440613559,0.00151,0.0493093406924666));
#7985=CARTESIAN_POINT('',(0.287789055351825,0.00151,0.0493472294218537));
#7986=CARTESIAN_POINT('',(0.287789055351825,0.00451,0.0493472294218537));
#7987=CARTESIAN_POINT('',(0.332372652159063,0.00451,0.0975957639985188));
#7988=CARTESIAN_POINT('',(0.332372652159063,0.00251,0.0975957639985188));
#7989=CARTESIAN_POINT('',(0.332372652159063,0.00251,0.0712207640178024));
#7990=CARTESIAN_POINT('',(0.332372652159063,0.00251,0.123970371169862));
#7991=CARTESIAN_POINT('',(0.332372652159063,0.00151,0.0712207640178024));
#7992=CARTESIAN_POINT('',(0.332372652159063,0.00151,0.0712207640178024));
#7993=CARTESIAN_POINT('',(0.332372652159063,0.00151,0.0975957639985188));
#7994=CARTESIAN_POINT('',(0.332372652159063,0.00151,0.123970371169862));
#7995=CARTESIAN_POINT('',(0.332372652159063,0.00451,0.123970371169862));
#7996=CARTESIAN_POINT('',(0.323871079097474,0.00451,0.125969094394385));
#7997=CARTESIAN_POINT('',(0.323871079097474,0.00251,0.125969094394385));
#7998=CARTESIAN_POINT('',(0.330372259388265,0.00251,0.125970371131295));
#7999=CARTESIAN_POINT('',(0.31736950599732,0.00251,0.125967817580332));
#8000=CARTESIAN_POINT('',(0.330372259388265,0.00151,0.125970371131295));
#8001=CARTESIAN_POINT('',(0.330372259388265,0.00151,0.125970371131295));
#8002=CARTESIAN_POINT('',(0.323871079097474,0.00151,0.125969094394385));
#8003=CARTESIAN_POINT('',(0.31736950599732,0.00151,0.125967817580332));
#8004=CARTESIAN_POINT('',(0.31736950599732,0.00451,0.125967817580332));
#8005=CARTESIAN_POINT('',(0.258144719159055,0.00451,0.142371534165678));
#8006=CARTESIAN_POINT('',(0.258144719159055,0.00251,0.142371534165678));
#8007=CARTESIAN_POINT('',(0.275919719159046,0.00251,0.142373542672713));
#8008=CARTESIAN_POINT('',(0.242296211351289,0.00251,0.142369743344895));
#8009=CARTESIAN_POINT('',(0.275919719159046,0.00451,0.142373542672713));
#8010=CARTESIAN_POINT('',(0.275919719159046,0.00151,0.142373542672713));
#8011=CARTESIAN_POINT('',(0.258144719159055,0.00151,0.142371534165678));
#8012=CARTESIAN_POINT('',(0.242296211351289,0.00151,0.142369743344895));
#8013=CARTESIAN_POINT('',(0.242296211351289,0.00451,0.142369743344895));
#8014=CARTESIAN_POINT('',(0.237124887159063,0.00451,0.101131901017802));
#8015=CARTESIAN_POINT('',(0.237124887159063,0.00251,0.101131901017802));
#8016=CARTESIAN_POINT('',(0.237124887159063,0.00251,0.13720383262586));
#8017=CARTESIAN_POINT('',(0.237124887159063,0.00251,0.0650599694097447));
#8018=CARTESIAN_POINT('',(0.237124887159063,0.00451,0.13720383262586));
#8019=CARTESIAN_POINT('',(0.237124887159063,0.00151,0.13720383262586));
#8020=CARTESIAN_POINT('',(0.237124887159063,0.00151,0.101131901017802));
#8021=CARTESIAN_POINT('',(0.237124887159063,0.00151,0.0650599694097447));
#8022=CARTESIAN_POINT('',(0.237124887159063,0.00451,0.0650599694097447));
#8023=CARTESIAN_POINT('',(0.244790035321416,0.00451,0.0531094890813074));
#8024=CARTESIAN_POINT('',(0.244790035321416,0.00251,0.0531094890813074));
#8025=CARTESIAN_POINT('',(0.240955087563022,0.00251,0.0569467050240284));
#8026=CARTESIAN_POINT('',(0.249210351483769,0.00251,0.0486865585178024));
#8027=CARTESIAN_POINT('',(0.240955087563022,0.00151,0.0569467050240284));
#8028=CARTESIAN_POINT('',(0.240955087563022,0.00151,0.0569467050240284));
#8029=CARTESIAN_POINT('',(0.244790035321416,0.00151,0.0531094890813074));
#8030=CARTESIAN_POINT('',(0.249210351483769,0.00151,0.0486865585178024));
#8031=CARTESIAN_POINT('',(0.249210351483769,0.00451,0.0486865585178024));
#8032=CARTESIAN_POINT('',(0.268171756775912,0.00451,0.0486865585178024));
#8033=CARTESIAN_POINT('',(0.268171756775912,0.00251,0.0486865585178024));
#8034=CARTESIAN_POINT('',(0.255874777223981,0.00251,0.0486865585178024));
#8035=CARTESIAN_POINT('',(0.268171756775912,0.00151,0.0486865585178024));
#8036=CARTESIAN_POINT('',(0.255874777223981,0.00151,0.0486865585178024));
#8037=CARTESIAN_POINT('',(0.255874777223981,-0.02049,0.0486865585178024));
#8038=CARTESIAN_POINT('',(0.288369719159063,0.00451,0.0527820119424666));
#8039=CARTESIAN_POINT('',(0.288369719159063,0.00451,0.0536319010178024));
#8040=CARTESIAN_POINT('',(0.288369719159063,0.00151,0.0536319010178024));
#8041=CARTESIAN_POINT('',(0.288369719159063,0.00251,0.0536319010178024));
#8042=CARTESIAN_POINT('',(0.288369719159063,0.00251,0.0527820119424666));
#8043=CARTESIAN_POINT('',(0.288369719159063,0.00251,0.0507563017308274));
#8044=CARTESIAN_POINT('',(0.288369719159063,0.00451,0.0507563017308274));
#8045=CARTESIAN_POINT('',(0.288369719159063,0.00151,0.0507563017308274));
#8046=CARTESIAN_POINT('',(0.288369719159063,0.00151,0.0527820119424666));
#8047=CARTESIAN_POINT('',(0.291198999353693,0.00451,0.0556319010178024));
#8048=CARTESIAN_POINT('',(0.293195597772096,0.00451,0.0556319010178024));
#8049=CARTESIAN_POINT('',(0.293195597772096,0.00151,0.0556319010178024));
#8050=CARTESIAN_POINT('',(0.293195597772096,0.00251,0.0556319010178024));
#8051=CARTESIAN_POINT('',(0.291198999353693,0.00251,0.0556319010178024));
#8052=CARTESIAN_POINT('',(0.290369719159063,0.00251,0.0556319010178024));
#8053=CARTESIAN_POINT('',(0.290369719159063,0.00451,0.0556319010178024));
#8054=CARTESIAN_POINT('',(0.290369719159063,0.00151,0.0556319010178024));
#8055=CARTESIAN_POINT('',(0.291198999353693,0.00151,0.0556319010178024));
#8056=CARTESIAN_POINT('',(0.294339771561245,0.00451,0.0559456619830001));
#8057=CARTESIAN_POINT('',(0.294339771561245,0.00251,0.0559456619830001));
#8058=CARTESIAN_POINT('',(0.294614933964858,0.00251,0.0562228287088287));
#8059=CARTESIAN_POINT('',(0.294651263574167,0.00251,0.0562594229481978));
#8060=CARTESIAN_POINT('',(0.294614933964858,0.00451,0.0562228287088287));
#8061=CARTESIAN_POINT('',(0.294614933964858,0.00151,0.0562228287088287));
#8062=CARTESIAN_POINT('',(0.294339771561245,0.00151,0.0559456619830001));
#8063=CARTESIAN_POINT('',(0.294651263574167,0.00151,0.0562594229481978));
#8064=CARTESIAN_POINT('',(0.294651263574167,0.00451,0.0562594229481978));
#8065=CARTESIAN_POINT('',(0.296890305965443,0.00451,0.0540365721195824));
#8066=CARTESIAN_POINT('',(0.296890305965443,0.00251,0.0540365721195824));
#8067=CARTESIAN_POINT('',(0.296890004953182,0.00251,0.0571916278315462));
#8068=CARTESIAN_POINT('',(0.296890305965443,0.00151,0.0540365721195824));
#8069=CARTESIAN_POINT('',(0.296890004953182,0.00151,0.0571916278315462));
#8070=CARTESIAN_POINT('',(0.296890004953182,0.00451,0.0571916278315462));
#8071=CARTESIAN_POINT('',(0.305004410402643,0.00451,0.0571924019971245));
#8072=CARTESIAN_POINT('',(0.305004410402643,0.00251,0.0571924019971245));
#8073=CARTESIAN_POINT('',(0.311120524764453,0.00251,0.0571929855131));
#8074=CARTESIAN_POINT('',(0.305004410402643,0.00151,0.0571924019971245));
#8075=CARTESIAN_POINT('',(0.311120524764453,0.00151,0.0571929855131));
#8076=CARTESIAN_POINT('',(0.311120524764453,0.00451,0.0571929855131));
#8077=CARTESIAN_POINT('',(0.316370815439667,0.00451,0.0628029116829506));
#8078=CARTESIAN_POINT('',(0.316370815439667,0.00251,0.0628029116829506));
#8079=CARTESIAN_POINT('',(0.316370494512027,0.00251,0.0623803107345329));
#8080=CARTESIAN_POINT('',(0.316372653312471,0.00251,0.0652238031523407));
#8081=CARTESIAN_POINT('',(0.316370494512027,0.00451,0.0623803107345329));
#8082=CARTESIAN_POINT('',(0.316370494512027,0.00151,0.0623803107345329));
#8083=CARTESIAN_POINT('',(0.316370815439667,0.00151,0.0628029116829506));
#8084=CARTESIAN_POINT('',(0.316372653312471,0.00151,0.0652238031523407));
#8085=CARTESIAN_POINT('',(0.316372653312471,0.00451,0.0652238031523407));
#8086=CARTESIAN_POINT('',(0.320372650664913,0.00451,0.0652207655119524));
#8087=CARTESIAN_POINT('',(0.320372650664913,0.00251,0.0652207655119524));
#8088=CARTESIAN_POINT('',(0.320372650664913,0.00251,0.0692207640178024));
#8089=CARTESIAN_POINT('',(0.320372650664913,0.00151,0.0652207655119524));
#8090=CARTESIAN_POINT('',(0.320372650664913,0.00151,0.0692207640178024));
#8091=CARTESIAN_POINT('',(0.320372650664913,0.00451,0.0692207640178024));
#8092=CARTESIAN_POINT('',(0.326372651411988,0.00451,0.0692207640178024));
#8093=CARTESIAN_POINT('',(0.326372651411988,0.00251,0.0692207640178024));
#8094=CARTESIAN_POINT('',(0.330372652159063,0.00251,0.0692207640178024));
#8095=CARTESIAN_POINT('',(0.326372651411988,0.00151,0.0692207640178024));
#8096=CARTESIAN_POINT('',(0.330372652159063,0.00151,0.0692207640178024));
#8097=CARTESIAN_POINT('',(0.330372652159063,0.00451,0.0692207640178024));
#8098=CARTESIAN_POINT('',(0.315369907218265,0.00451,0.123924592845274));
#8099=CARTESIAN_POINT('',(0.315369907218265,0.00251,0.123924592845274));
#8100=CARTESIAN_POINT('',(0.315369898806684,0.00251,0.123967424848101));
#8101=CARTESIAN_POINT('',(0.315369915551153,0.00251,0.123882161548276));
#8102=CARTESIAN_POINT('',(0.315369898806684,0.00151,0.123967424848101));
#8103=CARTESIAN_POINT('',(0.315369898806684,0.00151,0.123967424848101));
#8104=CARTESIAN_POINT('',(0.315369907218265,0.00151,0.123924592845274));
#8105=CARTESIAN_POINT('',(0.315369915551153,0.00151,0.123882161548276));
#8106=CARTESIAN_POINT('',(0.315369915551153,0.00451,0.123882161548276));
#8107=CARTESIAN_POINT('',(0.296120013779853,0.00451,0.12188183687057));
#8108=CARTESIAN_POINT('',(0.296120013779853,0.00251,0.12188183687057));
#8109=CARTESIAN_POINT('',(0.313369907694821,0.00251,0.121881768777494));
#8110=CARTESIAN_POINT('',(0.278869711264165,0.00251,0.121881904965259));
#8111=CARTESIAN_POINT('',(0.313369907694821,0.00451,0.121881768777494));
#8112=CARTESIAN_POINT('',(0.313369907694821,0.00151,0.121881768777494));
#8113=CARTESIAN_POINT('',(0.296120013779853,0.00151,0.12188183687057));
#8114=CARTESIAN_POINT('',(0.278869711264165,0.00151,0.121881904965259));
#8115=CARTESIAN_POINT('',(0.278869711264165,0.00451,0.121881904965259));
#8116=CARTESIAN_POINT('',(0.276869719159063,0.00451,0.124627182163032));
#8117=CARTESIAN_POINT('',(0.276869719159063,0.00251,0.124627182163032));
#8118=CARTESIAN_POINT('',(0.276869719159063,0.00251,0.123881904965244));
#8119=CARTESIAN_POINT('',(0.276869719159063,0.00251,0.126720401021302));
#8120=CARTESIAN_POINT('',(0.276869719159063,0.00451,0.123881904965244));
#8121=CARTESIAN_POINT('',(0.276869719159063,0.00151,0.123881904965244));
#8122=CARTESIAN_POINT('',(0.276869719159063,0.00151,0.124627182163032));
#8123=CARTESIAN_POINT('',(0.276869719159063,0.00151,0.126720401021302));
#8124=CARTESIAN_POINT('',(0.276869719159063,0.00451,0.126720401021302));
#8125=CARTESIAN_POINT('',(0.279919668664913,0.00451,0.129960461523602));
#8126=CARTESIAN_POINT('',(0.279919668664913,0.00251,0.129960461523602));
#8127=CARTESIAN_POINT('',(0.276553036080201,0.00251,0.127800421457687));
#8128=CARTESIAN_POINT('',(0.275919670159104,0.00251,0.129960477313392));
#8129=CARTESIAN_POINT('',(0.276553036080201,0.00451,0.127800421457687));
#8130=CARTESIAN_POINT('',(0.276553036080201,0.00151,0.127800421457687));
#8131=CARTESIAN_POINT('',(0.279919668664913,0.00151,0.129960461523602));
#8132=CARTESIAN_POINT('',(0.275919670159104,0.00151,0.129960477313392));
#8133=CARTESIAN_POINT('',(0.275919670159104,0.00451,0.129960477313392));
#8134=CARTESIAN_POINT('',(0.275919694659075,0.00451,0.136167009993052));
#8135=CARTESIAN_POINT('',(0.275919694659075,0.00251,0.136167009993052));
#8136=CARTESIAN_POINT('',(0.275919694659075,0.00151,0.136167009993052));
#8137=CARTESIAN_POINT('',(0.240369719159063,0.00451,0.0603321603313074));
#8138=CARTESIAN_POINT('',(0.240369719159063,0.00251,0.0603321603313074));
#8139=CARTESIAN_POINT('',(0.240369719159063,0.00251,0.0611319010178024));
#8140=CARTESIAN_POINT('',(0.240369719159063,0.00251,0.058360500429128));
#8141=CARTESIAN_POINT('',(0.240369719159063,0.00451,0.0611319010178024));
#8142=CARTESIAN_POINT('',(0.240369719159063,0.00151,0.0611319010178024));
#8143=CARTESIAN_POINT('',(0.240369719159063,0.00151,0.0603321603313074));
#8144=CARTESIAN_POINT('',(0.240369719159063,0.00151,0.058360500429128));
#8145=CARTESIAN_POINT('',(0.240369719159063,0.00451,0.058360500429128));
#8146=CARTESIAN_POINT('',(0.330372652159063,0.00451,0.123970371169862));
#8147=CARTESIAN_POINT('',(0.330372652159063,0.00251,0.123970371169862));
#8148=CARTESIAN_POINT('',(0.330372652159063,0.00151,0.123970371169862));
#8149=CARTESIAN_POINT('',(0.330372652159063,0.00451,0.0712207640178024));
#8150=CARTESIAN_POINT('',(0.330372652159063,0.00251,0.0712207640178024));
#8151=CARTESIAN_POINT('',(0.330372652159063,0.00151,0.0712207640178024));
#8152=CARTESIAN_POINT('',(0.314370495088732,0.00451,0.0623818295552943));
#8153=CARTESIAN_POINT('',(0.314370495088732,0.00251,0.0623818295552943));
#8154=CARTESIAN_POINT('',(0.314709634892245,0.00251,0.0604107932304963));
#8155=CARTESIAN_POINT('',(0.314709634892245,0.00451,0.0604107932304963));
#8156=CARTESIAN_POINT('',(0.314709634892245,0.00151,0.0604107932304963));
#8157=CARTESIAN_POINT('',(0.314370495088732,0.00151,0.0623818295552943));
#8158=CARTESIAN_POINT('',(0.31112033395181,0.00451,0.0591929855039977));
#8159=CARTESIAN_POINT('',(0.31112033395181,0.00251,0.0591929855039977));
#8160=CARTESIAN_POINT('',(0.313084554323784,0.00251,0.058816371204848));
#8161=CARTESIAN_POINT('',(0.31112033395181,0.00151,0.0591929855039977));
#8162=CARTESIAN_POINT('',(0.313084554323784,0.00151,0.058816371204848));
#8163=CARTESIAN_POINT('',(0.313084554323784,0.00451,0.058816371204848));
#8164=CARTESIAN_POINT('',(0.286300480291828,0.00451,0.0506865585178024));
#8165=CARTESIAN_POINT('',(0.286300480291828,0.00251,0.0506865585178024));
#8166=CARTESIAN_POINT('',(0.286300480291828,0.00151,0.0506865585178024));
#8167=CARTESIAN_POINT('',(0.286369719159063,0.00451,0.0507563017308274));
#8168=CARTESIAN_POINT('',(0.286369719159063,0.00251,0.0507563017308274));
#8169=CARTESIAN_POINT('',(0.286369719159063,0.00151,0.0507563017308274));
#8170=CARTESIAN_POINT('',(0.293195597772096,0.00451,0.0576319010178024));
#8171=CARTESIAN_POINT('',(0.293195597772096,0.00251,0.0576319010178024));
#8172=CARTESIAN_POINT('',(0.293195597772096,0.00151,0.0576319010178024));
#8173=CARTESIAN_POINT('',(0.290369719159063,0.00451,0.0536319010178024));
#8174=CARTESIAN_POINT('',(0.290369719159063,0.00251,0.0536319010178024));
#8175=CARTESIAN_POINT('',(0.290369719159063,0.00151,0.0536319010178024));
#8176=CARTESIAN_POINT('',(0.238369719159063,0.00451,0.0611319010178024));
#8177=CARTESIAN_POINT('',(0.238369719159063,0.00251,0.0611319010178024));
#8178=CARTESIAN_POINT('',(0.238747303159063,0.00251,0.0630959352137736));
#8179=CARTESIAN_POINT('',(0.238747303159063,0.00451,0.0630959352137736));
#8180=CARTESIAN_POINT('',(0.238747303159063,0.00151,0.0630959352137736));
#8181=CARTESIAN_POINT('',(0.238369719159063,0.00151,0.0611319010178024));
#8182=CARTESIAN_POINT('',(0.313369915589719,0.00451,0.123881768777478));
#8183=CARTESIAN_POINT('',(0.313369915589719,0.00251,0.123881768777478));
#8184=CARTESIAN_POINT('',(0.313369915589719,0.00151,0.123881768777478));
#8185=CARTESIAN_POINT('',(0.278869719159063,0.00451,0.123881904965244));
#8186=CARTESIAN_POINT('',(0.278869719159063,0.00251,0.123881904965244));
#8187=CARTESIAN_POINT('',(0.278869719159063,0.00151,0.123881904965244));
#8188=CARTESIAN_POINT('',(0.274869719159063,0.00451,0.126720401021302));
#8189=CARTESIAN_POINT('',(0.274869719159063,0.00251,0.126720401021302));
#8190=CARTESIAN_POINT('',(0.274869719159063,0.00151,0.126720401021302));
#8191=CARTESIAN_POINT('',(0.242369719159063,0.00451,0.058360500429128));
#8192=CARTESIAN_POINT('',(0.242369719159063,0.00251,0.058360500429128));
#8193=CARTESIAN_POINT('',(0.242369719159063,0.00151,0.058360500429128));
#8194=CARTESIAN_POINT('',(0.239124887159063,0.00451,0.0650599694097447));
#8195=CARTESIAN_POINT('',(0.239124887159063,0.00251,0.0650599694097447));
#8196=CARTESIAN_POINT('',(0.239124887159063,0.00151,0.0650599694097447));
#8197=CARTESIAN_POINT('',(0.317369898768117,0.00451,0.1239678176189));
#8198=CARTESIAN_POINT('',(0.317369898768117,0.00251,0.1239678176189));
#8199=CARTESIAN_POINT('',(0.317369898768117,0.00151,0.1239678176189));
#8200=CARTESIAN_POINT('',(0.239124887159063,0.00451,0.13720383262586));
#8201=CARTESIAN_POINT('',(0.239124887159063,0.00251,0.13720383262586));
#8202=CARTESIAN_POINT('',(0.238747303159063,0.00251,0.139167866821831));
#8203=CARTESIAN_POINT('',(0.238747303159063,0.00451,0.139167866821831));
#8204=CARTESIAN_POINT('',(0.238747303159063,0.00151,0.139167866821831));
#8205=CARTESIAN_POINT('',(0.239124887159063,0.00151,0.13720383262586));
#8206=CARTESIAN_POINT('',(0.242296437343641,0.00451,0.140369743357663));
#8207=CARTESIAN_POINT('',(0.242296437343641,0.00251,0.140369743357663));
#8208=CARTESIAN_POINT('',(0.240333078251352,0.00251,0.140750822187733));
#8209=CARTESIAN_POINT('',(0.242296437343641,0.00151,0.140369743357663));
#8210=CARTESIAN_POINT('',(0.240333078251352,0.00151,0.140750822187733));
#8211=CARTESIAN_POINT('',(0.240333078251352,0.00451,0.140750822187733));
#8212=CARTESIAN_POINT('',(0.284750007159063,0.00451,0.0955300540178024));
#8213=CARTESIAN_POINT('',(0.248372466562737,0.00451,0.0468065701009717));
#8214=CARTESIAN_POINT('',(0.247258121625295,0.00451,0.0478106793382546));
#8215=CARTESIAN_POINT('',(0.249867657928385,0.00451,0.0466865585178024));
#8216=CARTESIAN_POINT('',(0.242133297192247,0.00451,0.0529385348546932));
#8217=CARTESIAN_POINT('',(0.235420240521073,0.00451,0.0596555619710699));
#8218=CARTESIAN_POINT('',(0.236478894399143,0.00451,0.0605017124020926));
#8219=CARTESIAN_POINT('',(0.235124887159063,0.00451,0.0605598757864762));
#8220=CARTESIAN_POINT('',(0.235124887159063,0.00451,0.0955300540178024));
#8221=CARTESIAN_POINT('',(0.235124887159063,0.00451,0.142369160511902));
#8222=CARTESIAN_POINT('',(0.237124885664913,0.00451,0.142369160511902));
#8223=CARTESIAN_POINT('',(0.237124659672732,0.00451,0.144369158992097));
#8224=CARTESIAN_POINT('',(0.284744487918927,0.00451,0.144374539850608));
#8225=CARTESIAN_POINT('',(0.27733385496497,0.00451,0.143787835207648));
#8226=CARTESIAN_POINT('',(0.277919534246887,0.00451,0.0955300809807458));
#8227=CARTESIAN_POINT('',(0.277919662262614,0.00451,0.127960070245446));
#8228=CARTESIAN_POINT('',(0.28474363811408,0.00451,0.127961410374692));
#8229=CARTESIAN_POINT('',(0.333786727286901,0.00451,0.127385116876278));
#8230=CARTESIAN_POINT('',(0.334372652159063,0.00451,0.0955300540178024));
#8231=CARTESIAN_POINT('',(0.333786866159063,0.00451,0.0678065500178029));
#8232=CARTESIAN_POINT('',(0.284750007159063,0.00451,0.0672207640178024));
#8233=CARTESIAN_POINT('',(0.318374170980262,0.00451,0.0672207640178024));
#8234=CARTESIAN_POINT('',(0.318395649951566,0.00451,0.0955045031600317));
#8235=CARTESIAN_POINT('',(0.318366555004521,0.00451,0.0571919657044644));
#8236=CARTESIAN_POINT('',(0.316366557653213,0.00451,0.0571934845236524));
#8237=CARTESIAN_POINT('',(0.316366748465713,0.00451,0.0551934860269049));
#8238=CARTESIAN_POINT('',(0.284753855810404,0.00451,0.0551904699570922));
#8239=CARTESIAN_POINT('',(0.296409363490607,0.00451,0.0551915819662098));
#8240=CARTESIAN_POINT('',(0.310790699711053,0.00451,0.0696776738920538));
#8241=CARTESIAN_POINT('',(0.289126958199434,0.00451,0.0478561305956201));
#8242=CARTESIAN_POINT('',(0.288029256568508,0.00451,0.0468338531726755));
#8243=CARTESIAN_POINT('',(0.286536505991672,0.00451,0.0466865585178024));
#8244=CARTESIAN_POINT('',(0.284750007159063,0.00451,0.0466865585178024));
#8245=CARTESIAN_POINT('',(0.269874777223982,0.00451,0.0466865585178024));
#8246=CARTESIAN_POINT('',(0.269874777223982,0.00451,0.0466865585178024));
#8247=CARTESIAN_POINT('',(0.269874777223982,0.00451,0.0486865585178024));
#8248=CARTESIAN_POINT('',(0.268171756775912,0.00451,0.0486865585178024));
#8249=CARTESIAN_POINT('',(0.255874777223981,0.00451,0.0486865585178024));
#8250=CARTESIAN_POINT('',(0.255874777223981,0.00451,0.0466865585178024));
#8251=CARTESIAN_POINT('',(0.255874777223981,0.00451,0.0466865585178024));
#8252=CARTESIAN_POINT('',(0.284750007159063,0.00451,0.0466865585178024));
#8253=CARTESIAN_POINT('',(0.312369719159063,0.00451,0.124881901017802));
#8254=CARTESIAN_POINT('',(0.312369719159063,0.00451,0.125981901017802));
#8255=CARTESIAN_POINT('',(0.279869719159063,0.00451,0.124881901017802));
#8256=CARTESIAN_POINT('',(0.279869719159063,0.00451,0.125981901017802));
#8257=CARTESIAN_POINT('',(0.238369719159063,0.00451,0.0611319010178024));
#8258=CARTESIAN_POINT('',(0.238369719159063,0.00451,0.0622319010178024));
#8259=CARTESIAN_POINT('',(0.238369719159063,0.00451,0.141131901017802));
#8260=CARTESIAN_POINT('',(0.238369719159063,0.00451,0.142231901017802));
#8261=CARTESIAN_POINT('',(0.315119719159063,0.00451,0.0583819010178024));
#8262=CARTESIAN_POINT('',(0.315119719159063,0.00451,0.0594819010178024));
#8263=CARTESIAN_POINT('',(0.290369719159063,0.00451,0.0536319010178024));
#8264=CARTESIAN_POINT('',(0.290369719159063,0.00451,0.0547319010178024));
#8265=CARTESIAN_POINT('',(0.279774887159063,0.00451,0.0611693313497394));
#8266=CARTESIAN_POINT('',(0.279774887159063,0.00451,0.0606693313497394));
#8267=CARTESIAN_POINT('',(0.279274887159063,0.00451,0.0611693313497394));
#8268=CARTESIAN_POINT('',(0.286274887159063,0.00451,0.0606693313497394));
#8269=CARTESIAN_POINT('',(0.292774887159063,0.00451,0.0606693313497394));
#8270=CARTESIAN_POINT('',(0.292774887159063,0.00451,0.0611693313497394));
#8271=CARTESIAN_POINT('',(0.293274887159063,0.00451,0.0611693313497394));
#8272=CARTESIAN_POINT('',(0.293274887159063,0.00451,0.0676693313497394));
#8273=CARTESIAN_POINT('',(0.293274887159063,0.00451,0.0741693313497394));
#8274=CARTESIAN_POINT('',(0.292774887159063,0.00451,0.0741693313497394));
#8275=CARTESIAN_POINT('',(0.292774887159063,0.00451,0.0746693313497394));
#8276=CARTESIAN_POINT('',(0.286274887159063,0.00451,0.0746693313497394));
#8277=CARTESIAN_POINT('',(0.279774887159063,0.00451,0.0746693313497394));
#8278=CARTESIAN_POINT('',(0.279774887159063,0.00451,0.0741693313497394));
#8279=CARTESIAN_POINT('',(0.279274887159063,0.00451,0.0741693313497394));
#8280=CARTESIAN_POINT('',(0.279274887159063,0.00451,0.0676693313497394));
#8281=CARTESIAN_POINT('',(0.298824887159063,0.00451,0.0611693313497394));
#8282=CARTESIAN_POINT('',(0.298824887159063,0.00451,0.0606693313497394));
#8283=CARTESIAN_POINT('',(0.298324887159063,0.00451,0.0611693313497394));
#8284=CARTESIAN_POINT('',(0.305324887159063,0.00451,0.0606693313497394));
#8285=CARTESIAN_POINT('',(0.311824887159063,0.00451,0.0606693313497394));
#8286=CARTESIAN_POINT('',(0.311824887159063,0.00451,0.0611693313497394));
#8287=CARTESIAN_POINT('',(0.312324887159063,0.00451,0.0611693313497394));
#8288=CARTESIAN_POINT('',(0.312324887159063,0.00451,0.0676693313497394));
#8289=CARTESIAN_POINT('',(0.312324887159063,0.00451,0.0741693313497394));
#8290=CARTESIAN_POINT('',(0.311824887159063,0.00451,0.0741693313497394));
#8291=CARTESIAN_POINT('',(0.311824887159063,0.00451,0.0746693313497394));
#8292=CARTESIAN_POINT('',(0.305324887159063,0.00451,0.0746693313497394));
#8293=CARTESIAN_POINT('',(0.298824887159063,0.00451,0.0746693313497394));
#8294=CARTESIAN_POINT('',(0.298824887159063,0.00451,0.0741693313497394));
#8295=CARTESIAN_POINT('',(0.298324887159063,0.00451,0.0741693313497394));
#8296=CARTESIAN_POINT('',(0.298324887159063,0.00451,0.0676693313497394));
#8297=CARTESIAN_POINT('',(0.241674887159063,0.00451,0.0706943313497394));
#8298=CARTESIAN_POINT('',(0.241674887159063,0.00451,0.0701943313497394));
#8299=CARTESIAN_POINT('',(0.241174887159063,0.00451,0.0706943313497394));
#8300=CARTESIAN_POINT('',(0.248174887159063,0.00451,0.0701943313497394));
#8301=CARTESIAN_POINT('',(0.254674887159063,0.00451,0.0701943313497394));
#8302=CARTESIAN_POINT('',(0.254674887159063,0.00451,0.0706943313497394));
#8303=CARTESIAN_POINT('',(0.255174887159063,0.00451,0.0706943313497394));
#8304=CARTESIAN_POINT('',(0.255174887159063,0.00451,0.0771943313497394));
#8305=CARTESIAN_POINT('',(0.255174887159063,0.00451,0.0836943313497394));
#8306=CARTESIAN_POINT('',(0.254674887159063,0.00451,0.0836943313497394));
#8307=CARTESIAN_POINT('',(0.254674887159063,0.00451,0.0841943313497394));
#8308=CARTESIAN_POINT('',(0.248174887159063,0.00451,0.0841943313497394));
#8309=CARTESIAN_POINT('',(0.241674887159063,0.00451,0.0841943313497394));
#8310=CARTESIAN_POINT('',(0.241674887159063,0.00451,0.0836943313497394));
#8311=CARTESIAN_POINT('',(0.241174887159063,0.00451,0.0836943313497394));
#8312=CARTESIAN_POINT('',(0.241174887159063,0.00451,0.0771943313497394));
#8313=CARTESIAN_POINT('',(0.260724887159063,0.00451,0.0706943313497394));
#8314=CARTESIAN_POINT('',(0.260724887159063,0.00451,0.0701943313497394));
#8315=CARTESIAN_POINT('',(0.260224887159063,0.00451,0.0706943313497394));
#8316=CARTESIAN_POINT('',(0.267224887159063,0.00451,0.0701943313497394));
#8317=CARTESIAN_POINT('',(0.273724887159063,0.00451,0.0701943313497394));
#8318=CARTESIAN_POINT('',(0.273724887159063,0.00451,0.0706943313497394));
#8319=CARTESIAN_POINT('',(0.274224887159063,0.00451,0.0706943313497394));
#8320=CARTESIAN_POINT('',(0.274224887159063,0.00451,0.0771943313497394));
#8321=CARTESIAN_POINT('',(0.274224887159063,0.00451,0.0836943313497394));
#8322=CARTESIAN_POINT('',(0.273724887159063,0.00451,0.0836943313497394));
#8323=CARTESIAN_POINT('',(0.273724887159063,0.00451,0.0841943313497394));
#8324=CARTESIAN_POINT('',(0.267224887159063,0.00451,0.0841943313497394));
#8325=CARTESIAN_POINT('',(0.260724887159063,0.00451,0.0841943313497394));
#8326=CARTESIAN_POINT('',(0.260724887159063,0.00451,0.0836943313497394));
#8327=CARTESIAN_POINT('',(0.260224887159063,0.00451,0.0836943313497394));
#8328=CARTESIAN_POINT('',(0.260224887159063,0.00451,0.0771943313497394));
#8329=CARTESIAN_POINT('',(0.317874887159063,0.00451,0.0706943313497394));
#8330=CARTESIAN_POINT('',(0.317874887159063,0.00451,0.0701943313497394));
#8331=CARTESIAN_POINT('',(0.317374887159063,0.00451,0.0706943313497394));
#8332=CARTESIAN_POINT('',(0.324374887159063,0.00451,0.0701943313497394));
#8333=CARTESIAN_POINT('',(0.330874887159063,0.00451,0.0701943313497394));
#8334=CARTESIAN_POINT('',(0.330874887159063,0.00451,0.0706943313497394));
#8335=CARTESIAN_POINT('',(0.331374887159063,0.00451,0.0706943313497394));
#8336=CARTESIAN_POINT('',(0.331374887159063,0.00451,0.0771943313497394));
#8337=CARTESIAN_POINT('',(0.331374887159063,0.00451,0.0836943313497394));
#8338=CARTESIAN_POINT('',(0.330874887159063,0.00451,0.0836943313497394));
#8339=CARTESIAN_POINT('',(0.330874887159063,0.00451,0.0841943313497394));
#8340=CARTESIAN_POINT('',(0.324374887159063,0.00451,0.0841943313497394));
#8341=CARTESIAN_POINT('',(0.317874887159063,0.00451,0.0841943313497394));
#8342=CARTESIAN_POINT('',(0.317874887159063,0.00451,0.0836943313497394));
#8343=CARTESIAN_POINT('',(0.317374887159063,0.00451,0.0836943313497394));
#8344=CARTESIAN_POINT('',(0.317374887159063,0.00451,0.0771943313497394));
#8345=CARTESIAN_POINT('',(0.279774887159063,0.00451,0.0802193313497394));
#8346=CARTESIAN_POINT('',(0.279774887159063,0.00451,0.0797193313497394));
#8347=CARTESIAN_POINT('',(0.279274887159063,0.00451,0.0802193313497394));
#8348=CARTESIAN_POINT('',(0.286274887159063,0.00451,0.0797193313497394));
#8349=CARTESIAN_POINT('',(0.292774887159063,0.00451,0.0797193313497394));
#8350=CARTESIAN_POINT('',(0.292774887159063,0.00451,0.0802193313497394));
#8351=CARTESIAN_POINT('',(0.293274887159063,0.00451,0.0802193313497394));
#8352=CARTESIAN_POINT('',(0.293274887159063,0.00451,0.0867193313497394));
#8353=CARTESIAN_POINT('',(0.293274887159063,0.00451,0.0932193313497394));
#8354=CARTESIAN_POINT('',(0.292774887159063,0.00451,0.0932193313497394));
#8355=CARTESIAN_POINT('',(0.292774887159063,0.00451,0.0937193313497394));
#8356=CARTESIAN_POINT('',(0.286274887159063,0.00451,0.0937193313497394));
#8357=CARTESIAN_POINT('',(0.279774887159063,0.00451,0.0937193313497394));
#8358=CARTESIAN_POINT('',(0.279774887159063,0.00451,0.0932193313497394));
#8359=CARTESIAN_POINT('',(0.279274887159063,0.00451,0.0932193313497394));
#8360=CARTESIAN_POINT('',(0.279274887159063,0.00451,0.0867193313497394));
#8361=CARTESIAN_POINT('',(0.298824887159063,0.00451,0.0802193313497394));
#8362=CARTESIAN_POINT('',(0.298824887159063,0.00451,0.0797193313497394));
#8363=CARTESIAN_POINT('',(0.298324887159063,0.00451,0.0802193313497394));
#8364=CARTESIAN_POINT('',(0.305324887159063,0.00451,0.0797193313497394));
#8365=CARTESIAN_POINT('',(0.311824887159063,0.00451,0.0797193313497394));
#8366=CARTESIAN_POINT('',(0.311824887159063,0.00451,0.0802193313497394));
#8367=CARTESIAN_POINT('',(0.312324887159063,0.00451,0.0802193313497394));
#8368=CARTESIAN_POINT('',(0.312324887159063,0.00451,0.0867193313497394));
#8369=CARTESIAN_POINT('',(0.312324887159063,0.00451,0.0932193313497394));
#8370=CARTESIAN_POINT('',(0.311824887159063,0.00451,0.0932193313497394));
#8371=CARTESIAN_POINT('',(0.311824887159063,0.00451,0.0937193313497394));
#8372=CARTESIAN_POINT('',(0.305324887159063,0.00451,0.0937193313497394));
#8373=CARTESIAN_POINT('',(0.298824887159063,0.00451,0.0937193313497394));
#8374=CARTESIAN_POINT('',(0.298824887159063,0.00451,0.0932193313497394));
#8375=CARTESIAN_POINT('',(0.298324887159063,0.00451,0.0932193313497394));
#8376=CARTESIAN_POINT('',(0.298324887159063,0.00451,0.0867193313497394));
#8377=CARTESIAN_POINT('',(0.241674887159063,0.00451,0.0897443313497394));
#8378=CARTESIAN_POINT('',(0.241674887159063,0.00451,0.0892443313497394));
#8379=CARTESIAN_POINT('',(0.241174887159063,0.00451,0.0897443313497394));
#8380=CARTESIAN_POINT('',(0.248174887159063,0.00451,0.0892443313497394));
#8381=CARTESIAN_POINT('',(0.254674887159063,0.00451,0.0892443313497394));
#8382=CARTESIAN_POINT('',(0.254674887159063,0.00451,0.0897443313497394));
#8383=CARTESIAN_POINT('',(0.255174887159063,0.00451,0.0897443313497394));
#8384=CARTESIAN_POINT('',(0.255174887159063,0.00451,0.0962443313497394));
#8385=CARTESIAN_POINT('',(0.255174887159063,0.00451,0.102744331349739));
#8386=CARTESIAN_POINT('',(0.254674887159063,0.00451,0.102744331349739));
#8387=CARTESIAN_POINT('',(0.254674887159063,0.00451,0.103244331349739));
#8388=CARTESIAN_POINT('',(0.248174887159063,0.00451,0.103244331349739));
#8389=CARTESIAN_POINT('',(0.241674887159063,0.00451,0.103244331349739));
#8390=CARTESIAN_POINT('',(0.241674887159063,0.00451,0.102744331349739));
#8391=CARTESIAN_POINT('',(0.241174887159063,0.00451,0.102744331349739));
#8392=CARTESIAN_POINT('',(0.241174887159063,0.00451,0.0962443313497394));
#8393=CARTESIAN_POINT('',(0.260724887159063,0.00451,0.0897443313497394));
#8394=CARTESIAN_POINT('',(0.260724887159063,0.00451,0.0892443313497394));
#8395=CARTESIAN_POINT('',(0.260224887159063,0.00451,0.0897443313497394));
#8396=CARTESIAN_POINT('',(0.267224887159063,0.00451,0.0892443313497394));
#8397=CARTESIAN_POINT('',(0.273724887159063,0.00451,0.0892443313497394));
#8398=CARTESIAN_POINT('',(0.273724887159063,0.00451,0.0897443313497394));
#8399=CARTESIAN_POINT('',(0.274224887159063,0.00451,0.0897443313497394));
#8400=CARTESIAN_POINT('',(0.274224887159063,0.00451,0.0962443313497394));
#8401=CARTESIAN_POINT('',(0.274224887159063,0.00451,0.102744331349739));
#8402=CARTESIAN_POINT('',(0.273724887159063,0.00451,0.102744331349739));
#8403=CARTESIAN_POINT('',(0.273724887159063,0.00451,0.103244331349739));
#8404=CARTESIAN_POINT('',(0.267224887159063,0.00451,0.103244331349739));
#8405=CARTESIAN_POINT('',(0.260724887159063,0.00451,0.103244331349739));
#8406=CARTESIAN_POINT('',(0.260724887159063,0.00451,0.102744331349739));
#8407=CARTESIAN_POINT('',(0.260224887159063,0.00451,0.102744331349739));
#8408=CARTESIAN_POINT('',(0.260224887159063,0.00451,0.0962443313497394));
#8409=CARTESIAN_POINT('',(0.317874887159063,0.00451,0.0897443313497394));
#8410=CARTESIAN_POINT('',(0.317874887159063,0.00451,0.0892443313497394));
#8411=CARTESIAN_POINT('',(0.317374887159063,0.00451,0.0897443313497394));
#8412=CARTESIAN_POINT('',(0.324374887159063,0.00451,0.0892443313497394));
#8413=CARTESIAN_POINT('',(0.330874887159063,0.00451,0.0892443313497394));
#8414=CARTESIAN_POINT('',(0.330874887159063,0.00451,0.0897443313497394));
#8415=CARTESIAN_POINT('',(0.331374887159063,0.00451,0.0897443313497394));
#8416=CARTESIAN_POINT('',(0.331374887159063,0.00451,0.0962443313497394));
#8417=CARTESIAN_POINT('',(0.331374887159063,0.00451,0.102744331349739));
#8418=CARTESIAN_POINT('',(0.330874887159063,0.00451,0.102744331349739));
#8419=CARTESIAN_POINT('',(0.330874887159063,0.00451,0.103244331349739));
#8420=CARTESIAN_POINT('',(0.324374887159063,0.00451,0.103244331349739));
#8421=CARTESIAN_POINT('',(0.317874887159063,0.00451,0.103244331349739));
#8422=CARTESIAN_POINT('',(0.317874887159063,0.00451,0.102744331349739));
#8423=CARTESIAN_POINT('',(0.317374887159063,0.00451,0.102744331349739));
#8424=CARTESIAN_POINT('',(0.317374887159063,0.00451,0.0962443313497394));
#8425=CARTESIAN_POINT('',(0.279774887159063,0.00451,0.0992693313497394));
#8426=CARTESIAN_POINT('',(0.279774887159063,0.00451,0.0987693313497394));
#8427=CARTESIAN_POINT('',(0.279274887159063,0.00451,0.0992693313497394));
#8428=CARTESIAN_POINT('',(0.286274887159063,0.00451,0.0987693313497394));
#8429=CARTESIAN_POINT('',(0.292774887159063,0.00451,0.0987693313497394));
#8430=CARTESIAN_POINT('',(0.292774887159063,0.00451,0.0992693313497394));
#8431=CARTESIAN_POINT('',(0.293274887159063,0.00451,0.0992693313497394));
#8432=CARTESIAN_POINT('',(0.293274887159063,0.00451,0.105769331349739));
#8433=CARTESIAN_POINT('',(0.293274887159063,0.00451,0.112269331349739));
#8434=CARTESIAN_POINT('',(0.292774887159063,0.00451,0.112269331349739));
#8435=CARTESIAN_POINT('',(0.292774887159063,0.00451,0.112769331349739));
#8436=CARTESIAN_POINT('',(0.286274887159063,0.00451,0.112769331349739));
#8437=CARTESIAN_POINT('',(0.279774887159063,0.00451,0.112769331349739));
#8438=CARTESIAN_POINT('',(0.279774887159063,0.00451,0.112269331349739));
#8439=CARTESIAN_POINT('',(0.279274887159063,0.00451,0.112269331349739));
#8440=CARTESIAN_POINT('',(0.279274887159063,0.00451,0.105769331349739));
#8441=CARTESIAN_POINT('',(0.298824887159063,0.00451,0.0992693313497394));
#8442=CARTESIAN_POINT('',(0.298824887159063,0.00451,0.0987693313497394));
#8443=CARTESIAN_POINT('',(0.298324887159063,0.00451,0.0992693313497394));
#8444=CARTESIAN_POINT('',(0.305324887159063,0.00451,0.0987693313497394));
#8445=CARTESIAN_POINT('',(0.311824887159063,0.00451,0.0987693313497394));
#8446=CARTESIAN_POINT('',(0.311824887159063,0.00451,0.0992693313497394));
#8447=CARTESIAN_POINT('',(0.312324887159063,0.00451,0.0992693313497394));
#8448=CARTESIAN_POINT('',(0.312324887159063,0.00451,0.105769331349739));
#8449=CARTESIAN_POINT('',(0.312324887159063,0.00451,0.112269331349739));
#8450=CARTESIAN_POINT('',(0.311824887159063,0.00451,0.112269331349739));
#8451=CARTESIAN_POINT('',(0.311824887159063,0.00451,0.112769331349739));
#8452=CARTESIAN_POINT('',(0.305324887159063,0.00451,0.112769331349739));
#8453=CARTESIAN_POINT('',(0.298824887159063,0.00451,0.112769331349739));
#8454=CARTESIAN_POINT('',(0.298824887159063,0.00451,0.112269331349739));
#8455=CARTESIAN_POINT('',(0.298324887159063,0.00451,0.112269331349739));
#8456=CARTESIAN_POINT('',(0.298324887159063,0.00451,0.105769331349739));
#8457=CARTESIAN_POINT('',(0.241599423074646,0.00451,0.108812167640637));
#8458=CARTESIAN_POINT('',(0.241599423074646,0.00451,0.108312167640637));
#8459=CARTESIAN_POINT('',(0.241099423074646,0.00451,0.108812167640637));
#8460=CARTESIAN_POINT('',(0.248099423074646,0.00451,0.108312167640637));
#8461=CARTESIAN_POINT('',(0.254599423074646,0.00451,0.108312167640637));
#8462=CARTESIAN_POINT('',(0.254599741556284,0.00451,0.108812167539207));
#8463=CARTESIAN_POINT('',(0.255099423074646,0.00451,0.108794324327405));
#8464=CARTESIAN_POINT('',(0.255099423074646,0.00451,0.115303245984021));
#8465=CARTESIAN_POINT('',(0.255099423074646,0.00451,0.121812167640637));
#8466=CARTESIAN_POINT('',(0.254599423074646,0.00451,0.121812167640637));
#8467=CARTESIAN_POINT('',(0.254599423074646,0.00451,0.122312167640637));
#8468=CARTESIAN_POINT('',(0.248099423074646,0.00451,0.122312167640637));
#8469=CARTESIAN_POINT('',(0.241599423074646,0.00451,0.122312167640637));
#8470=CARTESIAN_POINT('',(0.241599423074646,0.00451,0.121812167640637));
#8471=CARTESIAN_POINT('',(0.241099423074646,0.00451,0.121812167640637));
#8472=CARTESIAN_POINT('',(0.241099423074646,0.00451,0.115312167640637));
#8473=CARTESIAN_POINT('',(0.260724887159063,0.00451,0.108794331349739));
#8474=CARTESIAN_POINT('',(0.260724887159063,0.00451,0.108294331349739));
#8475=CARTESIAN_POINT('',(0.260224887159063,0.00451,0.108794331349739));
#8476=CARTESIAN_POINT('',(0.267224887159063,0.00451,0.108294331349739));
#8477=CARTESIAN_POINT('',(0.273724887159063,0.00451,0.108294331349739));
#8478=CARTESIAN_POINT('',(0.273724887159063,0.00451,0.108794331349739));
#8479=CARTESIAN_POINT('',(0.274224887159063,0.00451,0.108794331349739));
#8480=CARTESIAN_POINT('',(0.274224887159063,0.00451,0.115294331349739));
#8481=CARTESIAN_POINT('',(0.274224887159063,0.00451,0.121794331349739));
#8482=CARTESIAN_POINT('',(0.273724887159063,0.00451,0.121794331349739));
#8483=CARTESIAN_POINT('',(0.273724887159063,0.00451,0.122294331349739));
#8484=CARTESIAN_POINT('',(0.267224887159063,0.00451,0.122294331349739));
#8485=CARTESIAN_POINT('',(0.260724887159063,0.00451,0.122294331349739));
#8486=CARTESIAN_POINT('',(0.260724887159063,0.00451,0.121794331349739));
#8487=CARTESIAN_POINT('',(0.260224887159063,0.00451,0.121794331349739));
#8488=CARTESIAN_POINT('',(0.260224887159063,0.00451,0.115294331349739));
#8489=CARTESIAN_POINT('',(0.317874887159063,0.00451,0.108794331349739));
#8490=CARTESIAN_POINT('',(0.317874887159063,0.00451,0.108294331349739));
#8491=CARTESIAN_POINT('',(0.317374887159063,0.00451,0.108794331349739));
#8492=CARTESIAN_POINT('',(0.324374887159063,0.00451,0.108294331349739));
#8493=CARTESIAN_POINT('',(0.330874887159063,0.00451,0.108294331349739));
#8494=CARTESIAN_POINT('',(0.330874887159063,0.00451,0.108794331349739));
#8495=CARTESIAN_POINT('',(0.331374887159063,0.00451,0.108794331349739));
#8496=CARTESIAN_POINT('',(0.331374887159063,0.00451,0.115294331349739));
#8497=CARTESIAN_POINT('',(0.331374887159063,0.00451,0.121794331349739));
#8498=CARTESIAN_POINT('',(0.330874887159063,0.00451,0.121794331349739));
#8499=CARTESIAN_POINT('',(0.330874887159063,0.00451,0.122294331349739));
#8500=CARTESIAN_POINT('',(0.324374887159063,0.00451,0.122294331349739));
#8501=CARTESIAN_POINT('',(0.317874887159063,0.00451,0.122294331349739));
#8502=CARTESIAN_POINT('',(0.317874887159063,0.00451,0.121794331349739));
#8503=CARTESIAN_POINT('',(0.317374887159063,0.00451,0.121794331349739));
#8504=CARTESIAN_POINT('',(0.317374887159063,0.00451,0.115294331349739));
#8505=CARTESIAN_POINT('',(0.260724887159063,0.00451,0.127844331349739));
#8506=CARTESIAN_POINT('',(0.260724887159063,0.00451,0.127344331349739));
#8507=CARTESIAN_POINT('',(0.260224887159063,0.00451,0.127844331349739));
#8508=CARTESIAN_POINT('',(0.267224887159063,0.00451,0.127344331349739));
#8509=CARTESIAN_POINT('',(0.273724887159063,0.00451,0.127344331349739));
#8510=CARTESIAN_POINT('',(0.273724887159063,0.00451,0.127844331349739));
#8511=CARTESIAN_POINT('',(0.274224887159063,0.00451,0.127844331349739));
#8512=CARTESIAN_POINT('',(0.274224887159063,0.00451,0.134344331349739));
#8513=CARTESIAN_POINT('',(0.274224887159063,0.00451,0.140844331349739));
#8514=CARTESIAN_POINT('',(0.273724887159063,0.00451,0.140844331349739));
#8515=CARTESIAN_POINT('',(0.273724887159063,0.00451,0.141344331349739));
#8516=CARTESIAN_POINT('',(0.267224887159063,0.00451,0.141344331349739));
#8517=CARTESIAN_POINT('',(0.260724887159063,0.00451,0.141344331349739));
#8518=CARTESIAN_POINT('',(0.260724887159063,0.00451,0.140844331349739));
#8519=CARTESIAN_POINT('',(0.260224887159063,0.00451,0.140844331349739));
#8520=CARTESIAN_POINT('',(0.260224887159063,0.00451,0.134344331349739));
#8521=CARTESIAN_POINT('',(0.249099423074646,0.00451,0.127344331349739));
#8522=CARTESIAN_POINT('',(0.255099423074646,0.00451,0.127344331349739));
#8523=CARTESIAN_POINT('',(0.243099423074646,0.00451,0.127344331349739));
#8524=CARTESIAN_POINT('',(0.255099423074646,0.00451,0.133344331349739));
#8525=CARTESIAN_POINT('',(0.255099423074646,0.00451,0.139344331349739));
#8526=CARTESIAN_POINT('',(0.249099423074646,0.00451,0.139344331349739));
#8527=CARTESIAN_POINT('',(0.243099423074646,0.00451,0.139344331349739));
#8528=CARTESIAN_POINT('',(0.243099423074646,0.00451,0.133344331349739));
#8529=CARTESIAN_POINT('',(0.268266412479576,0.00451,0.0446865585178024));
#8530=CARTESIAN_POINT('',(0.269874777223982,-0.02049,0.0446865585178024));
#8531=CARTESIAN_POINT('',(0.269874777223982,-0.00299,0.0446865585178024));
#8532=CARTESIAN_POINT('',(0.269874777223982,0.00251,0.0446865585178024));
#8533=CARTESIAN_POINT('',(0.268266412479576,0.00251,0.0446865585178024));
#8534=CARTESIAN_POINT('',(0.287507766758544,0.00451,0.0446865585178024));
#8535=CARTESIAN_POINT('',(0.287507766758544,-0.00299,0.0446865585178024));
#8536=CARTESIAN_POINT('',(0.268266412479576,-0.00299,0.0446865585178024));
#8537=CARTESIAN_POINT('',(0.284750007159063,0.00151,0.0955300540178024));
#8538=CARTESIAN_POINT('',(0.290369719159063,0.00151,0.0536319010178024));
#8539=CARTESIAN_POINT('',(0.290369719159063,0.00151,0.0547319010178024));
#8540=CARTESIAN_POINT('',(0.315119719159063,0.00151,0.0583819010178024));
#8541=CARTESIAN_POINT('',(0.315119719159063,0.00151,0.0594819010178024));
#8542=CARTESIAN_POINT('',(0.238369719159063,0.00151,0.141131901017802));
#8543=CARTESIAN_POINT('',(0.238369719159063,0.00151,0.142231901017802));
#8544=CARTESIAN_POINT('',(0.238369719159063,0.00151,0.0611319010178024));
#8545=CARTESIAN_POINT('',(0.238369719159063,0.00151,0.0622319010178024));
#8546=CARTESIAN_POINT('',(0.279869719159063,0.00151,0.124881901017802));
#8547=CARTESIAN_POINT('',(0.279869719159063,0.00151,0.125981901017802));
#8548=CARTESIAN_POINT('',(0.312369719159063,0.00151,0.124881901017802));
#8549=CARTESIAN_POINT('',(0.312369719159063,0.00151,0.125981901017802));
#8550=CARTESIAN_POINT('',(0.235632118159063,0.00151,0.0594435590178024));
#8551=CARTESIAN_POINT('',(0.235632118159117,0.00151,0.0594435590177481));
#8552=CARTESIAN_POINT('',(0.247258121625295,0.00151,0.0478106793382546));
#8553=CARTESIAN_POINT('',(0.248372466562737,0.00151,0.0468065701009717));
#8554=CARTESIAN_POINT('',(0.249867657928385,0.00151,0.0466865585178024));
#8555=CARTESIAN_POINT('',(0.248874284159062,0.00151,0.0466865585178024));
#8556=CARTESIAN_POINT('',(0.255874777223981,0.00151,0.0466865585178024));
#8557=CARTESIAN_POINT('',(0.255874777223981,0.00151,0.0955300540178024));
#8558=CARTESIAN_POINT('',(0.238369719159063,0.00151,0.141131901017802));
#8559=CARTESIAN_POINT('',(0.315048774695757,0.00151,0.0584397569056983));
#8560=CARTESIAN_POINT('',(0.269874777223982,0.00151,0.0955300540178024));
#8561=CARTESIAN_POINT('',(0.269874777223982,0.00151,0.0466865585178024));
#8562=CARTESIAN_POINT('',(0.248874284159062,0.00151,0.0466865585178024));
#8563=CARTESIAN_POINT('',(0.286536505991672,0.00151,0.0466865585178024));
#8564=CARTESIAN_POINT('',(0.288029256568508,0.00151,0.0468338531726755));
#8565=CARTESIAN_POINT('',(0.289126958199434,0.00151,0.04785613059562));
#8566=CARTESIAN_POINT('',(0.288469611140295,0.00151,0.0471939953266919));
#8567=CARTESIAN_POINT('',(0.296042073989121,0.00151,0.0548211043641325));
#8568=CARTESIAN_POINT('',(0.296890305965443,0.00151,0.0540365721195824));
#8569=CARTESIAN_POINT('',(0.296911950184389,0.00151,0.0551915274851016));
#8570=CARTESIAN_POINT('',(0.296911951138975,0.00151,0.0551916299162487));
#8571=CARTESIAN_POINT('',(0.316366748465713,0.00151,0.0551934860269048));
#8572=CARTESIAN_POINT('',(0.316366557653213,0.00151,0.0571934845236524));
#8573=CARTESIAN_POINT('',(0.318366556159063,0.00151,0.0571934860178024));
#8574=CARTESIAN_POINT('',(0.318366556159063,0.00151,0.0571934860178024));
#8575=CARTESIAN_POINT('',(0.318372652159063,0.00151,0.0652207640178024));
#8576=CARTESIAN_POINT('',(0.320372650664913,0.00151,0.0652207655119524));
#8577=CARTESIAN_POINT('',(0.320372650664913,0.00151,0.0672207640178024));
#8578=CARTESIAN_POINT('',(0.320372652159063,0.00151,0.0672207640178024));
#8579=CARTESIAN_POINT('',(0.332372653653213,0.00151,0.0672207640178024));
#8580=CARTESIAN_POINT('',(0.332372653653213,0.00151,0.0692207625236524));
#8581=CARTESIAN_POINT('',(0.33240586012254,0.00151,0.0672210397044104));
#8582=CARTESIAN_POINT('',(0.333786866159063,0.00151,0.0678065500178029));
#8583=CARTESIAN_POINT('',(0.334372652159063,0.00151,0.0692207640178024));
#8584=CARTESIAN_POINT('',(0.334372652159063,0.00151,0.125970765511902));
#8585=CARTESIAN_POINT('',(0.332372653653213,0.00151,0.125970765511902));
#8586=CARTESIAN_POINT('',(0.334372373202181,0.00151,0.126004168339252));
#8587=CARTESIAN_POINT('',(0.333786727286901,0.00151,0.127385116876278));
#8588=CARTESIAN_POINT('',(0.332372652159063,0.00151,0.127970764017802));
#8589=CARTESIAN_POINT('',(0.279919670159063,0.00151,0.127960463017778));
#8590=CARTESIAN_POINT('',(0.279919668664913,0.00151,0.129960461523602));
#8591=CARTESIAN_POINT('',(0.277919670159071,0.00151,0.12996046728493));
#8592=CARTESIAN_POINT('',(0.277919670159063,0.00151,0.129960463017802));
#8593=CARTESIAN_POINT('',(0.277919719159042,0.00151,0.142373537729731));
#8594=CARTESIAN_POINT('',(0.275919716956283,0.00151,0.142373542980602));
#8595=CARTESIAN_POINT('',(0.277919441608576,0.00151,0.142406861535621));
#8596=CARTESIAN_POINT('',(0.27733385496497,0.00151,0.143787835207648));
#8597=CARTESIAN_POINT('',(0.275922660159063,0.00151,0.144373543017802));
#8598=CARTESIAN_POINT('',(0.237124887159063,0.00151,0.144369159017777));
#8599=CARTESIAN_POINT('',(0.237124885664913,0.00151,0.142369160511902));
#8600=CARTESIAN_POINT('',(0.235124887159063,0.00151,0.142369160013869));
#8601=CARTESIAN_POINT('',(0.235124887159063,0.00151,0.0651917730178024));
#8602=CARTESIAN_POINT('',(0.235124887159063,0.00151,0.0604435490177439));
#8603=CARTESIAN_POINT('',(0.236478894399143,0.00151,0.0605017124020924));
#8604=CARTESIAN_POINT('',(0.248874284159062,0.00451,0.0466865585178024));
#8605=CARTESIAN_POINT('',(0.249867657928385,-0.02049,0.0466865585178024));
#8606=CARTESIAN_POINT('',(0.249867657928385,-0.00299,0.0466865585178024));
#8607=CARTESIAN_POINT('',(0.248874284159062,-0.00299,0.0466865585178024));
#8608=CARTESIAN_POINT('',(0.255874777223981,-0.00299,0.0466865585178024));
#8609=CARTESIAN_POINT('',(0.255874777223981,0.00451,0.0466865585178024));
#8610=CARTESIAN_POINT('',(0.284748145323387,-0.00299,0.0955294181004727));
#8611=CARTESIAN_POINT('',(0.248372466562737,-0.00299,0.0468065701009717));
#8612=CARTESIAN_POINT('',(0.247258121625295,-0.00299,0.0478106793382546));
#8613=CARTESIAN_POINT('',(0.235632118159063,-0.00299,0.0594435590178024));
#8614=CARTESIAN_POINT('',(0.235632118159117,-0.00299,0.0594435590177481));
#8615=CARTESIAN_POINT('',(0.236478894399143,-0.00299,0.0605017124020924));
#8616=CARTESIAN_POINT('',(0.235124887159063,-0.00299,0.0604435490177439));
#8617=CARTESIAN_POINT('',(0.235124887159063,-0.00299,0.0651917730178024));
#8618=CARTESIAN_POINT('',(0.235124887159063,-0.00299,0.142369160013869));
#8619=CARTESIAN_POINT('',(0.237124885664913,-0.00299,0.142369160511902));
#8620=CARTESIAN_POINT('',(0.237124887159063,-0.00299,0.144369159017777));
#8621=CARTESIAN_POINT('',(0.275922660159063,-0.00299,0.144373543017802));
#8622=CARTESIAN_POINT('',(0.27733385496497,-0.00299,0.143787835207648));
#8623=CARTESIAN_POINT('',(0.277919441608576,-0.00299,0.142406861535621));
#8624=CARTESIAN_POINT('',(0.275919716956283,-0.00299,0.142373542980602));
#8625=CARTESIAN_POINT('',(0.277919719159042,-0.00299,0.142373537729731));
#8626=CARTESIAN_POINT('',(0.277919670159063,-0.00299,0.129960463017802));
#8627=CARTESIAN_POINT('',(0.277919670159071,-0.00299,0.12996046728493));
#8628=CARTESIAN_POINT('',(0.279919668664913,-0.00299,0.129960461523602));
#8629=CARTESIAN_POINT('',(0.279919670159063,-0.00299,0.127960463017778));
#8630=CARTESIAN_POINT('',(0.332372652159063,-0.00299,0.127970764017802));
#8631=CARTESIAN_POINT('',(0.333786727286901,-0.00299,0.127385116876278));
#8632=CARTESIAN_POINT('',(0.334372373202181,-0.00299,0.126004168339252));
#8633=CARTESIAN_POINT('',(0.332372653653213,-0.00299,0.125970765511902));
#8634=CARTESIAN_POINT('',(0.334372652159063,-0.00299,0.125970765511902));
#8635=CARTESIAN_POINT('',(0.334372652159063,-0.00299,0.0692207640178024));
#8636=CARTESIAN_POINT('',(0.333786866159063,-0.00299,0.0678065500178029));
#8637=CARTESIAN_POINT('',(0.33240586012254,-0.00299,0.0672210397044104));
#8638=CARTESIAN_POINT('',(0.332372653653213,-0.00299,0.0692207625236524));
#8639=CARTESIAN_POINT('',(0.332372653653213,-0.00299,0.0672207640178024));
#8640=CARTESIAN_POINT('',(0.320372652159063,-0.00299,0.0672207640178024));
#8641=CARTESIAN_POINT('',(0.320372650664913,-0.00299,0.0672207640178024));
#8642=CARTESIAN_POINT('',(0.320372650664913,-0.00299,0.0652207655119524));
#8643=CARTESIAN_POINT('',(0.318372652159063,-0.00299,0.0652207640178024));
#8644=CARTESIAN_POINT('',(0.318366556159063,-0.00299,0.0571934860178024));
#8645=CARTESIAN_POINT('',(0.318366556159063,-0.00299,0.0571934860178024));
#8646=CARTESIAN_POINT('',(0.316366557653213,-0.00299,0.0571934845236524));
#8647=CARTESIAN_POINT('',(0.316366748465713,-0.00299,0.0551934860269048));
#8648=CARTESIAN_POINT('',(0.296911951138975,-0.00299,0.0551916299162487));
#8649=CARTESIAN_POINT('',(0.296911951148945,-0.00299,0.0551915274670239));
#8650=CARTESIAN_POINT('',(0.296890305965443,-0.00299,0.0540365721195824));
#8651=CARTESIAN_POINT('',(0.296042069649681,-0.00299,0.0548210996722505));
#8652=CARTESIAN_POINT('',(0.288469611140295,-0.00299,0.0471939953266919));
#8653=CARTESIAN_POINT('',(0.289126958199434,-0.00299,0.04785613059562));
#8654=CARTESIAN_POINT('',(0.288029256568508,-0.00299,0.0468338531726755));
#8655=CARTESIAN_POINT('',(0.286536505991672,-0.00299,0.0466865585178024));
#8656=CARTESIAN_POINT('',(0.248874284159062,-0.00299,0.0466865585178024));
#8657=CARTESIAN_POINT('',(0.269874777223982,-0.00299,0.0466865585178024));
#8658=CARTESIAN_POINT('',(0.269874777223982,-0.00299,0.0955294181004727));
#8659=CARTESIAN_POINT('',(0.287412134559787,-0.00299,0.0480404512879667));
#8660=CARTESIAN_POINT('',(0.289954823553342,-0.00299,0.0458512790897938));
#8661=CARTESIAN_POINT('',(0.293598473843613,-0.00299,0.0495214702487656));
#8662=CARTESIAN_POINT('',(0.297242124133883,-0.00299,0.0531916614077374));
#8663=CARTESIAN_POINT('',(0.306804531706119,-0.00299,0.0531925737218723));
#8664=CARTESIAN_POINT('',(0.316366939278356,-0.00299,0.0531934860360073));
#8665=CARTESIAN_POINT('',(0.316366557653213,-0.00299,0.0571934845236524));
#8666=CARTESIAN_POINT('',(0.320366554427817,-0.00299,0.057190446883703));
#8667=CARTESIAN_POINT('',(0.320369603581792,-0.00299,0.0612056054507527));
#8668=CARTESIAN_POINT('',(0.320372652735767,-0.00299,0.0652207640178024));
#8669=CARTESIAN_POINT('',(0.32637265319449,-0.00299,0.0652207640178024));
#8670=CARTESIAN_POINT('',(0.332372653653213,-0.00299,0.0652207640178024));
#8671=CARTESIAN_POINT('',(0.332372653653213,-0.00299,0.0692207625236525));
#8672=CARTESIAN_POINT('',(0.336372652159063,-0.00299,0.0692207625236524));
#8673=CARTESIAN_POINT('',(0.336372652159063,-0.00299,0.0975957640177774));
#8674=CARTESIAN_POINT('',(0.336372652159063,-0.00299,0.125970765511902));
#8675=CARTESIAN_POINT('',(0.332372653653213,-0.00299,0.125970765511902));
#8676=CARTESIAN_POINT('',(0.332371868111917,-0.00299,0.129970763902394));
#8677=CARTESIAN_POINT('',(0.306145769135498,-0.00299,0.129965613479382));
#8678=CARTESIAN_POINT('',(0.279919670159078,-0.00299,0.12996046305637));
#8679=CARTESIAN_POINT('',(0.279919694659047,-0.00299,0.136166995123584));
#8680=CARTESIAN_POINT('',(0.279919719159025,-0.00299,0.142373527190798));
#8681=CARTESIAN_POINT('',(0.275919716956283,-0.00299,0.142373542980602));
#8682=CARTESIAN_POINT('',(0.275919264971616,-0.00299,0.146373542646927));
#8683=CARTESIAN_POINT('',(0.256521849325998,-0.00299,0.146371350813128));
#8684=CARTESIAN_POINT('',(0.237124433680379,-0.00299,0.146369158992216));
#8685=CARTESIAN_POINT('',(0.237124885664913,-0.00299,0.142369160511902));
#8686=CARTESIAN_POINT('',(0.233124887159063,-0.00299,0.142369160511902));
#8687=CARTESIAN_POINT('',(0.233124887159063,-0.00299,0.101481201248842));
#8688=CARTESIAN_POINT('',(0.233124887159063,-0.00299,0.0605932419857811));
#8689=CARTESIAN_POINT('',(0.236478894399143,-0.00299,0.0605017124020926));
#8690=CARTESIAN_POINT('',(0.233944705870249,-0.00299,0.0583027056419345));
#8691=CARTESIAN_POINT('',(0.240172165893815,-0.00299,0.0520715623798702));
#8692=CARTESIAN_POINT('',(0.246399625917383,-0.00299,0.0458404191178061));
#8693=CARTESIAN_POINT('',(0.248932841235037,-0.00299,0.0480405469290019));
#8694=CARTESIAN_POINT('',(0.249025058200607,-0.00299,0.0446865585178024));
#8695=CARTESIAN_POINT('',(0.268266412479576,-0.00299,0.0446865585178024));
#8696=CARTESIAN_POINT('',(0.255874777223981,-0.00299,0.0446865585178024));
#8697=CARTESIAN_POINT('',(0.255874777223981,-0.00299,0.0955294181004727));
#8698=CARTESIAN_POINT('',(0.315119719159063,0.00451,0.0583819010178024));
#8699=CARTESIAN_POINT('',(0.238369719159063,0.00451,0.141131901017802));
#8700=CARTESIAN_POINT('',(0.238369719159063,0.00451,0.0611319010178024));
#8701=CARTESIAN_POINT('',(0.279869719159063,0.00451,0.124881901017802));
#8702=CARTESIAN_POINT('',(0.312369719159063,0.00451,0.124881901017802));
#8703=CARTESIAN_POINT('',(0.290369719159063,0.00451,0.0536319010178024));
#8704=CARTESIAN_POINT('',(0.288469611140295,0.00451,0.0471939953266919));
#8705=CARTESIAN_POINT('',(0.289126958199434,-0.02049,0.04785613059562));
#8706=CARTESIAN_POINT('',(0.296042069649681,0.00451,0.0548210996722505));
#8707=CARTESIAN_POINT('',(0.296890305965443,0.00451,0.0540365721195824));
#8708=CARTESIAN_POINT('',(0.296911951148945,0.00451,0.0551915274670239));
#8709=CARTESIAN_POINT('',(0.296911951138975,0.00451,0.0551916299162487));
#8710=CARTESIAN_POINT('',(0.316366748465713,0.00451,0.0551934860269048));
#8711=CARTESIAN_POINT('',(0.318366556159063,0.00451,0.0571934860178024));
#8712=CARTESIAN_POINT('',(0.318372652159063,0.00451,0.0652207640178024));
#8713=CARTESIAN_POINT('',(0.318366556159063,0.00451,0.0571934860178024));
#8714=CARTESIAN_POINT('',(0.320372650664913,0.00451,0.0652207655119524));
#8715=CARTESIAN_POINT('',(0.320372650664913,0.00451,0.0672207640178024));
#8716=CARTESIAN_POINT('',(0.320372652159063,0.00451,0.0672207640178024));
#8717=CARTESIAN_POINT('',(0.332372653653213,0.00451,0.0672207640178024));
#8718=CARTESIAN_POINT('',(0.332372652159063,0.00451,0.127970764017802));
#8719=CARTESIAN_POINT('',(0.279919670159063,0.00451,0.127960463017778));
#8720=CARTESIAN_POINT('',(0.279919668664913,0.00451,0.129960461523602));
#8721=CARTESIAN_POINT('',(0.277919670159071,0.00451,0.12996046728493));
#8722=CARTESIAN_POINT('',(0.277919670159063,0.00451,0.129960463017802));
#8723=CARTESIAN_POINT('',(0.277919719159042,0.00451,0.142373537729731));
#8724=CARTESIAN_POINT('',(0.248874284159062,0.00451,0.0466865585178024));
#8725=CARTESIAN_POINT('',(0.286536505991672,-0.02049,0.0466865585178024));
#8726=CARTESIAN_POINT('',(0.269874777223982,0.00451,0.0466865585178024));
#8727=CARTESIAN_POINT('',(0.316366557653213,0.00451,0.0571934845236524));
#8728=CARTESIAN_POINT('',(0.332372653653213,0.00451,0.0692207625236524));
#8729=CARTESIAN_POINT('',(0.33240586012254,-0.00799,0.0672210397044104));
#8730=CARTESIAN_POINT('',(0.334372652159063,0.00451,0.0692207640178024));
#8731=CARTESIAN_POINT('',(0.334372652159063,0.00451,0.125970765511902));
#8732=CARTESIAN_POINT('',(0.332372653653213,0.00451,0.125970765511902));
#8733=CARTESIAN_POINT('',(0.334372373202181,-0.00799,0.126004168339252));
#8734=CARTESIAN_POINT('',(0.275919716956283,0.00451,0.142373542980602));
#8735=CARTESIAN_POINT('',(0.277919441608576,-0.00799,0.142406861535621));
#8736=CARTESIAN_POINT('',(0.275922660159063,0.00451,0.144373543017802));
#8737=CARTESIAN_POINT('',(0.237124887159063,0.00451,0.144369159017777));
#8738=CARTESIAN_POINT('',(0.237124885664913,0.00451,0.142369160511902));
#8739=CARTESIAN_POINT('',(0.235124887159063,0.00451,0.142369160013869));
#8740=CARTESIAN_POINT('',(0.235124887159063,0.00451,0.0651917730178024));
#8741=CARTESIAN_POINT('',(0.235124887159063,0.00451,0.0604435490177439));
#8742=CARTESIAN_POINT('',(0.236478894399143,0.00451,0.0605017124020924));
#8743=CARTESIAN_POINT('',(0.235632118159117,0.00451,0.0594435590177481));
#8744=CARTESIAN_POINT('',(0.235632118159063,0.00451,0.0594435590178024));
#8745=CARTESIAN_POINT('',(0.247258121625295,-0.02049,0.0478106793382546));
#8746=CARTESIAN_POINT('',(0.32637265319449,0.00451,0.0652207640178024));
#8747=CARTESIAN_POINT('',(0.320372652735767,0.00451,0.0652207640178024));
#8748=CARTESIAN_POINT('',(0.320372652735767,0.00251,0.0652207640178024));
#8749=CARTESIAN_POINT('',(0.32637265319449,0.00251,0.0652207640178024));
#8750=CARTESIAN_POINT('',(0.332372653653213,0.00451,0.0652207640178024));
#8751=CARTESIAN_POINT('',(0.320369603581792,0.00451,0.0612056054507527));
#8752=CARTESIAN_POINT('',(0.320366554427817,0.00451,0.057190446883703));
#8753=CARTESIAN_POINT('',(0.320366554427817,0.00251,0.057190446883703));
#8754=CARTESIAN_POINT('',(0.320369603581792,0.00251,0.0612056054507527));
#8755=CARTESIAN_POINT('',(0.316366557653213,0.00451,0.0571934845236524));
#8756=CARTESIAN_POINT('',(0.316366939278356,0.00451,0.0531934860360073));
#8757=CARTESIAN_POINT('',(0.316366939278356,0.00251,0.0531934860360073));
#8758=CARTESIAN_POINT('',(0.316366557653213,0.00251,0.0571934845236524));
#8759=CARTESIAN_POINT('',(0.306804531706119,0.00451,0.0531925737218723));
#8760=CARTESIAN_POINT('',(0.297242124133883,0.00451,0.0531916614077374));
#8761=CARTESIAN_POINT('',(0.297242124133883,0.00251,0.0531916614077374));
#8762=CARTESIAN_POINT('',(0.306804531706119,0.00251,0.0531925737218723));
#8763=CARTESIAN_POINT('',(0.293598473843613,0.00451,0.0495214702487656));
#8764=CARTESIAN_POINT('',(0.289954823553342,0.00451,0.0458512790897938));
#8765=CARTESIAN_POINT('',(0.293598473843613,0.00251,0.0495214702487656));
#8766=CARTESIAN_POINT('',(0.287412134559787,0.00451,0.0480404512879667));
#8767=CARTESIAN_POINT('',(0.268266412479576,0.00451,0.0446865585178024));
#8768=CARTESIAN_POINT('',(0.249025058200607,0.00451,0.0446865585178024));
#8769=CARTESIAN_POINT('',(0.268266412479576,0.00251,0.0446865585178024));
#8770=CARTESIAN_POINT('',(0.255874777223981,0.00251,0.0446865585178024));
#8771=CARTESIAN_POINT('',(0.255874777223981,-0.02049,0.0446865585178024));
#8772=CARTESIAN_POINT('',(0.248932841235037,0.00451,0.0480405469290019));
#8773=CARTESIAN_POINT('',(0.246399625917383,0.00451,0.0458404191178061));
#8774=CARTESIAN_POINT('',(0.240172165893815,0.00451,0.0520715623798702));
#8775=CARTESIAN_POINT('',(0.233944705870249,0.00451,0.0583027056419345));
#8776=CARTESIAN_POINT('',(0.233944705870249,0.00251,0.0583027056419345));
#8777=CARTESIAN_POINT('',(0.240172165893815,0.00251,0.0520715623798702));
#8778=CARTESIAN_POINT('',(0.236478894399143,0.00451,0.0605017124020926));
#8779=CARTESIAN_POINT('',(0.233124887159063,0.00451,0.0605932419857811));
#8780=CARTESIAN_POINT('',(0.233124887159063,0.00251,0.0605932419857811));
#8781=CARTESIAN_POINT('',(0.236478894399143,0.00251,0.0605017124020926));
#8782=CARTESIAN_POINT('',(0.233124887159063,0.00451,0.101481201248842));
#8783=CARTESIAN_POINT('',(0.233124887159063,0.00451,0.142369160511902));
#8784=CARTESIAN_POINT('',(0.233124887159063,0.00251,0.142369160511902));
#8785=CARTESIAN_POINT('',(0.233124887159063,0.00251,0.101481201248842));
#8786=CARTESIAN_POINT('',(0.237124885664913,0.00451,0.142369160511902));
#8787=CARTESIAN_POINT('',(0.237124433680379,0.00451,0.146369158992216));
#8788=CARTESIAN_POINT('',(0.237124433680379,0.00251,0.146369158992216));
#8789=CARTESIAN_POINT('',(0.237124885664913,0.00251,0.142369160511902));
#8790=CARTESIAN_POINT('',(0.256521849325998,0.00451,0.146371350813128));
#8791=CARTESIAN_POINT('',(0.275919264971616,0.00451,0.146373542646927));
#8792=CARTESIAN_POINT('',(0.256521849325998,0.00251,0.146371350813128));
#8793=CARTESIAN_POINT('',(0.275919716956283,0.00451,0.142373542980602));
#8794=CARTESIAN_POINT('',(0.279919719159025,0.00451,0.142373527190798));
#8795=CARTESIAN_POINT('',(0.279919694659047,0.00451,0.136166995123584));
#8796=CARTESIAN_POINT('',(0.279919670159078,0.00451,0.12996046305637));
#8797=CARTESIAN_POINT('',(0.279919670159078,0.00251,0.12996046305637));
#8798=CARTESIAN_POINT('',(0.279919694659047,0.00251,0.136166995123584));
#8799=CARTESIAN_POINT('',(0.306145769135498,0.00451,0.129965613479382));
#8800=CARTESIAN_POINT('',(0.332371868111917,0.00451,0.129970763902394));
#8801=CARTESIAN_POINT('',(0.306145769135498,0.00251,0.129965613479382));
#8802=CARTESIAN_POINT('',(0.332372653653213,0.00451,0.125970765511902));
#8803=CARTESIAN_POINT('',(0.336372652159063,0.00451,0.125970765511902));
#8804=CARTESIAN_POINT('',(0.336372652159063,0.00451,0.0975957640177774));
#8805=CARTESIAN_POINT('',(0.336372652159063,0.00451,0.0692207625236524));
#8806=CARTESIAN_POINT('',(0.336372652159063,0.00251,0.0975957640177774));
#8807=CARTESIAN_POINT('',(0.332372653653213,0.00451,0.0692207625236525));
#8808=CARTESIAN_POINT('',(0.238369719159063,0.00451,0.141131901017802));
#8809=CARTESIAN_POINT('',(0.238369719159063,0.00251,0.141131901017802));
#8810=CARTESIAN_POINT('',(0.315048774695757,0.00451,0.0584397569056983));
#8811=CARTESIAN_POINT('',(0.315048774695757,0.00251,0.0584397569056983));
#8812=CARTESIAN_POINT('',(0.269874777223982,-0.02049,0.0466865585178024));
#8813=CARTESIAN_POINT('',(0.269874777223982,0.00251,0.0466865585178024));
#8814=CARTESIAN_POINT('',(0.269874777223982,-0.02049,0.0486865585178024));
#8815=CARTESIAN_POINT('',(0.255874777223981,-0.02049,0.0466865585178024));
#8816=CARTESIAN_POINT('',(0.255874777223981,0.00251,0.0466865585178024));
#8817=CARTESIAN_POINT('',(0.255874777223981,-0.02049,0.0486865585178024));
#8818=CARTESIAN_POINT('',(0.268171756775912,0.00251,0.0486865585178024));
#8819=CARTESIAN_POINT('',(0.268171756775912,0.00251,0.0486865585178024));
#8820=CARTESIAN_POINT('',(0.249099423074646,0.00251,0.127344331349739));
#8821=CARTESIAN_POINT('',(0.243099423074646,0.00251,0.127344331349739));
#8822=CARTESIAN_POINT('',(0.243099423074646,0.00251,0.127344331349739));
#8823=CARTESIAN_POINT('',(0.249099423074646,0.00251,0.127344331349739));
#8824=CARTESIAN_POINT('',(0.255099423074646,0.00251,0.127344331349739));
#8825=CARTESIAN_POINT('',(0.255099423074646,0.00251,0.127344331349739));
#8826=CARTESIAN_POINT('',(0.255099423074646,0.00251,0.133344331349739));
#8827=CARTESIAN_POINT('',(0.255099423074646,0.00251,0.133344331349739));
#8828=CARTESIAN_POINT('',(0.255099423074646,0.00251,0.139344331349739));
#8829=CARTESIAN_POINT('',(0.255099423074646,0.00251,0.139344331349739));
#8830=CARTESIAN_POINT('',(0.249099423074646,0.00251,0.139344331349739));
#8831=CARTESIAN_POINT('',(0.249099423074646,0.00251,0.139344331349739));
#8832=CARTESIAN_POINT('',(0.243099423074646,0.00251,0.139344331349739));
#8833=CARTESIAN_POINT('',(0.243099423074646,0.00251,0.139344331349739));
#8834=CARTESIAN_POINT('',(0.260724887159063,0.00251,0.127844331349739));
#8835=CARTESIAN_POINT('',(0.260224887159063,0.00251,0.127844331349739));
#8836=CARTESIAN_POINT('',(0.260224887159063,0.00251,0.127844331349739));
#8837=CARTESIAN_POINT('',(0.260724887159063,0.00251,0.127844331349739));
#8838=CARTESIAN_POINT('',(0.260724887159063,0.00251,0.127344331349739));
#8839=CARTESIAN_POINT('',(0.260724887159063,0.00251,0.127344331349739));
#8840=CARTESIAN_POINT('',(0.267224887159063,0.00251,0.127344331349739));
#8841=CARTESIAN_POINT('',(0.267224887159063,0.00251,0.127344331349739));
#8842=CARTESIAN_POINT('',(0.273724887159063,0.00251,0.127344331349739));
#8843=CARTESIAN_POINT('',(0.273724887159063,0.00251,0.127344331349739));
#8844=CARTESIAN_POINT('',(0.273724887159063,0.00251,0.127844331349739));
#8845=CARTESIAN_POINT('',(0.273724887159063,0.00251,0.127844331349739));
#8846=CARTESIAN_POINT('',(0.274224887159063,0.00251,0.127844331349739));
#8847=CARTESIAN_POINT('',(0.274224887159063,0.00251,0.127844331349739));
#8848=CARTESIAN_POINT('',(0.274224887159063,0.00251,0.134344331349739));
#8849=CARTESIAN_POINT('',(0.274224887159063,0.00251,0.134344331349739));
#8850=CARTESIAN_POINT('',(0.274224887159063,0.00251,0.140844331349739));
#8851=CARTESIAN_POINT('',(0.274224887159063,0.00251,0.140844331349739));
#8852=CARTESIAN_POINT('',(0.273724887159063,0.00251,0.140844331349739));
#8853=CARTESIAN_POINT('',(0.273724887159063,0.00251,0.140844331349739));
#8854=CARTESIAN_POINT('',(0.273724887159063,0.00251,0.141344331349739));
#8855=CARTESIAN_POINT('',(0.273724887159063,0.00251,0.141344331349739));
#8856=CARTESIAN_POINT('',(0.267224887159063,0.00251,0.141344331349739));
#8857=CARTESIAN_POINT('',(0.267224887159063,0.00251,0.141344331349739));
#8858=CARTESIAN_POINT('',(0.260724887159063,0.00251,0.141344331349739));
#8859=CARTESIAN_POINT('',(0.260724887159063,0.00251,0.141344331349739));
#8860=CARTESIAN_POINT('',(0.260724887159063,0.00251,0.140844331349739));
#8861=CARTESIAN_POINT('',(0.260724887159063,0.00251,0.140844331349739));
#8862=CARTESIAN_POINT('',(0.260224887159063,0.00251,0.140844331349739));
#8863=CARTESIAN_POINT('',(0.260224887159063,0.00251,0.140844331349739));
#8864=CARTESIAN_POINT('',(0.317874887159063,0.00251,0.108794331349739));
#8865=CARTESIAN_POINT('',(0.317374887159063,0.00251,0.108794331349739));
#8866=CARTESIAN_POINT('',(0.317374887159063,0.00251,0.108794331349739));
#8867=CARTESIAN_POINT('',(0.317874887159063,0.00251,0.108794331349739));
#8868=CARTESIAN_POINT('',(0.317874887159063,0.00251,0.108294331349739));
#8869=CARTESIAN_POINT('',(0.317874887159063,0.00251,0.108294331349739));
#8870=CARTESIAN_POINT('',(0.324374887159063,0.00251,0.108294331349739));
#8871=CARTESIAN_POINT('',(0.324374887159063,0.00251,0.108294331349739));
#8872=CARTESIAN_POINT('',(0.330874887159063,0.00251,0.108294331349739));
#8873=CARTESIAN_POINT('',(0.330874887159063,0.00251,0.108294331349739));
#8874=CARTESIAN_POINT('',(0.330874887159063,0.00251,0.108794331349739));
#8875=CARTESIAN_POINT('',(0.330874887159063,0.00251,0.108794331349739));
#8876=CARTESIAN_POINT('',(0.331374887159063,0.00251,0.108794331349739));
#8877=CARTESIAN_POINT('',(0.331374887159063,0.00251,0.108794331349739));
#8878=CARTESIAN_POINT('',(0.331374887159063,0.00251,0.115294331349739));
#8879=CARTESIAN_POINT('',(0.331374887159063,0.00251,0.115294331349739));
#8880=CARTESIAN_POINT('',(0.331374887159063,0.00251,0.121794331349739));
#8881=CARTESIAN_POINT('',(0.331374887159063,0.00251,0.121794331349739));
#8882=CARTESIAN_POINT('',(0.330874887159063,0.00251,0.121794331349739));
#8883=CARTESIAN_POINT('',(0.330874887159063,0.00251,0.121794331349739));
#8884=CARTESIAN_POINT('',(0.330874887159063,0.00251,0.122294331349739));
#8885=CARTESIAN_POINT('',(0.330874887159063,0.00251,0.122294331349739));
#8886=CARTESIAN_POINT('',(0.324374887159063,0.00251,0.122294331349739));
#8887=CARTESIAN_POINT('',(0.324374887159063,0.00251,0.122294331349739));
#8888=CARTESIAN_POINT('',(0.317874887159063,0.00251,0.122294331349739));
#8889=CARTESIAN_POINT('',(0.317874887159063,0.00251,0.122294331349739));
#8890=CARTESIAN_POINT('',(0.317874887159063,0.00251,0.121794331349739));
#8891=CARTESIAN_POINT('',(0.317874887159063,0.00251,0.121794331349739));
#8892=CARTESIAN_POINT('',(0.317374887159063,0.00251,0.121794331349739));
#8893=CARTESIAN_POINT('',(0.317374887159063,0.00251,0.121794331349739));
#8894=CARTESIAN_POINT('',(0.260724887159063,0.00251,0.108794331349739));
#8895=CARTESIAN_POINT('',(0.260224887159063,0.00251,0.108794331349739));
#8896=CARTESIAN_POINT('',(0.260224887159063,0.00251,0.108794331349739));
#8897=CARTESIAN_POINT('',(0.260724887159063,0.00251,0.108794331349739));
#8898=CARTESIAN_POINT('',(0.260724887159063,0.00251,0.108294331349739));
#8899=CARTESIAN_POINT('',(0.260724887159063,0.00251,0.108294331349739));
#8900=CARTESIAN_POINT('',(0.267224887159063,0.00251,0.108294331349739));
#8901=CARTESIAN_POINT('',(0.267224887159063,0.00251,0.108294331349739));
#8902=CARTESIAN_POINT('',(0.273724887159063,0.00251,0.108294331349739));
#8903=CARTESIAN_POINT('',(0.273724887159063,0.00251,0.108294331349739));
#8904=CARTESIAN_POINT('',(0.273724887159063,0.00251,0.108794331349739));
#8905=CARTESIAN_POINT('',(0.273724887159063,0.00251,0.108794331349739));
#8906=CARTESIAN_POINT('',(0.274224887159063,0.00251,0.108794331349739));
#8907=CARTESIAN_POINT('',(0.274224887159063,0.00251,0.108794331349739));
#8908=CARTESIAN_POINT('',(0.274224887159063,0.00251,0.115294331349739));
#8909=CARTESIAN_POINT('',(0.274224887159063,0.00251,0.115294331349739));
#8910=CARTESIAN_POINT('',(0.274224887159063,0.00251,0.121794331349739));
#8911=CARTESIAN_POINT('',(0.274224887159063,0.00251,0.121794331349739));
#8912=CARTESIAN_POINT('',(0.273724887159063,0.00251,0.121794331349739));
#8913=CARTESIAN_POINT('',(0.273724887159063,0.00251,0.121794331349739));
#8914=CARTESIAN_POINT('',(0.273724887159063,0.00251,0.122294331349739));
#8915=CARTESIAN_POINT('',(0.273724887159063,0.00251,0.122294331349739));
#8916=CARTESIAN_POINT('',(0.267224887159063,0.00251,0.122294331349739));
#8917=CARTESIAN_POINT('',(0.267224887159063,0.00251,0.122294331349739));
#8918=CARTESIAN_POINT('',(0.260724887159063,0.00251,0.122294331349739));
#8919=CARTESIAN_POINT('',(0.260724887159063,0.00251,0.122294331349739));
#8920=CARTESIAN_POINT('',(0.260724887159063,0.00251,0.121794331349739));
#8921=CARTESIAN_POINT('',(0.260724887159063,0.00251,0.121794331349739));
#8922=CARTESIAN_POINT('',(0.260224887159063,0.00251,0.121794331349739));
#8923=CARTESIAN_POINT('',(0.260224887159063,0.00251,0.121794331349739));
#8924=CARTESIAN_POINT('',(0.241599423074646,0.00251,0.108812167640637));
#8925=CARTESIAN_POINT('',(0.241099423074646,0.00251,0.108812167640637));
#8926=CARTESIAN_POINT('',(0.241099423074646,0.00251,0.108812167640637));
#8927=CARTESIAN_POINT('',(0.241599423074646,0.00251,0.108812167640637));
#8928=CARTESIAN_POINT('',(0.241599423074646,0.00251,0.108312167640637));
#8929=CARTESIAN_POINT('',(0.241599423074646,0.00251,0.108312167640637));
#8930=CARTESIAN_POINT('',(0.248099423074646,0.00251,0.108312167640637));
#8931=CARTESIAN_POINT('',(0.248099423074646,0.00251,0.108312167640637));
#8932=CARTESIAN_POINT('',(0.254599423074646,0.00251,0.108312167640637));
#8933=CARTESIAN_POINT('',(0.254599423074646,0.00251,0.108312167640637));
#8934=CARTESIAN_POINT('',(0.254599741556284,0.00251,0.108812167539207));
#8935=CARTESIAN_POINT('',(0.254599741556284,0.00251,0.108812167539207));
#8936=CARTESIAN_POINT('',(0.255099423074646,0.00251,0.108794324327405));
#8937=CARTESIAN_POINT('',(0.255099423074646,0.00251,0.108794324327405));
#8938=CARTESIAN_POINT('',(0.255099423074646,0.00251,0.115303245984021));
#8939=CARTESIAN_POINT('',(0.255099423074646,0.00251,0.115303245984021));
#8940=CARTESIAN_POINT('',(0.255099423074646,0.00251,0.121812167640637));
#8941=CARTESIAN_POINT('',(0.255099423074646,0.00251,0.121812167640637));
#8942=CARTESIAN_POINT('',(0.254599423074646,0.00251,0.121812167640637));
#8943=CARTESIAN_POINT('',(0.254599423074646,0.00251,0.121812167640637));
#8944=CARTESIAN_POINT('',(0.254599423074646,0.00251,0.122312167640637));
#8945=CARTESIAN_POINT('',(0.254599423074646,0.00251,0.122312167640637));
#8946=CARTESIAN_POINT('',(0.248099423074646,0.00251,0.122312167640637));
#8947=CARTESIAN_POINT('',(0.248099423074646,0.00251,0.122312167640637));
#8948=CARTESIAN_POINT('',(0.241599423074646,0.00251,0.122312167640637));
#8949=CARTESIAN_POINT('',(0.241599423074646,0.00251,0.122312167640637));
#8950=CARTESIAN_POINT('',(0.241599423074646,0.00251,0.121812167640637));
#8951=CARTESIAN_POINT('',(0.241599423074646,0.00251,0.121812167640637));
#8952=CARTESIAN_POINT('',(0.241099423074646,0.00251,0.121812167640637));
#8953=CARTESIAN_POINT('',(0.241099423074646,0.00251,0.121812167640637));
#8954=CARTESIAN_POINT('',(0.298824887159063,0.00251,0.0992693313497394));
#8955=CARTESIAN_POINT('',(0.298324887159063,0.00251,0.0992693313497394));
#8956=CARTESIAN_POINT('',(0.298324887159063,0.00251,0.0992693313497394));
#8957=CARTESIAN_POINT('',(0.298824887159063,0.00251,0.0992693313497394));
#8958=CARTESIAN_POINT('',(0.298824887159063,0.00251,0.0987693313497394));
#8959=CARTESIAN_POINT('',(0.298824887159063,0.00251,0.0987693313497394));
#8960=CARTESIAN_POINT('',(0.305324887159063,0.00251,0.0987693313497394));
#8961=CARTESIAN_POINT('',(0.305324887159063,0.00251,0.0987693313497394));
#8962=CARTESIAN_POINT('',(0.311824887159063,0.00251,0.0987693313497394));
#8963=CARTESIAN_POINT('',(0.311824887159063,0.00251,0.0987693313497394));
#8964=CARTESIAN_POINT('',(0.311824887159063,0.00251,0.0992693313497394));
#8965=CARTESIAN_POINT('',(0.311824887159063,0.00251,0.0992693313497394));
#8966=CARTESIAN_POINT('',(0.312324887159063,0.00251,0.0992693313497394));
#8967=CARTESIAN_POINT('',(0.312324887159063,0.00251,0.0992693313497394));
#8968=CARTESIAN_POINT('',(0.312324887159063,0.00251,0.105769331349739));
#8969=CARTESIAN_POINT('',(0.312324887159063,0.00251,0.105769331349739));
#8970=CARTESIAN_POINT('',(0.312324887159063,0.00251,0.112269331349739));
#8971=CARTESIAN_POINT('',(0.312324887159063,0.00251,0.112269331349739));
#8972=CARTESIAN_POINT('',(0.311824887159063,0.00251,0.112269331349739));
#8973=CARTESIAN_POINT('',(0.311824887159063,0.00251,0.112269331349739));
#8974=CARTESIAN_POINT('',(0.311824887159063,0.00251,0.112769331349739));
#8975=CARTESIAN_POINT('',(0.311824887159063,0.00251,0.112769331349739));
#8976=CARTESIAN_POINT('',(0.305324887159063,0.00251,0.112769331349739));
#8977=CARTESIAN_POINT('',(0.305324887159063,0.00251,0.112769331349739));
#8978=CARTESIAN_POINT('',(0.298824887159063,0.00251,0.112769331349739));
#8979=CARTESIAN_POINT('',(0.298824887159063,0.00251,0.112769331349739));
#8980=CARTESIAN_POINT('',(0.298824887159063,0.00251,0.112269331349739));
#8981=CARTESIAN_POINT('',(0.298824887159063,0.00251,0.112269331349739));
#8982=CARTESIAN_POINT('',(0.298324887159063,0.00251,0.112269331349739));
#8983=CARTESIAN_POINT('',(0.298324887159063,0.00251,0.112269331349739));
#8984=CARTESIAN_POINT('',(0.279774887159063,0.00251,0.0992693313497394));
#8985=CARTESIAN_POINT('',(0.279274887159063,0.00251,0.0992693313497394));
#8986=CARTESIAN_POINT('',(0.279274887159063,0.00251,0.0992693313497394));
#8987=CARTESIAN_POINT('',(0.279774887159063,0.00251,0.0992693313497394));
#8988=CARTESIAN_POINT('',(0.279774887159063,0.00251,0.0987693313497394));
#8989=CARTESIAN_POINT('',(0.279774887159063,0.00251,0.0987693313497394));
#8990=CARTESIAN_POINT('',(0.286274887159063,0.00251,0.0987693313497394));
#8991=CARTESIAN_POINT('',(0.286274887159063,0.00251,0.0987693313497394));
#8992=CARTESIAN_POINT('',(0.292774887159063,0.00251,0.0987693313497394));
#8993=CARTESIAN_POINT('',(0.292774887159063,0.00251,0.0987693313497394));
#8994=CARTESIAN_POINT('',(0.292774887159063,0.00251,0.0992693313497394));
#8995=CARTESIAN_POINT('',(0.292774887159063,0.00251,0.0992693313497394));
#8996=CARTESIAN_POINT('',(0.293274887159063,0.00251,0.0992693313497394));
#8997=CARTESIAN_POINT('',(0.293274887159063,0.00251,0.0992693313497394));
#8998=CARTESIAN_POINT('',(0.293274887159063,0.00251,0.105769331349739));
#8999=CARTESIAN_POINT('',(0.293274887159063,0.00251,0.105769331349739));
#9000=CARTESIAN_POINT('',(0.293274887159063,0.00251,0.112269331349739));
#9001=CARTESIAN_POINT('',(0.293274887159063,0.00251,0.112269331349739));
#9002=CARTESIAN_POINT('',(0.292774887159063,0.00251,0.112269331349739));
#9003=CARTESIAN_POINT('',(0.292774887159063,0.00251,0.112269331349739));
#9004=CARTESIAN_POINT('',(0.292774887159063,0.00251,0.112769331349739));
#9005=CARTESIAN_POINT('',(0.292774887159063,0.00251,0.112769331349739));
#9006=CARTESIAN_POINT('',(0.286274887159063,0.00251,0.112769331349739));
#9007=CARTESIAN_POINT('',(0.286274887159063,0.00251,0.112769331349739));
#9008=CARTESIAN_POINT('',(0.279774887159063,0.00251,0.112769331349739));
#9009=CARTESIAN_POINT('',(0.279774887159063,0.00251,0.112769331349739));
#9010=CARTESIAN_POINT('',(0.279774887159063,0.00251,0.112269331349739));
#9011=CARTESIAN_POINT('',(0.279774887159063,0.00251,0.112269331349739));
#9012=CARTESIAN_POINT('',(0.279274887159063,0.00251,0.112269331349739));
#9013=CARTESIAN_POINT('',(0.279274887159063,0.00251,0.112269331349739));
#9014=CARTESIAN_POINT('',(0.317874887159063,0.00251,0.0897443313497394));
#9015=CARTESIAN_POINT('',(0.317374887159063,0.00251,0.0897443313497394));
#9016=CARTESIAN_POINT('',(0.317374887159063,0.00251,0.0897443313497394));
#9017=CARTESIAN_POINT('',(0.317874887159063,0.00251,0.0897443313497394));
#9018=CARTESIAN_POINT('',(0.317874887159063,0.00251,0.0892443313497394));
#9019=CARTESIAN_POINT('',(0.317874887159063,0.00251,0.0892443313497394));
#9020=CARTESIAN_POINT('',(0.324374887159063,0.00251,0.0892443313497394));
#9021=CARTESIAN_POINT('',(0.324374887159063,0.00251,0.0892443313497394));
#9022=CARTESIAN_POINT('',(0.330874887159063,0.00251,0.0892443313497394));
#9023=CARTESIAN_POINT('',(0.330874887159063,0.00251,0.0892443313497394));
#9024=CARTESIAN_POINT('',(0.330874887159063,0.00251,0.0897443313497394));
#9025=CARTESIAN_POINT('',(0.330874887159063,0.00251,0.0897443313497394));
#9026=CARTESIAN_POINT('',(0.331374887159063,0.00251,0.0897443313497394));
#9027=CARTESIAN_POINT('',(0.331374887159063,0.00251,0.0897443313497394));
#9028=CARTESIAN_POINT('',(0.331374887159063,0.00251,0.0962443313497394));
#9029=CARTESIAN_POINT('',(0.331374887159063,0.00251,0.0962443313497394));
#9030=CARTESIAN_POINT('',(0.331374887159063,0.00251,0.102744331349739));
#9031=CARTESIAN_POINT('',(0.331374887159063,0.00251,0.102744331349739));
#9032=CARTESIAN_POINT('',(0.330874887159063,0.00251,0.102744331349739));
#9033=CARTESIAN_POINT('',(0.330874887159063,0.00251,0.102744331349739));
#9034=CARTESIAN_POINT('',(0.330874887159063,0.00251,0.103244331349739));
#9035=CARTESIAN_POINT('',(0.330874887159063,0.00251,0.103244331349739));
#9036=CARTESIAN_POINT('',(0.324374887159063,0.00251,0.103244331349739));
#9037=CARTESIAN_POINT('',(0.324374887159063,0.00251,0.103244331349739));
#9038=CARTESIAN_POINT('',(0.317874887159063,0.00251,0.103244331349739));
#9039=CARTESIAN_POINT('',(0.317874887159063,0.00251,0.103244331349739));
#9040=CARTESIAN_POINT('',(0.317874887159063,0.00251,0.102744331349739));
#9041=CARTESIAN_POINT('',(0.317874887159063,0.00251,0.102744331349739));
#9042=CARTESIAN_POINT('',(0.317374887159063,0.00251,0.102744331349739));
#9043=CARTESIAN_POINT('',(0.317374887159063,0.00251,0.102744331349739));
#9044=CARTESIAN_POINT('',(0.260724887159063,0.00251,0.0897443313497394));
#9045=CARTESIAN_POINT('',(0.260224887159063,0.00251,0.0897443313497394));
#9046=CARTESIAN_POINT('',(0.260224887159063,0.00251,0.0897443313497394));
#9047=CARTESIAN_POINT('',(0.260724887159063,0.00251,0.0897443313497394));
#9048=CARTESIAN_POINT('',(0.260724887159063,0.00251,0.0892443313497394));
#9049=CARTESIAN_POINT('',(0.260724887159063,0.00251,0.0892443313497394));
#9050=CARTESIAN_POINT('',(0.267224887159063,0.00251,0.0892443313497394));
#9051=CARTESIAN_POINT('',(0.267224887159063,0.00251,0.0892443313497394));
#9052=CARTESIAN_POINT('',(0.273724887159063,0.00251,0.0892443313497394));
#9053=CARTESIAN_POINT('',(0.273724887159063,0.00251,0.0892443313497394));
#9054=CARTESIAN_POINT('',(0.273724887159063,0.00251,0.0897443313497394));
#9055=CARTESIAN_POINT('',(0.273724887159063,0.00251,0.0897443313497394));
#9056=CARTESIAN_POINT('',(0.274224887159063,0.00251,0.0897443313497394));
#9057=CARTESIAN_POINT('',(0.274224887159063,0.00251,0.0897443313497394));
#9058=CARTESIAN_POINT('',(0.274224887159063,0.00251,0.0962443313497394));
#9059=CARTESIAN_POINT('',(0.274224887159063,0.00251,0.0962443313497394));
#9060=CARTESIAN_POINT('',(0.274224887159063,0.00251,0.102744331349739));
#9061=CARTESIAN_POINT('',(0.274224887159063,0.00251,0.102744331349739));
#9062=CARTESIAN_POINT('',(0.273724887159063,0.00251,0.102744331349739));
#9063=CARTESIAN_POINT('',(0.273724887159063,0.00251,0.102744331349739));
#9064=CARTESIAN_POINT('',(0.273724887159063,0.00251,0.103244331349739));
#9065=CARTESIAN_POINT('',(0.273724887159063,0.00251,0.103244331349739));
#9066=CARTESIAN_POINT('',(0.267224887159063,0.00251,0.103244331349739));
#9067=CARTESIAN_POINT('',(0.267224887159063,0.00251,0.103244331349739));
#9068=CARTESIAN_POINT('',(0.260724887159063,0.00251,0.103244331349739));
#9069=CARTESIAN_POINT('',(0.260724887159063,0.00251,0.103244331349739));
#9070=CARTESIAN_POINT('',(0.260724887159063,0.00251,0.102744331349739));
#9071=CARTESIAN_POINT('',(0.260724887159063,0.00251,0.102744331349739));
#9072=CARTESIAN_POINT('',(0.260224887159063,0.00251,0.102744331349739));
#9073=CARTESIAN_POINT('',(0.260224887159063,0.00251,0.102744331349739));
#9074=CARTESIAN_POINT('',(0.241674887159063,0.00251,0.0897443313497394));
#9075=CARTESIAN_POINT('',(0.241174887159063,0.00251,0.0897443313497394));
#9076=CARTESIAN_POINT('',(0.241174887159063,0.00251,0.0897443313497394));
#9077=CARTESIAN_POINT('',(0.241674887159063,0.00251,0.0897443313497394));
#9078=CARTESIAN_POINT('',(0.241674887159063,0.00251,0.0892443313497394));
#9079=CARTESIAN_POINT('',(0.241674887159063,0.00251,0.0892443313497394));
#9080=CARTESIAN_POINT('',(0.248174887159063,0.00251,0.0892443313497394));
#9081=CARTESIAN_POINT('',(0.248174887159063,0.00251,0.0892443313497394));
#9082=CARTESIAN_POINT('',(0.254674887159063,0.00251,0.0892443313497394));
#9083=CARTESIAN_POINT('',(0.254674887159063,0.00251,0.0892443313497394));
#9084=CARTESIAN_POINT('',(0.254674887159063,0.00251,0.0897443313497394));
#9085=CARTESIAN_POINT('',(0.254674887159063,0.00251,0.0897443313497394));
#9086=CARTESIAN_POINT('',(0.255174887159063,0.00251,0.0897443313497394));
#9087=CARTESIAN_POINT('',(0.255174887159063,0.00251,0.0897443313497394));
#9088=CARTESIAN_POINT('',(0.255174887159063,0.00251,0.0962443313497394));
#9089=CARTESIAN_POINT('',(0.255174887159063,0.00251,0.0962443313497394));
#9090=CARTESIAN_POINT('',(0.255174887159063,0.00251,0.102744331349739));
#9091=CARTESIAN_POINT('',(0.255174887159063,0.00251,0.102744331349739));
#9092=CARTESIAN_POINT('',(0.254674887159063,0.00251,0.102744331349739));
#9093=CARTESIAN_POINT('',(0.254674887159063,0.00251,0.102744331349739));
#9094=CARTESIAN_POINT('',(0.254674887159063,0.00251,0.103244331349739));
#9095=CARTESIAN_POINT('',(0.254674887159063,0.00251,0.103244331349739));
#9096=CARTESIAN_POINT('',(0.248174887159063,0.00251,0.103244331349739));
#9097=CARTESIAN_POINT('',(0.248174887159063,0.00251,0.103244331349739));
#9098=CARTESIAN_POINT('',(0.241674887159063,0.00251,0.103244331349739));
#9099=CARTESIAN_POINT('',(0.241674887159063,0.00251,0.103244331349739));
#9100=CARTESIAN_POINT('',(0.241674887159063,0.00251,0.102744331349739));
#9101=CARTESIAN_POINT('',(0.241674887159063,0.00251,0.102744331349739));
#9102=CARTESIAN_POINT('',(0.241174887159063,0.00251,0.102744331349739));
#9103=CARTESIAN_POINT('',(0.241174887159063,0.00251,0.102744331349739));
#9104=CARTESIAN_POINT('',(0.298824887159063,0.00251,0.0802193313497394));
#9105=CARTESIAN_POINT('',(0.298324887159063,0.00251,0.0802193313497394));
#9106=CARTESIAN_POINT('',(0.298324887159063,0.00251,0.0802193313497394));
#9107=CARTESIAN_POINT('',(0.298824887159063,0.00251,0.0802193313497394));
#9108=CARTESIAN_POINT('',(0.298824887159063,0.00251,0.0797193313497394));
#9109=CARTESIAN_POINT('',(0.298824887159063,0.00251,0.0797193313497394));
#9110=CARTESIAN_POINT('',(0.305324887159063,0.00251,0.0797193313497394));
#9111=CARTESIAN_POINT('',(0.305324887159063,0.00251,0.0797193313497394));
#9112=CARTESIAN_POINT('',(0.311824887159063,0.00251,0.0797193313497394));
#9113=CARTESIAN_POINT('',(0.311824887159063,0.00251,0.0797193313497394));
#9114=CARTESIAN_POINT('',(0.311824887159063,0.00251,0.0802193313497394));
#9115=CARTESIAN_POINT('',(0.311824887159063,0.00251,0.0802193313497394));
#9116=CARTESIAN_POINT('',(0.312324887159063,0.00251,0.0802193313497394));
#9117=CARTESIAN_POINT('',(0.312324887159063,0.00251,0.0802193313497394));
#9118=CARTESIAN_POINT('',(0.312324887159063,0.00251,0.0867193313497394));
#9119=CARTESIAN_POINT('',(0.312324887159063,0.00251,0.0867193313497394));
#9120=CARTESIAN_POINT('',(0.312324887159063,0.00251,0.0932193313497394));
#9121=CARTESIAN_POINT('',(0.312324887159063,0.00251,0.0932193313497394));
#9122=CARTESIAN_POINT('',(0.311824887159063,0.00251,0.0932193313497394));
#9123=CARTESIAN_POINT('',(0.311824887159063,0.00251,0.0932193313497394));
#9124=CARTESIAN_POINT('',(0.311824887159063,0.00251,0.0937193313497394));
#9125=CARTESIAN_POINT('',(0.311824887159063,0.00251,0.0937193313497394));
#9126=CARTESIAN_POINT('',(0.305324887159063,0.00251,0.0937193313497394));
#9127=CARTESIAN_POINT('',(0.305324887159063,0.00251,0.0937193313497394));
#9128=CARTESIAN_POINT('',(0.298824887159063,0.00251,0.0937193313497394));
#9129=CARTESIAN_POINT('',(0.298824887159063,0.00251,0.0937193313497394));
#9130=CARTESIAN_POINT('',(0.298824887159063,0.00251,0.0932193313497394));
#9131=CARTESIAN_POINT('',(0.298824887159063,0.00251,0.0932193313497394));
#9132=CARTESIAN_POINT('',(0.298324887159063,0.00251,0.0932193313497394));
#9133=CARTESIAN_POINT('',(0.298324887159063,0.00251,0.0932193313497394));
#9134=CARTESIAN_POINT('',(0.279774887159063,0.00251,0.0802193313497394));
#9135=CARTESIAN_POINT('',(0.279274887159063,0.00251,0.0802193313497394));
#9136=CARTESIAN_POINT('',(0.279274887159063,0.00251,0.0802193313497394));
#9137=CARTESIAN_POINT('',(0.279774887159063,0.00251,0.0802193313497394));
#9138=CARTESIAN_POINT('',(0.279774887159063,0.00251,0.0797193313497394));
#9139=CARTESIAN_POINT('',(0.279774887159063,0.00251,0.0797193313497394));
#9140=CARTESIAN_POINT('',(0.286274887159063,0.00251,0.0797193313497394));
#9141=CARTESIAN_POINT('',(0.286274887159063,0.00251,0.0797193313497394));
#9142=CARTESIAN_POINT('',(0.292774887159063,0.00251,0.0797193313497394));
#9143=CARTESIAN_POINT('',(0.292774887159063,0.00251,0.0797193313497394));
#9144=CARTESIAN_POINT('',(0.292774887159063,0.00251,0.0802193313497394));
#9145=CARTESIAN_POINT('',(0.292774887159063,0.00251,0.0802193313497394));
#9146=CARTESIAN_POINT('',(0.293274887159063,0.00251,0.0802193313497394));
#9147=CARTESIAN_POINT('',(0.293274887159063,0.00251,0.0802193313497394));
#9148=CARTESIAN_POINT('',(0.293274887159063,0.00251,0.0867193313497394));
#9149=CARTESIAN_POINT('',(0.293274887159063,0.00251,0.0867193313497394));
#9150=CARTESIAN_POINT('',(0.293274887159063,0.00251,0.0932193313497394));
#9151=CARTESIAN_POINT('',(0.293274887159063,0.00251,0.0932193313497394));
#9152=CARTESIAN_POINT('',(0.292774887159063,0.00251,0.0932193313497394));
#9153=CARTESIAN_POINT('',(0.292774887159063,0.00251,0.0932193313497394));
#9154=CARTESIAN_POINT('',(0.292774887159063,0.00251,0.0937193313497394));
#9155=CARTESIAN_POINT('',(0.292774887159063,0.00251,0.0937193313497394));
#9156=CARTESIAN_POINT('',(0.286274887159063,0.00251,0.0937193313497394));
#9157=CARTESIAN_POINT('',(0.286274887159063,0.00251,0.0937193313497394));
#9158=CARTESIAN_POINT('',(0.279774887159063,0.00251,0.0937193313497394));
#9159=CARTESIAN_POINT('',(0.279774887159063,0.00251,0.0937193313497394));
#9160=CARTESIAN_POINT('',(0.279774887159063,0.00251,0.0932193313497394));
#9161=CARTESIAN_POINT('',(0.279774887159063,0.00251,0.0932193313497394));
#9162=CARTESIAN_POINT('',(0.279274887159063,0.00251,0.0932193313497394));
#9163=CARTESIAN_POINT('',(0.279274887159063,0.00251,0.0932193313497394));
#9164=CARTESIAN_POINT('',(0.317874887159063,0.00251,0.0706943313497394));
#9165=CARTESIAN_POINT('',(0.317374887159063,0.00251,0.0706943313497394));
#9166=CARTESIAN_POINT('',(0.317374887159063,0.00251,0.0706943313497394));
#9167=CARTESIAN_POINT('',(0.317874887159063,0.00251,0.0706943313497394));
#9168=CARTESIAN_POINT('',(0.317874887159063,0.00251,0.0701943313497394));
#9169=CARTESIAN_POINT('',(0.317874887159063,0.00251,0.0701943313497394));
#9170=CARTESIAN_POINT('',(0.324374887159063,0.00251,0.0701943313497394));
#9171=CARTESIAN_POINT('',(0.324374887159063,0.00251,0.0701943313497394));
#9172=CARTESIAN_POINT('',(0.330874887159063,0.00251,0.0701943313497394));
#9173=CARTESIAN_POINT('',(0.330874887159063,0.00251,0.0701943313497394));
#9174=CARTESIAN_POINT('',(0.330874887159063,0.00251,0.0706943313497394));
#9175=CARTESIAN_POINT('',(0.330874887159063,0.00251,0.0706943313497394));
#9176=CARTESIAN_POINT('',(0.331374887159063,0.00251,0.0706943313497394));
#9177=CARTESIAN_POINT('',(0.331374887159063,0.00251,0.0706943313497394));
#9178=CARTESIAN_POINT('',(0.331374887159063,0.00251,0.0771943313497394));
#9179=CARTESIAN_POINT('',(0.331374887159063,0.00251,0.0771943313497394));
#9180=CARTESIAN_POINT('',(0.331374887159063,0.00251,0.0836943313497394));
#9181=CARTESIAN_POINT('',(0.331374887159063,0.00251,0.0836943313497394));
#9182=CARTESIAN_POINT('',(0.330874887159063,0.00251,0.0836943313497394));
#9183=CARTESIAN_POINT('',(0.330874887159063,0.00251,0.0836943313497394));
#9184=CARTESIAN_POINT('',(0.330874887159063,0.00251,0.0841943313497394));
#9185=CARTESIAN_POINT('',(0.330874887159063,0.00251,0.0841943313497394));
#9186=CARTESIAN_POINT('',(0.324374887159063,0.00251,0.0841943313497394));
#9187=CARTESIAN_POINT('',(0.324374887159063,0.00251,0.0841943313497394));
#9188=CARTESIAN_POINT('',(0.317874887159063,0.00251,0.0841943313497394));
#9189=CARTESIAN_POINT('',(0.317874887159063,0.00251,0.0841943313497394));
#9190=CARTESIAN_POINT('',(0.317874887159063,0.00251,0.0836943313497394));
#9191=CARTESIAN_POINT('',(0.317874887159063,0.00251,0.0836943313497394));
#9192=CARTESIAN_POINT('',(0.317374887159063,0.00251,0.0836943313497394));
#9193=CARTESIAN_POINT('',(0.317374887159063,0.00251,0.0836943313497394));
#9194=CARTESIAN_POINT('',(0.260724887159063,0.00251,0.0706943313497394));
#9195=CARTESIAN_POINT('',(0.260224887159063,0.00251,0.0706943313497394));
#9196=CARTESIAN_POINT('',(0.260224887159063,0.00251,0.0706943313497394));
#9197=CARTESIAN_POINT('',(0.260724887159063,0.00251,0.0706943313497394));
#9198=CARTESIAN_POINT('',(0.260724887159063,0.00251,0.0701943313497394));
#9199=CARTESIAN_POINT('',(0.260724887159063,0.00251,0.0701943313497394));
#9200=CARTESIAN_POINT('',(0.267224887159063,0.00251,0.0701943313497394));
#9201=CARTESIAN_POINT('',(0.267224887159063,0.00251,0.0701943313497394));
#9202=CARTESIAN_POINT('',(0.273724887159063,0.00251,0.0701943313497394));
#9203=CARTESIAN_POINT('',(0.273724887159063,0.00251,0.0701943313497394));
#9204=CARTESIAN_POINT('',(0.273724887159063,0.00251,0.0706943313497394));
#9205=CARTESIAN_POINT('',(0.273724887159063,0.00251,0.0706943313497394));
#9206=CARTESIAN_POINT('',(0.274224887159063,0.00251,0.0706943313497394));
#9207=CARTESIAN_POINT('',(0.274224887159063,0.00251,0.0706943313497394));
#9208=CARTESIAN_POINT('',(0.274224887159063,0.00251,0.0771943313497394));
#9209=CARTESIAN_POINT('',(0.274224887159063,0.00251,0.0771943313497394));
#9210=CARTESIAN_POINT('',(0.274224887159063,0.00251,0.0836943313497394));
#9211=CARTESIAN_POINT('',(0.274224887159063,0.00251,0.0836943313497394));
#9212=CARTESIAN_POINT('',(0.273724887159063,0.00251,0.0836943313497394));
#9213=CARTESIAN_POINT('',(0.273724887159063,0.00251,0.0836943313497394));
#9214=CARTESIAN_POINT('',(0.273724887159063,0.00251,0.0841943313497394));
#9215=CARTESIAN_POINT('',(0.273724887159063,0.00251,0.0841943313497394));
#9216=CARTESIAN_POINT('',(0.267224887159063,0.00251,0.0841943313497394));
#9217=CARTESIAN_POINT('',(0.267224887159063,0.00251,0.0841943313497394));
#9218=CARTESIAN_POINT('',(0.260724887159063,0.00251,0.0841943313497394));
#9219=CARTESIAN_POINT('',(0.260724887159063,0.00251,0.0841943313497394));
#9220=CARTESIAN_POINT('',(0.260724887159063,0.00251,0.0836943313497394));
#9221=CARTESIAN_POINT('',(0.260724887159063,0.00251,0.0836943313497394));
#9222=CARTESIAN_POINT('',(0.260224887159063,0.00251,0.0836943313497394));
#9223=CARTESIAN_POINT('',(0.260224887159063,0.00251,0.0836943313497394));
#9224=CARTESIAN_POINT('',(0.241674887159063,0.00251,0.0706943313497394));
#9225=CARTESIAN_POINT('',(0.241174887159063,0.00251,0.0706943313497394));
#9226=CARTESIAN_POINT('',(0.241174887159063,0.00251,0.0706943313497394));
#9227=CARTESIAN_POINT('',(0.241674887159063,0.00251,0.0706943313497394));
#9228=CARTESIAN_POINT('',(0.241674887159063,0.00251,0.0701943313497394));
#9229=CARTESIAN_POINT('',(0.241674887159063,0.00251,0.0701943313497394));
#9230=CARTESIAN_POINT('',(0.248174887159063,0.00251,0.0701943313497394));
#9231=CARTESIAN_POINT('',(0.248174887159063,0.00251,0.0701943313497394));
#9232=CARTESIAN_POINT('',(0.254674887159063,0.00251,0.0701943313497394));
#9233=CARTESIAN_POINT('',(0.254674887159063,0.00251,0.0701943313497394));
#9234=CARTESIAN_POINT('',(0.254674887159063,0.00251,0.0706943313497394));
#9235=CARTESIAN_POINT('',(0.254674887159063,0.00251,0.0706943313497394));
#9236=CARTESIAN_POINT('',(0.255174887159063,0.00251,0.0706943313497394));
#9237=CARTESIAN_POINT('',(0.255174887159063,0.00251,0.0706943313497394));
#9238=CARTESIAN_POINT('',(0.255174887159063,0.00251,0.0771943313497394));
#9239=CARTESIAN_POINT('',(0.255174887159063,0.00251,0.0771943313497394));
#9240=CARTESIAN_POINT('',(0.255174887159063,0.00251,0.0836943313497394));
#9241=CARTESIAN_POINT('',(0.255174887159063,0.00251,0.0836943313497394));
#9242=CARTESIAN_POINT('',(0.254674887159063,0.00251,0.0836943313497394));
#9243=CARTESIAN_POINT('',(0.254674887159063,0.00251,0.0836943313497394));
#9244=CARTESIAN_POINT('',(0.254674887159063,0.00251,0.0841943313497394));
#9245=CARTESIAN_POINT('',(0.254674887159063,0.00251,0.0841943313497394));
#9246=CARTESIAN_POINT('',(0.248174887159063,0.00251,0.0841943313497394));
#9247=CARTESIAN_POINT('',(0.248174887159063,0.00251,0.0841943313497394));
#9248=CARTESIAN_POINT('',(0.241674887159063,0.00251,0.0841943313497394));
#9249=CARTESIAN_POINT('',(0.241674887159063,0.00251,0.0841943313497394));
#9250=CARTESIAN_POINT('',(0.241674887159063,0.00251,0.0836943313497394));
#9251=CARTESIAN_POINT('',(0.241674887159063,0.00251,0.0836943313497394));
#9252=CARTESIAN_POINT('',(0.241174887159063,0.00251,0.0836943313497394));
#9253=CARTESIAN_POINT('',(0.241174887159063,0.00251,0.0836943313497394));
#9254=CARTESIAN_POINT('',(0.298824887159063,0.00251,0.0611693313497394));
#9255=CARTESIAN_POINT('',(0.298324887159063,0.00251,0.0611693313497394));
#9256=CARTESIAN_POINT('',(0.298324887159063,0.00251,0.0611693313497394));
#9257=CARTESIAN_POINT('',(0.298824887159063,0.00251,0.0611693313497394));
#9258=CARTESIAN_POINT('',(0.298824887159063,0.00251,0.0606693313497394));
#9259=CARTESIAN_POINT('',(0.298824887159063,0.00251,0.0606693313497394));
#9260=CARTESIAN_POINT('',(0.305324887159063,0.00251,0.0606693313497394));
#9261=CARTESIAN_POINT('',(0.305324887159063,0.00251,0.0606693313497394));
#9262=CARTESIAN_POINT('',(0.311824887159063,0.00251,0.0606693313497394));
#9263=CARTESIAN_POINT('',(0.311824887159063,0.00251,0.0606693313497394));
#9264=CARTESIAN_POINT('',(0.311824887159063,0.00251,0.0611693313497394));
#9265=CARTESIAN_POINT('',(0.311824887159063,0.00251,0.0611693313497394));
#9266=CARTESIAN_POINT('',(0.312324887159063,0.00251,0.0611693313497394));
#9267=CARTESIAN_POINT('',(0.312324887159063,0.00251,0.0611693313497394));
#9268=CARTESIAN_POINT('',(0.312324887159063,0.00251,0.0676693313497394));
#9269=CARTESIAN_POINT('',(0.312324887159063,0.00251,0.0676693313497394));
#9270=CARTESIAN_POINT('',(0.312324887159063,0.00251,0.0741693313497394));
#9271=CARTESIAN_POINT('',(0.312324887159063,0.00251,0.0741693313497394));
#9272=CARTESIAN_POINT('',(0.311824887159063,0.00251,0.0741693313497394));
#9273=CARTESIAN_POINT('',(0.311824887159063,0.00251,0.0741693313497394));
#9274=CARTESIAN_POINT('',(0.311824887159063,0.00251,0.0746693313497394));
#9275=CARTESIAN_POINT('',(0.311824887159063,0.00251,0.0746693313497394));
#9276=CARTESIAN_POINT('',(0.305324887159063,0.00251,0.0746693313497394));
#9277=CARTESIAN_POINT('',(0.305324887159063,0.00251,0.0746693313497394));
#9278=CARTESIAN_POINT('',(0.298824887159063,0.00251,0.0746693313497394));
#9279=CARTESIAN_POINT('',(0.298824887159063,0.00251,0.0746693313497394));
#9280=CARTESIAN_POINT('',(0.298824887159063,0.00251,0.0741693313497394));
#9281=CARTESIAN_POINT('',(0.298824887159063,0.00251,0.0741693313497394));
#9282=CARTESIAN_POINT('',(0.298324887159063,0.00251,0.0741693313497394));
#9283=CARTESIAN_POINT('',(0.298324887159063,0.00251,0.0741693313497394));
#9284=CARTESIAN_POINT('',(0.279774887159063,0.00251,0.0611693313497394));
#9285=CARTESIAN_POINT('',(0.279274887159063,0.00251,0.0611693313497394));
#9286=CARTESIAN_POINT('',(0.279274887159063,0.00251,0.0611693313497394));
#9287=CARTESIAN_POINT('',(0.279774887159063,0.00251,0.0611693313497394));
#9288=CARTESIAN_POINT('',(0.279774887159063,0.00251,0.0606693313497394));
#9289=CARTESIAN_POINT('',(0.279774887159063,0.00251,0.0606693313497394));
#9290=CARTESIAN_POINT('',(0.286274887159063,0.00251,0.0606693313497394));
#9291=CARTESIAN_POINT('',(0.286274887159063,0.00251,0.0606693313497394));
#9292=CARTESIAN_POINT('',(0.292774887159063,0.00251,0.0606693313497394));
#9293=CARTESIAN_POINT('',(0.292774887159063,0.00251,0.0606693313497394));
#9294=CARTESIAN_POINT('',(0.292774887159063,0.00251,0.0611693313497394));
#9295=CARTESIAN_POINT('',(0.292774887159063,0.00251,0.0611693313497394));
#9296=CARTESIAN_POINT('',(0.293274887159063,0.00251,0.0611693313497394));
#9297=CARTESIAN_POINT('',(0.293274887159063,0.00251,0.0611693313497394));
#9298=CARTESIAN_POINT('',(0.293274887159063,0.00251,0.0676693313497394));
#9299=CARTESIAN_POINT('',(0.293274887159063,0.00251,0.0676693313497394));
#9300=CARTESIAN_POINT('',(0.293274887159063,0.00251,0.0741693313497394));
#9301=CARTESIAN_POINT('',(0.293274887159063,0.00251,0.0741693313497394));
#9302=CARTESIAN_POINT('',(0.292774887159063,0.00251,0.0741693313497394));
#9303=CARTESIAN_POINT('',(0.292774887159063,0.00251,0.0741693313497394));
#9304=CARTESIAN_POINT('',(0.292774887159063,0.00251,0.0746693313497394));
#9305=CARTESIAN_POINT('',(0.292774887159063,0.00251,0.0746693313497394));
#9306=CARTESIAN_POINT('',(0.286274887159063,0.00251,0.0746693313497394));
#9307=CARTESIAN_POINT('',(0.286274887159063,0.00251,0.0746693313497394));
#9308=CARTESIAN_POINT('',(0.279774887159063,0.00251,0.0746693313497394));
#9309=CARTESIAN_POINT('',(0.279774887159063,0.00251,0.0746693313497394));
#9310=CARTESIAN_POINT('',(0.279774887159063,0.00251,0.0741693313497394));
#9311=CARTESIAN_POINT('',(0.279774887159063,0.00251,0.0741693313497394));
#9312=CARTESIAN_POINT('',(0.279274887159063,0.00251,0.0741693313497394));
#9313=CARTESIAN_POINT('',(0.279274887159063,0.00251,0.0741693313497394));
#9314=CARTESIAN_POINT('',(0.260224887159063,0.00251,0.134344331349739));
#9315=CARTESIAN_POINT('',(0.260224887159063,0.00251,0.134344331349739));
#9316=CARTESIAN_POINT('',(0.317374887159063,0.00251,0.115294331349739));
#9317=CARTESIAN_POINT('',(0.317374887159063,0.00251,0.115294331349739));
#9318=CARTESIAN_POINT('',(0.260224887159063,0.00251,0.115294331349739));
#9319=CARTESIAN_POINT('',(0.260224887159063,0.00251,0.115294331349739));
#9320=CARTESIAN_POINT('',(0.241099423074646,0.00251,0.115312167640637));
#9321=CARTESIAN_POINT('',(0.241099423074646,0.00251,0.115312167640637));
#9322=CARTESIAN_POINT('',(0.298324887159063,0.00251,0.105769331349739));
#9323=CARTESIAN_POINT('',(0.298324887159063,0.00251,0.105769331349739));
#9324=CARTESIAN_POINT('',(0.279274887159063,0.00251,0.105769331349739));
#9325=CARTESIAN_POINT('',(0.279274887159063,0.00251,0.105769331349739));
#9326=CARTESIAN_POINT('',(0.317374887159063,0.00251,0.0962443313497394));
#9327=CARTESIAN_POINT('',(0.317374887159063,0.00251,0.0962443313497394));
#9328=CARTESIAN_POINT('',(0.260224887159063,0.00251,0.0962443313497394));
#9329=CARTESIAN_POINT('',(0.260224887159063,0.00251,0.0962443313497394));
#9330=CARTESIAN_POINT('',(0.241174887159063,0.00251,0.0962443313497394));
#9331=CARTESIAN_POINT('',(0.241174887159063,0.00251,0.0962443313497394));
#9332=CARTESIAN_POINT('',(0.298324887159063,0.00251,0.0867193313497394));
#9333=CARTESIAN_POINT('',(0.298324887159063,0.00251,0.0867193313497394));
#9334=CARTESIAN_POINT('',(0.279274887159063,0.00251,0.0867193313497394));
#9335=CARTESIAN_POINT('',(0.279274887159063,0.00251,0.0867193313497394));
#9336=CARTESIAN_POINT('',(0.317374887159063,0.00251,0.0771943313497394));
#9337=CARTESIAN_POINT('',(0.317374887159063,0.00251,0.0771943313497394));
#9338=CARTESIAN_POINT('',(0.260224887159063,0.00251,0.0771943313497394));
#9339=CARTESIAN_POINT('',(0.260224887159063,0.00251,0.0771943313497394));
#9340=CARTESIAN_POINT('',(0.241174887159063,0.00251,0.0771943313497394));
#9341=CARTESIAN_POINT('',(0.241174887159063,0.00251,0.0771943313497394));
#9342=CARTESIAN_POINT('',(0.298324887159063,0.00251,0.0676693313497394));
#9343=CARTESIAN_POINT('',(0.298324887159063,0.00251,0.0676693313497394));
#9344=CARTESIAN_POINT('',(0.279274887159063,0.00251,0.0676693313497394));
#9345=CARTESIAN_POINT('',(0.279274887159063,0.00251,0.0676693313497394));
#9346=CARTESIAN_POINT('',(0.243099423074646,0.00251,0.133344331349739));
#9347=CARTESIAN_POINT('',(0.243099423074646,0.00251,0.133344331349739));
#9348=CARTESIAN_POINT('',(0.284748145323387,0.00251,0.0955294181004727));
#9349=CARTESIAN_POINT('',(0.268266412479576,0.00251,0.0466865585178024));
#9350=CARTESIAN_POINT('',(0.249867657928385,0.00451,0.0466865585178024));
#9351=CARTESIAN_POINT('',(0.249823486862282,0.00451,0.0461362433323483));
#9352=CARTESIAN_POINT('',(0.249483879448637,0.00425716007679716,0.0456729512620532));
#9353=CARTESIAN_POINT('',(0.249013878652579,0.00408240746233144,0.0454506237410426));
#9354=CARTESIAN_POINT('',(0.241586797489857,0.00251,0.0534853577849698));
#9355=CARTESIAN_POINT('',(0.24694484581425,0.00406578879689118,0.0463462452173437));
#9356=CARTESIAN_POINT('',(0.246788123499493,0.00425379497610755,0.0468322933026322));
#9357=CARTESIAN_POINT('',(0.24688801298233,0.00450999999999994,0.0473999384773227));
#9358=CARTESIAN_POINT('',(0.247258121625295,0.00451,0.0478106793382546));
#9359=CARTESIAN_POINT('',(0.233944705870249,0.00251,0.0583027056419345));
#9360=CARTESIAN_POINT('',(0.233944705870249,0.003038495270004,0.0583027056419345));
#9361=CARTESIAN_POINT('',(0.234260204384922,0.00407404991162156,0.0585975044669423));
#9362=CARTESIAN_POINT('',(0.235031991392697,0.00450999999999994,0.0593081311582415));
#9363=CARTESIAN_POINT('',(0.23542024052108,0.00451,0.0596555619710619));
#9364=CARTESIAN_POINT('',(0.236478894399143,0.00251,0.0605017124020926));
#9365=CARTESIAN_POINT('',(0.233124887159063,0.00251,0.0605932419857811));
#9366=CARTESIAN_POINT('',(0.233124887159063,0.0030382799263065,0.0605932419857811));
#9367=CARTESIAN_POINT('',(0.233556016769571,0.00407349678982251,0.0605876424104784));
#9368=CARTESIAN_POINT('',(0.234604193386612,0.00451,0.0605709665593057));
#9369=CARTESIAN_POINT('',(0.235124887159063,0.00451,0.060559875786472));
#9370=CARTESIAN_POINT('',(0.235124887159063,0.00251,0.101481201248842));
#9371=CARTESIAN_POINT('',(0.235124887159063,0.00251,0.142369160511902));
#9372=CARTESIAN_POINT('',(0.237124885664913,0.00251,0.142369160511902));
#9373=CARTESIAN_POINT('',(0.23712465967273,0.00251,0.144369159004984));
#9374=CARTESIAN_POINT('',(0.25652207531835,0.00251,0.144371350825896));
#9375=CARTESIAN_POINT('',(0.277919694659063,0.00251,0.136167003018482));
#9376=CARTESIAN_POINT('',(0.277919662262614,0.00251,0.127960070245446));
#9377=CARTESIAN_POINT('',(0.306146161906297,0.00251,0.127965613517949));
#9378=CARTESIAN_POINT('',(0.334372652159063,0.00251,0.0975957640177774));
#9379=CARTESIAN_POINT('',(0.32637265319449,0.00251,0.0672207640178024));
#9380=CARTESIAN_POINT('',(0.318374170980262,0.00251,0.0672207640178024));
#9381=CARTESIAN_POINT('',(0.318369604158496,0.00251,0.0612071242715142));
#9382=CARTESIAN_POINT('',(0.318366555004521,0.00251,0.0571919657044644));
#9383=CARTESIAN_POINT('',(0.316366557653213,0.00251,0.0571934845236524));
#9384=CARTESIAN_POINT('',(0.316366748465713,0.00251,0.0551934860269049));
#9385=CARTESIAN_POINT('',(0.306804340893477,0.00251,0.0551925737127699));
#9386=CARTESIAN_POINT('',(0.296409363490607,0.00251,0.0551915819662097));
#9387=CARTESIAN_POINT('',(0.268266412479576,0.00251,0.0466865585178024));
#9388=CARTESIAN_POINT('',(0.287496480061646,0.00406731389818002,0.0454316587518707));
#9389=CARTESIAN_POINT('',(0.286979165537258,0.00422570266671611,0.0456282171043809));
#9390=CARTESIAN_POINT('',(0.286593766787513,0.00451000000000003,0.0461062517436327));
#9391=CARTESIAN_POINT('',(0.286536505991672,0.00451,0.0466865585178025));
#9392=CARTESIAN_POINT('',(0.292179137650851,0.00251,0.0509305425577393));
#9393=CARTESIAN_POINT('',(0.289126958199434,0.00451,0.0478561305956201));
#9394=CARTESIAN_POINT('',(0.28952289065967,0.00450999999999999,0.0474309860139413));
#9395=CARTESIAN_POINT('',(0.289623371534636,0.00422402820485906,0.0468327029155126));
#9396=CARTESIAN_POINT('',(0.28944033093035,0.00402894031477355,0.0463250613239278));
#9397=CARTESIAN_POINT('',(0.288029256568508,-0.02049,0.0468338531726755));
#9398=CARTESIAN_POINT('',(0.333786866159063,-0.02049,0.0678065500178029));
#9399=CARTESIAN_POINT('',(0.333786727286901,-0.02049,0.127385116876278));
#9400=CARTESIAN_POINT('',(0.27733385496497,-0.02049,0.143787835207648));
#9401=CARTESIAN_POINT('',(0.248372466562737,-0.02049,0.0468065701009717));
#9402=CARTESIAN_POINT('',(0.,0.,0.));
#9403=CARTESIAN_POINT('',(0.32637265319449,-0.00299,0.0652207640178024));
#9404=CARTESIAN_POINT('',(0.32637265319449,-0.00599,0.0652207640178024));
#9405=CARTESIAN_POINT('',(0.320372652735767,-0.00599,0.0652207640178024));
#9406=CARTESIAN_POINT('',(0.332372653653213,-0.00599,0.0652207640178024));
#9407=CARTESIAN_POINT('',(0.320372652735767,-0.00299,0.0652207640178024));
#9408=CARTESIAN_POINT('',(0.320372652735767,-0.00299,0.0652207640178024));
#9409=CARTESIAN_POINT('',(0.32637265319449,-0.00299,0.0652207640178024));
#9410=CARTESIAN_POINT('',(0.332372653653213,-0.00299,0.0652207640178024));
#9411=CARTESIAN_POINT('',(0.332372653653213,-0.00299,0.0652207640178024));
#9412=CARTESIAN_POINT('',(0.320369603581792,-0.00299,0.0612056054507527));
#9413=CARTESIAN_POINT('',(0.320369603581792,-0.00599,0.0612056054507527));
#9414=CARTESIAN_POINT('',(0.320366554427817,-0.00599,0.057190446883703));
#9415=CARTESIAN_POINT('',(0.320366554427817,-0.00299,0.057190446883703));
#9416=CARTESIAN_POINT('',(0.320366554427817,-0.00299,0.057190446883703));
#9417=CARTESIAN_POINT('',(0.320369603581792,-0.00299,0.0612056054507527));
#9418=CARTESIAN_POINT('',(0.316366557653213,-0.00299,0.0571934845236524));
#9419=CARTESIAN_POINT('',(0.316366557653213,-0.00599,0.0571934845236524));
#9420=CARTESIAN_POINT('',(0.316366939278356,-0.00599,0.0531934860360073));
#9421=CARTESIAN_POINT('',(0.316366939278356,-0.00299,0.0531934860360073));
#9422=CARTESIAN_POINT('',(0.316366939278356,-0.00299,0.0531934860360073));
#9423=CARTESIAN_POINT('',(0.316366557653213,-0.00299,0.0571934845236524));
#9424=CARTESIAN_POINT('',(0.306804531706119,-0.00299,0.0531925737218723));
#9425=CARTESIAN_POINT('',(0.306804531706119,-0.00599,0.0531925737218723));
#9426=CARTESIAN_POINT('',(0.297242124133883,-0.00599,0.0531916614077374));
#9427=CARTESIAN_POINT('',(0.297242124133883,-0.00299,0.0531916614077374));
#9428=CARTESIAN_POINT('',(0.297242124133883,-0.00299,0.0531916614077374));
#9429=CARTESIAN_POINT('',(0.306804531706119,-0.00299,0.0531925737218723));
#9430=CARTESIAN_POINT('',(0.293598473843613,-0.00299,0.0495214702487656));
#9431=CARTESIAN_POINT('',(0.293598473843613,-0.00599,0.0495214702487656));
#9432=CARTESIAN_POINT('',(0.289954823553342,-0.00599,0.0458512790897938));
#9433=CARTESIAN_POINT('',(0.289954823553342,-0.00299,0.0458512790897938));
#9434=CARTESIAN_POINT('',(0.289954823553342,-0.00299,0.0458512790897938));
#9435=CARTESIAN_POINT('',(0.293598473843613,-0.00299,0.0495214702487656));
#9436=CARTESIAN_POINT('',(0.287412134559787,-0.00299,0.0480404512879667));
#9437=CARTESIAN_POINT('',(0.287412134559787,-0.00599,0.0480404512879667));
#9438=CARTESIAN_POINT('',(0.287507766758544,-0.00599,0.0446865585178024));
#9439=CARTESIAN_POINT('',(0.287507766758544,-0.00299,0.0446865585178024));
#9440=CARTESIAN_POINT('',(0.287507766758544,-0.00299,0.0446865585178024));
#9441=CARTESIAN_POINT('',(0.287412134559787,-0.00299,0.0480404512879667));
#9442=CARTESIAN_POINT('',(0.268266412479576,-0.00299,0.0446865585178024));
#9443=CARTESIAN_POINT('',(0.268266412479576,-0.00599,0.0446865585178024));
#9444=CARTESIAN_POINT('',(0.249025058200607,-0.00599,0.0446865585178024));
#9445=CARTESIAN_POINT('',(0.249025058200607,-0.00299,0.0446865585178024));
#9446=CARTESIAN_POINT('',(0.249025058200607,-0.00299,0.0446865585178024));
#9447=CARTESIAN_POINT('',(0.268266412479576,-0.00299,0.0446865585178024));
#9448=CARTESIAN_POINT('',(0.248932841235037,-0.00299,0.0480405469290019));
#9449=CARTESIAN_POINT('',(0.248932841235037,-0.00599,0.0480405469290019));
#9450=CARTESIAN_POINT('',(0.246399625917383,-0.00599,0.0458404191178061));
#9451=CARTESIAN_POINT('',(0.246399625917383,-0.00299,0.0458404191178061));
#9452=CARTESIAN_POINT('',(0.246399625917383,-0.00299,0.0458404191178061));
#9453=CARTESIAN_POINT('',(0.248932841235037,-0.00299,0.0480405469290019));
#9454=CARTESIAN_POINT('',(0.240172165893815,-0.00299,0.0520715623798702));
#9455=CARTESIAN_POINT('',(0.240172165893815,-0.00599,0.0520715623798702));
#9456=CARTESIAN_POINT('',(0.233944705870249,-0.00599,0.0583027056419345));
#9457=CARTESIAN_POINT('',(0.233944705870249,-0.00299,0.0583027056419345));
#9458=CARTESIAN_POINT('',(0.233944705870249,-0.00299,0.0583027056419345));
#9459=CARTESIAN_POINT('',(0.240172165893815,-0.00299,0.0520715623798702));
#9460=CARTESIAN_POINT('',(0.236478894399143,-0.00299,0.0605017124020926));
#9461=CARTESIAN_POINT('',(0.236478894399143,-0.00599,0.0605017124020926));
#9462=CARTESIAN_POINT('',(0.233124887159063,-0.00599,0.0605932419857811));
#9463=CARTESIAN_POINT('',(0.233124887159063,-0.00299,0.0605932419857811));
#9464=CARTESIAN_POINT('',(0.233124887159063,-0.00299,0.0605932419857811));
#9465=CARTESIAN_POINT('',(0.236478894399143,-0.00299,0.0605017124020926));
#9466=CARTESIAN_POINT('',(0.233124887159063,-0.00299,0.101481201248842));
#9467=CARTESIAN_POINT('',(0.233124887159063,-0.00599,0.101481201248842));
#9468=CARTESIAN_POINT('',(0.233124887159063,-0.00599,0.142369160511902));
#9469=CARTESIAN_POINT('',(0.233124887159063,-0.00299,0.142369160511902));
#9470=CARTESIAN_POINT('',(0.233124887159063,-0.00299,0.142369160511902));
#9471=CARTESIAN_POINT('',(0.233124887159063,-0.00299,0.101481201248842));
#9472=CARTESIAN_POINT('',(0.237124885664913,-0.00299,0.142369160511902));
#9473=CARTESIAN_POINT('',(0.237124885664913,-0.00599,0.142369160511902));
#9474=CARTESIAN_POINT('',(0.237124433680379,-0.00599,0.146369158992216));
#9475=CARTESIAN_POINT('',(0.237124433680379,-0.00299,0.146369158992216));
#9476=CARTESIAN_POINT('',(0.237124433680379,-0.00299,0.146369158992216));
#9477=CARTESIAN_POINT('',(0.237124885664913,-0.00299,0.142369160511902));
#9478=CARTESIAN_POINT('',(0.256521849325998,-0.00299,0.146371350813128));
#9479=CARTESIAN_POINT('',(0.256521849325998,-0.00599,0.146371350813128));
#9480=CARTESIAN_POINT('',(0.275919264971616,-0.00599,0.146373542646927));
#9481=CARTESIAN_POINT('',(0.275919264971616,-0.00299,0.146373542646927));
#9482=CARTESIAN_POINT('',(0.275919264971616,-0.00299,0.146373542646927));
#9483=CARTESIAN_POINT('',(0.256521849325998,-0.00299,0.146371350813128));
#9484=CARTESIAN_POINT('',(0.275919716956283,-0.00299,0.142373542980602));
#9485=CARTESIAN_POINT('',(0.275919716956283,-0.00599,0.142373542980602));
#9486=CARTESIAN_POINT('',(0.279919719159025,-0.00599,0.142373527190798));
#9487=CARTESIAN_POINT('',(0.279919719159025,-0.00299,0.142373527190798));
#9488=CARTESIAN_POINT('',(0.279919719159025,-0.00299,0.142373527190798));
#9489=CARTESIAN_POINT('',(0.275919716956283,-0.00299,0.142373542980602));
#9490=CARTESIAN_POINT('',(0.279919694659047,-0.00299,0.136166995123584));
#9491=CARTESIAN_POINT('',(0.279919694659047,-0.00599,0.136166995123584));
#9492=CARTESIAN_POINT('',(0.279919670159078,-0.00599,0.12996046305637));
#9493=CARTESIAN_POINT('',(0.279919670159078,-0.00299,0.12996046305637));
#9494=CARTESIAN_POINT('',(0.279919670159078,-0.00299,0.12996046305637));
#9495=CARTESIAN_POINT('',(0.279919694659047,-0.00299,0.136166995123584));
#9496=CARTESIAN_POINT('',(0.306145769135498,-0.00299,0.129965613479382));
#9497=CARTESIAN_POINT('',(0.306145769135498,-0.00599,0.129965613479382));
#9498=CARTESIAN_POINT('',(0.332371868111917,-0.00599,0.129970763902394));
#9499=CARTESIAN_POINT('',(0.332371868111917,-0.00299,0.129970763902394));
#9500=CARTESIAN_POINT('',(0.332371868111917,-0.00299,0.129970763902394));
#9501=CARTESIAN_POINT('',(0.306145769135498,-0.00299,0.129965613479382));
#9502=CARTESIAN_POINT('',(0.332372653653213,-0.00299,0.125970765511902));
#9503=CARTESIAN_POINT('',(0.332372653653213,-0.00599,0.125970765511902));
#9504=CARTESIAN_POINT('',(0.336372652159063,-0.00599,0.125970765511902));
#9505=CARTESIAN_POINT('',(0.336372652159063,-0.00299,0.125970765511902));
#9506=CARTESIAN_POINT('',(0.336372652159063,-0.00299,0.125970765511902));
#9507=CARTESIAN_POINT('',(0.332372653653213,-0.00299,0.125970765511902));
#9508=CARTESIAN_POINT('',(0.336372652159063,-0.00299,0.0975957640177774));
#9509=CARTESIAN_POINT('',(0.336372652159063,-0.00599,0.0975957640177774));
#9510=CARTESIAN_POINT('',(0.336372652159063,-0.00599,0.0692207625236524));
#9511=CARTESIAN_POINT('',(0.336372652159063,-0.00299,0.0692207625236524));
#9512=CARTESIAN_POINT('',(0.336372652159063,-0.00299,0.0692207625236524));
#9513=CARTESIAN_POINT('',(0.336372652159063,-0.00299,0.0975957640177774));
#9514=CARTESIAN_POINT('',(0.332372653653213,-0.00299,0.0692207625236525));
#9515=CARTESIAN_POINT('',(0.332372653653213,-0.00599,0.0692207625236525));
#9516=CARTESIAN_POINT('',(0.332372653653213,-0.00299,0.0692207625236525));
#9517=CARTESIAN_POINT('',(0.284748145323387,-0.00299,0.0955294181004727));
#9518=CARTESIAN_POINT('',(0.248372466562737,-0.00299,0.0468065701009717));
#9519=CARTESIAN_POINT('',(0.249872466562737,-0.00299,0.0468065701009717));
#9520=CARTESIAN_POINT('',(0.288029256568508,-0.00299,0.0468338531726755));
#9521=CARTESIAN_POINT('',(0.289529256568508,-0.00299,0.0468338531726755));
#9522=CARTESIAN_POINT('',(0.333786866159063,-0.00299,0.0678065500178029));
#9523=CARTESIAN_POINT('',(0.335286866159063,-0.00299,0.0678065500178029));
#9524=CARTESIAN_POINT('',(0.333786727286901,-0.00299,0.127385116876278));
#9525=CARTESIAN_POINT('',(0.335286727286901,-0.00299,0.127385116876278));
#9526=CARTESIAN_POINT('',(0.27733385496497,-0.00299,0.143787835207648));
#9527=CARTESIAN_POINT('',(0.27883385496497,-0.00299,0.143787835207648));
#9528=CARTESIAN_POINT('',(0.284748145323387,-0.00599,0.0955294181004727));
#9529=CARTESIAN_POINT('',(0.248372466562737,-0.00599,0.0468065701009717));
#9530=CARTESIAN_POINT('',(0.249872466562737,-0.00599,0.0468065701009717));
#9531=CARTESIAN_POINT('',(0.288029256568508,-0.00599,0.0468338531726755));
#9532=CARTESIAN_POINT('',(0.289529256568508,-0.00599,0.0468338531726755));
#9533=CARTESIAN_POINT('',(0.333786866159063,-0.00599,0.0678065500178029));
#9534=CARTESIAN_POINT('',(0.335286866159063,-0.00599,0.0678065500178029));
#9535=CARTESIAN_POINT('',(0.333786727286901,-0.00599,0.127385116876278));
#9536=CARTESIAN_POINT('',(0.335286727286901,-0.00599,0.127385116876278));
#9537=CARTESIAN_POINT('',(0.27733385496497,-0.00599,0.143787835207648));
#9538=CARTESIAN_POINT('',(0.27883385496497,-0.00599,0.143787835207648));
#9539=CARTESIAN_POINT('',(0.27733385496497,-0.02049,0.143787835207648));
#9540=CARTESIAN_POINT('',(0.333786727286901,-0.02049,0.127385116876278));
#9541=CARTESIAN_POINT('',(0.333786866159063,-0.02049,0.0678065500178029));
#9542=CARTESIAN_POINT('',(0.288029256568508,-0.02049,0.0468338531726755));
#9543=CARTESIAN_POINT('',(0.248372466562737,-0.02049,0.0468065701009717));
#9544=MECHANICAL_DESIGN_GEOMETRIC_PRESENTATION_REPRESENTATION('',(#5593),
#9546);
#9545=MECHANICAL_DESIGN_GEOMETRIC_PRESENTATION_REPRESENTATION('',(#5594),
#9547);
#9546=(
GEOMETRIC_REPRESENTATION_CONTEXT(3)
GLOBAL_UNCERTAINTY_ASSIGNED_CONTEXT((#9548))
GLOBAL_UNIT_ASSIGNED_CONTEXT((#9554,#9552,#9550))
REPRESENTATION_CONTEXT('Right Top Mount','TOP_LEVEL_ASSEMBLY_PART')
);
#9547=(
GEOMETRIC_REPRESENTATION_CONTEXT(3)
GLOBAL_UNCERTAINTY_ASSIGNED_CONTEXT((#9549))
GLOBAL_UNIT_ASSIGNED_CONTEXT((#9555,#9553,#9551))
REPRESENTATION_CONTEXT('Right Bottom Mount','TOP_LEVEL_ASSEMBLY_PART')
);
#9548=UNCERTAINTY_MEASURE_WITH_UNIT(LENGTH_MEASURE(2.1722560423251E-5),
#9554,'DISTANCE_ACCURACY_VALUE','Maximum Tolerance applied to model');
#9549=UNCERTAINTY_MEASURE_WITH_UNIT(LENGTH_MEASURE(1.E-8),#9555,
'DISTANCE_ACCURACY_VALUE','Maximum Tolerance applied to model');
#9550=(
NAMED_UNIT(*)
SI_UNIT($,.STERADIAN.)
SOLID_ANGLE_UNIT()
);
#9551=(
NAMED_UNIT(*)
SI_UNIT($,.STERADIAN.)
SOLID_ANGLE_UNIT()
);
#9552=(
NAMED_UNIT(*)
PLANE_ANGLE_UNIT()
SI_UNIT($,.RADIAN.)
);
#9553=(
NAMED_UNIT(*)
PLANE_ANGLE_UNIT()
SI_UNIT($,.RADIAN.)
);
#9554=(
LENGTH_UNIT()
NAMED_UNIT(*)
SI_UNIT($,.METRE.)
);
#9555=(
LENGTH_UNIT()
NAMED_UNIT(*)
SI_UNIT($,.METRE.)
);
#9556=PRODUCT_DEFINITION_SHAPE('','',#9558);
#9557=PRODUCT_DEFINITION_SHAPE('','',#9559);
#9558=PRODUCT_DEFINITION('','',#9562,#9560);
#9559=PRODUCT_DEFINITION('','',#9563,#9561);
#9560=PRODUCT_DEFINITION_CONTEXT('',#9574,'design');
#9561=PRODUCT_DEFINITION_CONTEXT('',#9575,'design');
#9562=PRODUCT_DEFINITION_FORMATION_WITH_SPECIFIED_SOURCE('','',#9566,
 .NOT_KNOWN.);
#9563=PRODUCT_DEFINITION_FORMATION_WITH_SPECIFIED_SOURCE('','',#9567,
 .NOT_KNOWN.);
#9564=PRODUCT_RELATED_PRODUCT_CATEGORY('','',(#9566));
#9565=PRODUCT_RELATED_PRODUCT_CATEGORY('','',(#9567));
#9566=PRODUCT('Right Top Mount','Right Top Mount','Right Top Mount',(#9570));
#9567=PRODUCT('Right Bottom Mount','Right Bottom Mount',
'Right Bottom Mount',(#9571));
#9568=PRODUCT_CATEGORY('','');
#9569=PRODUCT_CATEGORY('','');
#9570=PRODUCT_CONTEXT('',#9574,'mechanical');
#9571=PRODUCT_CONTEXT('',#9575,'mechanical');
#9572=APPLICATION_PROTOCOL_DEFINITION('international standard',
'ap242_managed_model_based_3d_engineering',2020,#9574);
#9573=APPLICATION_PROTOCOL_DEFINITION('international standard',
'ap242_managed_model_based_3d_engineering',2020,#9575);
#9574=APPLICATION_CONTEXT('managed model based 3d engineering');
#9575=APPLICATION_CONTEXT('managed model based 3d engineering');
ENDSEC;
END-ISO-10303-21;
