ISO-10303-21;
HEADER;
/* Generated by software containing ST-Developer
 * from STEP Tools, Inc. (www.steptools.com) 
 */
/* OPTION: using custom renumber hook */

FILE_DESCRIPTION(
/* description */ ('STEP AP242 Edition 2',
'CAx-IF Rec.Pracs.---Representation and Presentation of Product Manufa
cturing Information (PMI)---4.0---2014-10-13',
'CAx-IF Rec.Pracs.---3D Tessellated Geometry---0.4---2014-09-14','2;1',
'CAx-IF Rec.Pracs.---User Defined Attributes---1.5---2016-08-15'),
/* implementation_level */ '2;1');

FILE_NAME(
/* name */ 'Part Studio 1',
/* time_stamp */ '2026-04-27T09:53:33Z',
/* author */ (''),
/* organization */ (''),
/* preprocessor_version */ 'ST-DEVELOPER v20',
/* originating_system */ 'ONSHAPE BY PTC INC, 1.214',
/* authorisation */ '  ');

FILE_SCHEMA (('AP242_MANAGED_MODEL_BASED_3D_ENGINEERING_MIM_LF { 1 0 10303 442 3 1 4 }'));
ENDSEC;

DATA;
#10=SHAPE_REPRESENTATION_RELATIONSHIP('','',#4470,#14);
#11=SHAPE_REPRESENTATION_RELATIONSHIP('','',#4471,#15);
#12=SHAPE_REPRESENTATION_RELATIONSHIP('','',#4472,#16);
#13=SHAPE_REPRESENTATION_RELATIONSHIP('','',#4473,#17);
#14=ADVANCED_BREP_SHAPE_REPRESENTATION('',(#4462),#7580);
#15=ADVANCED_BREP_SHAPE_REPRESENTATION('',(#4463),#7581);
#16=ADVANCED_BREP_SHAPE_REPRESENTATION('',(#4464),#7582);
#17=ADVANCED_BREP_SHAPE_REPRESENTATION('',(#4465),#7583);
#18=CIRCLE('',#4480,0.00315505572632298);
#19=CIRCLE('',#4481,0.00315505572632298);
#20=CIRCLE('',#4485,0.00399999850585);
#21=CIRCLE('',#4486,0.00399999850585);
#22=CIRCLE('',#4494,0.00399999850584988);
#23=CIRCLE('',#4495,0.00399999850584988);
#24=CIRCLE('',#4502,0.0011);
#25=CIRCLE('',#4503,0.0011);
#26=CIRCLE('',#4505,0.0011);
#27=CIRCLE('',#4506,0.0011);
#28=CIRCLE('',#4508,0.0011);
#29=CIRCLE('',#4509,0.0011);
#30=CIRCLE('',#4512,0.0011);
#31=CIRCLE('',#4513,0.0011);
#32=CIRCLE('',#4515,0.0011);
#33=CIRCLE('',#4516,0.0011);
#34=CIRCLE('',#4518,0.0011);
#35=CIRCLE('',#4519,0.0011);
#36=CIRCLE('',#4521,0.002);
#37=CIRCLE('',#4522,0.002);
#38=CIRCLE('',#4523,0.002);
#39=CIRCLE('',#4524,0.002);
#40=CIRCLE('',#4525,0.002);
#41=CIRCLE('',#4526,0.002);
#42=CIRCLE('',#4527,0.002);
#43=CIRCLE('',#4528,0.002);
#44=CIRCLE('',#4529,0.002);
#45=CIRCLE('',#4530,0.002);
#46=CIRCLE('',#4531,0.002);
#47=CIRCLE('',#4532,0.002);
#48=CIRCLE('',#4533,0.002);
#49=CIRCLE('',#4534,0.002);
#50=CIRCLE('',#4535,0.002);
#51=CIRCLE('',#4536,0.002);
#52=CIRCLE('',#4537,0.002);
#53=CIRCLE('',#4538,0.002);
#54=CIRCLE('',#4539,0.002);
#55=CIRCLE('',#4540,0.00399999850584988);
#56=CIRCLE('',#4541,0.00335525591143199);
#57=CIRCLE('',#4542,0.00335525591143177);
#58=CIRCLE('',#4543,0.0033552559114323);
#59=CIRCLE('',#4544,0.00399999850585001);
#60=CIRCLE('',#4545,0.00400000220277283);
#61=CIRCLE('',#4546,0.00399999850584993);
#62=CIRCLE('',#4547,0.00399999850585007);
#63=CIRCLE('',#4549,0.001355255911432);
#64=CIRCLE('',#4550,0.001155055726323);
#65=CIRCLE('',#4551,0.00199999850585);
#66=CIRCLE('',#4552,0.00199999850585);
#67=CIRCLE('',#4553,0.00199999850585);
#68=CIRCLE('',#4554,0.00199999850585);
#69=CIRCLE('',#4555,0.00199999850585);
#70=CIRCLE('',#4556,0.002000002202773);
#71=CIRCLE('',#4557,0.00199999850585);
#72=CIRCLE('',#4558,0.001355255911432);
#73=CIRCLE('',#4559,0.001355255911432);
#74=CIRCLE('',#4560,0.002);
#75=CIRCLE('',#4561,0.002);
#76=CIRCLE('',#4562,0.002);
#77=CIRCLE('',#4563,0.002);
#78=CIRCLE('',#4564,0.002);
#79=CIRCLE('',#4565,0.002);
#80=CIRCLE('',#4566,0.002);
#81=CIRCLE('',#4567,0.002);
#82=CIRCLE('',#4568,0.002);
#83=CIRCLE('',#4569,0.002);
#84=CIRCLE('',#4570,0.002);
#85=CIRCLE('',#4571,0.002);
#86=CIRCLE('',#4572,0.002);
#87=CIRCLE('',#4573,0.002);
#88=CIRCLE('',#4574,0.002);
#89=CIRCLE('',#4575,0.002);
#90=CIRCLE('',#4576,0.002);
#91=CIRCLE('',#4577,0.002);
#92=CIRCLE('',#4578,0.002);
#93=CIRCLE('',#4581,0.001155055726323);
#94=CIRCLE('',#4585,0.00199999850585);
#95=CIRCLE('',#4589,0.00199999850585);
#96=CIRCLE('',#4593,0.001355255911432);
#97=CIRCLE('',#4595,0.00199999850585);
#98=CIRCLE('',#4597,0.00199999850585);
#99=CIRCLE('',#4600,0.00199999850585);
#100=CIRCLE('',#4602,0.002000002202773);
#101=CIRCLE('',#4605,0.00199999850585);
#102=CIRCLE('',#4608,0.001355255911432);
#103=CIRCLE('',#4613,0.00399999850584988);
#104=CIRCLE('',#4617,0.00335525591143199);
#105=CIRCLE('',#4620,0.00335525591143177);
#106=CIRCLE('',#4623,0.0033552559114323);
#107=CIRCLE('',#4626,0.00399999850585001);
#108=CIRCLE('',#4629,0.00400000220277283);
#109=CIRCLE('',#4633,0.00399999850584993);
#110=CIRCLE('',#4636,0.00399999850585007);
#111=CIRCLE('',#4638,0.001355255911432);
#112=CIRCLE('',#4663,0.00399999850584988);
#113=CIRCLE('',#4664,0.00399999850584988);
#114=CIRCLE('',#4668,0.00335525591143199);
#115=CIRCLE('',#4669,0.00335525591143199);
#116=CIRCLE('',#4672,0.00335525591143177);
#117=CIRCLE('',#4673,0.00335525591143177);
#118=CIRCLE('',#4676,0.0033552559114323);
#119=CIRCLE('',#4677,0.0033552559114323);
#120=CIRCLE('',#4680,0.00399999850585001);
#121=CIRCLE('',#4681,0.00399999850585001);
#122=CIRCLE('',#4684,0.00400000220277283);
#123=CIRCLE('',#4685,0.00400000220277283);
#124=CIRCLE('',#4689,0.00399999850584993);
#125=CIRCLE('',#4690,0.00399999850584993);
#126=CIRCLE('',#4693,0.00399999850585007);
#127=CIRCLE('',#4694,0.00399999850585007);
#128=CIRCLE('',#4700,0.006);
#129=CIRCLE('',#4701,0.006);
#130=CIRCLE('',#4705,0.00535501629530903);
#131=CIRCLE('',#4706,0.00535501629530903);
#132=CIRCLE('',#4709,0.00535501983624007);
#133=CIRCLE('',#4710,0.00535501983624007);
#134=CIRCLE('',#4713,0.00535501629530902);
#135=CIRCLE('',#4714,0.00535501629530902);
#136=CIRCLE('',#4717,0.00599999842259399);
#137=CIRCLE('',#4718,0.00599999842259399);
#138=CIRCLE('',#4721,0.00599999850585001);
#139=CIRCLE('',#4722,0.00599999850585001);
#140=CIRCLE('',#4726,0.00599999850585002);
#141=CIRCLE('',#4727,0.00599999850585002);
#142=CIRCLE('',#4730,0.00602566067735898);
#143=CIRCLE('',#4731,0.00602566067735898);
#144=CIRCLE('',#4734,0.0015);
#145=CIRCLE('',#4735,0.0015);
#146=CIRCLE('',#4736,0.0015);
#147=CIRCLE('',#4737,0.0015);
#148=CIRCLE('',#4738,0.0015);
#149=CIRCLE('',#4739,0.0015);
#150=CIRCLE('',#4741,0.0015);
#151=CIRCLE('',#4742,0.0015);
#152=CIRCLE('',#4743,0.0015);
#153=CIRCLE('',#4744,0.0015);
#154=CIRCLE('',#4745,0.0015);
#155=CIRCLE('',#4746,0.0015);
#156=CIRCLE('',#4759,0.00315505273174701);
#157=CIRCLE('',#4760,0.00315505273174701);
#158=CIRCLE('',#4764,0.00399999850585002);
#159=CIRCLE('',#4765,0.00399999850585002);
#160=CIRCLE('',#4773,0.00399999850585001);
#161=CIRCLE('',#4774,0.00399999850585001);
#162=CIRCLE('',#4778,0.0011);
#163=CIRCLE('',#4779,0.0011);
#164=CIRCLE('',#4781,0.0011);
#165=CIRCLE('',#4782,0.0011);
#166=CIRCLE('',#4784,0.0011);
#167=CIRCLE('',#4785,0.0011);
#168=CIRCLE('',#4787,0.0011);
#169=CIRCLE('',#4788,0.0011);
#170=CIRCLE('',#4790,0.0011);
#171=CIRCLE('',#4791,0.0011);
#172=CIRCLE('',#4793,0.0011);
#173=CIRCLE('',#4794,0.0011);
#174=CIRCLE('',#4796,0.0015);
#175=CIRCLE('',#4797,0.00135501983624);
#176=CIRCLE('',#4798,0.0015);
#177=CIRCLE('',#4799,0.001355016295309);
#178=CIRCLE('',#4800,0.001999998422594);
#179=CIRCLE('',#4801,0.00199999850585);
#180=CIRCLE('',#4802,0.00199999850585);
#181=CIRCLE('',#4803,0.00199999850585);
#182=CIRCLE('',#4804,0.002025660677359);
#183=CIRCLE('',#4805,0.00199999850585);
#184=CIRCLE('',#4806,0.002);
#185=CIRCLE('',#4807,0.001155052731747);
#186=CIRCLE('',#4808,0.001355016295309);
#187=CIRCLE('',#4809,0.002);
#188=CIRCLE('',#4810,0.002);
#189=CIRCLE('',#4811,0.002);
#190=CIRCLE('',#4812,0.002);
#191=CIRCLE('',#4813,0.002);
#192=CIRCLE('',#4814,0.002);
#193=CIRCLE('',#4815,0.002);
#194=CIRCLE('',#4816,0.002);
#195=CIRCLE('',#4817,0.002);
#196=CIRCLE('',#4818,0.002);
#197=CIRCLE('',#4819,0.002);
#198=CIRCLE('',#4820,0.002);
#199=CIRCLE('',#4821,0.002);
#200=CIRCLE('',#4822,0.002);
#201=CIRCLE('',#4823,0.002);
#202=CIRCLE('',#4824,0.002);
#203=CIRCLE('',#4826,0.0015);
#204=CIRCLE('',#4827,0.0015);
#205=CIRCLE('',#4828,0.0015);
#206=CIRCLE('',#4829,0.0015);
#207=CIRCLE('',#4830,0.0015);
#208=CIRCLE('',#4831,0.0015);
#209=CIRCLE('',#4832,0.002);
#210=CIRCLE('',#4833,0.002);
#211=CIRCLE('',#4834,0.002);
#212=CIRCLE('',#4835,0.002);
#213=CIRCLE('',#4836,0.002);
#214=CIRCLE('',#4837,0.002);
#215=CIRCLE('',#4838,0.002);
#216=CIRCLE('',#4839,0.002);
#217=CIRCLE('',#4840,0.002);
#218=CIRCLE('',#4841,0.002);
#219=CIRCLE('',#4842,0.002);
#220=CIRCLE('',#4843,0.002);
#221=CIRCLE('',#4844,0.002);
#222=CIRCLE('',#4845,0.002);
#223=CIRCLE('',#4846,0.002);
#224=CIRCLE('',#4847,0.002);
#225=CIRCLE('',#4848,0.00602566067735898);
#226=CIRCLE('',#4849,0.00599999850585002);
#227=CIRCLE('',#4850,0.00599999850585001);
#228=CIRCLE('',#4851,0.00599999842259399);
#229=CIRCLE('',#4852,0.00535501629530902);
#230=CIRCLE('',#4853,0.00535501983624007);
#231=CIRCLE('',#4854,0.00535501629530903);
#232=CIRCLE('',#4855,0.006);
#233=CIRCLE('',#4858,0.006);
#234=CIRCLE('',#4862,0.00535501629530903);
#235=CIRCLE('',#4865,0.00535501983624007);
#236=CIRCLE('',#4868,0.00535501629530902);
#237=CIRCLE('',#4871,0.00599999842259399);
#238=CIRCLE('',#4874,0.00599999850585001);
#239=CIRCLE('',#4878,0.00599999850585002);
#240=CIRCLE('',#4881,0.00602566067735898);
#241=CIRCLE('',#4884,0.00199999850585);
#242=CIRCLE('',#4887,0.002025660677359);
#243=CIRCLE('',#4890,0.00199999850585);
#244=CIRCLE('',#4893,0.00199999850585);
#245=CIRCLE('',#4896,0.00199999850585);
#246=CIRCLE('',#4899,0.001999998422594);
#247=CIRCLE('',#4902,0.001355016295309);
#248=CIRCLE('',#4905,0.00135501983624);
#249=CIRCLE('',#4908,0.001355016295309);
#250=CIRCLE('',#4911,0.001155052731747);
#251=CIRCLE('',#4914,0.002);
#252=CIRCLE('',#4917,0.0015);
#253=CIRCLE('',#4918,0.0015);
#254=CIRCLE('',#4919,0.0015);
#255=CIRCLE('',#4920,0.0015);
#256=CIRCLE('',#4921,0.0015);
#257=CIRCLE('',#4922,0.0015);
#258=CYLINDRICAL_SURFACE('',#4479,0.00315505572632298);
#259=CYLINDRICAL_SURFACE('',#4484,0.00399999850585);
#260=CYLINDRICAL_SURFACE('',#4493,0.00399999850584988);
#261=CYLINDRICAL_SURFACE('',#4501,0.0011);
#262=CYLINDRICAL_SURFACE('',#4504,0.0011);
#263=CYLINDRICAL_SURFACE('',#4507,0.0011);
#264=CYLINDRICAL_SURFACE('',#4511,0.0011);
#265=CYLINDRICAL_SURFACE('',#4514,0.0011);
#266=CYLINDRICAL_SURFACE('',#4517,0.0011);
#267=CYLINDRICAL_SURFACE('',#4580,0.001155055726323);
#268=CYLINDRICAL_SURFACE('',#4584,0.00199999850585);
#269=CYLINDRICAL_SURFACE('',#4588,0.00199999850585);
#270=CYLINDRICAL_SURFACE('',#4592,0.001355255911432);
#271=CYLINDRICAL_SURFACE('',#4594,0.00199999850585);
#272=CYLINDRICAL_SURFACE('',#4596,0.00199999850585);
#273=CYLINDRICAL_SURFACE('',#4599,0.00199999850585);
#274=CYLINDRICAL_SURFACE('',#4601,0.002000002202773);
#275=CYLINDRICAL_SURFACE('',#4604,0.00199999850585);
#276=CYLINDRICAL_SURFACE('',#4607,0.001355255911432);
#277=CYLINDRICAL_SURFACE('',#4612,0.00399999850584988);
#278=CYLINDRICAL_SURFACE('',#4616,0.00335525591143199);
#279=CYLINDRICAL_SURFACE('',#4619,0.00335525591143177);
#280=CYLINDRICAL_SURFACE('',#4622,0.0033552559114323);
#281=CYLINDRICAL_SURFACE('',#4625,0.00399999850585001);
#282=CYLINDRICAL_SURFACE('',#4628,0.00400000220277283);
#283=CYLINDRICAL_SURFACE('',#4632,0.00399999850584993);
#284=CYLINDRICAL_SURFACE('',#4635,0.00399999850585007);
#285=CYLINDRICAL_SURFACE('',#4637,0.001355255911432);
#286=CYLINDRICAL_SURFACE('',#4640,0.002);
#287=CYLINDRICAL_SURFACE('',#4641,0.002);
#288=CYLINDRICAL_SURFACE('',#4642,0.002);
#289=CYLINDRICAL_SURFACE('',#4643,0.002);
#290=CYLINDRICAL_SURFACE('',#4644,0.002);
#291=CYLINDRICAL_SURFACE('',#4645,0.002);
#292=CYLINDRICAL_SURFACE('',#4646,0.002);
#293=CYLINDRICAL_SURFACE('',#4647,0.002);
#294=CYLINDRICAL_SURFACE('',#4648,0.002);
#295=CYLINDRICAL_SURFACE('',#4649,0.002);
#296=CYLINDRICAL_SURFACE('',#4650,0.002);
#297=CYLINDRICAL_SURFACE('',#4651,0.002);
#298=CYLINDRICAL_SURFACE('',#4652,0.002);
#299=CYLINDRICAL_SURFACE('',#4653,0.002);
#300=CYLINDRICAL_SURFACE('',#4654,0.002);
#301=CYLINDRICAL_SURFACE('',#4655,0.002);
#302=CYLINDRICAL_SURFACE('',#4656,0.002);
#303=CYLINDRICAL_SURFACE('',#4657,0.002);
#304=CYLINDRICAL_SURFACE('',#4658,0.002);
#305=CYLINDRICAL_SURFACE('',#4662,0.00399999850584988);
#306=CYLINDRICAL_SURFACE('',#4667,0.00335525591143199);
#307=CYLINDRICAL_SURFACE('',#4671,0.00335525591143177);
#308=CYLINDRICAL_SURFACE('',#4675,0.0033552559114323);
#309=CYLINDRICAL_SURFACE('',#4679,0.00399999850585001);
#310=CYLINDRICAL_SURFACE('',#4683,0.00400000220277283);
#311=CYLINDRICAL_SURFACE('',#4688,0.00399999850584993);
#312=CYLINDRICAL_SURFACE('',#4692,0.00399999850585007);
#313=CYLINDRICAL_SURFACE('',#4699,0.006);
#314=CYLINDRICAL_SURFACE('',#4704,0.00535501629530903);
#315=CYLINDRICAL_SURFACE('',#4708,0.00535501983624007);
#316=CYLINDRICAL_SURFACE('',#4712,0.00535501629530902);
#317=CYLINDRICAL_SURFACE('',#4716,0.00599999842259399);
#318=CYLINDRICAL_SURFACE('',#4720,0.00599999850585001);
#319=CYLINDRICAL_SURFACE('',#4725,0.00599999850585002);
#320=CYLINDRICAL_SURFACE('',#4729,0.00602566067735898);
#321=CYLINDRICAL_SURFACE('',#4747,0.0015);
#322=CYLINDRICAL_SURFACE('',#4748,0.0015);
#323=CYLINDRICAL_SURFACE('',#4749,0.0015);
#324=CYLINDRICAL_SURFACE('',#4750,0.0015);
#325=CYLINDRICAL_SURFACE('',#4751,0.0015);
#326=CYLINDRICAL_SURFACE('',#4752,0.0015);
#327=CYLINDRICAL_SURFACE('',#4758,0.00315505273174701);
#328=CYLINDRICAL_SURFACE('',#4763,0.00399999850585002);
#329=CYLINDRICAL_SURFACE('',#4772,0.00399999850585001);
#330=CYLINDRICAL_SURFACE('',#4777,0.0011);
#331=CYLINDRICAL_SURFACE('',#4780,0.0011);
#332=CYLINDRICAL_SURFACE('',#4783,0.0011);
#333=CYLINDRICAL_SURFACE('',#4786,0.0011);
#334=CYLINDRICAL_SURFACE('',#4789,0.0011);
#335=CYLINDRICAL_SURFACE('',#4792,0.0011);
#336=CYLINDRICAL_SURFACE('',#4857,0.006);
#337=CYLINDRICAL_SURFACE('',#4861,0.00535501629530903);
#338=CYLINDRICAL_SURFACE('',#4864,0.00535501983624007);
#339=CYLINDRICAL_SURFACE('',#4867,0.00535501629530902);
#340=CYLINDRICAL_SURFACE('',#4870,0.00599999842259399);
#341=CYLINDRICAL_SURFACE('',#4873,0.00599999850585001);
#342=CYLINDRICAL_SURFACE('',#4877,0.00599999850585002);
#343=CYLINDRICAL_SURFACE('',#4880,0.00602566067735898);
#344=CYLINDRICAL_SURFACE('',#4883,0.00199999850585);
#345=CYLINDRICAL_SURFACE('',#4886,0.002025660677359);
#346=CYLINDRICAL_SURFACE('',#4889,0.00199999850585);
#347=CYLINDRICAL_SURFACE('',#4892,0.00199999850585);
#348=CYLINDRICAL_SURFACE('',#4895,0.00199999850585);
#349=CYLINDRICAL_SURFACE('',#4898,0.001999998422594);
#350=CYLINDRICAL_SURFACE('',#4901,0.001355016295309);
#351=CYLINDRICAL_SURFACE('',#4904,0.00135501983624);
#352=CYLINDRICAL_SURFACE('',#4907,0.001355016295309);
#353=CYLINDRICAL_SURFACE('',#4910,0.001155052731747);
#354=CYLINDRICAL_SURFACE('',#4913,0.002);
#355=CYLINDRICAL_SURFACE('',#4923,0.0015);
#356=CYLINDRICAL_SURFACE('',#4924,0.0015);
#357=CYLINDRICAL_SURFACE('',#4925,0.0015);
#358=CYLINDRICAL_SURFACE('',#4926,0.0015);
#359=CYLINDRICAL_SURFACE('',#4927,0.0015);
#360=CYLINDRICAL_SURFACE('',#4928,0.0015);
#361=CYLINDRICAL_SURFACE('',#4929,0.002);
#362=CYLINDRICAL_SURFACE('',#4930,0.002);
#363=CYLINDRICAL_SURFACE('',#4931,0.002);
#364=CYLINDRICAL_SURFACE('',#4932,0.002);
#365=CYLINDRICAL_SURFACE('',#4933,0.002);
#366=CYLINDRICAL_SURFACE('',#4934,0.002);
#367=CYLINDRICAL_SURFACE('',#4935,0.002);
#368=CYLINDRICAL_SURFACE('',#4936,0.002);
#369=CYLINDRICAL_SURFACE('',#4937,0.002);
#370=CYLINDRICAL_SURFACE('',#4938,0.002);
#371=CYLINDRICAL_SURFACE('',#4939,0.002);
#372=CYLINDRICAL_SURFACE('',#4940,0.002);
#373=CYLINDRICAL_SURFACE('',#4941,0.002);
#374=CYLINDRICAL_SURFACE('',#4942,0.002);
#375=CYLINDRICAL_SURFACE('',#4943,0.002);
#376=CYLINDRICAL_SURFACE('',#4944,0.002);
#377=ORIENTED_EDGE('',*,*,#1639,.F.);
#378=ORIENTED_EDGE('',*,*,#1640,.T.);
#379=ORIENTED_EDGE('',*,*,#1641,.T.);
#380=ORIENTED_EDGE('',*,*,#1642,.T.);
#381=ORIENTED_EDGE('',*,*,#1643,.T.);
#382=ORIENTED_EDGE('',*,*,#1644,.T.);
#383=ORIENTED_EDGE('',*,*,#1645,.F.);
#384=ORIENTED_EDGE('',*,*,#1646,.T.);
#385=ORIENTED_EDGE('',*,*,#1647,.F.);
#386=ORIENTED_EDGE('',*,*,#1648,.T.);
#387=ORIENTED_EDGE('',*,*,#1649,.T.);
#388=ORIENTED_EDGE('',*,*,#1650,.T.);
#389=ORIENTED_EDGE('',*,*,#1651,.F.);
#390=ORIENTED_EDGE('',*,*,#1652,.T.);
#391=ORIENTED_EDGE('',*,*,#1653,.T.);
#392=ORIENTED_EDGE('',*,*,#1654,.F.);
#393=ORIENTED_EDGE('',*,*,#1655,.T.);
#394=ORIENTED_EDGE('',*,*,#1656,.F.);
#395=ORIENTED_EDGE('',*,*,#1657,.F.);
#396=ORIENTED_EDGE('',*,*,#1654,.T.);
#397=ORIENTED_EDGE('',*,*,#1658,.T.);
#398=ORIENTED_EDGE('',*,*,#1659,.T.);
#399=ORIENTED_EDGE('',*,*,#1660,.F.);
#400=ORIENTED_EDGE('',*,*,#1656,.T.);
#401=ORIENTED_EDGE('',*,*,#1661,.F.);
#402=ORIENTED_EDGE('',*,*,#1662,.T.);
#403=ORIENTED_EDGE('',*,*,#1663,.T.);
#404=ORIENTED_EDGE('',*,*,#1664,.F.);
#405=ORIENTED_EDGE('',*,*,#1665,.T.);
#406=ORIENTED_EDGE('',*,*,#1666,.F.);
#407=ORIENTED_EDGE('',*,*,#1667,.F.);
#408=ORIENTED_EDGE('',*,*,#1664,.T.);
#409=ORIENTED_EDGE('',*,*,#1668,.T.);
#410=ORIENTED_EDGE('',*,*,#1669,.T.);
#411=ORIENTED_EDGE('',*,*,#1670,.F.);
#412=ORIENTED_EDGE('',*,*,#1666,.T.);
#413=ORIENTED_EDGE('',*,*,#1671,.T.);
#414=ORIENTED_EDGE('',*,*,#1672,.T.);
#415=ORIENTED_EDGE('',*,*,#1673,.F.);
#416=ORIENTED_EDGE('',*,*,#1674,.T.);
#417=ORIENTED_EDGE('',*,*,#1675,.T.);
#418=ORIENTED_EDGE('',*,*,#1676,.T.);
#419=ORIENTED_EDGE('',*,*,#1677,.F.);
#420=ORIENTED_EDGE('',*,*,#1678,.T.);
#421=ORIENTED_EDGE('',*,*,#1679,.F.);
#422=ORIENTED_EDGE('',*,*,#1680,.T.);
#423=ORIENTED_EDGE('',*,*,#1681,.T.);
#424=ORIENTED_EDGE('',*,*,#1682,.T.);
#425=ORIENTED_EDGE('',*,*,#1683,.F.);
#426=ORIENTED_EDGE('',*,*,#1684,.T.);
#427=ORIENTED_EDGE('',*,*,#1685,.T.);
#428=ORIENTED_EDGE('',*,*,#1686,.T.);
#429=ORIENTED_EDGE('',*,*,#1687,.F.);
#430=ORIENTED_EDGE('',*,*,#1688,.T.);
#431=ORIENTED_EDGE('',*,*,#1689,.T.);
#432=ORIENTED_EDGE('',*,*,#1690,.T.);
#433=ORIENTED_EDGE('',*,*,#1691,.F.);
#434=ORIENTED_EDGE('',*,*,#1692,.T.);
#435=ORIENTED_EDGE('',*,*,#1693,.T.);
#436=ORIENTED_EDGE('',*,*,#1694,.F.);
#437=ORIENTED_EDGE('',*,*,#1695,.T.);
#438=ORIENTED_EDGE('',*,*,#1696,.F.);
#439=ORIENTED_EDGE('',*,*,#1697,.F.);
#440=ORIENTED_EDGE('',*,*,#1694,.T.);
#441=ORIENTED_EDGE('',*,*,#1698,.T.);
#442=ORIENTED_EDGE('',*,*,#1699,.T.);
#443=ORIENTED_EDGE('',*,*,#1700,.F.);
#444=ORIENTED_EDGE('',*,*,#1696,.T.);
#445=ORIENTED_EDGE('',*,*,#1701,.T.);
#446=ORIENTED_EDGE('',*,*,#1702,.T.);
#447=ORIENTED_EDGE('',*,*,#1703,.F.);
#448=ORIENTED_EDGE('',*,*,#1704,.T.);
#449=ORIENTED_EDGE('',*,*,#1705,.T.);
#450=ORIENTED_EDGE('',*,*,#1706,.T.);
#451=ORIENTED_EDGE('',*,*,#1707,.F.);
#452=ORIENTED_EDGE('',*,*,#1708,.T.);
#453=ORIENTED_EDGE('',*,*,#1709,.F.);
#454=ORIENTED_EDGE('',*,*,#1710,.T.);
#455=ORIENTED_EDGE('',*,*,#1711,.T.);
#456=ORIENTED_EDGE('',*,*,#1712,.F.);
#457=ORIENTED_EDGE('',*,*,#1713,.F.);
#458=ORIENTED_EDGE('',*,*,#1714,.T.);
#459=ORIENTED_EDGE('',*,*,#1715,.F.);
#460=ORIENTED_EDGE('',*,*,#1716,.T.);
#461=ORIENTED_EDGE('',*,*,#1717,.F.);
#462=ORIENTED_EDGE('',*,*,#1718,.T.);
#463=ORIENTED_EDGE('',*,*,#1719,.T.);
#464=ORIENTED_EDGE('',*,*,#1720,.T.);
#465=ORIENTED_EDGE('',*,*,#1721,.F.);
#466=ORIENTED_EDGE('',*,*,#1712,.T.);
#467=ORIENTED_EDGE('',*,*,#1722,.F.);
#468=ORIENTED_EDGE('',*,*,#1723,.T.);
#469=ORIENTED_EDGE('',*,*,#1724,.F.);
#470=ORIENTED_EDGE('',*,*,#1725,.T.);
#471=ORIENTED_EDGE('',*,*,#1726,.F.);
#472=ORIENTED_EDGE('',*,*,#1727,.T.);
#473=ORIENTED_EDGE('',*,*,#1724,.T.);
#474=ORIENTED_EDGE('',*,*,#1722,.T.);
#475=ORIENTED_EDGE('',*,*,#1728,.T.);
#476=ORIENTED_EDGE('',*,*,#1729,.T.);
#477=ORIENTED_EDGE('',*,*,#1730,.T.);
#478=ORIENTED_EDGE('',*,*,#1661,.T.);
#479=ORIENTED_EDGE('',*,*,#1667,.T.);
#480=ORIENTED_EDGE('',*,*,#1670,.T.);
#481=ORIENTED_EDGE('',*,*,#1731,.T.);
#482=ORIENTED_EDGE('',*,*,#1673,.T.);
#483=ORIENTED_EDGE('',*,*,#1732,.T.);
#484=ORIENTED_EDGE('',*,*,#1677,.T.);
#485=ORIENTED_EDGE('',*,*,#1733,.T.);
#486=ORIENTED_EDGE('',*,*,#1679,.T.);
#487=ORIENTED_EDGE('',*,*,#1734,.T.);
#488=ORIENTED_EDGE('',*,*,#1683,.T.);
#489=ORIENTED_EDGE('',*,*,#1735,.T.);
#490=ORIENTED_EDGE('',*,*,#1687,.T.);
#491=ORIENTED_EDGE('',*,*,#1736,.T.);
#492=ORIENTED_EDGE('',*,*,#1691,.T.);
#493=ORIENTED_EDGE('',*,*,#1697,.T.);
#494=ORIENTED_EDGE('',*,*,#1700,.T.);
#495=ORIENTED_EDGE('',*,*,#1737,.T.);
#496=ORIENTED_EDGE('',*,*,#1738,.T.);
#497=ORIENTED_EDGE('',*,*,#1739,.T.);
#498=ORIENTED_EDGE('',*,*,#1703,.T.);
#499=ORIENTED_EDGE('',*,*,#1740,.T.);
#500=ORIENTED_EDGE('',*,*,#1741,.T.);
#501=ORIENTED_EDGE('',*,*,#1707,.T.);
#502=ORIENTED_EDGE('',*,*,#1742,.T.);
#503=ORIENTED_EDGE('',*,*,#1709,.T.);
#504=ORIENTED_EDGE('',*,*,#1721,.T.);
#505=ORIENTED_EDGE('',*,*,#1743,.T.);
#506=ORIENTED_EDGE('',*,*,#1639,.T.);
#507=ORIENTED_EDGE('',*,*,#1744,.T.);
#508=ORIENTED_EDGE('',*,*,#1643,.F.);
#509=ORIENTED_EDGE('',*,*,#1745,.T.);
#510=ORIENTED_EDGE('',*,*,#1649,.F.);
#511=ORIENTED_EDGE('',*,*,#1746,.T.);
#512=ORIENTED_EDGE('',*,*,#1651,.T.);
#513=ORIENTED_EDGE('',*,*,#1657,.T.);
#514=ORIENTED_EDGE('',*,*,#1660,.T.);
#515=ORIENTED_EDGE('',*,*,#1717,.T.);
#516=ORIENTED_EDGE('',*,*,#1715,.T.);
#517=ORIENTED_EDGE('',*,*,#1713,.T.);
#518=ORIENTED_EDGE('',*,*,#1726,.T.);
#519=ORIENTED_EDGE('',*,*,#1747,.F.);
#520=ORIENTED_EDGE('',*,*,#1748,.F.);
#521=ORIENTED_EDGE('',*,*,#1749,.F.);
#522=ORIENTED_EDGE('',*,*,#1750,.F.);
#523=ORIENTED_EDGE('',*,*,#1751,.F.);
#524=ORIENTED_EDGE('',*,*,#1752,.F.);
#525=ORIENTED_EDGE('',*,*,#1753,.F.);
#526=ORIENTED_EDGE('',*,*,#1754,.F.);
#527=ORIENTED_EDGE('',*,*,#1755,.F.);
#528=ORIENTED_EDGE('',*,*,#1756,.F.);
#529=ORIENTED_EDGE('',*,*,#1757,.F.);
#530=ORIENTED_EDGE('',*,*,#1758,.F.);
#531=ORIENTED_EDGE('',*,*,#1759,.F.);
#532=ORIENTED_EDGE('',*,*,#1760,.F.);
#533=ORIENTED_EDGE('',*,*,#1761,.F.);
#534=ORIENTED_EDGE('',*,*,#1762,.F.);
#535=ORIENTED_EDGE('',*,*,#1763,.F.);
#536=ORIENTED_EDGE('',*,*,#1764,.F.);
#537=ORIENTED_EDGE('',*,*,#1765,.F.);
#538=ORIENTED_EDGE('',*,*,#1725,.F.);
#539=ORIENTED_EDGE('',*,*,#1723,.F.);
#540=ORIENTED_EDGE('',*,*,#1766,.T.);
#541=ORIENTED_EDGE('',*,*,#1767,.T.);
#542=ORIENTED_EDGE('',*,*,#1768,.T.);
#543=ORIENTED_EDGE('',*,*,#1769,.T.);
#544=ORIENTED_EDGE('',*,*,#1770,.T.);
#545=ORIENTED_EDGE('',*,*,#1771,.T.);
#546=ORIENTED_EDGE('',*,*,#1772,.T.);
#547=ORIENTED_EDGE('',*,*,#1773,.T.);
#548=ORIENTED_EDGE('',*,*,#1774,.T.);
#549=ORIENTED_EDGE('',*,*,#1775,.T.);
#550=ORIENTED_EDGE('',*,*,#1776,.T.);
#551=ORIENTED_EDGE('',*,*,#1777,.T.);
#552=ORIENTED_EDGE('',*,*,#1778,.T.);
#553=ORIENTED_EDGE('',*,*,#1779,.T.);
#554=ORIENTED_EDGE('',*,*,#1780,.T.);
#555=ORIENTED_EDGE('',*,*,#1781,.T.);
#556=ORIENTED_EDGE('',*,*,#1782,.T.);
#557=ORIENTED_EDGE('',*,*,#1783,.T.);
#558=ORIENTED_EDGE('',*,*,#1784,.T.);
#559=ORIENTED_EDGE('',*,*,#1785,.T.);
#560=ORIENTED_EDGE('',*,*,#1786,.T.);
#561=ORIENTED_EDGE('',*,*,#1787,.T.);
#562=ORIENTED_EDGE('',*,*,#1788,.T.);
#563=ORIENTED_EDGE('',*,*,#1789,.T.);
#564=ORIENTED_EDGE('',*,*,#1790,.T.);
#565=ORIENTED_EDGE('',*,*,#1658,.F.);
#566=ORIENTED_EDGE('',*,*,#1655,.F.);
#567=ORIENTED_EDGE('',*,*,#1653,.F.);
#568=ORIENTED_EDGE('',*,*,#1791,.T.);
#569=ORIENTED_EDGE('',*,*,#1647,.T.);
#570=ORIENTED_EDGE('',*,*,#1792,.T.);
#571=ORIENTED_EDGE('',*,*,#1645,.T.);
#572=ORIENTED_EDGE('',*,*,#1793,.T.);
#573=ORIENTED_EDGE('',*,*,#1641,.F.);
#574=ORIENTED_EDGE('',*,*,#1794,.T.);
#575=ORIENTED_EDGE('',*,*,#1719,.F.);
#576=ORIENTED_EDGE('',*,*,#1711,.F.);
#577=ORIENTED_EDGE('',*,*,#1795,.T.);
#578=ORIENTED_EDGE('',*,*,#1705,.F.);
#579=ORIENTED_EDGE('',*,*,#1796,.T.);
#580=ORIENTED_EDGE('',*,*,#1797,.T.);
#581=ORIENTED_EDGE('',*,*,#1701,.F.);
#582=ORIENTED_EDGE('',*,*,#1798,.T.);
#583=ORIENTED_EDGE('',*,*,#1799,.T.);
#584=ORIENTED_EDGE('',*,*,#1800,.T.);
#585=ORIENTED_EDGE('',*,*,#1698,.F.);
#586=ORIENTED_EDGE('',*,*,#1695,.F.);
#587=ORIENTED_EDGE('',*,*,#1693,.F.);
#588=ORIENTED_EDGE('',*,*,#1801,.T.);
#589=ORIENTED_EDGE('',*,*,#1689,.F.);
#590=ORIENTED_EDGE('',*,*,#1802,.T.);
#591=ORIENTED_EDGE('',*,*,#1685,.F.);
#592=ORIENTED_EDGE('',*,*,#1803,.T.);
#593=ORIENTED_EDGE('',*,*,#1681,.F.);
#594=ORIENTED_EDGE('',*,*,#1804,.T.);
#595=ORIENTED_EDGE('',*,*,#1675,.F.);
#596=ORIENTED_EDGE('',*,*,#1805,.T.);
#597=ORIENTED_EDGE('',*,*,#1671,.F.);
#598=ORIENTED_EDGE('',*,*,#1806,.T.);
#599=ORIENTED_EDGE('',*,*,#1668,.F.);
#600=ORIENTED_EDGE('',*,*,#1665,.F.);
#601=ORIENTED_EDGE('',*,*,#1663,.F.);
#602=ORIENTED_EDGE('',*,*,#1718,.F.);
#603=ORIENTED_EDGE('',*,*,#1716,.F.);
#604=ORIENTED_EDGE('',*,*,#1714,.F.);
#605=ORIENTED_EDGE('',*,*,#1727,.F.);
#606=ORIENTED_EDGE('',*,*,#1807,.F.);
#607=ORIENTED_EDGE('',*,*,#1767,.F.);
#608=ORIENTED_EDGE('',*,*,#1808,.T.);
#609=ORIENTED_EDGE('',*,*,#1809,.T.);
#610=ORIENTED_EDGE('',*,*,#1810,.F.);
#611=ORIENTED_EDGE('',*,*,#1768,.F.);
#612=ORIENTED_EDGE('',*,*,#1807,.T.);
#613=ORIENTED_EDGE('',*,*,#1811,.T.);
#614=ORIENTED_EDGE('',*,*,#1812,.F.);
#615=ORIENTED_EDGE('',*,*,#1769,.F.);
#616=ORIENTED_EDGE('',*,*,#1810,.T.);
#617=ORIENTED_EDGE('',*,*,#1813,.T.);
#618=ORIENTED_EDGE('',*,*,#1814,.F.);
#619=ORIENTED_EDGE('',*,*,#1771,.F.);
#620=ORIENTED_EDGE('',*,*,#1815,.T.);
#621=ORIENTED_EDGE('',*,*,#1816,.T.);
#622=ORIENTED_EDGE('',*,*,#1817,.F.);
#623=ORIENTED_EDGE('',*,*,#1772,.F.);
#624=ORIENTED_EDGE('',*,*,#1814,.T.);
#625=ORIENTED_EDGE('',*,*,#1818,.T.);
#626=ORIENTED_EDGE('',*,*,#1819,.F.);
#627=ORIENTED_EDGE('',*,*,#1773,.F.);
#628=ORIENTED_EDGE('',*,*,#1817,.T.);
#629=ORIENTED_EDGE('',*,*,#1820,.T.);
#630=ORIENTED_EDGE('',*,*,#1821,.F.);
#631=ORIENTED_EDGE('',*,*,#1777,.F.);
#632=ORIENTED_EDGE('',*,*,#1822,.T.);
#633=ORIENTED_EDGE('',*,*,#1823,.T.);
#634=ORIENTED_EDGE('',*,*,#1824,.F.);
#635=ORIENTED_EDGE('',*,*,#1778,.F.);
#636=ORIENTED_EDGE('',*,*,#1821,.T.);
#637=ORIENTED_EDGE('',*,*,#1825,.T.);
#638=ORIENTED_EDGE('',*,*,#1826,.F.);
#639=ORIENTED_EDGE('',*,*,#1779,.F.);
#640=ORIENTED_EDGE('',*,*,#1824,.T.);
#641=ORIENTED_EDGE('',*,*,#1827,.T.);
#642=ORIENTED_EDGE('',*,*,#1787,.F.);
#643=ORIENTED_EDGE('',*,*,#1828,.T.);
#644=ORIENTED_EDGE('',*,*,#1829,.T.);
#645=ORIENTED_EDGE('',*,*,#1830,.F.);
#646=ORIENTED_EDGE('',*,*,#1766,.F.);
#647=ORIENTED_EDGE('',*,*,#1830,.T.);
#648=ORIENTED_EDGE('',*,*,#1831,.T.);
#649=ORIENTED_EDGE('',*,*,#1808,.F.);
#650=ORIENTED_EDGE('',*,*,#1770,.F.);
#651=ORIENTED_EDGE('',*,*,#1812,.T.);
#652=ORIENTED_EDGE('',*,*,#1832,.T.);
#653=ORIENTED_EDGE('',*,*,#1815,.F.);
#654=ORIENTED_EDGE('',*,*,#1774,.F.);
#655=ORIENTED_EDGE('',*,*,#1819,.T.);
#656=ORIENTED_EDGE('',*,*,#1833,.T.);
#657=ORIENTED_EDGE('',*,*,#1834,.F.);
#658=ORIENTED_EDGE('',*,*,#1775,.F.);
#659=ORIENTED_EDGE('',*,*,#1834,.T.);
#660=ORIENTED_EDGE('',*,*,#1835,.T.);
#661=ORIENTED_EDGE('',*,*,#1836,.F.);
#662=ORIENTED_EDGE('',*,*,#1776,.F.);
#663=ORIENTED_EDGE('',*,*,#1836,.T.);
#664=ORIENTED_EDGE('',*,*,#1837,.T.);
#665=ORIENTED_EDGE('',*,*,#1822,.F.);
#666=ORIENTED_EDGE('',*,*,#1780,.F.);
#667=ORIENTED_EDGE('',*,*,#1826,.T.);
#668=ORIENTED_EDGE('',*,*,#1838,.T.);
#669=ORIENTED_EDGE('',*,*,#1839,.F.);
#670=ORIENTED_EDGE('',*,*,#1781,.F.);
#671=ORIENTED_EDGE('',*,*,#1839,.T.);
#672=ORIENTED_EDGE('',*,*,#1840,.T.);
#673=ORIENTED_EDGE('',*,*,#1841,.F.);
#674=ORIENTED_EDGE('',*,*,#1782,.F.);
#675=ORIENTED_EDGE('',*,*,#1841,.T.);
#676=ORIENTED_EDGE('',*,*,#1842,.T.);
#677=ORIENTED_EDGE('',*,*,#1843,.F.);
#678=ORIENTED_EDGE('',*,*,#1783,.F.);
#679=ORIENTED_EDGE('',*,*,#1843,.T.);
#680=ORIENTED_EDGE('',*,*,#1844,.T.);
#681=ORIENTED_EDGE('',*,*,#1845,.F.);
#682=ORIENTED_EDGE('',*,*,#1784,.F.);
#683=ORIENTED_EDGE('',*,*,#1845,.T.);
#684=ORIENTED_EDGE('',*,*,#1846,.T.);
#685=ORIENTED_EDGE('',*,*,#1847,.F.);
#686=ORIENTED_EDGE('',*,*,#1785,.F.);
#687=ORIENTED_EDGE('',*,*,#1847,.T.);
#688=ORIENTED_EDGE('',*,*,#1848,.T.);
#689=ORIENTED_EDGE('',*,*,#1849,.F.);
#690=ORIENTED_EDGE('',*,*,#1850,.F.);
#691=ORIENTED_EDGE('',*,*,#1851,.F.);
#692=ORIENTED_EDGE('',*,*,#1747,.T.);
#693=ORIENTED_EDGE('',*,*,#1852,.T.);
#694=ORIENTED_EDGE('',*,*,#1853,.F.);
#695=ORIENTED_EDGE('',*,*,#1854,.F.);
#696=ORIENTED_EDGE('',*,*,#1748,.T.);
#697=ORIENTED_EDGE('',*,*,#1851,.T.);
#698=ORIENTED_EDGE('',*,*,#1855,.F.);
#699=ORIENTED_EDGE('',*,*,#1856,.F.);
#700=ORIENTED_EDGE('',*,*,#1749,.T.);
#701=ORIENTED_EDGE('',*,*,#1854,.T.);
#702=ORIENTED_EDGE('',*,*,#1857,.F.);
#703=ORIENTED_EDGE('',*,*,#1858,.F.);
#704=ORIENTED_EDGE('',*,*,#1750,.T.);
#705=ORIENTED_EDGE('',*,*,#1856,.T.);
#706=ORIENTED_EDGE('',*,*,#1859,.F.);
#707=ORIENTED_EDGE('',*,*,#1860,.F.);
#708=ORIENTED_EDGE('',*,*,#1751,.T.);
#709=ORIENTED_EDGE('',*,*,#1858,.T.);
#710=ORIENTED_EDGE('',*,*,#1861,.F.);
#711=ORIENTED_EDGE('',*,*,#1862,.F.);
#712=ORIENTED_EDGE('',*,*,#1752,.T.);
#713=ORIENTED_EDGE('',*,*,#1860,.T.);
#714=ORIENTED_EDGE('',*,*,#1863,.F.);
#715=ORIENTED_EDGE('',*,*,#1864,.F.);
#716=ORIENTED_EDGE('',*,*,#1753,.T.);
#717=ORIENTED_EDGE('',*,*,#1862,.T.);
#718=ORIENTED_EDGE('',*,*,#1865,.F.);
#719=ORIENTED_EDGE('',*,*,#1866,.F.);
#720=ORIENTED_EDGE('',*,*,#1754,.T.);
#721=ORIENTED_EDGE('',*,*,#1864,.T.);
#722=ORIENTED_EDGE('',*,*,#1867,.F.);
#723=ORIENTED_EDGE('',*,*,#1868,.F.);
#724=ORIENTED_EDGE('',*,*,#1755,.T.);
#725=ORIENTED_EDGE('',*,*,#1866,.T.);
#726=ORIENTED_EDGE('',*,*,#1869,.F.);
#727=ORIENTED_EDGE('',*,*,#1870,.F.);
#728=ORIENTED_EDGE('',*,*,#1756,.T.);
#729=ORIENTED_EDGE('',*,*,#1868,.T.);
#730=ORIENTED_EDGE('',*,*,#1871,.F.);
#731=ORIENTED_EDGE('',*,*,#1872,.F.);
#732=ORIENTED_EDGE('',*,*,#1757,.T.);
#733=ORIENTED_EDGE('',*,*,#1870,.T.);
#734=ORIENTED_EDGE('',*,*,#1873,.F.);
#735=ORIENTED_EDGE('',*,*,#1874,.F.);
#736=ORIENTED_EDGE('',*,*,#1758,.T.);
#737=ORIENTED_EDGE('',*,*,#1872,.T.);
#738=ORIENTED_EDGE('',*,*,#1875,.F.);
#739=ORIENTED_EDGE('',*,*,#1876,.F.);
#740=ORIENTED_EDGE('',*,*,#1759,.T.);
#741=ORIENTED_EDGE('',*,*,#1874,.T.);
#742=ORIENTED_EDGE('',*,*,#1877,.F.);
#743=ORIENTED_EDGE('',*,*,#1878,.F.);
#744=ORIENTED_EDGE('',*,*,#1760,.T.);
#745=ORIENTED_EDGE('',*,*,#1876,.T.);
#746=ORIENTED_EDGE('',*,*,#1879,.F.);
#747=ORIENTED_EDGE('',*,*,#1880,.F.);
#748=ORIENTED_EDGE('',*,*,#1761,.T.);
#749=ORIENTED_EDGE('',*,*,#1878,.T.);
#750=ORIENTED_EDGE('',*,*,#1881,.F.);
#751=ORIENTED_EDGE('',*,*,#1882,.F.);
#752=ORIENTED_EDGE('',*,*,#1762,.T.);
#753=ORIENTED_EDGE('',*,*,#1880,.T.);
#754=ORIENTED_EDGE('',*,*,#1883,.F.);
#755=ORIENTED_EDGE('',*,*,#1884,.F.);
#756=ORIENTED_EDGE('',*,*,#1763,.T.);
#757=ORIENTED_EDGE('',*,*,#1882,.T.);
#758=ORIENTED_EDGE('',*,*,#1885,.F.);
#759=ORIENTED_EDGE('',*,*,#1886,.F.);
#760=ORIENTED_EDGE('',*,*,#1764,.T.);
#761=ORIENTED_EDGE('',*,*,#1884,.T.);
#762=ORIENTED_EDGE('',*,*,#1887,.F.);
#763=ORIENTED_EDGE('',*,*,#1852,.F.);
#764=ORIENTED_EDGE('',*,*,#1765,.T.);
#765=ORIENTED_EDGE('',*,*,#1886,.T.);
#766=ORIENTED_EDGE('',*,*,#1786,.F.);
#767=ORIENTED_EDGE('',*,*,#1849,.T.);
#768=ORIENTED_EDGE('',*,*,#1888,.T.);
#769=ORIENTED_EDGE('',*,*,#1828,.F.);
#770=ORIENTED_EDGE('',*,*,#1850,.T.);
#771=ORIENTED_EDGE('',*,*,#1887,.T.);
#772=ORIENTED_EDGE('',*,*,#1885,.T.);
#773=ORIENTED_EDGE('',*,*,#1883,.T.);
#774=ORIENTED_EDGE('',*,*,#1881,.T.);
#775=ORIENTED_EDGE('',*,*,#1879,.T.);
#776=ORIENTED_EDGE('',*,*,#1877,.T.);
#777=ORIENTED_EDGE('',*,*,#1875,.T.);
#778=ORIENTED_EDGE('',*,*,#1873,.T.);
#779=ORIENTED_EDGE('',*,*,#1871,.T.);
#780=ORIENTED_EDGE('',*,*,#1869,.T.);
#781=ORIENTED_EDGE('',*,*,#1867,.T.);
#782=ORIENTED_EDGE('',*,*,#1865,.T.);
#783=ORIENTED_EDGE('',*,*,#1863,.T.);
#784=ORIENTED_EDGE('',*,*,#1861,.T.);
#785=ORIENTED_EDGE('',*,*,#1859,.T.);
#786=ORIENTED_EDGE('',*,*,#1857,.T.);
#787=ORIENTED_EDGE('',*,*,#1855,.T.);
#788=ORIENTED_EDGE('',*,*,#1853,.T.);
#789=ORIENTED_EDGE('',*,*,#1829,.F.);
#790=ORIENTED_EDGE('',*,*,#1888,.F.);
#791=ORIENTED_EDGE('',*,*,#1848,.F.);
#792=ORIENTED_EDGE('',*,*,#1846,.F.);
#793=ORIENTED_EDGE('',*,*,#1844,.F.);
#794=ORIENTED_EDGE('',*,*,#1842,.F.);
#795=ORIENTED_EDGE('',*,*,#1840,.F.);
#796=ORIENTED_EDGE('',*,*,#1838,.F.);
#797=ORIENTED_EDGE('',*,*,#1827,.F.);
#798=ORIENTED_EDGE('',*,*,#1825,.F.);
#799=ORIENTED_EDGE('',*,*,#1823,.F.);
#800=ORIENTED_EDGE('',*,*,#1837,.F.);
#801=ORIENTED_EDGE('',*,*,#1835,.F.);
#802=ORIENTED_EDGE('',*,*,#1833,.F.);
#803=ORIENTED_EDGE('',*,*,#1820,.F.);
#804=ORIENTED_EDGE('',*,*,#1818,.F.);
#805=ORIENTED_EDGE('',*,*,#1816,.F.);
#806=ORIENTED_EDGE('',*,*,#1832,.F.);
#807=ORIENTED_EDGE('',*,*,#1813,.F.);
#808=ORIENTED_EDGE('',*,*,#1811,.F.);
#809=ORIENTED_EDGE('',*,*,#1809,.F.);
#810=ORIENTED_EDGE('',*,*,#1831,.F.);
#811=ORIENTED_EDGE('',*,*,#1732,.F.);
#812=ORIENTED_EDGE('',*,*,#1672,.F.);
#813=ORIENTED_EDGE('',*,*,#1805,.F.);
#814=ORIENTED_EDGE('',*,*,#1678,.F.);
#815=ORIENTED_EDGE('',*,*,#1731,.F.);
#816=ORIENTED_EDGE('',*,*,#1669,.F.);
#817=ORIENTED_EDGE('',*,*,#1806,.F.);
#818=ORIENTED_EDGE('',*,*,#1674,.F.);
#819=ORIENTED_EDGE('',*,*,#1730,.F.);
#820=ORIENTED_EDGE('',*,*,#1889,.T.);
#821=ORIENTED_EDGE('',*,*,#1788,.F.);
#822=ORIENTED_EDGE('',*,*,#1662,.F.);
#823=ORIENTED_EDGE('',*,*,#1790,.F.);
#824=ORIENTED_EDGE('',*,*,#1890,.T.);
#825=ORIENTED_EDGE('',*,*,#1728,.F.);
#826=ORIENTED_EDGE('',*,*,#1659,.F.);
#827=ORIENTED_EDGE('',*,*,#1743,.F.);
#828=ORIENTED_EDGE('',*,*,#1720,.F.);
#829=ORIENTED_EDGE('',*,*,#1794,.F.);
#830=ORIENTED_EDGE('',*,*,#1640,.F.);
#831=ORIENTED_EDGE('',*,*,#1744,.F.);
#832=ORIENTED_EDGE('',*,*,#1642,.F.);
#833=ORIENTED_EDGE('',*,*,#1793,.F.);
#834=ORIENTED_EDGE('',*,*,#1644,.F.);
#835=ORIENTED_EDGE('',*,*,#1746,.F.);
#836=ORIENTED_EDGE('',*,*,#1648,.F.);
#837=ORIENTED_EDGE('',*,*,#1791,.F.);
#838=ORIENTED_EDGE('',*,*,#1652,.F.);
#839=ORIENTED_EDGE('',*,*,#1745,.F.);
#840=ORIENTED_EDGE('',*,*,#1646,.F.);
#841=ORIENTED_EDGE('',*,*,#1792,.F.);
#842=ORIENTED_EDGE('',*,*,#1650,.F.);
#843=ORIENTED_EDGE('',*,*,#1741,.F.);
#844=ORIENTED_EDGE('',*,*,#1891,.T.);
#845=ORIENTED_EDGE('',*,*,#1796,.F.);
#846=ORIENTED_EDGE('',*,*,#1708,.F.);
#847=ORIENTED_EDGE('',*,*,#1799,.F.);
#848=ORIENTED_EDGE('',*,*,#1892,.T.);
#849=ORIENTED_EDGE('',*,*,#1738,.F.);
#850=ORIENTED_EDGE('',*,*,#1893,.T.);
#851=ORIENTED_EDGE('',*,*,#1734,.F.);
#852=ORIENTED_EDGE('',*,*,#1682,.F.);
#853=ORIENTED_EDGE('',*,*,#1803,.F.);
#854=ORIENTED_EDGE('',*,*,#1684,.F.);
#855=ORIENTED_EDGE('',*,*,#1735,.F.);
#856=ORIENTED_EDGE('',*,*,#1686,.F.);
#857=ORIENTED_EDGE('',*,*,#1802,.F.);
#858=ORIENTED_EDGE('',*,*,#1688,.F.);
#859=ORIENTED_EDGE('',*,*,#1736,.F.);
#860=ORIENTED_EDGE('',*,*,#1690,.F.);
#861=ORIENTED_EDGE('',*,*,#1801,.F.);
#862=ORIENTED_EDGE('',*,*,#1692,.F.);
#863=ORIENTED_EDGE('',*,*,#1729,.F.);
#864=ORIENTED_EDGE('',*,*,#1890,.F.);
#865=ORIENTED_EDGE('',*,*,#1789,.F.);
#866=ORIENTED_EDGE('',*,*,#1889,.F.);
#867=ORIENTED_EDGE('',*,*,#1742,.F.);
#868=ORIENTED_EDGE('',*,*,#1706,.F.);
#869=ORIENTED_EDGE('',*,*,#1795,.F.);
#870=ORIENTED_EDGE('',*,*,#1710,.F.);
#871=ORIENTED_EDGE('',*,*,#1740,.F.);
#872=ORIENTED_EDGE('',*,*,#1702,.F.);
#873=ORIENTED_EDGE('',*,*,#1797,.F.);
#874=ORIENTED_EDGE('',*,*,#1891,.F.);
#875=ORIENTED_EDGE('',*,*,#1733,.F.);
#876=ORIENTED_EDGE('',*,*,#1676,.F.);
#877=ORIENTED_EDGE('',*,*,#1804,.F.);
#878=ORIENTED_EDGE('',*,*,#1680,.F.);
#879=ORIENTED_EDGE('',*,*,#1739,.F.);
#880=ORIENTED_EDGE('',*,*,#1892,.F.);
#881=ORIENTED_EDGE('',*,*,#1798,.F.);
#882=ORIENTED_EDGE('',*,*,#1704,.F.);
#883=ORIENTED_EDGE('',*,*,#1737,.F.);
#884=ORIENTED_EDGE('',*,*,#1699,.F.);
#885=ORIENTED_EDGE('',*,*,#1800,.F.);
#886=ORIENTED_EDGE('',*,*,#1893,.F.);
#887=ORIENTED_EDGE('',*,*,#1894,.F.);
#888=ORIENTED_EDGE('',*,*,#1895,.F.);
#889=ORIENTED_EDGE('',*,*,#1896,.T.);
#890=ORIENTED_EDGE('',*,*,#1897,.T.);
#891=ORIENTED_EDGE('',*,*,#1898,.F.);
#892=ORIENTED_EDGE('',*,*,#1899,.F.);
#893=ORIENTED_EDGE('',*,*,#1900,.T.);
#894=ORIENTED_EDGE('',*,*,#1895,.T.);
#895=ORIENTED_EDGE('',*,*,#1901,.F.);
#896=ORIENTED_EDGE('',*,*,#1902,.F.);
#897=ORIENTED_EDGE('',*,*,#1903,.T.);
#898=ORIENTED_EDGE('',*,*,#1899,.T.);
#899=ORIENTED_EDGE('',*,*,#1904,.F.);
#900=ORIENTED_EDGE('',*,*,#1905,.F.);
#901=ORIENTED_EDGE('',*,*,#1906,.T.);
#902=ORIENTED_EDGE('',*,*,#1902,.T.);
#903=ORIENTED_EDGE('',*,*,#1907,.F.);
#904=ORIENTED_EDGE('',*,*,#1908,.F.);
#905=ORIENTED_EDGE('',*,*,#1909,.T.);
#906=ORIENTED_EDGE('',*,*,#1905,.T.);
#907=ORIENTED_EDGE('',*,*,#1910,.F.);
#908=ORIENTED_EDGE('',*,*,#1911,.F.);
#909=ORIENTED_EDGE('',*,*,#1912,.T.);
#910=ORIENTED_EDGE('',*,*,#1908,.T.);
#911=ORIENTED_EDGE('',*,*,#1913,.F.);
#912=ORIENTED_EDGE('',*,*,#1914,.F.);
#913=ORIENTED_EDGE('',*,*,#1915,.T.);
#914=ORIENTED_EDGE('',*,*,#1911,.T.);
#915=ORIENTED_EDGE('',*,*,#1916,.F.);
#916=ORIENTED_EDGE('',*,*,#1917,.F.);
#917=ORIENTED_EDGE('',*,*,#1918,.T.);
#918=ORIENTED_EDGE('',*,*,#1914,.T.);
#919=ORIENTED_EDGE('',*,*,#1919,.F.);
#920=ORIENTED_EDGE('',*,*,#1920,.F.);
#921=ORIENTED_EDGE('',*,*,#1921,.T.);
#922=ORIENTED_EDGE('',*,*,#1917,.T.);
#923=ORIENTED_EDGE('',*,*,#1922,.F.);
#924=ORIENTED_EDGE('',*,*,#1923,.F.);
#925=ORIENTED_EDGE('',*,*,#1924,.T.);
#926=ORIENTED_EDGE('',*,*,#1920,.T.);
#927=ORIENTED_EDGE('',*,*,#1925,.F.);
#928=ORIENTED_EDGE('',*,*,#1926,.F.);
#929=ORIENTED_EDGE('',*,*,#1927,.T.);
#930=ORIENTED_EDGE('',*,*,#1923,.T.);
#931=ORIENTED_EDGE('',*,*,#1928,.F.);
#932=ORIENTED_EDGE('',*,*,#1929,.F.);
#933=ORIENTED_EDGE('',*,*,#1930,.T.);
#934=ORIENTED_EDGE('',*,*,#1926,.T.);
#935=ORIENTED_EDGE('',*,*,#1931,.F.);
#936=ORIENTED_EDGE('',*,*,#1932,.F.);
#937=ORIENTED_EDGE('',*,*,#1933,.T.);
#938=ORIENTED_EDGE('',*,*,#1929,.T.);
#939=ORIENTED_EDGE('',*,*,#1934,.F.);
#940=ORIENTED_EDGE('',*,*,#1935,.F.);
#941=ORIENTED_EDGE('',*,*,#1936,.T.);
#942=ORIENTED_EDGE('',*,*,#1932,.T.);
#943=ORIENTED_EDGE('',*,*,#1937,.F.);
#944=ORIENTED_EDGE('',*,*,#1938,.F.);
#945=ORIENTED_EDGE('',*,*,#1939,.T.);
#946=ORIENTED_EDGE('',*,*,#1935,.T.);
#947=ORIENTED_EDGE('',*,*,#1940,.F.);
#948=ORIENTED_EDGE('',*,*,#1941,.F.);
#949=ORIENTED_EDGE('',*,*,#1942,.T.);
#950=ORIENTED_EDGE('',*,*,#1938,.T.);
#951=ORIENTED_EDGE('',*,*,#1943,.F.);
#952=ORIENTED_EDGE('',*,*,#1944,.F.);
#953=ORIENTED_EDGE('',*,*,#1945,.T.);
#954=ORIENTED_EDGE('',*,*,#1941,.T.);
#955=ORIENTED_EDGE('',*,*,#1946,.F.);
#956=ORIENTED_EDGE('',*,*,#1947,.F.);
#957=ORIENTED_EDGE('',*,*,#1948,.T.);
#958=ORIENTED_EDGE('',*,*,#1944,.T.);
#959=ORIENTED_EDGE('',*,*,#1949,.F.);
#960=ORIENTED_EDGE('',*,*,#1897,.F.);
#961=ORIENTED_EDGE('',*,*,#1950,.T.);
#962=ORIENTED_EDGE('',*,*,#1947,.T.);
#963=ORIENTED_EDGE('',*,*,#1896,.F.);
#964=ORIENTED_EDGE('',*,*,#1900,.F.);
#965=ORIENTED_EDGE('',*,*,#1903,.F.);
#966=ORIENTED_EDGE('',*,*,#1906,.F.);
#967=ORIENTED_EDGE('',*,*,#1909,.F.);
#968=ORIENTED_EDGE('',*,*,#1912,.F.);
#969=ORIENTED_EDGE('',*,*,#1915,.F.);
#970=ORIENTED_EDGE('',*,*,#1918,.F.);
#971=ORIENTED_EDGE('',*,*,#1921,.F.);
#972=ORIENTED_EDGE('',*,*,#1924,.F.);
#973=ORIENTED_EDGE('',*,*,#1927,.F.);
#974=ORIENTED_EDGE('',*,*,#1930,.F.);
#975=ORIENTED_EDGE('',*,*,#1933,.F.);
#976=ORIENTED_EDGE('',*,*,#1936,.F.);
#977=ORIENTED_EDGE('',*,*,#1939,.F.);
#978=ORIENTED_EDGE('',*,*,#1942,.F.);
#979=ORIENTED_EDGE('',*,*,#1945,.F.);
#980=ORIENTED_EDGE('',*,*,#1948,.F.);
#981=ORIENTED_EDGE('',*,*,#1950,.F.);
#982=ORIENTED_EDGE('',*,*,#1894,.T.);
#983=ORIENTED_EDGE('',*,*,#1949,.T.);
#984=ORIENTED_EDGE('',*,*,#1946,.T.);
#985=ORIENTED_EDGE('',*,*,#1943,.T.);
#986=ORIENTED_EDGE('',*,*,#1940,.T.);
#987=ORIENTED_EDGE('',*,*,#1937,.T.);
#988=ORIENTED_EDGE('',*,*,#1934,.T.);
#989=ORIENTED_EDGE('',*,*,#1931,.T.);
#990=ORIENTED_EDGE('',*,*,#1928,.T.);
#991=ORIENTED_EDGE('',*,*,#1925,.T.);
#992=ORIENTED_EDGE('',*,*,#1922,.T.);
#993=ORIENTED_EDGE('',*,*,#1919,.T.);
#994=ORIENTED_EDGE('',*,*,#1916,.T.);
#995=ORIENTED_EDGE('',*,*,#1913,.T.);
#996=ORIENTED_EDGE('',*,*,#1910,.T.);
#997=ORIENTED_EDGE('',*,*,#1907,.T.);
#998=ORIENTED_EDGE('',*,*,#1904,.T.);
#999=ORIENTED_EDGE('',*,*,#1901,.T.);
#1000=ORIENTED_EDGE('',*,*,#1898,.T.);
#1001=ORIENTED_EDGE('',*,*,#1951,.T.);
#1002=ORIENTED_EDGE('',*,*,#1952,.F.);
#1003=ORIENTED_EDGE('',*,*,#1953,.F.);
#1004=ORIENTED_EDGE('',*,*,#1954,.T.);
#1005=ORIENTED_EDGE('',*,*,#1955,.T.);
#1006=ORIENTED_EDGE('',*,*,#1956,.F.);
#1007=ORIENTED_EDGE('',*,*,#1957,.F.);
#1008=ORIENTED_EDGE('',*,*,#1952,.T.);
#1009=ORIENTED_EDGE('',*,*,#1958,.T.);
#1010=ORIENTED_EDGE('',*,*,#1959,.F.);
#1011=ORIENTED_EDGE('',*,*,#1960,.F.);
#1012=ORIENTED_EDGE('',*,*,#1956,.T.);
#1013=ORIENTED_EDGE('',*,*,#1961,.T.);
#1014=ORIENTED_EDGE('',*,*,#1962,.F.);
#1015=ORIENTED_EDGE('',*,*,#1963,.F.);
#1016=ORIENTED_EDGE('',*,*,#1959,.T.);
#1017=ORIENTED_EDGE('',*,*,#1964,.T.);
#1018=ORIENTED_EDGE('',*,*,#1965,.F.);
#1019=ORIENTED_EDGE('',*,*,#1966,.F.);
#1020=ORIENTED_EDGE('',*,*,#1962,.T.);
#1021=ORIENTED_EDGE('',*,*,#1967,.T.);
#1022=ORIENTED_EDGE('',*,*,#1968,.F.);
#1023=ORIENTED_EDGE('',*,*,#1969,.F.);
#1024=ORIENTED_EDGE('',*,*,#1965,.T.);
#1025=ORIENTED_EDGE('',*,*,#1970,.T.);
#1026=ORIENTED_EDGE('',*,*,#1971,.F.);
#1027=ORIENTED_EDGE('',*,*,#1972,.F.);
#1028=ORIENTED_EDGE('',*,*,#1968,.T.);
#1029=ORIENTED_EDGE('',*,*,#1973,.T.);
#1030=ORIENTED_EDGE('',*,*,#1974,.F.);
#1031=ORIENTED_EDGE('',*,*,#1975,.F.);
#1032=ORIENTED_EDGE('',*,*,#1971,.T.);
#1033=ORIENTED_EDGE('',*,*,#1976,.T.);
#1034=ORIENTED_EDGE('',*,*,#1977,.F.);
#1035=ORIENTED_EDGE('',*,*,#1978,.F.);
#1036=ORIENTED_EDGE('',*,*,#1974,.T.);
#1037=ORIENTED_EDGE('',*,*,#1979,.T.);
#1038=ORIENTED_EDGE('',*,*,#1980,.F.);
#1039=ORIENTED_EDGE('',*,*,#1981,.F.);
#1040=ORIENTED_EDGE('',*,*,#1977,.T.);
#1041=ORIENTED_EDGE('',*,*,#1982,.T.);
#1042=ORIENTED_EDGE('',*,*,#1983,.F.);
#1043=ORIENTED_EDGE('',*,*,#1984,.F.);
#1044=ORIENTED_EDGE('',*,*,#1980,.T.);
#1045=ORIENTED_EDGE('',*,*,#1985,.T.);
#1046=ORIENTED_EDGE('',*,*,#1986,.F.);
#1047=ORIENTED_EDGE('',*,*,#1987,.F.);
#1048=ORIENTED_EDGE('',*,*,#1983,.T.);
#1049=ORIENTED_EDGE('',*,*,#1988,.T.);
#1050=ORIENTED_EDGE('',*,*,#1989,.F.);
#1051=ORIENTED_EDGE('',*,*,#1990,.F.);
#1052=ORIENTED_EDGE('',*,*,#1986,.T.);
#1053=ORIENTED_EDGE('',*,*,#1991,.T.);
#1054=ORIENTED_EDGE('',*,*,#1992,.F.);
#1055=ORIENTED_EDGE('',*,*,#1993,.F.);
#1056=ORIENTED_EDGE('',*,*,#1989,.T.);
#1057=ORIENTED_EDGE('',*,*,#1994,.T.);
#1058=ORIENTED_EDGE('',*,*,#1995,.F.);
#1059=ORIENTED_EDGE('',*,*,#1996,.F.);
#1060=ORIENTED_EDGE('',*,*,#1992,.T.);
#1061=ORIENTED_EDGE('',*,*,#1997,.T.);
#1062=ORIENTED_EDGE('',*,*,#1998,.F.);
#1063=ORIENTED_EDGE('',*,*,#1999,.F.);
#1064=ORIENTED_EDGE('',*,*,#1995,.T.);
#1065=ORIENTED_EDGE('',*,*,#2000,.T.);
#1066=ORIENTED_EDGE('',*,*,#2001,.F.);
#1067=ORIENTED_EDGE('',*,*,#2002,.F.);
#1068=ORIENTED_EDGE('',*,*,#1998,.T.);
#1069=ORIENTED_EDGE('',*,*,#2003,.T.);
#1070=ORIENTED_EDGE('',*,*,#2004,.F.);
#1071=ORIENTED_EDGE('',*,*,#2005,.F.);
#1072=ORIENTED_EDGE('',*,*,#2001,.T.);
#1073=ORIENTED_EDGE('',*,*,#2006,.T.);
#1074=ORIENTED_EDGE('',*,*,#1954,.F.);
#1075=ORIENTED_EDGE('',*,*,#2007,.F.);
#1076=ORIENTED_EDGE('',*,*,#2004,.T.);
#1077=ORIENTED_EDGE('',*,*,#2008,.F.);
#1078=ORIENTED_EDGE('',*,*,#2009,.F.);
#1079=ORIENTED_EDGE('',*,*,#2010,.F.);
#1080=ORIENTED_EDGE('',*,*,#2011,.F.);
#1081=ORIENTED_EDGE('',*,*,#2012,.F.);
#1082=ORIENTED_EDGE('',*,*,#2013,.F.);
#1083=ORIENTED_EDGE('',*,*,#1953,.T.);
#1084=ORIENTED_EDGE('',*,*,#1957,.T.);
#1085=ORIENTED_EDGE('',*,*,#1960,.T.);
#1086=ORIENTED_EDGE('',*,*,#1963,.T.);
#1087=ORIENTED_EDGE('',*,*,#1966,.T.);
#1088=ORIENTED_EDGE('',*,*,#1969,.T.);
#1089=ORIENTED_EDGE('',*,*,#1972,.T.);
#1090=ORIENTED_EDGE('',*,*,#1975,.T.);
#1091=ORIENTED_EDGE('',*,*,#1978,.T.);
#1092=ORIENTED_EDGE('',*,*,#1981,.T.);
#1093=ORIENTED_EDGE('',*,*,#1984,.T.);
#1094=ORIENTED_EDGE('',*,*,#1987,.T.);
#1095=ORIENTED_EDGE('',*,*,#1990,.T.);
#1096=ORIENTED_EDGE('',*,*,#1993,.T.);
#1097=ORIENTED_EDGE('',*,*,#1996,.T.);
#1098=ORIENTED_EDGE('',*,*,#1999,.T.);
#1099=ORIENTED_EDGE('',*,*,#2002,.T.);
#1100=ORIENTED_EDGE('',*,*,#2005,.T.);
#1101=ORIENTED_EDGE('',*,*,#2007,.T.);
#1102=ORIENTED_EDGE('',*,*,#2014,.T.);
#1103=ORIENTED_EDGE('',*,*,#2015,.T.);
#1104=ORIENTED_EDGE('',*,*,#2016,.T.);
#1105=ORIENTED_EDGE('',*,*,#2017,.T.);
#1106=ORIENTED_EDGE('',*,*,#2018,.T.);
#1107=ORIENTED_EDGE('',*,*,#2019,.T.);
#1108=ORIENTED_EDGE('',*,*,#1951,.F.);
#1109=ORIENTED_EDGE('',*,*,#2006,.F.);
#1110=ORIENTED_EDGE('',*,*,#2003,.F.);
#1111=ORIENTED_EDGE('',*,*,#2000,.F.);
#1112=ORIENTED_EDGE('',*,*,#1997,.F.);
#1113=ORIENTED_EDGE('',*,*,#1994,.F.);
#1114=ORIENTED_EDGE('',*,*,#1991,.F.);
#1115=ORIENTED_EDGE('',*,*,#1988,.F.);
#1116=ORIENTED_EDGE('',*,*,#1985,.F.);
#1117=ORIENTED_EDGE('',*,*,#1982,.F.);
#1118=ORIENTED_EDGE('',*,*,#1979,.F.);
#1119=ORIENTED_EDGE('',*,*,#1976,.F.);
#1120=ORIENTED_EDGE('',*,*,#1973,.F.);
#1121=ORIENTED_EDGE('',*,*,#1970,.F.);
#1122=ORIENTED_EDGE('',*,*,#1967,.F.);
#1123=ORIENTED_EDGE('',*,*,#1964,.F.);
#1124=ORIENTED_EDGE('',*,*,#1961,.F.);
#1125=ORIENTED_EDGE('',*,*,#1958,.F.);
#1126=ORIENTED_EDGE('',*,*,#1955,.F.);
#1127=ORIENTED_EDGE('',*,*,#2013,.T.);
#1128=ORIENTED_EDGE('',*,*,#2019,.F.);
#1129=ORIENTED_EDGE('',*,*,#2012,.T.);
#1130=ORIENTED_EDGE('',*,*,#2018,.F.);
#1131=ORIENTED_EDGE('',*,*,#2011,.T.);
#1132=ORIENTED_EDGE('',*,*,#2017,.F.);
#1133=ORIENTED_EDGE('',*,*,#2010,.T.);
#1134=ORIENTED_EDGE('',*,*,#2016,.F.);
#1135=ORIENTED_EDGE('',*,*,#2009,.T.);
#1136=ORIENTED_EDGE('',*,*,#2015,.F.);
#1137=ORIENTED_EDGE('',*,*,#2008,.T.);
#1138=ORIENTED_EDGE('',*,*,#2014,.F.);
#1139=ORIENTED_EDGE('',*,*,#2020,.T.);
#1140=ORIENTED_EDGE('',*,*,#2021,.T.);
#1141=ORIENTED_EDGE('',*,*,#2022,.F.);
#1142=ORIENTED_EDGE('',*,*,#2023,.T.);
#1143=ORIENTED_EDGE('',*,*,#2024,.F.);
#1144=ORIENTED_EDGE('',*,*,#2025,.T.);
#1145=ORIENTED_EDGE('',*,*,#2026,.T.);
#1146=ORIENTED_EDGE('',*,*,#2027,.T.);
#1147=ORIENTED_EDGE('',*,*,#2028,.T.);
#1148=ORIENTED_EDGE('',*,*,#2029,.T.);
#1149=ORIENTED_EDGE('',*,*,#2030,.F.);
#1150=ORIENTED_EDGE('',*,*,#2031,.T.);
#1151=ORIENTED_EDGE('',*,*,#2032,.T.);
#1152=ORIENTED_EDGE('',*,*,#2033,.T.);
#1153=ORIENTED_EDGE('',*,*,#2034,.F.);
#1154=ORIENTED_EDGE('',*,*,#2035,.F.);
#1155=ORIENTED_EDGE('',*,*,#2036,.F.);
#1156=ORIENTED_EDGE('',*,*,#2037,.F.);
#1157=ORIENTED_EDGE('',*,*,#2038,.T.);
#1158=ORIENTED_EDGE('',*,*,#2035,.T.);
#1159=ORIENTED_EDGE('',*,*,#2039,.F.);
#1160=ORIENTED_EDGE('',*,*,#2040,.T.);
#1161=ORIENTED_EDGE('',*,*,#2041,.T.);
#1162=ORIENTED_EDGE('',*,*,#2037,.T.);
#1163=ORIENTED_EDGE('',*,*,#2042,.T.);
#1164=ORIENTED_EDGE('',*,*,#2043,.T.);
#1165=ORIENTED_EDGE('',*,*,#2044,.F.);
#1166=ORIENTED_EDGE('',*,*,#2045,.F.);
#1167=ORIENTED_EDGE('',*,*,#2046,.F.);
#1168=ORIENTED_EDGE('',*,*,#2047,.F.);
#1169=ORIENTED_EDGE('',*,*,#2048,.T.);
#1170=ORIENTED_EDGE('',*,*,#2045,.T.);
#1171=ORIENTED_EDGE('',*,*,#2049,.F.);
#1172=ORIENTED_EDGE('',*,*,#2050,.T.);
#1173=ORIENTED_EDGE('',*,*,#2051,.T.);
#1174=ORIENTED_EDGE('',*,*,#2047,.T.);
#1175=ORIENTED_EDGE('',*,*,#2052,.T.);
#1176=ORIENTED_EDGE('',*,*,#2053,.T.);
#1177=ORIENTED_EDGE('',*,*,#2054,.F.);
#1178=ORIENTED_EDGE('',*,*,#2055,.F.);
#1179=ORIENTED_EDGE('',*,*,#2056,.F.);
#1180=ORIENTED_EDGE('',*,*,#2057,.T.);
#1181=ORIENTED_EDGE('',*,*,#2058,.T.);
#1182=ORIENTED_EDGE('',*,*,#2055,.T.);
#1183=ORIENTED_EDGE('',*,*,#2059,.T.);
#1184=ORIENTED_EDGE('',*,*,#2060,.T.);
#1185=ORIENTED_EDGE('',*,*,#2061,.F.);
#1186=ORIENTED_EDGE('',*,*,#2062,.T.);
#1187=ORIENTED_EDGE('',*,*,#2063,.T.);
#1188=ORIENTED_EDGE('',*,*,#2064,.T.);
#1189=ORIENTED_EDGE('',*,*,#2065,.F.);
#1190=ORIENTED_EDGE('',*,*,#2066,.T.);
#1191=ORIENTED_EDGE('',*,*,#2067,.F.);
#1192=ORIENTED_EDGE('',*,*,#2068,.T.);
#1193=ORIENTED_EDGE('',*,*,#2069,.T.);
#1194=ORIENTED_EDGE('',*,*,#2070,.T.);
#1195=ORIENTED_EDGE('',*,*,#2071,.T.);
#1196=ORIENTED_EDGE('',*,*,#2072,.T.);
#1197=ORIENTED_EDGE('',*,*,#2073,.F.);
#1198=ORIENTED_EDGE('',*,*,#2074,.F.);
#1199=ORIENTED_EDGE('',*,*,#2075,.F.);
#1200=ORIENTED_EDGE('',*,*,#2076,.T.);
#1201=ORIENTED_EDGE('',*,*,#2077,.T.);
#1202=ORIENTED_EDGE('',*,*,#2074,.T.);
#1203=ORIENTED_EDGE('',*,*,#2078,.F.);
#1204=ORIENTED_EDGE('',*,*,#2079,.T.);
#1205=ORIENTED_EDGE('',*,*,#2080,.T.);
#1206=ORIENTED_EDGE('',*,*,#2081,.T.);
#1207=ORIENTED_EDGE('',*,*,#2082,.T.);
#1208=ORIENTED_EDGE('',*,*,#2083,.F.);
#1209=ORIENTED_EDGE('',*,*,#2084,.T.);
#1210=ORIENTED_EDGE('',*,*,#2085,.F.);
#1211=ORIENTED_EDGE('',*,*,#2086,.T.);
#1212=ORIENTED_EDGE('',*,*,#2087,.F.);
#1213=ORIENTED_EDGE('',*,*,#2088,.T.);
#1214=ORIENTED_EDGE('',*,*,#2089,.F.);
#1215=ORIENTED_EDGE('',*,*,#2090,.T.);
#1216=ORIENTED_EDGE('',*,*,#2091,.F.);
#1217=ORIENTED_EDGE('',*,*,#2092,.T.);
#1218=ORIENTED_EDGE('',*,*,#2093,.F.);
#1219=ORIENTED_EDGE('',*,*,#2094,.F.);
#1220=ORIENTED_EDGE('',*,*,#2095,.T.);
#1221=ORIENTED_EDGE('',*,*,#2096,.T.);
#1222=ORIENTED_EDGE('',*,*,#2097,.T.);
#1223=ORIENTED_EDGE('',*,*,#2098,.F.);
#1224=ORIENTED_EDGE('',*,*,#2099,.T.);
#1225=ORIENTED_EDGE('',*,*,#2100,.T.);
#1226=ORIENTED_EDGE('',*,*,#2101,.T.);
#1227=ORIENTED_EDGE('',*,*,#2102,.T.);
#1228=ORIENTED_EDGE('',*,*,#2103,.T.);
#1229=ORIENTED_EDGE('',*,*,#2104,.T.);
#1230=ORIENTED_EDGE('',*,*,#2105,.T.);
#1231=ORIENTED_EDGE('',*,*,#2106,.T.);
#1232=ORIENTED_EDGE('',*,*,#2107,.T.);
#1233=ORIENTED_EDGE('',*,*,#2108,.T.);
#1234=ORIENTED_EDGE('',*,*,#2109,.T.);
#1235=ORIENTED_EDGE('',*,*,#2110,.T.);
#1236=ORIENTED_EDGE('',*,*,#2111,.T.);
#1237=ORIENTED_EDGE('',*,*,#2112,.T.);
#1238=ORIENTED_EDGE('',*,*,#2113,.T.);
#1239=ORIENTED_EDGE('',*,*,#2114,.T.);
#1240=ORIENTED_EDGE('',*,*,#2115,.T.);
#1241=ORIENTED_EDGE('',*,*,#2116,.T.);
#1242=ORIENTED_EDGE('',*,*,#2117,.T.);
#1243=ORIENTED_EDGE('',*,*,#2090,.F.);
#1244=ORIENTED_EDGE('',*,*,#2118,.T.);
#1245=ORIENTED_EDGE('',*,*,#2119,.T.);
#1246=ORIENTED_EDGE('',*,*,#2120,.T.);
#1247=ORIENTED_EDGE('',*,*,#2020,.F.);
#1248=ORIENTED_EDGE('',*,*,#2121,.T.);
#1249=ORIENTED_EDGE('',*,*,#2026,.F.);
#1250=ORIENTED_EDGE('',*,*,#2122,.T.);
#1251=ORIENTED_EDGE('',*,*,#2123,.T.);
#1252=ORIENTED_EDGE('',*,*,#2028,.F.);
#1253=ORIENTED_EDGE('',*,*,#2124,.T.);
#1254=ORIENTED_EDGE('',*,*,#2032,.F.);
#1255=ORIENTED_EDGE('',*,*,#2038,.F.);
#1256=ORIENTED_EDGE('',*,*,#2041,.F.);
#1257=ORIENTED_EDGE('',*,*,#2125,.T.);
#1258=ORIENTED_EDGE('',*,*,#2126,.T.);
#1259=ORIENTED_EDGE('',*,*,#2127,.T.);
#1260=ORIENTED_EDGE('',*,*,#2042,.F.);
#1261=ORIENTED_EDGE('',*,*,#2048,.F.);
#1262=ORIENTED_EDGE('',*,*,#2051,.F.);
#1263=ORIENTED_EDGE('',*,*,#2128,.T.);
#1264=ORIENTED_EDGE('',*,*,#2052,.F.);
#1265=ORIENTED_EDGE('',*,*,#2058,.F.);
#1266=ORIENTED_EDGE('',*,*,#2129,.T.);
#1267=ORIENTED_EDGE('',*,*,#2061,.T.);
#1268=ORIENTED_EDGE('',*,*,#2130,.T.);
#1269=ORIENTED_EDGE('',*,*,#2065,.T.);
#1270=ORIENTED_EDGE('',*,*,#2131,.T.);
#1271=ORIENTED_EDGE('',*,*,#2067,.T.);
#1272=ORIENTED_EDGE('',*,*,#2132,.T.);
#1273=ORIENTED_EDGE('',*,*,#2071,.F.);
#1274=ORIENTED_EDGE('',*,*,#2077,.F.);
#1275=ORIENTED_EDGE('',*,*,#2133,.T.);
#1276=ORIENTED_EDGE('',*,*,#2080,.F.);
#1277=ORIENTED_EDGE('',*,*,#2088,.F.);
#1278=ORIENTED_EDGE('',*,*,#2086,.F.);
#1279=ORIENTED_EDGE('',*,*,#2084,.F.);
#1280=ORIENTED_EDGE('',*,*,#2082,.F.);
#1281=ORIENTED_EDGE('',*,*,#2092,.F.);
#1282=ORIENTED_EDGE('',*,*,#2134,.F.);
#1283=ORIENTED_EDGE('',*,*,#2135,.F.);
#1284=ORIENTED_EDGE('',*,*,#2136,.F.);
#1285=ORIENTED_EDGE('',*,*,#2137,.F.);
#1286=ORIENTED_EDGE('',*,*,#2138,.F.);
#1287=ORIENTED_EDGE('',*,*,#2139,.F.);
#1288=ORIENTED_EDGE('',*,*,#2091,.T.);
#1289=ORIENTED_EDGE('',*,*,#2140,.T.);
#1290=ORIENTED_EDGE('',*,*,#2141,.T.);
#1291=ORIENTED_EDGE('',*,*,#2142,.T.);
#1292=ORIENTED_EDGE('',*,*,#2078,.T.);
#1293=ORIENTED_EDGE('',*,*,#2143,.T.);
#1294=ORIENTED_EDGE('',*,*,#2075,.T.);
#1295=ORIENTED_EDGE('',*,*,#2073,.T.);
#1296=ORIENTED_EDGE('',*,*,#2144,.T.);
#1297=ORIENTED_EDGE('',*,*,#2069,.F.);
#1298=ORIENTED_EDGE('',*,*,#2145,.T.);
#1299=ORIENTED_EDGE('',*,*,#2063,.F.);
#1300=ORIENTED_EDGE('',*,*,#2146,.T.);
#1301=ORIENTED_EDGE('',*,*,#2059,.F.);
#1302=ORIENTED_EDGE('',*,*,#2147,.T.);
#1303=ORIENTED_EDGE('',*,*,#2056,.T.);
#1304=ORIENTED_EDGE('',*,*,#2054,.T.);
#1305=ORIENTED_EDGE('',*,*,#2148,.T.);
#1306=ORIENTED_EDGE('',*,*,#2049,.T.);
#1307=ORIENTED_EDGE('',*,*,#2046,.T.);
#1308=ORIENTED_EDGE('',*,*,#2044,.T.);
#1309=ORIENTED_EDGE('',*,*,#2149,.T.);
#1310=ORIENTED_EDGE('',*,*,#2150,.T.);
#1311=ORIENTED_EDGE('',*,*,#2151,.T.);
#1312=ORIENTED_EDGE('',*,*,#2039,.T.);
#1313=ORIENTED_EDGE('',*,*,#2036,.T.);
#1314=ORIENTED_EDGE('',*,*,#2034,.T.);
#1315=ORIENTED_EDGE('',*,*,#2152,.T.);
#1316=ORIENTED_EDGE('',*,*,#2030,.T.);
#1317=ORIENTED_EDGE('',*,*,#2153,.T.);
#1318=ORIENTED_EDGE('',*,*,#2154,.T.);
#1319=ORIENTED_EDGE('',*,*,#2024,.T.);
#1320=ORIENTED_EDGE('',*,*,#2155,.T.);
#1321=ORIENTED_EDGE('',*,*,#2022,.T.);
#1322=ORIENTED_EDGE('',*,*,#2089,.T.);
#1323=ORIENTED_EDGE('',*,*,#2087,.T.);
#1324=ORIENTED_EDGE('',*,*,#2085,.T.);
#1325=ORIENTED_EDGE('',*,*,#2083,.T.);
#1326=ORIENTED_EDGE('',*,*,#2093,.T.);
#1327=ORIENTED_EDGE('',*,*,#2156,.F.);
#1328=ORIENTED_EDGE('',*,*,#2157,.F.);
#1329=ORIENTED_EDGE('',*,*,#2158,.F.);
#1330=ORIENTED_EDGE('',*,*,#2159,.F.);
#1331=ORIENTED_EDGE('',*,*,#2160,.F.);
#1332=ORIENTED_EDGE('',*,*,#2161,.F.);
#1333=ORIENTED_EDGE('',*,*,#2162,.F.);
#1334=ORIENTED_EDGE('',*,*,#2163,.F.);
#1335=ORIENTED_EDGE('',*,*,#2164,.F.);
#1336=ORIENTED_EDGE('',*,*,#2165,.F.);
#1337=ORIENTED_EDGE('',*,*,#2166,.F.);
#1338=ORIENTED_EDGE('',*,*,#2167,.F.);
#1339=ORIENTED_EDGE('',*,*,#2168,.F.);
#1340=ORIENTED_EDGE('',*,*,#2169,.F.);
#1341=ORIENTED_EDGE('',*,*,#2170,.F.);
#1342=ORIENTED_EDGE('',*,*,#2171,.F.);
#1343=ORIENTED_EDGE('',*,*,#2172,.F.);
#1344=ORIENTED_EDGE('',*,*,#2173,.F.);
#1345=ORIENTED_EDGE('',*,*,#2174,.F.);
#1346=ORIENTED_EDGE('',*,*,#2175,.F.);
#1347=ORIENTED_EDGE('',*,*,#2176,.F.);
#1348=ORIENTED_EDGE('',*,*,#2156,.T.);
#1349=ORIENTED_EDGE('',*,*,#2177,.T.);
#1350=ORIENTED_EDGE('',*,*,#2178,.F.);
#1351=ORIENTED_EDGE('',*,*,#2177,.F.);
#1352=ORIENTED_EDGE('',*,*,#2174,.T.);
#1353=ORIENTED_EDGE('',*,*,#2179,.T.);
#1354=ORIENTED_EDGE('',*,*,#2180,.F.);
#1355=ORIENTED_EDGE('',*,*,#2179,.F.);
#1356=ORIENTED_EDGE('',*,*,#2173,.T.);
#1357=ORIENTED_EDGE('',*,*,#2181,.T.);
#1358=ORIENTED_EDGE('',*,*,#2182,.F.);
#1359=ORIENTED_EDGE('',*,*,#2181,.F.);
#1360=ORIENTED_EDGE('',*,*,#2172,.T.);
#1361=ORIENTED_EDGE('',*,*,#2183,.T.);
#1362=ORIENTED_EDGE('',*,*,#2184,.F.);
#1363=ORIENTED_EDGE('',*,*,#2183,.F.);
#1364=ORIENTED_EDGE('',*,*,#2171,.T.);
#1365=ORIENTED_EDGE('',*,*,#2185,.T.);
#1366=ORIENTED_EDGE('',*,*,#2186,.F.);
#1367=ORIENTED_EDGE('',*,*,#2185,.F.);
#1368=ORIENTED_EDGE('',*,*,#2170,.T.);
#1369=ORIENTED_EDGE('',*,*,#2187,.T.);
#1370=ORIENTED_EDGE('',*,*,#2188,.F.);
#1371=ORIENTED_EDGE('',*,*,#2187,.F.);
#1372=ORIENTED_EDGE('',*,*,#2169,.T.);
#1373=ORIENTED_EDGE('',*,*,#2189,.T.);
#1374=ORIENTED_EDGE('',*,*,#2190,.F.);
#1375=ORIENTED_EDGE('',*,*,#2189,.F.);
#1376=ORIENTED_EDGE('',*,*,#2168,.T.);
#1377=ORIENTED_EDGE('',*,*,#2191,.T.);
#1378=ORIENTED_EDGE('',*,*,#2192,.F.);
#1379=ORIENTED_EDGE('',*,*,#2191,.F.);
#1380=ORIENTED_EDGE('',*,*,#2167,.T.);
#1381=ORIENTED_EDGE('',*,*,#2193,.T.);
#1382=ORIENTED_EDGE('',*,*,#2194,.F.);
#1383=ORIENTED_EDGE('',*,*,#2193,.F.);
#1384=ORIENTED_EDGE('',*,*,#2166,.T.);
#1385=ORIENTED_EDGE('',*,*,#2195,.T.);
#1386=ORIENTED_EDGE('',*,*,#2196,.F.);
#1387=ORIENTED_EDGE('',*,*,#2195,.F.);
#1388=ORIENTED_EDGE('',*,*,#2165,.T.);
#1389=ORIENTED_EDGE('',*,*,#2197,.T.);
#1390=ORIENTED_EDGE('',*,*,#2198,.F.);
#1391=ORIENTED_EDGE('',*,*,#2197,.F.);
#1392=ORIENTED_EDGE('',*,*,#2164,.T.);
#1393=ORIENTED_EDGE('',*,*,#2199,.T.);
#1394=ORIENTED_EDGE('',*,*,#2200,.F.);
#1395=ORIENTED_EDGE('',*,*,#2199,.F.);
#1396=ORIENTED_EDGE('',*,*,#2163,.T.);
#1397=ORIENTED_EDGE('',*,*,#2201,.T.);
#1398=ORIENTED_EDGE('',*,*,#2202,.F.);
#1399=ORIENTED_EDGE('',*,*,#2201,.F.);
#1400=ORIENTED_EDGE('',*,*,#2162,.T.);
#1401=ORIENTED_EDGE('',*,*,#2203,.T.);
#1402=ORIENTED_EDGE('',*,*,#2204,.F.);
#1403=ORIENTED_EDGE('',*,*,#2203,.F.);
#1404=ORIENTED_EDGE('',*,*,#2161,.T.);
#1405=ORIENTED_EDGE('',*,*,#2205,.T.);
#1406=ORIENTED_EDGE('',*,*,#2206,.F.);
#1407=ORIENTED_EDGE('',*,*,#2205,.F.);
#1408=ORIENTED_EDGE('',*,*,#2160,.T.);
#1409=ORIENTED_EDGE('',*,*,#2207,.T.);
#1410=ORIENTED_EDGE('',*,*,#2208,.F.);
#1411=ORIENTED_EDGE('',*,*,#2207,.F.);
#1412=ORIENTED_EDGE('',*,*,#2159,.T.);
#1413=ORIENTED_EDGE('',*,*,#2209,.T.);
#1414=ORIENTED_EDGE('',*,*,#2210,.F.);
#1415=ORIENTED_EDGE('',*,*,#2209,.F.);
#1416=ORIENTED_EDGE('',*,*,#2158,.T.);
#1417=ORIENTED_EDGE('',*,*,#2211,.T.);
#1418=ORIENTED_EDGE('',*,*,#2112,.F.);
#1419=ORIENTED_EDGE('',*,*,#2212,.T.);
#1420=ORIENTED_EDGE('',*,*,#2213,.T.);
#1421=ORIENTED_EDGE('',*,*,#2214,.F.);
#1422=ORIENTED_EDGE('',*,*,#2111,.F.);
#1423=ORIENTED_EDGE('',*,*,#2215,.T.);
#1424=ORIENTED_EDGE('',*,*,#2216,.T.);
#1425=ORIENTED_EDGE('',*,*,#2212,.F.);
#1426=ORIENTED_EDGE('',*,*,#2110,.F.);
#1427=ORIENTED_EDGE('',*,*,#2217,.T.);
#1428=ORIENTED_EDGE('',*,*,#2218,.T.);
#1429=ORIENTED_EDGE('',*,*,#2215,.F.);
#1430=ORIENTED_EDGE('',*,*,#2109,.F.);
#1431=ORIENTED_EDGE('',*,*,#2219,.T.);
#1432=ORIENTED_EDGE('',*,*,#2220,.T.);
#1433=ORIENTED_EDGE('',*,*,#2217,.F.);
#1434=ORIENTED_EDGE('',*,*,#2108,.F.);
#1435=ORIENTED_EDGE('',*,*,#2221,.T.);
#1436=ORIENTED_EDGE('',*,*,#2222,.T.);
#1437=ORIENTED_EDGE('',*,*,#2219,.F.);
#1438=ORIENTED_EDGE('',*,*,#2107,.F.);
#1439=ORIENTED_EDGE('',*,*,#2223,.T.);
#1440=ORIENTED_EDGE('',*,*,#2224,.T.);
#1441=ORIENTED_EDGE('',*,*,#2221,.F.);
#1442=ORIENTED_EDGE('',*,*,#2106,.F.);
#1443=ORIENTED_EDGE('',*,*,#2225,.T.);
#1444=ORIENTED_EDGE('',*,*,#2226,.T.);
#1445=ORIENTED_EDGE('',*,*,#2223,.F.);
#1446=ORIENTED_EDGE('',*,*,#2105,.F.);
#1447=ORIENTED_EDGE('',*,*,#2227,.T.);
#1448=ORIENTED_EDGE('',*,*,#2228,.T.);
#1449=ORIENTED_EDGE('',*,*,#2225,.F.);
#1450=ORIENTED_EDGE('',*,*,#2104,.F.);
#1451=ORIENTED_EDGE('',*,*,#2229,.T.);
#1452=ORIENTED_EDGE('',*,*,#2230,.T.);
#1453=ORIENTED_EDGE('',*,*,#2227,.F.);
#1454=ORIENTED_EDGE('',*,*,#2103,.F.);
#1455=ORIENTED_EDGE('',*,*,#2231,.T.);
#1456=ORIENTED_EDGE('',*,*,#2232,.T.);
#1457=ORIENTED_EDGE('',*,*,#2229,.F.);
#1458=ORIENTED_EDGE('',*,*,#2102,.F.);
#1459=ORIENTED_EDGE('',*,*,#2233,.T.);
#1460=ORIENTED_EDGE('',*,*,#2234,.T.);
#1461=ORIENTED_EDGE('',*,*,#2231,.F.);
#1462=ORIENTED_EDGE('',*,*,#2101,.F.);
#1463=ORIENTED_EDGE('',*,*,#2235,.T.);
#1464=ORIENTED_EDGE('',*,*,#2236,.T.);
#1465=ORIENTED_EDGE('',*,*,#2233,.F.);
#1466=ORIENTED_EDGE('',*,*,#2100,.F.);
#1467=ORIENTED_EDGE('',*,*,#2237,.T.);
#1468=ORIENTED_EDGE('',*,*,#2238,.T.);
#1469=ORIENTED_EDGE('',*,*,#2235,.F.);
#1470=ORIENTED_EDGE('',*,*,#2099,.F.);
#1471=ORIENTED_EDGE('',*,*,#2239,.T.);
#1472=ORIENTED_EDGE('',*,*,#2240,.T.);
#1473=ORIENTED_EDGE('',*,*,#2237,.F.);
#1474=ORIENTED_EDGE('',*,*,#2241,.T.);
#1475=ORIENTED_EDGE('',*,*,#2242,.T.);
#1476=ORIENTED_EDGE('',*,*,#2097,.F.);
#1477=ORIENTED_EDGE('',*,*,#2243,.T.);
#1478=ORIENTED_EDGE('',*,*,#2096,.F.);
#1479=ORIENTED_EDGE('',*,*,#2244,.T.);
#1480=ORIENTED_EDGE('',*,*,#2245,.T.);
#1481=ORIENTED_EDGE('',*,*,#2243,.F.);
#1482=ORIENTED_EDGE('',*,*,#2095,.F.);
#1483=ORIENTED_EDGE('',*,*,#2246,.T.);
#1484=ORIENTED_EDGE('',*,*,#2247,.T.);
#1485=ORIENTED_EDGE('',*,*,#2244,.F.);
#1486=ORIENTED_EDGE('',*,*,#2248,.T.);
#1487=ORIENTED_EDGE('',*,*,#2249,.T.);
#1488=ORIENTED_EDGE('',*,*,#2117,.F.);
#1489=ORIENTED_EDGE('',*,*,#2250,.T.);
#1490=ORIENTED_EDGE('',*,*,#2116,.F.);
#1491=ORIENTED_EDGE('',*,*,#2251,.T.);
#1492=ORIENTED_EDGE('',*,*,#2252,.T.);
#1493=ORIENTED_EDGE('',*,*,#2250,.F.);
#1494=ORIENTED_EDGE('',*,*,#2115,.F.);
#1495=ORIENTED_EDGE('',*,*,#2253,.T.);
#1496=ORIENTED_EDGE('',*,*,#2254,.T.);
#1497=ORIENTED_EDGE('',*,*,#2251,.F.);
#1498=ORIENTED_EDGE('',*,*,#2114,.F.);
#1499=ORIENTED_EDGE('',*,*,#2255,.T.);
#1500=ORIENTED_EDGE('',*,*,#2256,.T.);
#1501=ORIENTED_EDGE('',*,*,#2253,.F.);
#1502=ORIENTED_EDGE('',*,*,#2113,.F.);
#1503=ORIENTED_EDGE('',*,*,#2214,.T.);
#1504=ORIENTED_EDGE('',*,*,#2257,.T.);
#1505=ORIENTED_EDGE('',*,*,#2255,.F.);
#1506=ORIENTED_EDGE('',*,*,#2258,.F.);
#1507=ORIENTED_EDGE('',*,*,#2211,.F.);
#1508=ORIENTED_EDGE('',*,*,#2157,.T.);
#1509=ORIENTED_EDGE('',*,*,#2176,.T.);
#1510=ORIENTED_EDGE('',*,*,#2259,.F.);
#1511=ORIENTED_EDGE('',*,*,#2248,.F.);
#1512=ORIENTED_EDGE('',*,*,#2252,.F.);
#1513=ORIENTED_EDGE('',*,*,#2254,.F.);
#1514=ORIENTED_EDGE('',*,*,#2256,.F.);
#1515=ORIENTED_EDGE('',*,*,#2257,.F.);
#1516=ORIENTED_EDGE('',*,*,#2213,.F.);
#1517=ORIENTED_EDGE('',*,*,#2216,.F.);
#1518=ORIENTED_EDGE('',*,*,#2218,.F.);
#1519=ORIENTED_EDGE('',*,*,#2220,.F.);
#1520=ORIENTED_EDGE('',*,*,#2222,.F.);
#1521=ORIENTED_EDGE('',*,*,#2224,.F.);
#1522=ORIENTED_EDGE('',*,*,#2226,.F.);
#1523=ORIENTED_EDGE('',*,*,#2228,.F.);
#1524=ORIENTED_EDGE('',*,*,#2230,.F.);
#1525=ORIENTED_EDGE('',*,*,#2232,.F.);
#1526=ORIENTED_EDGE('',*,*,#2234,.F.);
#1527=ORIENTED_EDGE('',*,*,#2236,.F.);
#1528=ORIENTED_EDGE('',*,*,#2238,.F.);
#1529=ORIENTED_EDGE('',*,*,#2240,.F.);
#1530=ORIENTED_EDGE('',*,*,#2260,.F.);
#1531=ORIENTED_EDGE('',*,*,#2241,.F.);
#1532=ORIENTED_EDGE('',*,*,#2245,.F.);
#1533=ORIENTED_EDGE('',*,*,#2247,.F.);
#1534=ORIENTED_EDGE('',*,*,#2261,.F.);
#1535=ORIENTED_EDGE('',*,*,#2262,.F.);
#1536=ORIENTED_EDGE('',*,*,#2263,.F.);
#1537=ORIENTED_EDGE('',*,*,#2264,.F.);
#1538=ORIENTED_EDGE('',*,*,#2175,.T.);
#1539=ORIENTED_EDGE('',*,*,#2178,.T.);
#1540=ORIENTED_EDGE('',*,*,#2180,.T.);
#1541=ORIENTED_EDGE('',*,*,#2182,.T.);
#1542=ORIENTED_EDGE('',*,*,#2184,.T.);
#1543=ORIENTED_EDGE('',*,*,#2186,.T.);
#1544=ORIENTED_EDGE('',*,*,#2188,.T.);
#1545=ORIENTED_EDGE('',*,*,#2190,.T.);
#1546=ORIENTED_EDGE('',*,*,#2192,.T.);
#1547=ORIENTED_EDGE('',*,*,#2194,.T.);
#1548=ORIENTED_EDGE('',*,*,#2196,.T.);
#1549=ORIENTED_EDGE('',*,*,#2198,.T.);
#1550=ORIENTED_EDGE('',*,*,#2200,.T.);
#1551=ORIENTED_EDGE('',*,*,#2202,.T.);
#1552=ORIENTED_EDGE('',*,*,#2204,.T.);
#1553=ORIENTED_EDGE('',*,*,#2206,.T.);
#1554=ORIENTED_EDGE('',*,*,#2208,.T.);
#1555=ORIENTED_EDGE('',*,*,#2210,.T.);
#1556=ORIENTED_EDGE('',*,*,#2258,.T.);
#1557=ORIENTED_EDGE('',*,*,#2264,.T.);
#1558=ORIENTED_EDGE('',*,*,#2139,.T.);
#1559=ORIENTED_EDGE('',*,*,#2263,.T.);
#1560=ORIENTED_EDGE('',*,*,#2138,.T.);
#1561=ORIENTED_EDGE('',*,*,#2262,.T.);
#1562=ORIENTED_EDGE('',*,*,#2137,.T.);
#1563=ORIENTED_EDGE('',*,*,#2261,.T.);
#1564=ORIENTED_EDGE('',*,*,#2136,.T.);
#1565=ORIENTED_EDGE('',*,*,#2098,.T.);
#1566=ORIENTED_EDGE('',*,*,#2242,.F.);
#1567=ORIENTED_EDGE('',*,*,#2260,.T.);
#1568=ORIENTED_EDGE('',*,*,#2239,.F.);
#1569=ORIENTED_EDGE('',*,*,#2135,.T.);
#1570=ORIENTED_EDGE('',*,*,#2094,.T.);
#1571=ORIENTED_EDGE('',*,*,#2249,.F.);
#1572=ORIENTED_EDGE('',*,*,#2259,.T.);
#1573=ORIENTED_EDGE('',*,*,#2246,.F.);
#1574=ORIENTED_EDGE('',*,*,#2134,.T.);
#1575=ORIENTED_EDGE('',*,*,#2120,.F.);
#1576=ORIENTED_EDGE('',*,*,#2265,.T.);
#1577=ORIENTED_EDGE('',*,*,#2140,.F.);
#1578=ORIENTED_EDGE('',*,*,#2021,.F.);
#1579=ORIENTED_EDGE('',*,*,#2121,.F.);
#1580=ORIENTED_EDGE('',*,*,#2023,.F.);
#1581=ORIENTED_EDGE('',*,*,#2155,.F.);
#1582=ORIENTED_EDGE('',*,*,#2027,.F.);
#1583=ORIENTED_EDGE('',*,*,#2123,.F.);
#1584=ORIENTED_EDGE('',*,*,#2266,.T.);
#1585=ORIENTED_EDGE('',*,*,#2153,.F.);
#1586=ORIENTED_EDGE('',*,*,#2029,.F.);
#1587=ORIENTED_EDGE('',*,*,#2124,.F.);
#1588=ORIENTED_EDGE('',*,*,#2031,.F.);
#1589=ORIENTED_EDGE('',*,*,#2152,.F.);
#1590=ORIENTED_EDGE('',*,*,#2033,.F.);
#1591=ORIENTED_EDGE('',*,*,#2151,.F.);
#1592=ORIENTED_EDGE('',*,*,#2267,.T.);
#1593=ORIENTED_EDGE('',*,*,#2125,.F.);
#1594=ORIENTED_EDGE('',*,*,#2040,.F.);
#1595=ORIENTED_EDGE('',*,*,#2127,.F.);
#1596=ORIENTED_EDGE('',*,*,#2268,.T.);
#1597=ORIENTED_EDGE('',*,*,#2149,.F.);
#1598=ORIENTED_EDGE('',*,*,#2043,.F.);
#1599=ORIENTED_EDGE('',*,*,#2128,.F.);
#1600=ORIENTED_EDGE('',*,*,#2050,.F.);
#1601=ORIENTED_EDGE('',*,*,#2148,.F.);
#1602=ORIENTED_EDGE('',*,*,#2053,.F.);
#1603=ORIENTED_EDGE('',*,*,#2142,.F.);
#1604=ORIENTED_EDGE('',*,*,#2269,.T.);
#1605=ORIENTED_EDGE('',*,*,#2118,.F.);
#1606=ORIENTED_EDGE('',*,*,#2079,.F.);
#1607=ORIENTED_EDGE('',*,*,#2133,.F.);
#1608=ORIENTED_EDGE('',*,*,#2076,.F.);
#1609=ORIENTED_EDGE('',*,*,#2143,.F.);
#1610=ORIENTED_EDGE('',*,*,#2081,.F.);
#1611=ORIENTED_EDGE('',*,*,#2131,.F.);
#1612=ORIENTED_EDGE('',*,*,#2064,.F.);
#1613=ORIENTED_EDGE('',*,*,#2145,.F.);
#1614=ORIENTED_EDGE('',*,*,#2068,.F.);
#1615=ORIENTED_EDGE('',*,*,#2132,.F.);
#1616=ORIENTED_EDGE('',*,*,#2070,.F.);
#1617=ORIENTED_EDGE('',*,*,#2144,.F.);
#1618=ORIENTED_EDGE('',*,*,#2072,.F.);
#1619=ORIENTED_EDGE('',*,*,#2130,.F.);
#1620=ORIENTED_EDGE('',*,*,#2060,.F.);
#1621=ORIENTED_EDGE('',*,*,#2146,.F.);
#1622=ORIENTED_EDGE('',*,*,#2066,.F.);
#1623=ORIENTED_EDGE('',*,*,#2129,.F.);
#1624=ORIENTED_EDGE('',*,*,#2057,.F.);
#1625=ORIENTED_EDGE('',*,*,#2147,.F.);
#1626=ORIENTED_EDGE('',*,*,#2062,.F.);
#1627=ORIENTED_EDGE('',*,*,#2119,.F.);
#1628=ORIENTED_EDGE('',*,*,#2269,.F.);
#1629=ORIENTED_EDGE('',*,*,#2141,.F.);
#1630=ORIENTED_EDGE('',*,*,#2265,.F.);
#1631=ORIENTED_EDGE('',*,*,#2122,.F.);
#1632=ORIENTED_EDGE('',*,*,#2025,.F.);
#1633=ORIENTED_EDGE('',*,*,#2154,.F.);
#1634=ORIENTED_EDGE('',*,*,#2266,.F.);
#1635=ORIENTED_EDGE('',*,*,#2126,.F.);
#1636=ORIENTED_EDGE('',*,*,#2267,.F.);
#1637=ORIENTED_EDGE('',*,*,#2150,.F.);
#1638=ORIENTED_EDGE('',*,*,#2268,.F.);
#1639=EDGE_CURVE('',#2270,#2271,#2706,.T.);
#1640=EDGE_CURVE('',#2270,#2272,#2707,.T.);
#1641=EDGE_CURVE('',#2272,#2273,#2708,.T.);
#1642=EDGE_CURVE('',#2273,#2271,#2709,.F.);
#1643=EDGE_CURVE('',#2274,#2275,#2710,.T.);
#1644=EDGE_CURVE('',#2275,#2276,#2711,.T.);
#1645=EDGE_CURVE('',#2277,#2276,#2712,.T.);
#1646=EDGE_CURVE('',#2277,#2274,#2713,.F.);
#1647=EDGE_CURVE('',#2278,#2279,#2714,.T.);
#1648=EDGE_CURVE('',#2278,#2280,#2715,.F.);
#1649=EDGE_CURVE('',#2280,#2281,#2716,.T.);
#1650=EDGE_CURVE('',#2281,#2279,#2717,.T.);
#1651=EDGE_CURVE('',#2282,#2283,#2718,.T.);
#1652=EDGE_CURVE('',#2282,#2284,#2719,.T.);
#1653=EDGE_CURVE('',#2284,#2285,#2720,.T.);
#1654=EDGE_CURVE('',#2283,#2285,#2721,.T.);
#1655=EDGE_CURVE('',#2285,#2286,#18,.T.);
#1656=EDGE_CURVE('',#2287,#2286,#2722,.T.);
#1657=EDGE_CURVE('',#2283,#2287,#19,.T.);
#1658=EDGE_CURVE('',#2286,#2288,#2723,.T.);
#1659=EDGE_CURVE('',#2288,#2289,#2724,.F.);
#1660=EDGE_CURVE('',#2287,#2289,#2725,.T.);
#1661=EDGE_CURVE('',#2290,#2291,#2726,.T.);
#1662=EDGE_CURVE('',#2290,#2292,#2727,.T.);
#1663=EDGE_CURVE('',#2292,#2293,#2728,.T.);
#1664=EDGE_CURVE('',#2291,#2293,#2729,.T.);
#1665=EDGE_CURVE('',#2293,#2294,#20,.T.);
#1666=EDGE_CURVE('',#2295,#2294,#2730,.T.);
#1667=EDGE_CURVE('',#2291,#2295,#21,.T.);
#1668=EDGE_CURVE('',#2294,#2296,#2731,.T.);
#1669=EDGE_CURVE('',#2296,#2297,#2732,.F.);
#1670=EDGE_CURVE('',#2295,#2297,#2733,.T.);
#1671=EDGE_CURVE('',#2298,#2299,#2734,.T.);
#1672=EDGE_CURVE('',#2299,#2300,#2735,.F.);
#1673=EDGE_CURVE('',#2301,#2300,#2736,.T.);
#1674=EDGE_CURVE('',#2301,#2298,#2737,.T.);
#1675=EDGE_CURVE('',#2302,#2303,#2738,.T.);
#1676=EDGE_CURVE('',#2303,#2304,#2739,.F.);
#1677=EDGE_CURVE('',#2305,#2304,#2740,.T.);
#1678=EDGE_CURVE('',#2305,#2302,#2741,.T.);
#1679=EDGE_CURVE('',#2306,#2307,#2742,.T.);
#1680=EDGE_CURVE('',#2306,#2308,#2743,.T.);
#1681=EDGE_CURVE('',#2308,#2309,#2744,.T.);
#1682=EDGE_CURVE('',#2309,#2307,#2745,.F.);
#1683=EDGE_CURVE('',#2310,#2311,#2746,.T.);
#1684=EDGE_CURVE('',#2310,#2312,#2747,.T.);
#1685=EDGE_CURVE('',#2312,#2313,#2748,.T.);
#1686=EDGE_CURVE('',#2313,#2311,#2749,.F.);
#1687=EDGE_CURVE('',#2314,#2315,#2750,.T.);
#1688=EDGE_CURVE('',#2314,#2316,#2751,.T.);
#1689=EDGE_CURVE('',#2316,#2317,#2752,.T.);
#1690=EDGE_CURVE('',#2317,#2315,#2753,.T.);
#1691=EDGE_CURVE('',#2318,#2319,#22,.T.);
#1692=EDGE_CURVE('',#2318,#2320,#2754,.T.);
#1693=EDGE_CURVE('',#2320,#2321,#23,.T.);
#1694=EDGE_CURVE('',#2319,#2321,#2755,.T.);
#1695=EDGE_CURVE('',#2321,#2322,#2756,.T.);
#1696=EDGE_CURVE('',#2323,#2322,#2757,.T.);
#1697=EDGE_CURVE('',#2319,#2323,#2758,.T.);
#1698=EDGE_CURVE('',#2322,#2324,#2759,.T.);
#1699=EDGE_CURVE('',#2324,#2325,#2760,.F.);
#1700=EDGE_CURVE('',#2323,#2325,#2761,.T.);
#1701=EDGE_CURVE('',#2326,#2327,#2762,.T.);
#1702=EDGE_CURVE('',#2327,#2328,#2763,.F.);
#1703=EDGE_CURVE('',#2329,#2328,#2764,.T.);
#1704=EDGE_CURVE('',#2329,#2326,#2765,.T.);
#1705=EDGE_CURVE('',#2330,#2331,#2766,.T.);
#1706=EDGE_CURVE('',#2331,#2332,#2767,.F.);
#1707=EDGE_CURVE('',#2333,#2332,#2768,.T.);
#1708=EDGE_CURVE('',#2333,#2330,#2769,.T.);
#1709=EDGE_CURVE('',#2334,#2335,#2770,.T.);
#1710=EDGE_CURVE('',#2334,#2336,#2771,.T.);
#1711=EDGE_CURVE('',#2336,#2337,#2772,.T.);
#1712=EDGE_CURVE('',#2335,#2337,#2773,.T.);
#1713=EDGE_CURVE('',#2338,#2338,#24,.T.);
#1714=EDGE_CURVE('',#2339,#2339,#25,.T.);
#1715=EDGE_CURVE('',#2340,#2340,#26,.T.);
#1716=EDGE_CURVE('',#2341,#2341,#27,.T.);
#1717=EDGE_CURVE('',#2342,#2342,#28,.T.);
#1718=EDGE_CURVE('',#2343,#2343,#29,.T.);
#1719=EDGE_CURVE('',#2337,#2344,#2774,.T.);
#1720=EDGE_CURVE('',#2344,#2345,#2775,.F.);
#1721=EDGE_CURVE('',#2335,#2345,#2776,.T.);
#1722=EDGE_CURVE('',#2346,#2346,#30,.T.);
#1723=EDGE_CURVE('',#2347,#2347,#31,.T.);
#1724=EDGE_CURVE('',#2348,#2348,#32,.T.);
#1725=EDGE_CURVE('',#2349,#2349,#33,.T.);
#1726=EDGE_CURVE('',#2350,#2350,#34,.T.);
#1727=EDGE_CURVE('',#2351,#2351,#35,.T.);
#1728=EDGE_CURVE('',#2289,#2352,#36,.F.);
#1729=EDGE_CURVE('',#2352,#2353,#37,.T.);
#1730=EDGE_CURVE('',#2353,#2290,#38,.F.);
#1731=EDGE_CURVE('',#2297,#2301,#39,.F.);
#1732=EDGE_CURVE('',#2300,#2305,#40,.F.);
#1733=EDGE_CURVE('',#2304,#2306,#41,.F.);
#1734=EDGE_CURVE('',#2307,#2310,#42,.T.);
#1735=EDGE_CURVE('',#2311,#2314,#43,.T.);
#1736=EDGE_CURVE('',#2315,#2318,#44,.F.);
#1737=EDGE_CURVE('',#2325,#2354,#45,.F.);
#1738=EDGE_CURVE('',#2354,#2355,#46,.T.);
#1739=EDGE_CURVE('',#2355,#2329,#47,.F.);
#1740=EDGE_CURVE('',#2328,#2356,#48,.F.);
#1741=EDGE_CURVE('',#2356,#2333,#49,.T.);
#1742=EDGE_CURVE('',#2332,#2334,#50,.F.);
#1743=EDGE_CURVE('',#2345,#2270,#51,.F.);
#1744=EDGE_CURVE('',#2271,#2275,#52,.F.);
#1745=EDGE_CURVE('',#2274,#2281,#53,.T.);
#1746=EDGE_CURVE('',#2280,#2282,#54,.F.);
#1747=EDGE_CURVE('',#2357,#2358,#2777,.T.);
#1748=EDGE_CURVE('',#2359,#2357,#2778,.T.);
#1749=EDGE_CURVE('',#2360,#2359,#55,.T.);
#1750=EDGE_CURVE('',#2361,#2360,#2779,.T.);
#1751=EDGE_CURVE('',#2362,#2361,#2780,.T.);
#1752=EDGE_CURVE('',#2363,#2362,#56,.T.);
#1753=EDGE_CURVE('',#2364,#2363,#2781,.T.);
#1754=EDGE_CURVE('',#2365,#2364,#57,.T.);
#1755=EDGE_CURVE('',#2366,#2365,#2782,.T.);
#1756=EDGE_CURVE('',#2367,#2366,#58,.T.);
#1757=EDGE_CURVE('',#2368,#2367,#2783,.T.);
#1758=EDGE_CURVE('',#2369,#2368,#59,.T.);
#1759=EDGE_CURVE('',#2370,#2369,#2784,.T.);
#1760=EDGE_CURVE('',#2371,#2370,#60,.T.);
#1761=EDGE_CURVE('',#2372,#2371,#2785,.T.);
#1762=EDGE_CURVE('',#2373,#2372,#2786,.T.);
#1763=EDGE_CURVE('',#2374,#2373,#61,.T.);
#1764=EDGE_CURVE('',#2375,#2374,#2787,.T.);
#1765=EDGE_CURVE('',#2358,#2375,#62,.T.);
#1766=EDGE_CURVE('',#2376,#2377,#63,.F.);
#1767=EDGE_CURVE('',#2377,#2378,#2788,.T.);
#1768=EDGE_CURVE('',#2378,#2379,#64,.T.);
#1769=EDGE_CURVE('',#2379,#2380,#2789,.T.);
#1770=EDGE_CURVE('',#2380,#2381,#65,.T.);
#1771=EDGE_CURVE('',#2381,#2382,#2790,.T.);
#1772=EDGE_CURVE('',#2382,#2383,#66,.T.);
#1773=EDGE_CURVE('',#2383,#2384,#2791,.T.);
#1774=EDGE_CURVE('',#2384,#2385,#67,.T.);
#1775=EDGE_CURVE('',#2385,#2386,#2792,.T.);
#1776=EDGE_CURVE('',#2386,#2387,#68,.T.);
#1777=EDGE_CURVE('',#2387,#2388,#2793,.T.);
#1778=EDGE_CURVE('',#2388,#2389,#69,.T.);
#1779=EDGE_CURVE('',#2389,#2390,#2794,.T.);
#1780=EDGE_CURVE('',#2390,#2391,#70,.T.);
#1781=EDGE_CURVE('',#2391,#2392,#2795,.T.);
#1782=EDGE_CURVE('',#2392,#2393,#71,.T.);
#1783=EDGE_CURVE('',#2393,#2394,#2796,.T.);
#1784=EDGE_CURVE('',#2394,#2395,#72,.T.);
#1785=EDGE_CURVE('',#2395,#2396,#2797,.T.);
#1786=EDGE_CURVE('',#2396,#2397,#73,.F.);
#1787=EDGE_CURVE('',#2397,#2376,#2798,.T.);
#1788=EDGE_CURVE('',#2292,#2398,#74,.T.);
#1789=EDGE_CURVE('',#2398,#2399,#75,.F.);
#1790=EDGE_CURVE('',#2399,#2288,#76,.T.);
#1791=EDGE_CURVE('',#2284,#2278,#77,.T.);
#1792=EDGE_CURVE('',#2279,#2277,#78,.F.);
#1793=EDGE_CURVE('',#2276,#2273,#79,.T.);
#1794=EDGE_CURVE('',#2272,#2344,#80,.T.);
#1795=EDGE_CURVE('',#2336,#2331,#81,.T.);
#1796=EDGE_CURVE('',#2330,#2400,#82,.F.);
#1797=EDGE_CURVE('',#2400,#2327,#83,.T.);
#1798=EDGE_CURVE('',#2326,#2401,#84,.T.);
#1799=EDGE_CURVE('',#2401,#2402,#85,.F.);
#1800=EDGE_CURVE('',#2402,#2324,#86,.T.);
#1801=EDGE_CURVE('',#2320,#2317,#87,.T.);
#1802=EDGE_CURVE('',#2316,#2313,#88,.F.);
#1803=EDGE_CURVE('',#2312,#2309,#89,.F.);
#1804=EDGE_CURVE('',#2308,#2303,#90,.T.);
#1805=EDGE_CURVE('',#2302,#2299,#91,.T.);
#1806=EDGE_CURVE('',#2298,#2296,#92,.T.);
#1807=EDGE_CURVE('',#2378,#2403,#2799,.T.);
#1808=EDGE_CURVE('',#2377,#2404,#2800,.T.);
#1809=EDGE_CURVE('',#2404,#2403,#2801,.T.);
#1810=EDGE_CURVE('',#2379,#2405,#2802,.T.);
#1811=EDGE_CURVE('',#2403,#2405,#93,.T.);
#1812=EDGE_CURVE('',#2380,#2406,#2803,.T.);
#1813=EDGE_CURVE('',#2405,#2406,#2804,.T.);
#1814=EDGE_CURVE('',#2382,#2407,#2805,.T.);
#1815=EDGE_CURVE('',#2381,#2408,#2806,.T.);
#1816=EDGE_CURVE('',#2408,#2407,#2807,.T.);
#1817=EDGE_CURVE('',#2383,#2409,#2808,.T.);
#1818=EDGE_CURVE('',#2407,#2409,#94,.T.);
#1819=EDGE_CURVE('',#2384,#2410,#2809,.T.);
#1820=EDGE_CURVE('',#2409,#2410,#2810,.T.);
#1821=EDGE_CURVE('',#2388,#2411,#2811,.T.);
#1822=EDGE_CURVE('',#2387,#2412,#2812,.T.);
#1823=EDGE_CURVE('',#2412,#2411,#2813,.T.);
#1824=EDGE_CURVE('',#2389,#2413,#2814,.T.);
#1825=EDGE_CURVE('',#2411,#2413,#95,.T.);
#1826=EDGE_CURVE('',#2390,#2414,#2815,.T.);
#1827=EDGE_CURVE('',#2413,#2414,#2816,.T.);
#1828=EDGE_CURVE('',#2397,#2415,#2817,.T.);
#1829=EDGE_CURVE('',#2415,#2416,#2818,.T.);
#1830=EDGE_CURVE('',#2376,#2416,#2819,.T.);
#1831=EDGE_CURVE('',#2416,#2404,#96,.F.);
#1832=EDGE_CURVE('',#2406,#2408,#97,.T.);
#1833=EDGE_CURVE('',#2410,#2417,#98,.T.);
#1834=EDGE_CURVE('',#2385,#2417,#2820,.T.);
#1835=EDGE_CURVE('',#2417,#2418,#2821,.T.);
#1836=EDGE_CURVE('',#2386,#2418,#2822,.T.);
#1837=EDGE_CURVE('',#2418,#2412,#99,.T.);
#1838=EDGE_CURVE('',#2414,#2419,#100,.T.);
#1839=EDGE_CURVE('',#2391,#2419,#2823,.T.);
#1840=EDGE_CURVE('',#2419,#2420,#2824,.T.);
#1841=EDGE_CURVE('',#2392,#2420,#2825,.T.);
#1842=EDGE_CURVE('',#2420,#2421,#101,.T.);
#1843=EDGE_CURVE('',#2393,#2421,#2826,.T.);
#1844=EDGE_CURVE('',#2421,#2422,#2827,.T.);
#1845=EDGE_CURVE('',#2394,#2422,#2828,.T.);
#1846=EDGE_CURVE('',#2422,#2423,#102,.T.);
#1847=EDGE_CURVE('',#2395,#2423,#2829,.T.);
#1848=EDGE_CURVE('',#2423,#2424,#2830,.T.);
#1849=EDGE_CURVE('',#2396,#2424,#2831,.T.);
#1850=EDGE_CURVE('',#2425,#2426,#2832,.T.);
#1851=EDGE_CURVE('',#2357,#2425,#2833,.T.);
#1852=EDGE_CURVE('',#2358,#2426,#2834,.T.);
#1853=EDGE_CURVE('',#2427,#2425,#2835,.T.);
#1854=EDGE_CURVE('',#2359,#2427,#2836,.T.);
#1855=EDGE_CURVE('',#2428,#2427,#103,.T.);
#1856=EDGE_CURVE('',#2360,#2428,#2837,.T.);
#1857=EDGE_CURVE('',#2429,#2428,#2838,.T.);
#1858=EDGE_CURVE('',#2361,#2429,#2839,.T.);
#1859=EDGE_CURVE('',#2430,#2429,#2840,.T.);
#1860=EDGE_CURVE('',#2362,#2430,#2841,.T.);
#1861=EDGE_CURVE('',#2431,#2430,#104,.T.);
#1862=EDGE_CURVE('',#2363,#2431,#2842,.T.);
#1863=EDGE_CURVE('',#2432,#2431,#2843,.T.);
#1864=EDGE_CURVE('',#2364,#2432,#2844,.T.);
#1865=EDGE_CURVE('',#2433,#2432,#105,.T.);
#1866=EDGE_CURVE('',#2365,#2433,#2845,.T.);
#1867=EDGE_CURVE('',#2434,#2433,#2846,.T.);
#1868=EDGE_CURVE('',#2366,#2434,#2847,.T.);
#1869=EDGE_CURVE('',#2435,#2434,#106,.T.);
#1870=EDGE_CURVE('',#2367,#2435,#2848,.T.);
#1871=EDGE_CURVE('',#2436,#2435,#2849,.T.);
#1872=EDGE_CURVE('',#2368,#2436,#2850,.T.);
#1873=EDGE_CURVE('',#2437,#2436,#107,.T.);
#1874=EDGE_CURVE('',#2369,#2437,#2851,.T.);
#1875=EDGE_CURVE('',#2438,#2437,#2852,.T.);
#1876=EDGE_CURVE('',#2370,#2438,#2853,.T.);
#1877=EDGE_CURVE('',#2439,#2438,#108,.T.);
#1878=EDGE_CURVE('',#2371,#2439,#2854,.T.);
#1879=EDGE_CURVE('',#2440,#2439,#2855,.T.);
#1880=EDGE_CURVE('',#2372,#2440,#2856,.T.);
#1881=EDGE_CURVE('',#2441,#2440,#2857,.T.);
#1882=EDGE_CURVE('',#2373,#2441,#2858,.T.);
#1883=EDGE_CURVE('',#2442,#2441,#109,.T.);
#1884=EDGE_CURVE('',#2374,#2442,#2859,.T.);
#1885=EDGE_CURVE('',#2443,#2442,#2860,.T.);
#1886=EDGE_CURVE('',#2375,#2443,#2861,.T.);
#1887=EDGE_CURVE('',#2426,#2443,#110,.T.);
#1888=EDGE_CURVE('',#2424,#2415,#111,.F.);
#1889=EDGE_CURVE('',#2353,#2398,#2862,.T.);
#1890=EDGE_CURVE('',#2399,#2352,#2863,.F.);
#1891=EDGE_CURVE('',#2356,#2400,#2864,.T.);
#1892=EDGE_CURVE('',#2401,#2355,#2865,.F.);
#1893=EDGE_CURVE('',#2354,#2402,#2866,.T.);
#1894=EDGE_CURVE('',#2444,#2445,#2867,.T.);
#1895=EDGE_CURVE('',#2446,#2444,#2868,.T.);
#1896=EDGE_CURVE('',#2446,#2447,#2869,.T.);
#1897=EDGE_CURVE('',#2447,#2445,#2870,.T.);
#1898=EDGE_CURVE('',#2448,#2444,#2871,.T.);
#1899=EDGE_CURVE('',#2449,#2448,#2872,.T.);
#1900=EDGE_CURVE('',#2449,#2446,#2873,.T.);
#1901=EDGE_CURVE('',#2450,#2448,#112,.T.);
#1902=EDGE_CURVE('',#2451,#2450,#2874,.T.);
#1903=EDGE_CURVE('',#2451,#2449,#113,.T.);
#1904=EDGE_CURVE('',#2452,#2450,#2875,.T.);
#1905=EDGE_CURVE('',#2453,#2452,#2876,.T.);
#1906=EDGE_CURVE('',#2453,#2451,#2877,.T.);
#1907=EDGE_CURVE('',#2454,#2452,#2878,.T.);
#1908=EDGE_CURVE('',#2455,#2454,#2879,.T.);
#1909=EDGE_CURVE('',#2455,#2453,#2880,.T.);
#1910=EDGE_CURVE('',#2456,#2454,#114,.T.);
#1911=EDGE_CURVE('',#2457,#2456,#2881,.T.);
#1912=EDGE_CURVE('',#2457,#2455,#115,.T.);
#1913=EDGE_CURVE('',#2458,#2456,#2882,.T.);
#1914=EDGE_CURVE('',#2459,#2458,#2883,.T.);
#1915=EDGE_CURVE('',#2459,#2457,#2884,.T.);
#1916=EDGE_CURVE('',#2460,#2458,#116,.T.);
#1917=EDGE_CURVE('',#2461,#2460,#2885,.T.);
#1918=EDGE_CURVE('',#2461,#2459,#117,.T.);
#1919=EDGE_CURVE('',#2462,#2460,#2886,.T.);
#1920=EDGE_CURVE('',#2463,#2462,#2887,.T.);
#1921=EDGE_CURVE('',#2463,#2461,#2888,.T.);
#1922=EDGE_CURVE('',#2464,#2462,#118,.T.);
#1923=EDGE_CURVE('',#2465,#2464,#2889,.T.);
#1924=EDGE_CURVE('',#2465,#2463,#119,.T.);
#1925=EDGE_CURVE('',#2466,#2464,#2890,.T.);
#1926=EDGE_CURVE('',#2467,#2466,#2891,.T.);
#1927=EDGE_CURVE('',#2467,#2465,#2892,.T.);
#1928=EDGE_CURVE('',#2468,#2466,#120,.T.);
#1929=EDGE_CURVE('',#2469,#2468,#2893,.T.);
#1930=EDGE_CURVE('',#2469,#2467,#121,.T.);
#1931=EDGE_CURVE('',#2470,#2468,#2894,.T.);
#1932=EDGE_CURVE('',#2471,#2470,#2895,.T.);
#1933=EDGE_CURVE('',#2471,#2469,#2896,.T.);
#1934=EDGE_CURVE('',#2472,#2470,#122,.T.);
#1935=EDGE_CURVE('',#2473,#2472,#2897,.T.);
#1936=EDGE_CURVE('',#2473,#2471,#123,.T.);
#1937=EDGE_CURVE('',#2474,#2472,#2898,.T.);
#1938=EDGE_CURVE('',#2475,#2474,#2899,.T.);
#1939=EDGE_CURVE('',#2475,#2473,#2900,.T.);
#1940=EDGE_CURVE('',#2476,#2474,#2901,.T.);
#1941=EDGE_CURVE('',#2477,#2476,#2902,.T.);
#1942=EDGE_CURVE('',#2477,#2475,#2903,.T.);
#1943=EDGE_CURVE('',#2478,#2476,#124,.T.);
#1944=EDGE_CURVE('',#2479,#2478,#2904,.T.);
#1945=EDGE_CURVE('',#2479,#2477,#125,.T.);
#1946=EDGE_CURVE('',#2480,#2478,#2905,.T.);
#1947=EDGE_CURVE('',#2481,#2480,#2906,.T.);
#1948=EDGE_CURVE('',#2481,#2479,#2907,.T.);
#1949=EDGE_CURVE('',#2445,#2480,#126,.T.);
#1950=EDGE_CURVE('',#2447,#2481,#127,.T.);
#1951=EDGE_CURVE('',#2482,#2483,#2908,.T.);
#1952=EDGE_CURVE('',#2484,#2483,#2909,.T.);
#1953=EDGE_CURVE('',#2485,#2484,#2910,.T.);
#1954=EDGE_CURVE('',#2485,#2482,#2911,.T.);
#1955=EDGE_CURVE('',#2483,#2486,#128,.T.);
#1956=EDGE_CURVE('',#2487,#2486,#2912,.T.);
#1957=EDGE_CURVE('',#2484,#2487,#129,.T.);
#1958=EDGE_CURVE('',#2486,#2488,#2913,.T.);
#1959=EDGE_CURVE('',#2489,#2488,#2914,.T.);
#1960=EDGE_CURVE('',#2487,#2489,#2915,.T.);
#1961=EDGE_CURVE('',#2488,#2490,#2916,.T.);
#1962=EDGE_CURVE('',#2491,#2490,#2917,.T.);
#1963=EDGE_CURVE('',#2489,#2491,#2918,.T.);
#1964=EDGE_CURVE('',#2490,#2492,#130,.T.);
#1965=EDGE_CURVE('',#2493,#2492,#2919,.T.);
#1966=EDGE_CURVE('',#2491,#2493,#131,.T.);
#1967=EDGE_CURVE('',#2492,#2494,#2920,.T.);
#1968=EDGE_CURVE('',#2495,#2494,#2921,.T.);
#1969=EDGE_CURVE('',#2493,#2495,#2922,.T.);
#1970=EDGE_CURVE('',#2494,#2496,#132,.T.);
#1971=EDGE_CURVE('',#2497,#2496,#2923,.T.);
#1972=EDGE_CURVE('',#2495,#2497,#133,.T.);
#1973=EDGE_CURVE('',#2496,#2498,#2924,.T.);
#1974=EDGE_CURVE('',#2499,#2498,#2925,.T.);
#1975=EDGE_CURVE('',#2497,#2499,#2926,.T.);
#1976=EDGE_CURVE('',#2498,#2500,#134,.T.);
#1977=EDGE_CURVE('',#2501,#2500,#2927,.T.);
#1978=EDGE_CURVE('',#2499,#2501,#135,.T.);
#1979=EDGE_CURVE('',#2500,#2502,#2928,.T.);
#1980=EDGE_CURVE('',#2503,#2502,#2929,.T.);
#1981=EDGE_CURVE('',#2501,#2503,#2930,.T.);
#1982=EDGE_CURVE('',#2502,#2504,#136,.T.);
#1983=EDGE_CURVE('',#2505,#2504,#2931,.T.);
#1984=EDGE_CURVE('',#2503,#2505,#137,.T.);
#1985=EDGE_CURVE('',#2504,#2506,#2932,.T.);
#1986=EDGE_CURVE('',#2507,#2506,#2933,.T.);
#1987=EDGE_CURVE('',#2505,#2507,#2934,.T.);
#1988=EDGE_CURVE('',#2506,#2508,#138,.T.);
#1989=EDGE_CURVE('',#2509,#2508,#2935,.T.);
#1990=EDGE_CURVE('',#2507,#2509,#139,.T.);
#1991=EDGE_CURVE('',#2508,#2510,#2936,.T.);
#1992=EDGE_CURVE('',#2511,#2510,#2937,.T.);
#1993=EDGE_CURVE('',#2509,#2511,#2938,.T.);
#1994=EDGE_CURVE('',#2510,#2512,#2939,.T.);
#1995=EDGE_CURVE('',#2513,#2512,#2940,.T.);
#1996=EDGE_CURVE('',#2511,#2513,#2941,.T.);
#1997=EDGE_CURVE('',#2512,#2514,#140,.T.);
#1998=EDGE_CURVE('',#2515,#2514,#2942,.T.);
#1999=EDGE_CURVE('',#2513,#2515,#141,.T.);
#2000=EDGE_CURVE('',#2514,#2516,#2943,.T.);
#2001=EDGE_CURVE('',#2517,#2516,#2944,.T.);
#2002=EDGE_CURVE('',#2515,#2517,#2945,.T.);
#2003=EDGE_CURVE('',#2516,#2518,#142,.T.);
#2004=EDGE_CURVE('',#2519,#2518,#2946,.T.);
#2005=EDGE_CURVE('',#2517,#2519,#143,.T.);
#2006=EDGE_CURVE('',#2518,#2482,#2947,.T.);
#2007=EDGE_CURVE('',#2519,#2485,#2948,.T.);
#2008=EDGE_CURVE('',#2520,#2520,#144,.T.);
#2009=EDGE_CURVE('',#2521,#2521,#145,.T.);
#2010=EDGE_CURVE('',#2522,#2522,#146,.T.);
#2011=EDGE_CURVE('',#2523,#2523,#147,.T.);
#2012=EDGE_CURVE('',#2524,#2524,#148,.T.);
#2013=EDGE_CURVE('',#2525,#2525,#149,.T.);
#2014=EDGE_CURVE('',#2526,#2526,#150,.T.);
#2015=EDGE_CURVE('',#2527,#2527,#151,.T.);
#2016=EDGE_CURVE('',#2528,#2528,#152,.T.);
#2017=EDGE_CURVE('',#2529,#2529,#153,.T.);
#2018=EDGE_CURVE('',#2530,#2530,#154,.T.);
#2019=EDGE_CURVE('',#2531,#2531,#155,.T.);
#2020=EDGE_CURVE('',#2532,#2533,#2949,.T.);
#2021=EDGE_CURVE('',#2533,#2534,#2950,.T.);
#2022=EDGE_CURVE('',#2535,#2534,#2951,.T.);
#2023=EDGE_CURVE('',#2535,#2532,#2952,.F.);
#2024=EDGE_CURVE('',#2536,#2537,#2953,.T.);
#2025=EDGE_CURVE('',#2536,#2538,#2954,.F.);
#2026=EDGE_CURVE('',#2538,#2539,#2955,.T.);
#2027=EDGE_CURVE('',#2539,#2537,#2956,.T.);
#2028=EDGE_CURVE('',#2540,#2541,#2957,.T.);
#2029=EDGE_CURVE('',#2541,#2542,#2958,.T.);
#2030=EDGE_CURVE('',#2543,#2542,#2959,.T.);
#2031=EDGE_CURVE('',#2543,#2540,#2960,.F.);
#2032=EDGE_CURVE('',#2544,#2545,#2961,.T.);
#2033=EDGE_CURVE('',#2545,#2546,#2962,.T.);
#2034=EDGE_CURVE('',#2547,#2546,#2963,.T.);
#2035=EDGE_CURVE('',#2544,#2547,#2964,.T.);
#2036=EDGE_CURVE('',#2548,#2547,#156,.T.);
#2037=EDGE_CURVE('',#2549,#2548,#2965,.T.);
#2038=EDGE_CURVE('',#2549,#2544,#157,.T.);
#2039=EDGE_CURVE('',#2550,#2548,#2966,.T.);
#2040=EDGE_CURVE('',#2550,#2551,#2967,.F.);
#2041=EDGE_CURVE('',#2551,#2549,#2968,.T.);
#2042=EDGE_CURVE('',#2552,#2553,#2969,.T.);
#2043=EDGE_CURVE('',#2553,#2554,#2970,.T.);
#2044=EDGE_CURVE('',#2555,#2554,#2971,.T.);
#2045=EDGE_CURVE('',#2552,#2555,#2972,.T.);
#2046=EDGE_CURVE('',#2556,#2555,#158,.T.);
#2047=EDGE_CURVE('',#2557,#2556,#2973,.T.);
#2048=EDGE_CURVE('',#2557,#2552,#159,.T.);
#2049=EDGE_CURVE('',#2558,#2556,#2974,.T.);
#2050=EDGE_CURVE('',#2558,#2559,#2975,.F.);
#2051=EDGE_CURVE('',#2559,#2557,#2976,.T.);
#2052=EDGE_CURVE('',#2560,#2561,#2977,.T.);
#2053=EDGE_CURVE('',#2561,#2562,#2978,.T.);
#2054=EDGE_CURVE('',#2563,#2562,#2979,.T.);
#2055=EDGE_CURVE('',#2560,#2563,#2980,.T.);
#2056=EDGE_CURVE('',#2564,#2563,#2981,.T.);
#2057=EDGE_CURVE('',#2564,#2565,#2982,.F.);
#2058=EDGE_CURVE('',#2565,#2560,#2983,.T.);
#2059=EDGE_CURVE('',#2566,#2567,#2984,.T.);
#2060=EDGE_CURVE('',#2567,#2568,#2985,.F.);
#2061=EDGE_CURVE('',#2569,#2568,#2986,.T.);
#2062=EDGE_CURVE('',#2569,#2566,#2987,.T.);
#2063=EDGE_CURVE('',#2570,#2571,#2988,.T.);
#2064=EDGE_CURVE('',#2571,#2572,#2989,.F.);
#2065=EDGE_CURVE('',#2573,#2572,#2990,.T.);
#2066=EDGE_CURVE('',#2573,#2570,#2991,.T.);
#2067=EDGE_CURVE('',#2574,#2575,#2992,.T.);
#2068=EDGE_CURVE('',#2574,#2576,#2993,.T.);
#2069=EDGE_CURVE('',#2576,#2577,#2994,.T.);
#2070=EDGE_CURVE('',#2577,#2575,#2995,.F.);
#2071=EDGE_CURVE('',#2578,#2579,#160,.T.);
#2072=EDGE_CURVE('',#2579,#2580,#2996,.T.);
#2073=EDGE_CURVE('',#2581,#2580,#161,.T.);
#2074=EDGE_CURVE('',#2578,#2581,#2997,.T.);
#2075=EDGE_CURVE('',#2582,#2581,#2998,.T.);
#2076=EDGE_CURVE('',#2582,#2583,#2999,.F.);
#2077=EDGE_CURVE('',#2583,#2578,#3000,.T.);
#2078=EDGE_CURVE('',#2584,#2585,#3001,.T.);
#2079=EDGE_CURVE('',#2584,#2586,#3002,.F.);
#2080=EDGE_CURVE('',#2586,#2587,#3003,.T.);
#2081=EDGE_CURVE('',#2587,#2585,#3004,.T.);
#2082=EDGE_CURVE('',#2588,#2588,#162,.T.);
#2083=EDGE_CURVE('',#2589,#2589,#163,.T.);
#2084=EDGE_CURVE('',#2590,#2590,#164,.T.);
#2085=EDGE_CURVE('',#2591,#2591,#165,.T.);
#2086=EDGE_CURVE('',#2592,#2592,#166,.T.);
#2087=EDGE_CURVE('',#2593,#2593,#167,.T.);
#2088=EDGE_CURVE('',#2594,#2594,#168,.T.);
#2089=EDGE_CURVE('',#2595,#2595,#169,.T.);
#2090=EDGE_CURVE('',#2596,#2596,#170,.T.);
#2091=EDGE_CURVE('',#2597,#2597,#171,.T.);
#2092=EDGE_CURVE('',#2598,#2598,#172,.T.);
#2093=EDGE_CURVE('',#2599,#2599,#173,.T.);
#2094=EDGE_CURVE('',#2600,#2601,#174,.T.);
#2095=EDGE_CURVE('',#2600,#2602,#3005,.T.);
#2096=EDGE_CURVE('',#2602,#2603,#175,.T.);
#2097=EDGE_CURVE('',#2603,#2604,#3006,.T.);
#2098=EDGE_CURVE('',#2605,#2604,#176,.T.);
#2099=EDGE_CURVE('',#2605,#2606,#177,.F.);
#2100=EDGE_CURVE('',#2606,#2607,#3007,.T.);
#2101=EDGE_CURVE('',#2607,#2608,#178,.T.);
#2102=EDGE_CURVE('',#2608,#2609,#3008,.T.);
#2103=EDGE_CURVE('',#2609,#2610,#179,.T.);
#2104=EDGE_CURVE('',#2610,#2611,#3009,.T.);
#2105=EDGE_CURVE('',#2611,#2612,#180,.T.);
#2106=EDGE_CURVE('',#2612,#2613,#3010,.T.);
#2107=EDGE_CURVE('',#2613,#2614,#181,.T.);
#2108=EDGE_CURVE('',#2614,#2615,#3011,.T.);
#2109=EDGE_CURVE('',#2615,#2616,#182,.T.);
#2110=EDGE_CURVE('',#2616,#2617,#3012,.T.);
#2111=EDGE_CURVE('',#2617,#2618,#183,.T.);
#2112=EDGE_CURVE('',#2618,#2619,#3013,.T.);
#2113=EDGE_CURVE('',#2619,#2620,#184,.F.);
#2114=EDGE_CURVE('',#2620,#2621,#3014,.T.);
#2115=EDGE_CURVE('',#2621,#2622,#185,.T.);
#2116=EDGE_CURVE('',#2622,#2623,#3015,.T.);
#2117=EDGE_CURVE('',#2623,#2601,#186,.T.);
#2118=EDGE_CURVE('',#2586,#2624,#187,.F.);
#2119=EDGE_CURVE('',#2624,#2625,#188,.T.);
#2120=EDGE_CURVE('',#2625,#2533,#189,.F.);
#2121=EDGE_CURVE('',#2532,#2539,#190,.F.);
#2122=EDGE_CURVE('',#2538,#2626,#191,.T.);
#2123=EDGE_CURVE('',#2626,#2541,#192,.F.);
#2124=EDGE_CURVE('',#2540,#2545,#193,.F.);
#2125=EDGE_CURVE('',#2551,#2627,#194,.F.);
#2126=EDGE_CURVE('',#2627,#2628,#195,.T.);
#2127=EDGE_CURVE('',#2628,#2553,#196,.F.);
#2128=EDGE_CURVE('',#2559,#2561,#197,.F.);
#2129=EDGE_CURVE('',#2565,#2569,#198,.F.);
#2130=EDGE_CURVE('',#2568,#2573,#199,.T.);
#2131=EDGE_CURVE('',#2572,#2574,#200,.T.);
#2132=EDGE_CURVE('',#2575,#2579,#201,.F.);
#2133=EDGE_CURVE('',#2583,#2587,#202,.F.);
#2134=EDGE_CURVE('',#2629,#2629,#203,.T.);
#2135=EDGE_CURVE('',#2630,#2630,#204,.T.);
#2136=EDGE_CURVE('',#2631,#2631,#205,.T.);
#2137=EDGE_CURVE('',#2632,#2632,#206,.T.);
#2138=EDGE_CURVE('',#2633,#2633,#207,.T.);
#2139=EDGE_CURVE('',#2634,#2634,#208,.T.);
#2140=EDGE_CURVE('',#2534,#2635,#209,.T.);
#2141=EDGE_CURVE('',#2635,#2636,#210,.F.);
#2142=EDGE_CURVE('',#2636,#2584,#211,.T.);
#2143=EDGE_CURVE('',#2585,#2582,#212,.T.);
#2144=EDGE_CURVE('',#2580,#2577,#213,.T.);
#2145=EDGE_CURVE('',#2576,#2571,#214,.F.);
#2146=EDGE_CURVE('',#2570,#2567,#215,.F.);
#2147=EDGE_CURVE('',#2566,#2564,#216,.T.);
#2148=EDGE_CURVE('',#2562,#2558,#217,.T.);
#2149=EDGE_CURVE('',#2554,#2637,#218,.T.);
#2150=EDGE_CURVE('',#2637,#2638,#219,.F.);
#2151=EDGE_CURVE('',#2638,#2550,#220,.T.);
#2152=EDGE_CURVE('',#2546,#2543,#221,.T.);
#2153=EDGE_CURVE('',#2542,#2639,#222,.T.);
#2154=EDGE_CURVE('',#2639,#2536,#223,.F.);
#2155=EDGE_CURVE('',#2537,#2535,#224,.T.);
#2156=EDGE_CURVE('',#2640,#2641,#3016,.T.);
#2157=EDGE_CURVE('',#2642,#2640,#3017,.T.);
#2158=EDGE_CURVE('',#2643,#2642,#225,.T.);
#2159=EDGE_CURVE('',#2644,#2643,#3018,.T.);
#2160=EDGE_CURVE('',#2645,#2644,#226,.T.);
#2161=EDGE_CURVE('',#2646,#2645,#3019,.T.);
#2162=EDGE_CURVE('',#2647,#2646,#3020,.T.);
#2163=EDGE_CURVE('',#2648,#2647,#227,.T.);
#2164=EDGE_CURVE('',#2649,#2648,#3021,.T.);
#2165=EDGE_CURVE('',#2650,#2649,#228,.T.);
#2166=EDGE_CURVE('',#2651,#2650,#3022,.T.);
#2167=EDGE_CURVE('',#2652,#2651,#229,.T.);
#2168=EDGE_CURVE('',#2653,#2652,#3023,.T.);
#2169=EDGE_CURVE('',#2654,#2653,#230,.T.);
#2170=EDGE_CURVE('',#2655,#2654,#3024,.T.);
#2171=EDGE_CURVE('',#2656,#2655,#231,.T.);
#2172=EDGE_CURVE('',#2657,#2656,#3025,.T.);
#2173=EDGE_CURVE('',#2658,#2657,#3026,.T.);
#2174=EDGE_CURVE('',#2641,#2658,#232,.T.);
#2175=EDGE_CURVE('',#2659,#2660,#3027,.T.);
#2176=EDGE_CURVE('',#2640,#2659,#3028,.T.);
#2177=EDGE_CURVE('',#2641,#2660,#3029,.T.);
#2178=EDGE_CURVE('',#2660,#2661,#233,.T.);
#2179=EDGE_CURVE('',#2658,#2661,#3030,.T.);
#2180=EDGE_CURVE('',#2661,#2662,#3031,.T.);
#2181=EDGE_CURVE('',#2657,#2662,#3032,.T.);
#2182=EDGE_CURVE('',#2662,#2663,#3033,.T.);
#2183=EDGE_CURVE('',#2656,#2663,#3034,.T.);
#2184=EDGE_CURVE('',#2663,#2664,#234,.T.);
#2185=EDGE_CURVE('',#2655,#2664,#3035,.T.);
#2186=EDGE_CURVE('',#2664,#2665,#3036,.T.);
#2187=EDGE_CURVE('',#2654,#2665,#3037,.T.);
#2188=EDGE_CURVE('',#2665,#2666,#235,.T.);
#2189=EDGE_CURVE('',#2653,#2666,#3038,.T.);
#2190=EDGE_CURVE('',#2666,#2667,#3039,.T.);
#2191=EDGE_CURVE('',#2652,#2667,#3040,.T.);
#2192=EDGE_CURVE('',#2667,#2668,#236,.T.);
#2193=EDGE_CURVE('',#2651,#2668,#3041,.T.);
#2194=EDGE_CURVE('',#2668,#2669,#3042,.T.);
#2195=EDGE_CURVE('',#2650,#2669,#3043,.T.);
#2196=EDGE_CURVE('',#2669,#2670,#237,.T.);
#2197=EDGE_CURVE('',#2649,#2670,#3044,.T.);
#2198=EDGE_CURVE('',#2670,#2671,#3045,.T.);
#2199=EDGE_CURVE('',#2648,#2671,#3046,.T.);
#2200=EDGE_CURVE('',#2671,#2672,#238,.T.);
#2201=EDGE_CURVE('',#2647,#2672,#3047,.T.);
#2202=EDGE_CURVE('',#2672,#2673,#3048,.T.);
#2203=EDGE_CURVE('',#2646,#2673,#3049,.T.);
#2204=EDGE_CURVE('',#2673,#2674,#3050,.T.);
#2205=EDGE_CURVE('',#2645,#2674,#3051,.T.);
#2206=EDGE_CURVE('',#2674,#2675,#239,.T.);
#2207=EDGE_CURVE('',#2644,#2675,#3052,.T.);
#2208=EDGE_CURVE('',#2675,#2676,#3053,.T.);
#2209=EDGE_CURVE('',#2643,#2676,#3054,.T.);
#2210=EDGE_CURVE('',#2676,#2677,#240,.T.);
#2211=EDGE_CURVE('',#2642,#2677,#3055,.T.);
#2212=EDGE_CURVE('',#2618,#2678,#3056,.T.);
#2213=EDGE_CURVE('',#2678,#2679,#3057,.T.);
#2214=EDGE_CURVE('',#2619,#2679,#3058,.T.);
#2215=EDGE_CURVE('',#2617,#2680,#3059,.T.);
#2216=EDGE_CURVE('',#2680,#2678,#241,.T.);
#2217=EDGE_CURVE('',#2616,#2681,#3060,.T.);
#2218=EDGE_CURVE('',#2681,#2680,#3061,.T.);
#2219=EDGE_CURVE('',#2615,#2682,#3062,.T.);
#2220=EDGE_CURVE('',#2682,#2681,#242,.T.);
#2221=EDGE_CURVE('',#2614,#2683,#3063,.T.);
#2222=EDGE_CURVE('',#2683,#2682,#3064,.T.);
#2223=EDGE_CURVE('',#2613,#2684,#3065,.T.);
#2224=EDGE_CURVE('',#2684,#2683,#243,.T.);
#2225=EDGE_CURVE('',#2612,#2685,#3066,.T.);
#2226=EDGE_CURVE('',#2685,#2684,#3067,.T.);
#2227=EDGE_CURVE('',#2611,#2686,#3068,.T.);
#2228=EDGE_CURVE('',#2686,#2685,#244,.T.);
#2229=EDGE_CURVE('',#2610,#2687,#3069,.T.);
#2230=EDGE_CURVE('',#2687,#2686,#3070,.T.);
#2231=EDGE_CURVE('',#2609,#2688,#3071,.T.);
#2232=EDGE_CURVE('',#2688,#2687,#245,.T.);
#2233=EDGE_CURVE('',#2608,#2689,#3072,.T.);
#2234=EDGE_CURVE('',#2689,#2688,#3073,.T.);
#2235=EDGE_CURVE('',#2607,#2690,#3074,.T.);
#2236=EDGE_CURVE('',#2690,#2689,#246,.T.);
#2237=EDGE_CURVE('',#2606,#2691,#3075,.T.);
#2238=EDGE_CURVE('',#2691,#2690,#3076,.T.);
#2239=EDGE_CURVE('',#2605,#2692,#3077,.F.);
#2240=EDGE_CURVE('',#2692,#2691,#247,.F.);
#2241=EDGE_CURVE('',#2693,#2694,#3078,.T.);
#2242=EDGE_CURVE('',#2694,#2604,#3079,.T.);
#2243=EDGE_CURVE('',#2603,#2693,#3080,.T.);
#2244=EDGE_CURVE('',#2602,#2695,#3081,.T.);
#2245=EDGE_CURVE('',#2695,#2693,#248,.T.);
#2246=EDGE_CURVE('',#2600,#2696,#3082,.F.);
#2247=EDGE_CURVE('',#2696,#2695,#3083,.T.);
#2248=EDGE_CURVE('',#2697,#2698,#249,.T.);
#2249=EDGE_CURVE('',#2698,#2601,#3084,.T.);
#2250=EDGE_CURVE('',#2623,#2697,#3085,.T.);
#2251=EDGE_CURVE('',#2622,#2699,#3086,.T.);
#2252=EDGE_CURVE('',#2699,#2697,#3087,.T.);
#2253=EDGE_CURVE('',#2621,#2700,#3088,.T.);
#2254=EDGE_CURVE('',#2700,#2699,#250,.T.);
#2255=EDGE_CURVE('',#2620,#2701,#3089,.T.);
#2256=EDGE_CURVE('',#2701,#2700,#3090,.T.);
#2257=EDGE_CURVE('',#2679,#2701,#251,.F.);
#2258=EDGE_CURVE('',#2677,#2659,#3091,.T.);
#2259=EDGE_CURVE('',#2698,#2696,#252,.T.);
#2260=EDGE_CURVE('',#2694,#2692,#253,.T.);
#2261=EDGE_CURVE('',#2702,#2702,#254,.T.);
#2262=EDGE_CURVE('',#2703,#2703,#255,.T.);
#2263=EDGE_CURVE('',#2704,#2704,#256,.T.);
#2264=EDGE_CURVE('',#2705,#2705,#257,.T.);
#2265=EDGE_CURVE('',#2625,#2635,#3092,.T.);
#2266=EDGE_CURVE('',#2626,#2639,#3093,.F.);
#2267=EDGE_CURVE('',#2638,#2627,#3094,.T.);
#2268=EDGE_CURVE('',#2628,#2637,#3095,.F.);
#2269=EDGE_CURVE('',#2636,#2624,#3096,.F.);
#2270=VERTEX_POINT('',#6281);
#2271=VERTEX_POINT('',#6282);
#2272=VERTEX_POINT('',#6284);
#2273=VERTEX_POINT('',#6286);
#2274=VERTEX_POINT('',#6290);
#2275=VERTEX_POINT('',#6291);
#2276=VERTEX_POINT('',#6293);
#2277=VERTEX_POINT('',#6295);
#2278=VERTEX_POINT('',#6299);
#2279=VERTEX_POINT('',#6300);
#2280=VERTEX_POINT('',#6302);
#2281=VERTEX_POINT('',#6304);
#2282=VERTEX_POINT('',#6308);
#2283=VERTEX_POINT('',#6309);
#2284=VERTEX_POINT('',#6311);
#2285=VERTEX_POINT('',#6313);
#2286=VERTEX_POINT('',#6317);
#2287=VERTEX_POINT('',#6319);
#2288=VERTEX_POINT('',#6323);
#2289=VERTEX_POINT('',#6325);
#2290=VERTEX_POINT('',#6329);
#2291=VERTEX_POINT('',#6330);
#2292=VERTEX_POINT('',#6332);
#2293=VERTEX_POINT('',#6334);
#2294=VERTEX_POINT('',#6338);
#2295=VERTEX_POINT('',#6340);
#2296=VERTEX_POINT('',#6344);
#2297=VERTEX_POINT('',#6346);
#2298=VERTEX_POINT('',#6350);
#2299=VERTEX_POINT('',#6351);
#2300=VERTEX_POINT('',#6353);
#2301=VERTEX_POINT('',#6355);
#2302=VERTEX_POINT('',#6359);
#2303=VERTEX_POINT('',#6360);
#2304=VERTEX_POINT('',#6362);
#2305=VERTEX_POINT('',#6364);
#2306=VERTEX_POINT('',#6368);
#2307=VERTEX_POINT('',#6369);
#2308=VERTEX_POINT('',#6371);
#2309=VERTEX_POINT('',#6373);
#2310=VERTEX_POINT('',#6377);
#2311=VERTEX_POINT('',#6378);
#2312=VERTEX_POINT('',#6380);
#2313=VERTEX_POINT('',#6382);
#2314=VERTEX_POINT('',#6386);
#2315=VERTEX_POINT('',#6387);
#2316=VERTEX_POINT('',#6389);
#2317=VERTEX_POINT('',#6391);
#2318=VERTEX_POINT('',#6395);
#2319=VERTEX_POINT('',#6396);
#2320=VERTEX_POINT('',#6398);
#2321=VERTEX_POINT('',#6400);
#2322=VERTEX_POINT('',#6404);
#2323=VERTEX_POINT('',#6406);
#2324=VERTEX_POINT('',#6410);
#2325=VERTEX_POINT('',#6412);
#2326=VERTEX_POINT('',#6416);
#2327=VERTEX_POINT('',#6417);
#2328=VERTEX_POINT('',#6419);
#2329=VERTEX_POINT('',#6421);
#2330=VERTEX_POINT('',#6425);
#2331=VERTEX_POINT('',#6426);
#2332=VERTEX_POINT('',#6428);
#2333=VERTEX_POINT('',#6430);
#2334=VERTEX_POINT('',#6434);
#2335=VERTEX_POINT('',#6435);
#2336=VERTEX_POINT('',#6437);
#2337=VERTEX_POINT('',#6439);
#2338=VERTEX_POINT('',#6443);
#2339=VERTEX_POINT('',#6445);
#2340=VERTEX_POINT('',#6448);
#2341=VERTEX_POINT('',#6450);
#2342=VERTEX_POINT('',#6453);
#2343=VERTEX_POINT('',#6455);
#2344=VERTEX_POINT('',#6458);
#2345=VERTEX_POINT('',#6460);
#2346=VERTEX_POINT('',#6464);
#2347=VERTEX_POINT('',#6466);
#2348=VERTEX_POINT('',#6469);
#2349=VERTEX_POINT('',#6471);
#2350=VERTEX_POINT('',#6474);
#2351=VERTEX_POINT('',#6476);
#2352=VERTEX_POINT('',#6479);
#2353=VERTEX_POINT('',#6481);
#2354=VERTEX_POINT('',#6490);
#2355=VERTEX_POINT('',#6492);
#2356=VERTEX_POINT('',#6495);
#2357=VERTEX_POINT('',#6503);
#2358=VERTEX_POINT('',#6504);
#2359=VERTEX_POINT('',#6506);
#2360=VERTEX_POINT('',#6508);
#2361=VERTEX_POINT('',#6510);
#2362=VERTEX_POINT('',#6512);
#2363=VERTEX_POINT('',#6514);
#2364=VERTEX_POINT('',#6516);
#2365=VERTEX_POINT('',#6518);
#2366=VERTEX_POINT('',#6520);
#2367=VERTEX_POINT('',#6522);
#2368=VERTEX_POINT('',#6524);
#2369=VERTEX_POINT('',#6526);
#2370=VERTEX_POINT('',#6528);
#2371=VERTEX_POINT('',#6530);
#2372=VERTEX_POINT('',#6532);
#2373=VERTEX_POINT('',#6534);
#2374=VERTEX_POINT('',#6536);
#2375=VERTEX_POINT('',#6538);
#2376=VERTEX_POINT('',#6542);
#2377=VERTEX_POINT('',#6543);
#2378=VERTEX_POINT('',#6545);
#2379=VERTEX_POINT('',#6547);
#2380=VERTEX_POINT('',#6549);
#2381=VERTEX_POINT('',#6551);
#2382=VERTEX_POINT('',#6553);
#2383=VERTEX_POINT('',#6555);
#2384=VERTEX_POINT('',#6557);
#2385=VERTEX_POINT('',#6559);
#2386=VERTEX_POINT('',#6561);
#2387=VERTEX_POINT('',#6563);
#2388=VERTEX_POINT('',#6565);
#2389=VERTEX_POINT('',#6567);
#2390=VERTEX_POINT('',#6569);
#2391=VERTEX_POINT('',#6571);
#2392=VERTEX_POINT('',#6573);
#2393=VERTEX_POINT('',#6575);
#2394=VERTEX_POINT('',#6577);
#2395=VERTEX_POINT('',#6579);
#2396=VERTEX_POINT('',#6581);
#2397=VERTEX_POINT('',#6583);
#2398=VERTEX_POINT('',#6586);
#2399=VERTEX_POINT('',#6588);
#2400=VERTEX_POINT('',#6596);
#2401=VERTEX_POINT('',#6599);
#2402=VERTEX_POINT('',#6601);
#2403=VERTEX_POINT('',#6611);
#2404=VERTEX_POINT('',#6613);
#2405=VERTEX_POINT('',#6617);
#2406=VERTEX_POINT('',#6621);
#2407=VERTEX_POINT('',#6625);
#2408=VERTEX_POINT('',#6627);
#2409=VERTEX_POINT('',#6631);
#2410=VERTEX_POINT('',#6635);
#2411=VERTEX_POINT('',#6639);
#2412=VERTEX_POINT('',#6641);
#2413=VERTEX_POINT('',#6645);
#2414=VERTEX_POINT('',#6649);
#2415=VERTEX_POINT('',#6653);
#2416=VERTEX_POINT('',#6655);
#2417=VERTEX_POINT('',#6663);
#2418=VERTEX_POINT('',#6667);
#2419=VERTEX_POINT('',#6673);
#2420=VERTEX_POINT('',#6677);
#2421=VERTEX_POINT('',#6681);
#2422=VERTEX_POINT('',#6685);
#2423=VERTEX_POINT('',#6689);
#2424=VERTEX_POINT('',#6693);
#2425=VERTEX_POINT('',#6697);
#2426=VERTEX_POINT('',#6698);
#2427=VERTEX_POINT('',#6703);
#2428=VERTEX_POINT('',#6707);
#2429=VERTEX_POINT('',#6711);
#2430=VERTEX_POINT('',#6715);
#2431=VERTEX_POINT('',#6719);
#2432=VERTEX_POINT('',#6723);
#2433=VERTEX_POINT('',#6727);
#2434=VERTEX_POINT('',#6731);
#2435=VERTEX_POINT('',#6735);
#2436=VERTEX_POINT('',#6739);
#2437=VERTEX_POINT('',#6743);
#2438=VERTEX_POINT('',#6747);
#2439=VERTEX_POINT('',#6751);
#2440=VERTEX_POINT('',#6755);
#2441=VERTEX_POINT('',#6759);
#2442=VERTEX_POINT('',#6763);
#2443=VERTEX_POINT('',#6767);
#2444=VERTEX_POINT('',#6801);
#2445=VERTEX_POINT('',#6802);
#2446=VERTEX_POINT('',#6804);
#2447=VERTEX_POINT('',#6806);
#2448=VERTEX_POINT('',#6810);
#2449=VERTEX_POINT('',#6812);
#2450=VERTEX_POINT('',#6816);
#2451=VERTEX_POINT('',#6818);
#2452=VERTEX_POINT('',#6822);
#2453=VERTEX_POINT('',#6824);
#2454=VERTEX_POINT('',#6828);
#2455=VERTEX_POINT('',#6830);
#2456=VERTEX_POINT('',#6834);
#2457=VERTEX_POINT('',#6836);
#2458=VERTEX_POINT('',#6840);
#2459=VERTEX_POINT('',#6842);
#2460=VERTEX_POINT('',#6846);
#2461=VERTEX_POINT('',#6848);
#2462=VERTEX_POINT('',#6852);
#2463=VERTEX_POINT('',#6854);
#2464=VERTEX_POINT('',#6858);
#2465=VERTEX_POINT('',#6860);
#2466=VERTEX_POINT('',#6864);
#2467=VERTEX_POINT('',#6866);
#2468=VERTEX_POINT('',#6870);
#2469=VERTEX_POINT('',#6872);
#2470=VERTEX_POINT('',#6876);
#2471=VERTEX_POINT('',#6878);
#2472=VERTEX_POINT('',#6882);
#2473=VERTEX_POINT('',#6884);
#2474=VERTEX_POINT('',#6888);
#2475=VERTEX_POINT('',#6890);
#2476=VERTEX_POINT('',#6894);
#2477=VERTEX_POINT('',#6896);
#2478=VERTEX_POINT('',#6900);
#2479=VERTEX_POINT('',#6902);
#2480=VERTEX_POINT('',#6906);
#2481=VERTEX_POINT('',#6908);
#2482=VERTEX_POINT('',#6918);
#2483=VERTEX_POINT('',#6919);
#2484=VERTEX_POINT('',#6921);
#2485=VERTEX_POINT('',#6923);
#2486=VERTEX_POINT('',#6927);
#2487=VERTEX_POINT('',#6929);
#2488=VERTEX_POINT('',#6933);
#2489=VERTEX_POINT('',#6935);
#2490=VERTEX_POINT('',#6939);
#2491=VERTEX_POINT('',#6941);
#2492=VERTEX_POINT('',#6945);
#2493=VERTEX_POINT('',#6947);
#2494=VERTEX_POINT('',#6951);
#2495=VERTEX_POINT('',#6953);
#2496=VERTEX_POINT('',#6957);
#2497=VERTEX_POINT('',#6959);
#2498=VERTEX_POINT('',#6963);
#2499=VERTEX_POINT('',#6965);
#2500=VERTEX_POINT('',#6969);
#2501=VERTEX_POINT('',#6971);
#2502=VERTEX_POINT('',#6975);
#2503=VERTEX_POINT('',#6977);
#2504=VERTEX_POINT('',#6981);
#2505=VERTEX_POINT('',#6983);
#2506=VERTEX_POINT('',#6987);
#2507=VERTEX_POINT('',#6989);
#2508=VERTEX_POINT('',#6993);
#2509=VERTEX_POINT('',#6995);
#2510=VERTEX_POINT('',#6999);
#2511=VERTEX_POINT('',#7001);
#2512=VERTEX_POINT('',#7005);
#2513=VERTEX_POINT('',#7007);
#2514=VERTEX_POINT('',#7011);
#2515=VERTEX_POINT('',#7013);
#2516=VERTEX_POINT('',#7017);
#2517=VERTEX_POINT('',#7019);
#2518=VERTEX_POINT('',#7023);
#2519=VERTEX_POINT('',#7025);
#2520=VERTEX_POINT('',#7032);
#2521=VERTEX_POINT('',#7034);
#2522=VERTEX_POINT('',#7036);
#2523=VERTEX_POINT('',#7038);
#2524=VERTEX_POINT('',#7040);
#2525=VERTEX_POINT('',#7042);
#2526=VERTEX_POINT('',#7045);
#2527=VERTEX_POINT('',#7047);
#2528=VERTEX_POINT('',#7049);
#2529=VERTEX_POINT('',#7051);
#2530=VERTEX_POINT('',#7053);
#2531=VERTEX_POINT('',#7055);
#2532=VERTEX_POINT('',#7065);
#2533=VERTEX_POINT('',#7066);
#2534=VERTEX_POINT('',#7068);
#2535=VERTEX_POINT('',#7070);
#2536=VERTEX_POINT('',#7074);
#2537=VERTEX_POINT('',#7075);
#2538=VERTEX_POINT('',#7077);
#2539=VERTEX_POINT('',#7079);
#2540=VERTEX_POINT('',#7083);
#2541=VERTEX_POINT('',#7084);
#2542=VERTEX_POINT('',#7086);
#2543=VERTEX_POINT('',#7088);
#2544=VERTEX_POINT('',#7092);
#2545=VERTEX_POINT('',#7093);
#2546=VERTEX_POINT('',#7095);
#2547=VERTEX_POINT('',#7097);
#2548=VERTEX_POINT('',#7101);
#2549=VERTEX_POINT('',#7103);
#2550=VERTEX_POINT('',#7107);
#2551=VERTEX_POINT('',#7109);
#2552=VERTEX_POINT('',#7113);
#2553=VERTEX_POINT('',#7114);
#2554=VERTEX_POINT('',#7116);
#2555=VERTEX_POINT('',#7118);
#2556=VERTEX_POINT('',#7122);
#2557=VERTEX_POINT('',#7124);
#2558=VERTEX_POINT('',#7128);
#2559=VERTEX_POINT('',#7130);
#2560=VERTEX_POINT('',#7134);
#2561=VERTEX_POINT('',#7135);
#2562=VERTEX_POINT('',#7137);
#2563=VERTEX_POINT('',#7139);
#2564=VERTEX_POINT('',#7143);
#2565=VERTEX_POINT('',#7145);
#2566=VERTEX_POINT('',#7149);
#2567=VERTEX_POINT('',#7150);
#2568=VERTEX_POINT('',#7152);
#2569=VERTEX_POINT('',#7154);
#2570=VERTEX_POINT('',#7158);
#2571=VERTEX_POINT('',#7159);
#2572=VERTEX_POINT('',#7161);
#2573=VERTEX_POINT('',#7163);
#2574=VERTEX_POINT('',#7167);
#2575=VERTEX_POINT('',#7168);
#2576=VERTEX_POINT('',#7170);
#2577=VERTEX_POINT('',#7172);
#2578=VERTEX_POINT('',#7176);
#2579=VERTEX_POINT('',#7177);
#2580=VERTEX_POINT('',#7179);
#2581=VERTEX_POINT('',#7181);
#2582=VERTEX_POINT('',#7185);
#2583=VERTEX_POINT('',#7187);
#2584=VERTEX_POINT('',#7191);
#2585=VERTEX_POINT('',#7192);
#2586=VERTEX_POINT('',#7194);
#2587=VERTEX_POINT('',#7196);
#2588=VERTEX_POINT('',#7200);
#2589=VERTEX_POINT('',#7202);
#2590=VERTEX_POINT('',#7205);
#2591=VERTEX_POINT('',#7207);
#2592=VERTEX_POINT('',#7210);
#2593=VERTEX_POINT('',#7212);
#2594=VERTEX_POINT('',#7215);
#2595=VERTEX_POINT('',#7217);
#2596=VERTEX_POINT('',#7220);
#2597=VERTEX_POINT('',#7222);
#2598=VERTEX_POINT('',#7225);
#2599=VERTEX_POINT('',#7227);
#2600=VERTEX_POINT('',#7230);
#2601=VERTEX_POINT('',#7231);
#2602=VERTEX_POINT('',#7233);
#2603=VERTEX_POINT('',#7235);
#2604=VERTEX_POINT('',#7237);
#2605=VERTEX_POINT('',#7239);
#2606=VERTEX_POINT('',#7241);
#2607=VERTEX_POINT('',#7243);
#2608=VERTEX_POINT('',#7245);
#2609=VERTEX_POINT('',#7247);
#2610=VERTEX_POINT('',#7249);
#2611=VERTEX_POINT('',#7251);
#2612=VERTEX_POINT('',#7253);
#2613=VERTEX_POINT('',#7255);
#2614=VERTEX_POINT('',#7257);
#2615=VERTEX_POINT('',#7259);
#2616=VERTEX_POINT('',#7261);
#2617=VERTEX_POINT('',#7263);
#2618=VERTEX_POINT('',#7265);
#2619=VERTEX_POINT('',#7267);
#2620=VERTEX_POINT('',#7269);
#2621=VERTEX_POINT('',#7271);
#2622=VERTEX_POINT('',#7273);
#2623=VERTEX_POINT('',#7275);
#2624=VERTEX_POINT('',#7278);
#2625=VERTEX_POINT('',#7280);
#2626=VERTEX_POINT('',#7284);
#2627=VERTEX_POINT('',#7288);
#2628=VERTEX_POINT('',#7290);
#2629=VERTEX_POINT('',#7300);
#2630=VERTEX_POINT('',#7302);
#2631=VERTEX_POINT('',#7304);
#2632=VERTEX_POINT('',#7306);
#2633=VERTEX_POINT('',#7308);
#2634=VERTEX_POINT('',#7310);
#2635=VERTEX_POINT('',#7312);
#2636=VERTEX_POINT('',#7314);
#2637=VERTEX_POINT('',#7323);
#2638=VERTEX_POINT('',#7325);
#2639=VERTEX_POINT('',#7329);
#2640=VERTEX_POINT('',#7333);
#2641=VERTEX_POINT('',#7334);
#2642=VERTEX_POINT('',#7336);
#2643=VERTEX_POINT('',#7338);
#2644=VERTEX_POINT('',#7340);
#2645=VERTEX_POINT('',#7342);
#2646=VERTEX_POINT('',#7344);
#2647=VERTEX_POINT('',#7346);
#2648=VERTEX_POINT('',#7348);
#2649=VERTEX_POINT('',#7350);
#2650=VERTEX_POINT('',#7352);
#2651=VERTEX_POINT('',#7354);
#2652=VERTEX_POINT('',#7356);
#2653=VERTEX_POINT('',#7358);
#2654=VERTEX_POINT('',#7360);
#2655=VERTEX_POINT('',#7362);
#2656=VERTEX_POINT('',#7364);
#2657=VERTEX_POINT('',#7366);
#2658=VERTEX_POINT('',#7368);
#2659=VERTEX_POINT('',#7372);
#2660=VERTEX_POINT('',#7373);
#2661=VERTEX_POINT('',#7378);
#2662=VERTEX_POINT('',#7382);
#2663=VERTEX_POINT('',#7386);
#2664=VERTEX_POINT('',#7390);
#2665=VERTEX_POINT('',#7394);
#2666=VERTEX_POINT('',#7398);
#2667=VERTEX_POINT('',#7402);
#2668=VERTEX_POINT('',#7406);
#2669=VERTEX_POINT('',#7410);
#2670=VERTEX_POINT('',#7414);
#2671=VERTEX_POINT('',#7418);
#2672=VERTEX_POINT('',#7422);
#2673=VERTEX_POINT('',#7426);
#2674=VERTEX_POINT('',#7430);
#2675=VERTEX_POINT('',#7434);
#2676=VERTEX_POINT('',#7438);
#2677=VERTEX_POINT('',#7442);
#2678=VERTEX_POINT('',#7446);
#2679=VERTEX_POINT('',#7448);
#2680=VERTEX_POINT('',#7452);
#2681=VERTEX_POINT('',#7456);
#2682=VERTEX_POINT('',#7460);
#2683=VERTEX_POINT('',#7464);
#2684=VERTEX_POINT('',#7468);
#2685=VERTEX_POINT('',#7472);
#2686=VERTEX_POINT('',#7476);
#2687=VERTEX_POINT('',#7480);
#2688=VERTEX_POINT('',#7484);
#2689=VERTEX_POINT('',#7488);
#2690=VERTEX_POINT('',#7492);
#2691=VERTEX_POINT('',#7496);
#2692=VERTEX_POINT('',#7500);
#2693=VERTEX_POINT('',#7504);
#2694=VERTEX_POINT('',#7505);
#2695=VERTEX_POINT('',#7510);
#2696=VERTEX_POINT('',#7514);
#2697=VERTEX_POINT('',#7518);
#2698=VERTEX_POINT('',#7519);
#2699=VERTEX_POINT('',#7524);
#2700=VERTEX_POINT('',#7528);
#2701=VERTEX_POINT('',#7532);
#2702=VERTEX_POINT('',#7542);
#2703=VERTEX_POINT('',#7544);
#2704=VERTEX_POINT('',#7546);
#2705=VERTEX_POINT('',#7548);
#2706=LINE('',#6280,#3097);
#2707=LINE('',#6283,#3098);
#2708=LINE('',#6285,#3099);
#2709=LINE('',#6287,#3100);
#2710=LINE('',#6289,#3101);
#2711=LINE('',#6292,#3102);
#2712=LINE('',#6294,#3103);
#2713=LINE('',#6296,#3104);
#2714=LINE('',#6298,#3105);
#2715=LINE('',#6301,#3106);
#2716=LINE('',#6303,#3107);
#2717=LINE('',#6305,#3108);
#2718=LINE('',#6307,#3109);
#2719=LINE('',#6310,#3110);
#2720=LINE('',#6312,#3111);
#2721=LINE('',#6314,#3112);
#2722=LINE('',#6318,#3113);
#2723=LINE('',#6322,#3114);
#2724=LINE('',#6324,#3115);
#2725=LINE('',#6326,#3116);
#2726=LINE('',#6328,#3117);
#2727=LINE('',#6331,#3118);
#2728=LINE('',#6333,#3119);
#2729=LINE('',#6335,#3120);
#2730=LINE('',#6339,#3121);
#2731=LINE('',#6343,#3122);
#2732=LINE('',#6345,#3123);
#2733=LINE('',#6347,#3124);
#2734=LINE('',#6349,#3125);
#2735=LINE('',#6352,#3126);
#2736=LINE('',#6354,#3127);
#2737=LINE('',#6356,#3128);
#2738=LINE('',#6358,#3129);
#2739=LINE('',#6361,#3130);
#2740=LINE('',#6363,#3131);
#2741=LINE('',#6365,#3132);
#2742=LINE('',#6367,#3133);
#2743=LINE('',#6370,#3134);
#2744=LINE('',#6372,#3135);
#2745=LINE('',#6374,#3136);
#2746=LINE('',#6376,#3137);
#2747=LINE('',#6379,#3138);
#2748=LINE('',#6381,#3139);
#2749=LINE('',#6383,#3140);
#2750=LINE('',#6385,#3141);
#2751=LINE('',#6388,#3142);
#2752=LINE('',#6390,#3143);
#2753=LINE('',#6392,#3144);
#2754=LINE('',#6397,#3145);
#2755=LINE('',#6401,#3146);
#2756=LINE('',#6403,#3147);
#2757=LINE('',#6405,#3148);
#2758=LINE('',#6407,#3149);
#2759=LINE('',#6409,#3150);
#2760=LINE('',#6411,#3151);
#2761=LINE('',#6413,#3152);
#2762=LINE('',#6415,#3153);
#2763=LINE('',#6418,#3154);
#2764=LINE('',#6420,#3155);
#2765=LINE('',#6422,#3156);
#2766=LINE('',#6424,#3157);
#2767=LINE('',#6427,#3158);
#2768=LINE('',#6429,#3159);
#2769=LINE('',#6431,#3160);
#2770=LINE('',#6433,#3161);
#2771=LINE('',#6436,#3162);
#2772=LINE('',#6438,#3163);
#2773=LINE('',#6440,#3164);
#2774=LINE('',#6457,#3165);
#2775=LINE('',#6459,#3166);
#2776=LINE('',#6461,#3167);
#2777=LINE('',#6502,#3168);
#2778=LINE('',#6505,#3169);
#2779=LINE('',#6509,#3170);
#2780=LINE('',#6511,#3171);
#2781=LINE('',#6515,#3172);
#2782=LINE('',#6519,#3173);
#2783=LINE('',#6523,#3174);
#2784=LINE('',#6527,#3175);
#2785=LINE('',#6531,#3176);
#2786=LINE('',#6533,#3177);
#2787=LINE('',#6537,#3178);
#2788=LINE('',#6544,#3179);
#2789=LINE('',#6548,#3180);
#2790=LINE('',#6552,#3181);
#2791=LINE('',#6556,#3182);
#2792=LINE('',#6560,#3183);
#2793=LINE('',#6564,#3184);
#2794=LINE('',#6568,#3185);
#2795=LINE('',#6572,#3186);
#2796=LINE('',#6576,#3187);
#2797=LINE('',#6580,#3188);
#2798=LINE('',#6584,#3189);
#2799=LINE('',#6610,#3190);
#2800=LINE('',#6612,#3191);
#2801=LINE('',#6614,#3192);
#2802=LINE('',#6616,#3193);
#2803=LINE('',#6620,#3194);
#2804=LINE('',#6622,#3195);
#2805=LINE('',#6624,#3196);
#2806=LINE('',#6626,#3197);
#2807=LINE('',#6628,#3198);
#2808=LINE('',#6630,#3199);
#2809=LINE('',#6634,#3200);
#2810=LINE('',#6636,#3201);
#2811=LINE('',#6638,#3202);
#2812=LINE('',#6640,#3203);
#2813=LINE('',#6642,#3204);
#2814=LINE('',#6644,#3205);
#2815=LINE('',#6648,#3206);
#2816=LINE('',#6650,#3207);
#2817=LINE('',#6652,#3208);
#2818=LINE('',#6654,#3209);
#2819=LINE('',#6656,#3210);
#2820=LINE('',#6664,#3211);
#2821=LINE('',#6666,#3212);
#2822=LINE('',#6668,#3213);
#2823=LINE('',#6674,#3214);
#2824=LINE('',#6676,#3215);
#2825=LINE('',#6678,#3216);
#2826=LINE('',#6682,#3217);
#2827=LINE('',#6684,#3218);
#2828=LINE('',#6686,#3219);
#2829=LINE('',#6690,#3220);
#2830=LINE('',#6692,#3221);
#2831=LINE('',#6694,#3222);
#2832=LINE('',#6696,#3223);
#2833=LINE('',#6699,#3224);
#2834=LINE('',#6700,#3225);
#2835=LINE('',#6702,#3226);
#2836=LINE('',#6704,#3227);
#2837=LINE('',#6708,#3228);
#2838=LINE('',#6710,#3229);
#2839=LINE('',#6712,#3230);
#2840=LINE('',#6714,#3231);
#2841=LINE('',#6716,#3232);
#2842=LINE('',#6720,#3233);
#2843=LINE('',#6722,#3234);
#2844=LINE('',#6724,#3235);
#2845=LINE('',#6728,#3236);
#2846=LINE('',#6730,#3237);
#2847=LINE('',#6732,#3238);
#2848=LINE('',#6736,#3239);
#2849=LINE('',#6738,#3240);
#2850=LINE('',#6740,#3241);
#2851=LINE('',#6744,#3242);
#2852=LINE('',#6746,#3243);
#2853=LINE('',#6748,#3244);
#2854=LINE('',#6752,#3245);
#2855=LINE('',#6754,#3246);
#2856=LINE('',#6756,#3247);
#2857=LINE('',#6758,#3248);
#2858=LINE('',#6760,#3249);
#2859=LINE('',#6764,#3250);
#2860=LINE('',#6766,#3251);
#2861=LINE('',#6768,#3252);
#2862=LINE('',#6777,#3253);
#2863=LINE('',#6779,#3254);
#2864=LINE('',#6785,#3255);
#2865=LINE('',#6787,#3256);
#2866=LINE('',#6788,#3257);
#2867=LINE('',#6800,#3258);
#2868=LINE('',#6803,#3259);
#2869=LINE('',#6805,#3260);
#2870=LINE('',#6807,#3261);
#2871=LINE('',#6809,#3262);
#2872=LINE('',#6811,#3263);
#2873=LINE('',#6813,#3264);
#2874=LINE('',#6817,#3265);
#2875=LINE('',#6821,#3266);
#2876=LINE('',#6823,#3267);
#2877=LINE('',#6825,#3268);
#2878=LINE('',#6827,#3269);
#2879=LINE('',#6829,#3270);
#2880=LINE('',#6831,#3271);
#2881=LINE('',#6835,#3272);
#2882=LINE('',#6839,#3273);
#2883=LINE('',#6841,#3274);
#2884=LINE('',#6843,#3275);
#2885=LINE('',#6847,#3276);
#2886=LINE('',#6851,#3277);
#2887=LINE('',#6853,#3278);
#2888=LINE('',#6855,#3279);
#2889=LINE('',#6859,#3280);
#2890=LINE('',#6863,#3281);
#2891=LINE('',#6865,#3282);
#2892=LINE('',#6867,#3283);
#2893=LINE('',#6871,#3284);
#2894=LINE('',#6875,#3285);
#2895=LINE('',#6877,#3286);
#2896=LINE('',#6879,#3287);
#2897=LINE('',#6883,#3288);
#2898=LINE('',#6887,#3289);
#2899=LINE('',#6889,#3290);
#2900=LINE('',#6891,#3291);
#2901=LINE('',#6893,#3292);
#2902=LINE('',#6895,#3293);
#2903=LINE('',#6897,#3294);
#2904=LINE('',#6901,#3295);
#2905=LINE('',#6905,#3296);
#2906=LINE('',#6907,#3297);
#2907=LINE('',#6909,#3298);
#2908=LINE('',#6917,#3299);
#2909=LINE('',#6920,#3300);
#2910=LINE('',#6922,#3301);
#2911=LINE('',#6924,#3302);
#2912=LINE('',#6928,#3303);
#2913=LINE('',#6932,#3304);
#2914=LINE('',#6934,#3305);
#2915=LINE('',#6936,#3306);
#2916=LINE('',#6938,#3307);
#2917=LINE('',#6940,#3308);
#2918=LINE('',#6942,#3309);
#2919=LINE('',#6946,#3310);
#2920=LINE('',#6950,#3311);
#2921=LINE('',#6952,#3312);
#2922=LINE('',#6954,#3313);
#2923=LINE('',#6958,#3314);
#2924=LINE('',#6962,#3315);
#2925=LINE('',#6964,#3316);
#2926=LINE('',#6966,#3317);
#2927=LINE('',#6970,#3318);
#2928=LINE('',#6974,#3319);
#2929=LINE('',#6976,#3320);
#2930=LINE('',#6978,#3321);
#2931=LINE('',#6982,#3322);
#2932=LINE('',#6986,#3323);
#2933=LINE('',#6988,#3324);
#2934=LINE('',#6990,#3325);
#2935=LINE('',#6994,#3326);
#2936=LINE('',#6998,#3327);
#2937=LINE('',#7000,#3328);
#2938=LINE('',#7002,#3329);
#2939=LINE('',#7004,#3330);
#2940=LINE('',#7006,#3331);
#2941=LINE('',#7008,#3332);
#2942=LINE('',#7012,#3333);
#2943=LINE('',#7016,#3334);
#2944=LINE('',#7018,#3335);
#2945=LINE('',#7020,#3336);
#2946=LINE('',#7024,#3337);
#2947=LINE('',#7028,#3338);
#2948=LINE('',#7029,#3339);
#2949=LINE('',#7064,#3340);
#2950=LINE('',#7067,#3341);
#2951=LINE('',#7069,#3342);
#2952=LINE('',#7071,#3343);
#2953=LINE('',#7073,#3344);
#2954=LINE('',#7076,#3345);
#2955=LINE('',#7078,#3346);
#2956=LINE('',#7080,#3347);
#2957=LINE('',#7082,#3348);
#2958=LINE('',#7085,#3349);
#2959=LINE('',#7087,#3350);
#2960=LINE('',#7089,#3351);
#2961=LINE('',#7091,#3352);
#2962=LINE('',#7094,#3353);
#2963=LINE('',#7096,#3354);
#2964=LINE('',#7098,#3355);
#2965=LINE('',#7102,#3356);
#2966=LINE('',#7106,#3357);
#2967=LINE('',#7108,#3358);
#2968=LINE('',#7110,#3359);
#2969=LINE('',#7112,#3360);
#2970=LINE('',#7115,#3361);
#2971=LINE('',#7117,#3362);
#2972=LINE('',#7119,#3363);
#2973=LINE('',#7123,#3364);
#2974=LINE('',#7127,#3365);
#2975=LINE('',#7129,#3366);
#2976=LINE('',#7131,#3367);
#2977=LINE('',#7133,#3368);
#2978=LINE('',#7136,#3369);
#2979=LINE('',#7138,#3370);
#2980=LINE('',#7140,#3371);
#2981=LINE('',#7142,#3372);
#2982=LINE('',#7144,#3373);
#2983=LINE('',#7146,#3374);
#2984=LINE('',#7148,#3375);
#2985=LINE('',#7151,#3376);
#2986=LINE('',#7153,#3377);
#2987=LINE('',#7155,#3378);
#2988=LINE('',#7157,#3379);
#2989=LINE('',#7160,#3380);
#2990=LINE('',#7162,#3381);
#2991=LINE('',#7164,#3382);
#2992=LINE('',#7166,#3383);
#2993=LINE('',#7169,#3384);
#2994=LINE('',#7171,#3385);
#2995=LINE('',#7173,#3386);
#2996=LINE('',#7178,#3387);
#2997=LINE('',#7182,#3388);
#2998=LINE('',#7184,#3389);
#2999=LINE('',#7186,#3390);
#3000=LINE('',#7188,#3391);
#3001=LINE('',#7190,#3392);
#3002=LINE('',#7193,#3393);
#3003=LINE('',#7195,#3394);
#3004=LINE('',#7197,#3395);
#3005=LINE('',#7232,#3396);
#3006=LINE('',#7236,#3397);
#3007=LINE('',#7242,#3398);
#3008=LINE('',#7246,#3399);
#3009=LINE('',#7250,#3400);
#3010=LINE('',#7254,#3401);
#3011=LINE('',#7258,#3402);
#3012=LINE('',#7262,#3403);
#3013=LINE('',#7266,#3404);
#3014=LINE('',#7270,#3405);
#3015=LINE('',#7274,#3406);
#3016=LINE('',#7332,#3407);
#3017=LINE('',#7335,#3408);
#3018=LINE('',#7339,#3409);
#3019=LINE('',#7343,#3410);
#3020=LINE('',#7345,#3411);
#3021=LINE('',#7349,#3412);
#3022=LINE('',#7353,#3413);
#3023=LINE('',#7357,#3414);
#3024=LINE('',#7361,#3415);
#3025=LINE('',#7365,#3416);
#3026=LINE('',#7367,#3417);
#3027=LINE('',#7371,#3418);
#3028=LINE('',#7374,#3419);
#3029=LINE('',#7375,#3420);
#3030=LINE('',#7379,#3421);
#3031=LINE('',#7381,#3422);
#3032=LINE('',#7383,#3423);
#3033=LINE('',#7385,#3424);
#3034=LINE('',#7387,#3425);
#3035=LINE('',#7391,#3426);
#3036=LINE('',#7393,#3427);
#3037=LINE('',#7395,#3428);
#3038=LINE('',#7399,#3429);
#3039=LINE('',#7401,#3430);
#3040=LINE('',#7403,#3431);
#3041=LINE('',#7407,#3432);
#3042=LINE('',#7409,#3433);
#3043=LINE('',#7411,#3434);
#3044=LINE('',#7415,#3435);
#3045=LINE('',#7417,#3436);
#3046=LINE('',#7419,#3437);
#3047=LINE('',#7423,#3438);
#3048=LINE('',#7425,#3439);
#3049=LINE('',#7427,#3440);
#3050=LINE('',#7429,#3441);
#3051=LINE('',#7431,#3442);
#3052=LINE('',#7435,#3443);
#3053=LINE('',#7437,#3444);
#3054=LINE('',#7439,#3445);
#3055=LINE('',#7443,#3446);
#3056=LINE('',#7445,#3447);
#3057=LINE('',#7447,#3448);
#3058=LINE('',#7449,#3449);
#3059=LINE('',#7451,#3450);
#3060=LINE('',#7455,#3451);
#3061=LINE('',#7457,#3452);
#3062=LINE('',#7459,#3453);
#3063=LINE('',#7463,#3454);
#3064=LINE('',#7465,#3455);
#3065=LINE('',#7467,#3456);
#3066=LINE('',#7471,#3457);
#3067=LINE('',#7473,#3458);
#3068=LINE('',#7475,#3459);
#3069=LINE('',#7479,#3460);
#3070=LINE('',#7481,#3461);
#3071=LINE('',#7483,#3462);
#3072=LINE('',#7487,#3463);
#3073=LINE('',#7489,#3464);
#3074=LINE('',#7491,#3465);
#3075=LINE('',#7495,#3466);
#3076=LINE('',#7497,#3467);
#3077=LINE('',#7499,#3468);
#3078=LINE('',#7503,#3469);
#3079=LINE('',#7506,#3470);
#3080=LINE('',#7507,#3471);
#3081=LINE('',#7509,#3472);
#3082=LINE('',#7513,#3473);
#3083=LINE('',#7515,#3474);
#3084=LINE('',#7520,#3475);
#3085=LINE('',#7521,#3476);
#3086=LINE('',#7523,#3477);
#3087=LINE('',#7525,#3478);
#3088=LINE('',#7527,#3479);
#3089=LINE('',#7531,#3480);
#3090=LINE('',#7533,#3481);
#3091=LINE('',#7537,#3482);
#3092=LINE('',#7556,#3483);
#3093=LINE('',#7559,#3484);
#3094=LINE('',#7562,#3485);
#3095=LINE('',#7564,#3486);
#3096=LINE('',#7567,#3487);
#3097=VECTOR('',#4949,1.);
#3098=VECTOR('',#4950,1.);
#3099=VECTOR('',#4951,1.);
#3100=VECTOR('',#4952,1.);
#3101=VECTOR('',#4955,1.);
#3102=VECTOR('',#4956,1.);
#3103=VECTOR('',#4957,1.);
#3104=VECTOR('',#4958,1.);
#3105=VECTOR('',#4961,1.);
#3106=VECTOR('',#4962,1.);
#3107=VECTOR('',#4963,1.);
#3108=VECTOR('',#4964,1.);
#3109=VECTOR('',#4967,1.);
#3110=VECTOR('',#4968,1.);
#3111=VECTOR('',#4969,1.);
#3112=VECTOR('',#4970,1.);
#3113=VECTOR('',#4975,1.);
#3114=VECTOR('',#4980,1.);
#3115=VECTOR('',#4981,1.);
#3116=VECTOR('',#4982,1.);
#3117=VECTOR('',#4985,1.);
#3118=VECTOR('',#4986,1.);
#3119=VECTOR('',#4987,1.);
#3120=VECTOR('',#4988,1.);
#3121=VECTOR('',#4993,1.);
#3122=VECTOR('',#4998,1.);
#3123=VECTOR('',#4999,1.);
#3124=VECTOR('',#5000,1.);
#3125=VECTOR('',#5003,1.);
#3126=VECTOR('',#5004,1.);
#3127=VECTOR('',#5005,1.);
#3128=VECTOR('',#5006,1.);
#3129=VECTOR('',#5009,1.);
#3130=VECTOR('',#5010,1.);
#3131=VECTOR('',#5011,1.);
#3132=VECTOR('',#5012,1.);
#3133=VECTOR('',#5015,1.);
#3134=VECTOR('',#5016,1.);
#3135=VECTOR('',#5017,1.);
#3136=VECTOR('',#5018,1.);
#3137=VECTOR('',#5021,1.);
#3138=VECTOR('',#5022,1.);
#3139=VECTOR('',#5023,1.);
#3140=VECTOR('',#5024,1.);
#3141=VECTOR('',#5027,1.);
#3142=VECTOR('',#5028,1.);
#3143=VECTOR('',#5029,1.);
#3144=VECTOR('',#5030,1.);
#3145=VECTOR('',#5035,1.);
#3146=VECTOR('',#5038,1.);
#3147=VECTOR('',#5041,1.);
#3148=VECTOR('',#5042,1.);
#3149=VECTOR('',#5043,1.);
#3150=VECTOR('',#5046,1.);
#3151=VECTOR('',#5047,1.);
#3152=VECTOR('',#5048,1.);
#3153=VECTOR('',#5051,1.);
#3154=VECTOR('',#5052,1.);
#3155=VECTOR('',#5053,1.);
#3156=VECTOR('',#5054,1.);
#3157=VECTOR('',#5057,1.);
#3158=VECTOR('',#5058,1.);
#3159=VECTOR('',#5059,1.);
#3160=VECTOR('',#5060,1.);
#3161=VECTOR('',#5063,1.);
#3162=VECTOR('',#5064,1.);
#3163=VECTOR('',#5065,1.);
#3164=VECTOR('',#5066,1.);
#3165=VECTOR('',#5087,1.);
#3166=VECTOR('',#5088,1.);
#3167=VECTOR('',#5089,1.);
#3168=VECTOR('',#5148,1.);
#3169=VECTOR('',#5149,1.);
#3170=VECTOR('',#5152,1.);
#3171=VECTOR('',#5153,1.);
#3172=VECTOR('',#5156,1.);
#3173=VECTOR('',#5159,1.);
#3174=VECTOR('',#5162,1.);
#3175=VECTOR('',#5165,1.);
#3176=VECTOR('',#5168,1.);
#3177=VECTOR('',#5169,1.);
#3178=VECTOR('',#5172,1.);
#3179=VECTOR('',#5179,1.);
#3180=VECTOR('',#5182,1.);
#3181=VECTOR('',#5185,1.);
#3182=VECTOR('',#5188,1.);
#3183=VECTOR('',#5191,1.);
#3184=VECTOR('',#5194,1.);
#3185=VECTOR('',#5197,1.);
#3186=VECTOR('',#5200,1.);
#3187=VECTOR('',#5203,1.);
#3188=VECTOR('',#5206,1.);
#3189=VECTOR('',#5209,1.);
#3190=VECTOR('',#5250,1.);
#3191=VECTOR('',#5251,1.);
#3192=VECTOR('',#5252,1.);
#3193=VECTOR('',#5255,1.);
#3194=VECTOR('',#5260,1.);
#3195=VECTOR('',#5261,1.);
#3196=VECTOR('',#5264,1.);
#3197=VECTOR('',#5265,1.);
#3198=VECTOR('',#5266,1.);
#3199=VECTOR('',#5269,1.);
#3200=VECTOR('',#5274,1.);
#3201=VECTOR('',#5275,1.);
#3202=VECTOR('',#5278,1.);
#3203=VECTOR('',#5279,1.);
#3204=VECTOR('',#5280,1.);
#3205=VECTOR('',#5283,1.);
#3206=VECTOR('',#5288,1.);
#3207=VECTOR('',#5289,1.);
#3208=VECTOR('',#5292,1.);
#3209=VECTOR('',#5293,1.);
#3210=VECTOR('',#5294,1.);
#3211=VECTOR('',#5307,1.);
#3212=VECTOR('',#5310,1.);
#3213=VECTOR('',#5311,1.);
#3214=VECTOR('',#5320,1.);
#3215=VECTOR('',#5323,1.);
#3216=VECTOR('',#5324,1.);
#3217=VECTOR('',#5329,1.);
#3218=VECTOR('',#5332,1.);
#3219=VECTOR('',#5333,1.);
#3220=VECTOR('',#5338,1.);
#3221=VECTOR('',#5341,1.);
#3222=VECTOR('',#5342,1.);
#3223=VECTOR('',#5345,1.);
#3224=VECTOR('',#5346,1.);
#3225=VECTOR('',#5347,1.);
#3226=VECTOR('',#5350,1.);
#3227=VECTOR('',#5351,1.);
#3228=VECTOR('',#5356,1.);
#3229=VECTOR('',#5359,1.);
#3230=VECTOR('',#5360,1.);
#3231=VECTOR('',#5363,1.);
#3232=VECTOR('',#5364,1.);
#3233=VECTOR('',#5369,1.);
#3234=VECTOR('',#5372,1.);
#3235=VECTOR('',#5373,1.);
#3236=VECTOR('',#5378,1.);
#3237=VECTOR('',#5381,1.);
#3238=VECTOR('',#5382,1.);
#3239=VECTOR('',#5387,1.);
#3240=VECTOR('',#5390,1.);
#3241=VECTOR('',#5391,1.);
#3242=VECTOR('',#5396,1.);
#3243=VECTOR('',#5399,1.);
#3244=VECTOR('',#5400,1.);
#3245=VECTOR('',#5405,1.);
#3246=VECTOR('',#5408,1.);
#3247=VECTOR('',#5409,1.);
#3248=VECTOR('',#5412,1.);
#3249=VECTOR('',#5413,1.);
#3250=VECTOR('',#5418,1.);
#3251=VECTOR('',#5421,1.);
#3252=VECTOR('',#5422,1.);
#3253=VECTOR('',#5439,1.);
#3254=VECTOR('',#5442,1.);
#3255=VECTOR('',#5453,1.);
#3256=VECTOR('',#5456,1.);
#3257=VECTOR('',#5457,1.);
#3258=VECTOR('',#5480,1.);
#3259=VECTOR('',#5481,1.);
#3260=VECTOR('',#5482,1.);
#3261=VECTOR('',#5483,1.);
#3262=VECTOR('',#5486,1.);
#3263=VECTOR('',#5487,1.);
#3264=VECTOR('',#5488,1.);
#3265=VECTOR('',#5493,1.);
#3266=VECTOR('',#5498,1.);
#3267=VECTOR('',#5499,1.);
#3268=VECTOR('',#5500,1.);
#3269=VECTOR('',#5503,1.);
#3270=VECTOR('',#5504,1.);
#3271=VECTOR('',#5505,1.);
#3272=VECTOR('',#5510,1.);
#3273=VECTOR('',#5515,1.);
#3274=VECTOR('',#5516,1.);
#3275=VECTOR('',#5517,1.);
#3276=VECTOR('',#5522,1.);
#3277=VECTOR('',#5527,1.);
#3278=VECTOR('',#5528,1.);
#3279=VECTOR('',#5529,1.);
#3280=VECTOR('',#5534,1.);
#3281=VECTOR('',#5539,1.);
#3282=VECTOR('',#5540,1.);
#3283=VECTOR('',#5541,1.);
#3284=VECTOR('',#5546,1.);
#3285=VECTOR('',#5551,1.);
#3286=VECTOR('',#5552,1.);
#3287=VECTOR('',#5553,1.);
#3288=VECTOR('',#5558,1.);
#3289=VECTOR('',#5563,1.);
#3290=VECTOR('',#5564,1.);
#3291=VECTOR('',#5565,1.);
#3292=VECTOR('',#5568,1.);
#3293=VECTOR('',#5569,1.);
#3294=VECTOR('',#5570,1.);
#3295=VECTOR('',#5575,1.);
#3296=VECTOR('',#5580,1.);
#3297=VECTOR('',#5581,1.);
#3298=VECTOR('',#5582,1.);
#3299=VECTOR('',#5597,1.);
#3300=VECTOR('',#5598,1.);
#3301=VECTOR('',#5599,1.);
#3302=VECTOR('',#5600,1.);
#3303=VECTOR('',#5605,1.);
#3304=VECTOR('',#5610,1.);
#3305=VECTOR('',#5611,1.);
#3306=VECTOR('',#5612,1.);
#3307=VECTOR('',#5615,1.);
#3308=VECTOR('',#5616,1.);
#3309=VECTOR('',#5617,1.);
#3310=VECTOR('',#5622,1.);
#3311=VECTOR('',#5627,1.);
#3312=VECTOR('',#5628,1.);
#3313=VECTOR('',#5629,1.);
#3314=VECTOR('',#5634,1.);
#3315=VECTOR('',#5639,1.);
#3316=VECTOR('',#5640,1.);
#3317=VECTOR('',#5641,1.);
#3318=VECTOR('',#5646,1.);
#3319=VECTOR('',#5651,1.);
#3320=VECTOR('',#5652,1.);
#3321=VECTOR('',#5653,1.);
#3322=VECTOR('',#5658,1.);
#3323=VECTOR('',#5663,1.);
#3324=VECTOR('',#5664,1.);
#3325=VECTOR('',#5665,1.);
#3326=VECTOR('',#5670,1.);
#3327=VECTOR('',#5675,1.);
#3328=VECTOR('',#5676,1.);
#3329=VECTOR('',#5677,1.);
#3330=VECTOR('',#5680,1.);
#3331=VECTOR('',#5681,1.);
#3332=VECTOR('',#5682,1.);
#3333=VECTOR('',#5687,1.);
#3334=VECTOR('',#5692,1.);
#3335=VECTOR('',#5693,1.);
#3336=VECTOR('',#5694,1.);
#3337=VECTOR('',#5699,1.);
#3338=VECTOR('',#5704,1.);
#3339=VECTOR('',#5705,1.);
#3340=VECTOR('',#5750,1.);
#3341=VECTOR('',#5751,1.);
#3342=VECTOR('',#5752,1.);
#3343=VECTOR('',#5753,1.);
#3344=VECTOR('',#5756,1.);
#3345=VECTOR('',#5757,1.);
#3346=VECTOR('',#5758,1.);
#3347=VECTOR('',#5759,1.);
#3348=VECTOR('',#5762,1.);
#3349=VECTOR('',#5763,1.);
#3350=VECTOR('',#5764,1.);
#3351=VECTOR('',#5765,1.);
#3352=VECTOR('',#5768,1.);
#3353=VECTOR('',#5769,1.);
#3354=VECTOR('',#5770,1.);
#3355=VECTOR('',#5771,1.);
#3356=VECTOR('',#5776,1.);
#3357=VECTOR('',#5781,1.);
#3358=VECTOR('',#5782,1.);
#3359=VECTOR('',#5783,1.);
#3360=VECTOR('',#5786,1.);
#3361=VECTOR('',#5787,1.);
#3362=VECTOR('',#5788,1.);
#3363=VECTOR('',#5789,1.);
#3364=VECTOR('',#5794,1.);
#3365=VECTOR('',#5799,1.);
#3366=VECTOR('',#5800,1.);
#3367=VECTOR('',#5801,1.);
#3368=VECTOR('',#5804,1.);
#3369=VECTOR('',#5805,1.);
#3370=VECTOR('',#5806,1.);
#3371=VECTOR('',#5807,1.);
#3372=VECTOR('',#5810,1.);
#3373=VECTOR('',#5811,1.);
#3374=VECTOR('',#5812,1.);
#3375=VECTOR('',#5815,1.);
#3376=VECTOR('',#5816,1.);
#3377=VECTOR('',#5817,1.);
#3378=VECTOR('',#5818,1.);
#3379=VECTOR('',#5821,1.);
#3380=VECTOR('',#5822,1.);
#3381=VECTOR('',#5823,1.);
#3382=VECTOR('',#5824,1.);
#3383=VECTOR('',#5827,1.);
#3384=VECTOR('',#5828,1.);
#3385=VECTOR('',#5829,1.);
#3386=VECTOR('',#5830,1.);
#3387=VECTOR('',#5835,1.);
#3388=VECTOR('',#5838,1.);
#3389=VECTOR('',#5841,1.);
#3390=VECTOR('',#5842,1.);
#3391=VECTOR('',#5843,1.);
#3392=VECTOR('',#5846,1.);
#3393=VECTOR('',#5847,1.);
#3394=VECTOR('',#5848,1.);
#3395=VECTOR('',#5849,1.);
#3396=VECTOR('',#5890,1.);
#3397=VECTOR('',#5893,1.);
#3398=VECTOR('',#5898,1.);
#3399=VECTOR('',#5901,1.);
#3400=VECTOR('',#5904,1.);
#3401=VECTOR('',#5907,1.);
#3402=VECTOR('',#5910,1.);
#3403=VECTOR('',#5913,1.);
#3404=VECTOR('',#5916,1.);
#3405=VECTOR('',#5919,1.);
#3406=VECTOR('',#5922,1.);
#3407=VECTOR('',#6003,1.);
#3408=VECTOR('',#6004,1.);
#3409=VECTOR('',#6007,1.);
#3410=VECTOR('',#6010,1.);
#3411=VECTOR('',#6011,1.);
#3412=VECTOR('',#6014,1.);
#3413=VECTOR('',#6017,1.);
#3414=VECTOR('',#6020,1.);
#3415=VECTOR('',#6023,1.);
#3416=VECTOR('',#6026,1.);
#3417=VECTOR('',#6027,1.);
#3418=VECTOR('',#6032,1.);
#3419=VECTOR('',#6033,1.);
#3420=VECTOR('',#6034,1.);
#3421=VECTOR('',#6039,1.);
#3422=VECTOR('',#6042,1.);
#3423=VECTOR('',#6043,1.);
#3424=VECTOR('',#6046,1.);
#3425=VECTOR('',#6047,1.);
#3426=VECTOR('',#6052,1.);
#3427=VECTOR('',#6055,1.);
#3428=VECTOR('',#6056,1.);
#3429=VECTOR('',#6061,1.);
#3430=VECTOR('',#6064,1.);
#3431=VECTOR('',#6065,1.);
#3432=VECTOR('',#6070,1.);
#3433=VECTOR('',#6073,1.);
#3434=VECTOR('',#6074,1.);
#3435=VECTOR('',#6079,1.);
#3436=VECTOR('',#6082,1.);
#3437=VECTOR('',#6083,1.);
#3438=VECTOR('',#6088,1.);
#3439=VECTOR('',#6091,1.);
#3440=VECTOR('',#6092,1.);
#3441=VECTOR('',#6095,1.);
#3442=VECTOR('',#6096,1.);
#3443=VECTOR('',#6101,1.);
#3444=VECTOR('',#6104,1.);
#3445=VECTOR('',#6105,1.);
#3446=VECTOR('',#6110,1.);
#3447=VECTOR('',#6113,1.);
#3448=VECTOR('',#6114,1.);
#3449=VECTOR('',#6115,1.);
#3450=VECTOR('',#6118,1.);
#3451=VECTOR('',#6123,1.);
#3452=VECTOR('',#6124,1.);
#3453=VECTOR('',#6127,1.);
#3454=VECTOR('',#6132,1.);
#3455=VECTOR('',#6133,1.);
#3456=VECTOR('',#6136,1.);
#3457=VECTOR('',#6141,1.);
#3458=VECTOR('',#6142,1.);
#3459=VECTOR('',#6145,1.);
#3460=VECTOR('',#6150,1.);
#3461=VECTOR('',#6151,1.);
#3462=VECTOR('',#6154,1.);
#3463=VECTOR('',#6159,1.);
#3464=VECTOR('',#6160,1.);
#3465=VECTOR('',#6163,1.);
#3466=VECTOR('',#6168,1.);
#3467=VECTOR('',#6169,1.);
#3468=VECTOR('',#6172,1.);
#3469=VECTOR('',#6177,1.);
#3470=VECTOR('',#6178,1.);
#3471=VECTOR('',#6179,1.);
#3472=VECTOR('',#6182,1.);
#3473=VECTOR('',#6187,1.);
#3474=VECTOR('',#6188,1.);
#3475=VECTOR('',#6193,1.);
#3476=VECTOR('',#6194,1.);
#3477=VECTOR('',#6197,1.);
#3478=VECTOR('',#6198,1.);
#3479=VECTOR('',#6201,1.);
#3480=VECTOR('',#6206,1.);
#3481=VECTOR('',#6207,1.);
#3482=VECTOR('',#6214,1.);
#3483=VECTOR('',#6243,1.);
#3484=VECTOR('',#6248,1.);
#3485=VECTOR('',#6253,1.);
#3486=VECTOR('',#6256,1.);
#3487=VECTOR('',#6261,1.);
#3488=EDGE_LOOP('',(#377,#378,#379,#380));
#3489=EDGE_LOOP('',(#381,#382,#383,#384));
#3490=EDGE_LOOP('',(#385,#386,#387,#388));
#3491=EDGE_LOOP('',(#389,#390,#391,#392));
#3492=EDGE_LOOP('',(#393,#394,#395,#396));
#3493=EDGE_LOOP('',(#397,#398,#399,#400));
#3494=EDGE_LOOP('',(#401,#402,#403,#404));
#3495=EDGE_LOOP('',(#405,#406,#407,#408));
#3496=EDGE_LOOP('',(#409,#410,#411,#412));
#3497=EDGE_LOOP('',(#413,#414,#415,#416));
#3498=EDGE_LOOP('',(#417,#418,#419,#420));
#3499=EDGE_LOOP('',(#421,#422,#423,#424));
#3500=EDGE_LOOP('',(#425,#426,#427,#428));
#3501=EDGE_LOOP('',(#429,#430,#431,#432));
#3502=EDGE_LOOP('',(#433,#434,#435,#436));
#3503=EDGE_LOOP('',(#437,#438,#439,#440));
#3504=EDGE_LOOP('',(#441,#442,#443,#444));
#3505=EDGE_LOOP('',(#445,#446,#447,#448));
#3506=EDGE_LOOP('',(#449,#450,#451,#452));
#3507=EDGE_LOOP('',(#453,#454,#455,#456));
#3508=EDGE_LOOP('',(#457));
#3509=EDGE_LOOP('',(#458));
#3510=EDGE_LOOP('',(#459));
#3511=EDGE_LOOP('',(#460));
#3512=EDGE_LOOP('',(#461));
#3513=EDGE_LOOP('',(#462));
#3514=EDGE_LOOP('',(#463,#464,#465,#466));
#3515=EDGE_LOOP('',(#467));
#3516=EDGE_LOOP('',(#468));
#3517=EDGE_LOOP('',(#469));
#3518=EDGE_LOOP('',(#470));
#3519=EDGE_LOOP('',(#471));
#3520=EDGE_LOOP('',(#472));
#3521=EDGE_LOOP('',(#473));
#3522=EDGE_LOOP('',(#474));
#3523=EDGE_LOOP('',(#475,#476,#477,#478,#479,#480,#481,#482,#483,#484,#485,
#486,#487,#488,#489,#490,#491,#492,#493,#494,#495,#496,#497,#498,#499,#500,
#501,#502,#503,#504,#505,#506,#507,#508,#509,#510,#511,#512,#513,#514));
#3524=EDGE_LOOP('',(#515));
#3525=EDGE_LOOP('',(#516));
#3526=EDGE_LOOP('',(#517));
#3527=EDGE_LOOP('',(#518));
#3528=EDGE_LOOP('',(#519,#520,#521,#522,#523,#524,#525,#526,#527,#528,#529,
#530,#531,#532,#533,#534,#535,#536,#537));
#3529=EDGE_LOOP('',(#538));
#3530=EDGE_LOOP('',(#539));
#3531=EDGE_LOOP('',(#540,#541,#542,#543,#544,#545,#546,#547,#548,#549,#550,
#551,#552,#553,#554,#555,#556,#557,#558,#559,#560,#561));
#3532=EDGE_LOOP('',(#562,#563,#564,#565,#566,#567,#568,#569,#570,#571,#572,
#573,#574,#575,#576,#577,#578,#579,#580,#581,#582,#583,#584,#585,#586,#587,
#588,#589,#590,#591,#592,#593,#594,#595,#596,#597,#598,#599,#600,#601));
#3533=EDGE_LOOP('',(#602));
#3534=EDGE_LOOP('',(#603));
#3535=EDGE_LOOP('',(#604));
#3536=EDGE_LOOP('',(#605));
#3537=EDGE_LOOP('',(#606,#607,#608,#609));
#3538=EDGE_LOOP('',(#610,#611,#612,#613));
#3539=EDGE_LOOP('',(#614,#615,#616,#617));
#3540=EDGE_LOOP('',(#618,#619,#620,#621));
#3541=EDGE_LOOP('',(#622,#623,#624,#625));
#3542=EDGE_LOOP('',(#626,#627,#628,#629));
#3543=EDGE_LOOP('',(#630,#631,#632,#633));
#3544=EDGE_LOOP('',(#634,#635,#636,#637));
#3545=EDGE_LOOP('',(#638,#639,#640,#641));
#3546=EDGE_LOOP('',(#642,#643,#644,#645));
#3547=EDGE_LOOP('',(#646,#647,#648,#649));
#3548=EDGE_LOOP('',(#650,#651,#652,#653));
#3549=EDGE_LOOP('',(#654,#655,#656,#657));
#3550=EDGE_LOOP('',(#658,#659,#660,#661));
#3551=EDGE_LOOP('',(#662,#663,#664,#665));
#3552=EDGE_LOOP('',(#666,#667,#668,#669));
#3553=EDGE_LOOP('',(#670,#671,#672,#673));
#3554=EDGE_LOOP('',(#674,#675,#676,#677));
#3555=EDGE_LOOP('',(#678,#679,#680,#681));
#3556=EDGE_LOOP('',(#682,#683,#684,#685));
#3557=EDGE_LOOP('',(#686,#687,#688,#689));
#3558=EDGE_LOOP('',(#690,#691,#692,#693));
#3559=EDGE_LOOP('',(#694,#695,#696,#697));
#3560=EDGE_LOOP('',(#698,#699,#700,#701));
#3561=EDGE_LOOP('',(#702,#703,#704,#705));
#3562=EDGE_LOOP('',(#706,#707,#708,#709));
#3563=EDGE_LOOP('',(#710,#711,#712,#713));
#3564=EDGE_LOOP('',(#714,#715,#716,#717));
#3565=EDGE_LOOP('',(#718,#719,#720,#721));
#3566=EDGE_LOOP('',(#722,#723,#724,#725));
#3567=EDGE_LOOP('',(#726,#727,#728,#729));
#3568=EDGE_LOOP('',(#730,#731,#732,#733));
#3569=EDGE_LOOP('',(#734,#735,#736,#737));
#3570=EDGE_LOOP('',(#738,#739,#740,#741));
#3571=EDGE_LOOP('',(#742,#743,#744,#745));
#3572=EDGE_LOOP('',(#746,#747,#748,#749));
#3573=EDGE_LOOP('',(#750,#751,#752,#753));
#3574=EDGE_LOOP('',(#754,#755,#756,#757));
#3575=EDGE_LOOP('',(#758,#759,#760,#761));
#3576=EDGE_LOOP('',(#762,#763,#764,#765));
#3577=EDGE_LOOP('',(#766,#767,#768,#769));
#3578=EDGE_LOOP('',(#770,#771,#772,#773,#774,#775,#776,#777,#778,#779,#780,
#781,#782,#783,#784,#785,#786,#787,#788));
#3579=EDGE_LOOP('',(#789,#790,#791,#792,#793,#794,#795,#796,#797,#798,#799,
#800,#801,#802,#803,#804,#805,#806,#807,#808,#809,#810));
#3580=EDGE_LOOP('',(#811,#812,#813,#814));
#3581=EDGE_LOOP('',(#815,#816,#817,#818));
#3582=EDGE_LOOP('',(#819,#820,#821,#822));
#3583=EDGE_LOOP('',(#823,#824,#825,#826));
#3584=EDGE_LOOP('',(#827,#828,#829,#830));
#3585=EDGE_LOOP('',(#831,#832,#833,#834));
#3586=EDGE_LOOP('',(#835,#836,#837,#838));
#3587=EDGE_LOOP('',(#839,#840,#841,#842));
#3588=EDGE_LOOP('',(#843,#844,#845,#846));
#3589=EDGE_LOOP('',(#847,#848,#849,#850));
#3590=EDGE_LOOP('',(#851,#852,#853,#854));
#3591=EDGE_LOOP('',(#855,#856,#857,#858));
#3592=EDGE_LOOP('',(#859,#860,#861,#862));
#3593=EDGE_LOOP('',(#863,#864,#865,#866));
#3594=EDGE_LOOP('',(#867,#868,#869,#870));
#3595=EDGE_LOOP('',(#871,#872,#873,#874));
#3596=EDGE_LOOP('',(#875,#876,#877,#878));
#3597=EDGE_LOOP('',(#879,#880,#881,#882));
#3598=EDGE_LOOP('',(#883,#884,#885,#886));
#3599=EDGE_LOOP('',(#887,#888,#889,#890));
#3600=EDGE_LOOP('',(#891,#892,#893,#894));
#3601=EDGE_LOOP('',(#895,#896,#897,#898));
#3602=EDGE_LOOP('',(#899,#900,#901,#902));
#3603=EDGE_LOOP('',(#903,#904,#905,#906));
#3604=EDGE_LOOP('',(#907,#908,#909,#910));
#3605=EDGE_LOOP('',(#911,#912,#913,#914));
#3606=EDGE_LOOP('',(#915,#916,#917,#918));
#3607=EDGE_LOOP('',(#919,#920,#921,#922));
#3608=EDGE_LOOP('',(#923,#924,#925,#926));
#3609=EDGE_LOOP('',(#927,#928,#929,#930));
#3610=EDGE_LOOP('',(#931,#932,#933,#934));
#3611=EDGE_LOOP('',(#935,#936,#937,#938));
#3612=EDGE_LOOP('',(#939,#940,#941,#942));
#3613=EDGE_LOOP('',(#943,#944,#945,#946));
#3614=EDGE_LOOP('',(#947,#948,#949,#950));
#3615=EDGE_LOOP('',(#951,#952,#953,#954));
#3616=EDGE_LOOP('',(#955,#956,#957,#958));
#3617=EDGE_LOOP('',(#959,#960,#961,#962));
#3618=EDGE_LOOP('',(#963,#964,#965,#966,#967,#968,#969,#970,#971,#972,#973,
#974,#975,#976,#977,#978,#979,#980,#981));
#3619=EDGE_LOOP('',(#982,#983,#984,#985,#986,#987,#988,#989,#990,#991,#992,
#993,#994,#995,#996,#997,#998,#999,#1000));
#3620=EDGE_LOOP('',(#1001,#1002,#1003,#1004));
#3621=EDGE_LOOP('',(#1005,#1006,#1007,#1008));
#3622=EDGE_LOOP('',(#1009,#1010,#1011,#1012));
#3623=EDGE_LOOP('',(#1013,#1014,#1015,#1016));
#3624=EDGE_LOOP('',(#1017,#1018,#1019,#1020));
#3625=EDGE_LOOP('',(#1021,#1022,#1023,#1024));
#3626=EDGE_LOOP('',(#1025,#1026,#1027,#1028));
#3627=EDGE_LOOP('',(#1029,#1030,#1031,#1032));
#3628=EDGE_LOOP('',(#1033,#1034,#1035,#1036));
#3629=EDGE_LOOP('',(#1037,#1038,#1039,#1040));
#3630=EDGE_LOOP('',(#1041,#1042,#1043,#1044));
#3631=EDGE_LOOP('',(#1045,#1046,#1047,#1048));
#3632=EDGE_LOOP('',(#1049,#1050,#1051,#1052));
#3633=EDGE_LOOP('',(#1053,#1054,#1055,#1056));
#3634=EDGE_LOOP('',(#1057,#1058,#1059,#1060));
#3635=EDGE_LOOP('',(#1061,#1062,#1063,#1064));
#3636=EDGE_LOOP('',(#1065,#1066,#1067,#1068));
#3637=EDGE_LOOP('',(#1069,#1070,#1071,#1072));
#3638=EDGE_LOOP('',(#1073,#1074,#1075,#1076));
#3639=EDGE_LOOP('',(#1077));
#3640=EDGE_LOOP('',(#1078));
#3641=EDGE_LOOP('',(#1079));
#3642=EDGE_LOOP('',(#1080));
#3643=EDGE_LOOP('',(#1081));
#3644=EDGE_LOOP('',(#1082));
#3645=EDGE_LOOP('',(#1083,#1084,#1085,#1086,#1087,#1088,#1089,#1090,#1091,
#1092,#1093,#1094,#1095,#1096,#1097,#1098,#1099,#1100,#1101));
#3646=EDGE_LOOP('',(#1102));
#3647=EDGE_LOOP('',(#1103));
#3648=EDGE_LOOP('',(#1104));
#3649=EDGE_LOOP('',(#1105));
#3650=EDGE_LOOP('',(#1106));
#3651=EDGE_LOOP('',(#1107));
#3652=EDGE_LOOP('',(#1108,#1109,#1110,#1111,#1112,#1113,#1114,#1115,#1116,
#1117,#1118,#1119,#1120,#1121,#1122,#1123,#1124,#1125,#1126));
#3653=EDGE_LOOP('',(#1127));
#3654=EDGE_LOOP('',(#1128));
#3655=EDGE_LOOP('',(#1129));
#3656=EDGE_LOOP('',(#1130));
#3657=EDGE_LOOP('',(#1131));
#3658=EDGE_LOOP('',(#1132));
#3659=EDGE_LOOP('',(#1133));
#3660=EDGE_LOOP('',(#1134));
#3661=EDGE_LOOP('',(#1135));
#3662=EDGE_LOOP('',(#1136));
#3663=EDGE_LOOP('',(#1137));
#3664=EDGE_LOOP('',(#1138));
#3665=EDGE_LOOP('',(#1139,#1140,#1141,#1142));
#3666=EDGE_LOOP('',(#1143,#1144,#1145,#1146));
#3667=EDGE_LOOP('',(#1147,#1148,#1149,#1150));
#3668=EDGE_LOOP('',(#1151,#1152,#1153,#1154));
#3669=EDGE_LOOP('',(#1155,#1156,#1157,#1158));
#3670=EDGE_LOOP('',(#1159,#1160,#1161,#1162));
#3671=EDGE_LOOP('',(#1163,#1164,#1165,#1166));
#3672=EDGE_LOOP('',(#1167,#1168,#1169,#1170));
#3673=EDGE_LOOP('',(#1171,#1172,#1173,#1174));
#3674=EDGE_LOOP('',(#1175,#1176,#1177,#1178));
#3675=EDGE_LOOP('',(#1179,#1180,#1181,#1182));
#3676=EDGE_LOOP('',(#1183,#1184,#1185,#1186));
#3677=EDGE_LOOP('',(#1187,#1188,#1189,#1190));
#3678=EDGE_LOOP('',(#1191,#1192,#1193,#1194));
#3679=EDGE_LOOP('',(#1195,#1196,#1197,#1198));
#3680=EDGE_LOOP('',(#1199,#1200,#1201,#1202));
#3681=EDGE_LOOP('',(#1203,#1204,#1205,#1206));
#3682=EDGE_LOOP('',(#1207));
#3683=EDGE_LOOP('',(#1208));
#3684=EDGE_LOOP('',(#1209));
#3685=EDGE_LOOP('',(#1210));
#3686=EDGE_LOOP('',(#1211));
#3687=EDGE_LOOP('',(#1212));
#3688=EDGE_LOOP('',(#1213));
#3689=EDGE_LOOP('',(#1214));
#3690=EDGE_LOOP('',(#1215));
#3691=EDGE_LOOP('',(#1216));
#3692=EDGE_LOOP('',(#1217));
#3693=EDGE_LOOP('',(#1218));
#3694=EDGE_LOOP('',(#1219,#1220,#1221,#1222,#1223,#1224,#1225,#1226,#1227,
#1228,#1229,#1230,#1231,#1232,#1233,#1234,#1235,#1236,#1237,#1238,#1239,
#1240,#1241,#1242));
#3695=EDGE_LOOP('',(#1243));
#3696=EDGE_LOOP('',(#1244,#1245,#1246,#1247,#1248,#1249,#1250,#1251,#1252,
#1253,#1254,#1255,#1256,#1257,#1258,#1259,#1260,#1261,#1262,#1263,#1264,
#1265,#1266,#1267,#1268,#1269,#1270,#1271,#1272,#1273,#1274,#1275,#1276));
#3697=EDGE_LOOP('',(#1277));
#3698=EDGE_LOOP('',(#1278));
#3699=EDGE_LOOP('',(#1279));
#3700=EDGE_LOOP('',(#1280));
#3701=EDGE_LOOP('',(#1281));
#3702=EDGE_LOOP('',(#1282));
#3703=EDGE_LOOP('',(#1283));
#3704=EDGE_LOOP('',(#1284));
#3705=EDGE_LOOP('',(#1285));
#3706=EDGE_LOOP('',(#1286));
#3707=EDGE_LOOP('',(#1287));
#3708=EDGE_LOOP('',(#1288));
#3709=EDGE_LOOP('',(#1289,#1290,#1291,#1292,#1293,#1294,#1295,#1296,#1297,
#1298,#1299,#1300,#1301,#1302,#1303,#1304,#1305,#1306,#1307,#1308,#1309,
#1310,#1311,#1312,#1313,#1314,#1315,#1316,#1317,#1318,#1319,#1320,#1321));
#3710=EDGE_LOOP('',(#1322));
#3711=EDGE_LOOP('',(#1323));
#3712=EDGE_LOOP('',(#1324));
#3713=EDGE_LOOP('',(#1325));
#3714=EDGE_LOOP('',(#1326));
#3715=EDGE_LOOP('',(#1327,#1328,#1329,#1330,#1331,#1332,#1333,#1334,#1335,
#1336,#1337,#1338,#1339,#1340,#1341,#1342,#1343,#1344,#1345));
#3716=EDGE_LOOP('',(#1346,#1347,#1348,#1349));
#3717=EDGE_LOOP('',(#1350,#1351,#1352,#1353));
#3718=EDGE_LOOP('',(#1354,#1355,#1356,#1357));
#3719=EDGE_LOOP('',(#1358,#1359,#1360,#1361));
#3720=EDGE_LOOP('',(#1362,#1363,#1364,#1365));
#3721=EDGE_LOOP('',(#1366,#1367,#1368,#1369));
#3722=EDGE_LOOP('',(#1370,#1371,#1372,#1373));
#3723=EDGE_LOOP('',(#1374,#1375,#1376,#1377));
#3724=EDGE_LOOP('',(#1378,#1379,#1380,#1381));
#3725=EDGE_LOOP('',(#1382,#1383,#1384,#1385));
#3726=EDGE_LOOP('',(#1386,#1387,#1388,#1389));
#3727=EDGE_LOOP('',(#1390,#1391,#1392,#1393));
#3728=EDGE_LOOP('',(#1394,#1395,#1396,#1397));
#3729=EDGE_LOOP('',(#1398,#1399,#1400,#1401));
#3730=EDGE_LOOP('',(#1402,#1403,#1404,#1405));
#3731=EDGE_LOOP('',(#1406,#1407,#1408,#1409));
#3732=EDGE_LOOP('',(#1410,#1411,#1412,#1413));
#3733=EDGE_LOOP('',(#1414,#1415,#1416,#1417));
#3734=EDGE_LOOP('',(#1418,#1419,#1420,#1421));
#3735=EDGE_LOOP('',(#1422,#1423,#1424,#1425));
#3736=EDGE_LOOP('',(#1426,#1427,#1428,#1429));
#3737=EDGE_LOOP('',(#1430,#1431,#1432,#1433));
#3738=EDGE_LOOP('',(#1434,#1435,#1436,#1437));
#3739=EDGE_LOOP('',(#1438,#1439,#1440,#1441));
#3740=EDGE_LOOP('',(#1442,#1443,#1444,#1445));
#3741=EDGE_LOOP('',(#1446,#1447,#1448,#1449));
#3742=EDGE_LOOP('',(#1450,#1451,#1452,#1453));
#3743=EDGE_LOOP('',(#1454,#1455,#1456,#1457));
#3744=EDGE_LOOP('',(#1458,#1459,#1460,#1461));
#3745=EDGE_LOOP('',(#1462,#1463,#1464,#1465));
#3746=EDGE_LOOP('',(#1466,#1467,#1468,#1469));
#3747=EDGE_LOOP('',(#1470,#1471,#1472,#1473));
#3748=EDGE_LOOP('',(#1474,#1475,#1476,#1477));
#3749=EDGE_LOOP('',(#1478,#1479,#1480,#1481));
#3750=EDGE_LOOP('',(#1482,#1483,#1484,#1485));
#3751=EDGE_LOOP('',(#1486,#1487,#1488,#1489));
#3752=EDGE_LOOP('',(#1490,#1491,#1492,#1493));
#3753=EDGE_LOOP('',(#1494,#1495,#1496,#1497));
#3754=EDGE_LOOP('',(#1498,#1499,#1500,#1501));
#3755=EDGE_LOOP('',(#1502,#1503,#1504,#1505));
#3756=EDGE_LOOP('',(#1506,#1507,#1508,#1509));
#3757=EDGE_LOOP('',(#1510,#1511,#1512,#1513,#1514,#1515,#1516,#1517,#1518,
#1519,#1520,#1521,#1522,#1523,#1524,#1525,#1526,#1527,#1528,#1529,#1530,
#1531,#1532,#1533));
#3758=EDGE_LOOP('',(#1534));
#3759=EDGE_LOOP('',(#1535));
#3760=EDGE_LOOP('',(#1536));
#3761=EDGE_LOOP('',(#1537));
#3762=EDGE_LOOP('',(#1538,#1539,#1540,#1541,#1542,#1543,#1544,#1545,#1546,
#1547,#1548,#1549,#1550,#1551,#1552,#1553,#1554,#1555,#1556));
#3763=EDGE_LOOP('',(#1557));
#3764=EDGE_LOOP('',(#1558));
#3765=EDGE_LOOP('',(#1559));
#3766=EDGE_LOOP('',(#1560));
#3767=EDGE_LOOP('',(#1561));
#3768=EDGE_LOOP('',(#1562));
#3769=EDGE_LOOP('',(#1563));
#3770=EDGE_LOOP('',(#1564));
#3771=EDGE_LOOP('',(#1565,#1566,#1567,#1568));
#3772=EDGE_LOOP('',(#1569));
#3773=EDGE_LOOP('',(#1570,#1571,#1572,#1573));
#3774=EDGE_LOOP('',(#1574));
#3775=EDGE_LOOP('',(#1575,#1576,#1577,#1578));
#3776=EDGE_LOOP('',(#1579,#1580,#1581,#1582));
#3777=EDGE_LOOP('',(#1583,#1584,#1585,#1586));
#3778=EDGE_LOOP('',(#1587,#1588,#1589,#1590));
#3779=EDGE_LOOP('',(#1591,#1592,#1593,#1594));
#3780=EDGE_LOOP('',(#1595,#1596,#1597,#1598));
#3781=EDGE_LOOP('',(#1599,#1600,#1601,#1602));
#3782=EDGE_LOOP('',(#1603,#1604,#1605,#1606));
#3783=EDGE_LOOP('',(#1607,#1608,#1609,#1610));
#3784=EDGE_LOOP('',(#1611,#1612,#1613,#1614));
#3785=EDGE_LOOP('',(#1615,#1616,#1617,#1618));
#3786=EDGE_LOOP('',(#1619,#1620,#1621,#1622));
#3787=EDGE_LOOP('',(#1623,#1624,#1625,#1626));
#3788=EDGE_LOOP('',(#1627,#1628,#1629,#1630));
#3789=EDGE_LOOP('',(#1631,#1632,#1633,#1634));
#3790=EDGE_LOOP('',(#1635,#1636,#1637,#1638));
#3791=FACE_BOUND('',#3488,.T.);
#3792=FACE_BOUND('',#3489,.T.);
#3793=FACE_BOUND('',#3490,.T.);
#3794=FACE_BOUND('',#3491,.T.);
#3795=FACE_BOUND('',#3492,.T.);
#3796=FACE_BOUND('',#3493,.T.);
#3797=FACE_BOUND('',#3494,.T.);
#3798=FACE_BOUND('',#3495,.T.);
#3799=FACE_BOUND('',#3496,.T.);
#3800=FACE_BOUND('',#3497,.T.);
#3801=FACE_BOUND('',#3498,.T.);
#3802=FACE_BOUND('',#3499,.T.);
#3803=FACE_BOUND('',#3500,.T.);
#3804=FACE_BOUND('',#3501,.T.);
#3805=FACE_BOUND('',#3502,.T.);
#3806=FACE_BOUND('',#3503,.T.);
#3807=FACE_BOUND('',#3504,.T.);
#3808=FACE_BOUND('',#3505,.T.);
#3809=FACE_BOUND('',#3506,.T.);
#3810=FACE_BOUND('',#3507,.T.);
#3811=FACE_BOUND('',#3508,.T.);
#3812=FACE_BOUND('',#3509,.T.);
#3813=FACE_BOUND('',#3510,.T.);
#3814=FACE_BOUND('',#3511,.T.);
#3815=FACE_BOUND('',#3512,.T.);
#3816=FACE_BOUND('',#3513,.T.);
#3817=FACE_BOUND('',#3514,.T.);
#3818=FACE_BOUND('',#3515,.T.);
#3819=FACE_BOUND('',#3516,.T.);
#3820=FACE_BOUND('',#3517,.T.);
#3821=FACE_BOUND('',#3518,.T.);
#3822=FACE_BOUND('',#3519,.T.);
#3823=FACE_BOUND('',#3520,.T.);
#3824=FACE_BOUND('',#3521,.T.);
#3825=FACE_BOUND('',#3522,.T.);
#3826=FACE_BOUND('',#3523,.T.);
#3827=FACE_BOUND('',#3524,.T.);
#3828=FACE_BOUND('',#3525,.T.);
#3829=FACE_BOUND('',#3526,.T.);
#3830=FACE_BOUND('',#3527,.T.);
#3831=FACE_BOUND('',#3528,.T.);
#3832=FACE_BOUND('',#3529,.T.);
#3833=FACE_BOUND('',#3530,.T.);
#3834=FACE_BOUND('',#3531,.T.);
#3835=FACE_BOUND('',#3532,.T.);
#3836=FACE_BOUND('',#3533,.T.);
#3837=FACE_BOUND('',#3534,.T.);
#3838=FACE_BOUND('',#3535,.T.);
#3839=FACE_BOUND('',#3536,.T.);
#3840=FACE_BOUND('',#3537,.T.);
#3841=FACE_BOUND('',#3538,.T.);
#3842=FACE_BOUND('',#3539,.T.);
#3843=FACE_BOUND('',#3540,.T.);
#3844=FACE_BOUND('',#3541,.T.);
#3845=FACE_BOUND('',#3542,.T.);
#3846=FACE_BOUND('',#3543,.T.);
#3847=FACE_BOUND('',#3544,.T.);
#3848=FACE_BOUND('',#3545,.T.);
#3849=FACE_BOUND('',#3546,.T.);
#3850=FACE_BOUND('',#3547,.T.);
#3851=FACE_BOUND('',#3548,.T.);
#3852=FACE_BOUND('',#3549,.T.);
#3853=FACE_BOUND('',#3550,.T.);
#3854=FACE_BOUND('',#3551,.T.);
#3855=FACE_BOUND('',#3552,.T.);
#3856=FACE_BOUND('',#3553,.T.);
#3857=FACE_BOUND('',#3554,.T.);
#3858=FACE_BOUND('',#3555,.T.);
#3859=FACE_BOUND('',#3556,.T.);
#3860=FACE_BOUND('',#3557,.T.);
#3861=FACE_BOUND('',#3558,.T.);
#3862=FACE_BOUND('',#3559,.T.);
#3863=FACE_BOUND('',#3560,.T.);
#3864=FACE_BOUND('',#3561,.T.);
#3865=FACE_BOUND('',#3562,.T.);
#3866=FACE_BOUND('',#3563,.T.);
#3867=FACE_BOUND('',#3564,.T.);
#3868=FACE_BOUND('',#3565,.T.);
#3869=FACE_BOUND('',#3566,.T.);
#3870=FACE_BOUND('',#3567,.T.);
#3871=FACE_BOUND('',#3568,.T.);
#3872=FACE_BOUND('',#3569,.T.);
#3873=FACE_BOUND('',#3570,.T.);
#3874=FACE_BOUND('',#3571,.T.);
#3875=FACE_BOUND('',#3572,.T.);
#3876=FACE_BOUND('',#3573,.T.);
#3877=FACE_BOUND('',#3574,.T.);
#3878=FACE_BOUND('',#3575,.T.);
#3879=FACE_BOUND('',#3576,.T.);
#3880=FACE_BOUND('',#3577,.T.);
#3881=FACE_BOUND('',#3578,.T.);
#3882=FACE_BOUND('',#3579,.T.);
#3883=FACE_BOUND('',#3580,.T.);
#3884=FACE_BOUND('',#3581,.T.);
#3885=FACE_BOUND('',#3582,.T.);
#3886=FACE_BOUND('',#3583,.T.);
#3887=FACE_BOUND('',#3584,.T.);
#3888=FACE_BOUND('',#3585,.T.);
#3889=FACE_BOUND('',#3586,.T.);
#3890=FACE_BOUND('',#3587,.T.);
#3891=FACE_BOUND('',#3588,.T.);
#3892=FACE_BOUND('',#3589,.T.);
#3893=FACE_BOUND('',#3590,.T.);
#3894=FACE_BOUND('',#3591,.T.);
#3895=FACE_BOUND('',#3592,.T.);
#3896=FACE_BOUND('',#3593,.T.);
#3897=FACE_BOUND('',#3594,.T.);
#3898=FACE_BOUND('',#3595,.T.);
#3899=FACE_BOUND('',#3596,.T.);
#3900=FACE_BOUND('',#3597,.T.);
#3901=FACE_BOUND('',#3598,.T.);
#3902=FACE_BOUND('',#3599,.T.);
#3903=FACE_BOUND('',#3600,.T.);
#3904=FACE_BOUND('',#3601,.T.);
#3905=FACE_BOUND('',#3602,.T.);
#3906=FACE_BOUND('',#3603,.T.);
#3907=FACE_BOUND('',#3604,.T.);
#3908=FACE_BOUND('',#3605,.T.);
#3909=FACE_BOUND('',#3606,.T.);
#3910=FACE_BOUND('',#3607,.T.);
#3911=FACE_BOUND('',#3608,.T.);
#3912=FACE_BOUND('',#3609,.T.);
#3913=FACE_BOUND('',#3610,.T.);
#3914=FACE_BOUND('',#3611,.T.);
#3915=FACE_BOUND('',#3612,.T.);
#3916=FACE_BOUND('',#3613,.T.);
#3917=FACE_BOUND('',#3614,.T.);
#3918=FACE_BOUND('',#3615,.T.);
#3919=FACE_BOUND('',#3616,.T.);
#3920=FACE_BOUND('',#3617,.T.);
#3921=FACE_BOUND('',#3618,.T.);
#3922=FACE_BOUND('',#3619,.T.);
#3923=FACE_BOUND('',#3620,.T.);
#3924=FACE_BOUND('',#3621,.T.);
#3925=FACE_BOUND('',#3622,.T.);
#3926=FACE_BOUND('',#3623,.T.);
#3927=FACE_BOUND('',#3624,.T.);
#3928=FACE_BOUND('',#3625,.T.);
#3929=FACE_BOUND('',#3626,.T.);
#3930=FACE_BOUND('',#3627,.T.);
#3931=FACE_BOUND('',#3628,.T.);
#3932=FACE_BOUND('',#3629,.T.);
#3933=FACE_BOUND('',#3630,.T.);
#3934=FACE_BOUND('',#3631,.T.);
#3935=FACE_BOUND('',#3632,.T.);
#3936=FACE_BOUND('',#3633,.T.);
#3937=FACE_BOUND('',#3634,.T.);
#3938=FACE_BOUND('',#3635,.T.);
#3939=FACE_BOUND('',#3636,.T.);
#3940=FACE_BOUND('',#3637,.T.);
#3941=FACE_BOUND('',#3638,.T.);
#3942=FACE_BOUND('',#3639,.T.);
#3943=FACE_BOUND('',#3640,.T.);
#3944=FACE_BOUND('',#3641,.T.);
#3945=FACE_BOUND('',#3642,.T.);
#3946=FACE_BOUND('',#3643,.T.);
#3947=FACE_BOUND('',#3644,.T.);
#3948=FACE_BOUND('',#3645,.T.);
#3949=FACE_BOUND('',#3646,.T.);
#3950=FACE_BOUND('',#3647,.T.);
#3951=FACE_BOUND('',#3648,.T.);
#3952=FACE_BOUND('',#3649,.T.);
#3953=FACE_BOUND('',#3650,.T.);
#3954=FACE_BOUND('',#3651,.T.);
#3955=FACE_BOUND('',#3652,.T.);
#3956=FACE_BOUND('',#3653,.T.);
#3957=FACE_BOUND('',#3654,.T.);
#3958=FACE_BOUND('',#3655,.T.);
#3959=FACE_BOUND('',#3656,.T.);
#3960=FACE_BOUND('',#3657,.T.);
#3961=FACE_BOUND('',#3658,.T.);
#3962=FACE_BOUND('',#3659,.T.);
#3963=FACE_BOUND('',#3660,.T.);
#3964=FACE_BOUND('',#3661,.T.);
#3965=FACE_BOUND('',#3662,.T.);
#3966=FACE_BOUND('',#3663,.T.);
#3967=FACE_BOUND('',#3664,.T.);
#3968=FACE_BOUND('',#3665,.T.);
#3969=FACE_BOUND('',#3666,.T.);
#3970=FACE_BOUND('',#3667,.T.);
#3971=FACE_BOUND('',#3668,.T.);
#3972=FACE_BOUND('',#3669,.T.);
#3973=FACE_BOUND('',#3670,.T.);
#3974=FACE_BOUND('',#3671,.T.);
#3975=FACE_BOUND('',#3672,.T.);
#3976=FACE_BOUND('',#3673,.T.);
#3977=FACE_BOUND('',#3674,.T.);
#3978=FACE_BOUND('',#3675,.T.);
#3979=FACE_BOUND('',#3676,.T.);
#3980=FACE_BOUND('',#3677,.T.);
#3981=FACE_BOUND('',#3678,.T.);
#3982=FACE_BOUND('',#3679,.T.);
#3983=FACE_BOUND('',#3680,.T.);
#3984=FACE_BOUND('',#3681,.T.);
#3985=FACE_BOUND('',#3682,.T.);
#3986=FACE_BOUND('',#3683,.T.);
#3987=FACE_BOUND('',#3684,.T.);
#3988=FACE_BOUND('',#3685,.T.);
#3989=FACE_BOUND('',#3686,.T.);
#3990=FACE_BOUND('',#3687,.T.);
#3991=FACE_BOUND('',#3688,.T.);
#3992=FACE_BOUND('',#3689,.T.);
#3993=FACE_BOUND('',#3690,.T.);
#3994=FACE_BOUND('',#3691,.T.);
#3995=FACE_BOUND('',#3692,.T.);
#3996=FACE_BOUND('',#3693,.T.);
#3997=FACE_BOUND('',#3694,.T.);
#3998=FACE_BOUND('',#3695,.T.);
#3999=FACE_BOUND('',#3696,.T.);
#4000=FACE_BOUND('',#3697,.T.);
#4001=FACE_BOUND('',#3698,.T.);
#4002=FACE_BOUND('',#3699,.T.);
#4003=FACE_BOUND('',#3700,.T.);
#4004=FACE_BOUND('',#3701,.T.);
#4005=FACE_BOUND('',#3702,.T.);
#4006=FACE_BOUND('',#3703,.T.);
#4007=FACE_BOUND('',#3704,.T.);
#4008=FACE_BOUND('',#3705,.T.);
#4009=FACE_BOUND('',#3706,.T.);
#4010=FACE_BOUND('',#3707,.T.);
#4011=FACE_BOUND('',#3708,.T.);
#4012=FACE_BOUND('',#3709,.T.);
#4013=FACE_BOUND('',#3710,.T.);
#4014=FACE_BOUND('',#3711,.T.);
#4015=FACE_BOUND('',#3712,.T.);
#4016=FACE_BOUND('',#3713,.T.);
#4017=FACE_BOUND('',#3714,.T.);
#4018=FACE_BOUND('',#3715,.T.);
#4019=FACE_BOUND('',#3716,.T.);
#4020=FACE_BOUND('',#3717,.T.);
#4021=FACE_BOUND('',#3718,.T.);
#4022=FACE_BOUND('',#3719,.T.);
#4023=FACE_BOUND('',#3720,.T.);
#4024=FACE_BOUND('',#3721,.T.);
#4025=FACE_BOUND('',#3722,.T.);
#4026=FACE_BOUND('',#3723,.T.);
#4027=FACE_BOUND('',#3724,.T.);
#4028=FACE_BOUND('',#3725,.T.);
#4029=FACE_BOUND('',#3726,.T.);
#4030=FACE_BOUND('',#3727,.T.);
#4031=FACE_BOUND('',#3728,.T.);
#4032=FACE_BOUND('',#3729,.T.);
#4033=FACE_BOUND('',#3730,.T.);
#4034=FACE_BOUND('',#3731,.T.);
#4035=FACE_BOUND('',#3732,.T.);
#4036=FACE_BOUND('',#3733,.T.);
#4037=FACE_BOUND('',#3734,.T.);
#4038=FACE_BOUND('',#3735,.T.);
#4039=FACE_BOUND('',#3736,.T.);
#4040=FACE_BOUND('',#3737,.T.);
#4041=FACE_BOUND('',#3738,.T.);
#4042=FACE_BOUND('',#3739,.T.);
#4043=FACE_BOUND('',#3740,.T.);
#4044=FACE_BOUND('',#3741,.T.);
#4045=FACE_BOUND('',#3742,.T.);
#4046=FACE_BOUND('',#3743,.T.);
#4047=FACE_BOUND('',#3744,.T.);
#4048=FACE_BOUND('',#3745,.T.);
#4049=FACE_BOUND('',#3746,.T.);
#4050=FACE_BOUND('',#3747,.T.);
#4051=FACE_BOUND('',#3748,.T.);
#4052=FACE_BOUND('',#3749,.T.);
#4053=FACE_BOUND('',#3750,.T.);
#4054=FACE_BOUND('',#3751,.T.);
#4055=FACE_BOUND('',#3752,.T.);
#4056=FACE_BOUND('',#3753,.T.);
#4057=FACE_BOUND('',#3754,.T.);
#4058=FACE_BOUND('',#3755,.T.);
#4059=FACE_BOUND('',#3756,.T.);
#4060=FACE_BOUND('',#3757,.T.);
#4061=FACE_BOUND('',#3758,.T.);
#4062=FACE_BOUND('',#3759,.T.);
#4063=FACE_BOUND('',#3760,.T.);
#4064=FACE_BOUND('',#3761,.T.);
#4065=FACE_BOUND('',#3762,.T.);
#4066=FACE_BOUND('',#3763,.T.);
#4067=FACE_BOUND('',#3764,.T.);
#4068=FACE_BOUND('',#3765,.T.);
#4069=FACE_BOUND('',#3766,.T.);
#4070=FACE_BOUND('',#3767,.T.);
#4071=FACE_BOUND('',#3768,.T.);
#4072=FACE_BOUND('',#3769,.T.);
#4073=FACE_BOUND('',#3770,.T.);
#4074=FACE_BOUND('',#3771,.T.);
#4075=FACE_BOUND('',#3772,.T.);
#4076=FACE_BOUND('',#3773,.T.);
#4077=FACE_BOUND('',#3774,.T.);
#4078=FACE_BOUND('',#3775,.T.);
#4079=FACE_BOUND('',#3776,.T.);
#4080=FACE_BOUND('',#3777,.T.);
#4081=FACE_BOUND('',#3778,.T.);
#4082=FACE_BOUND('',#3779,.T.);
#4083=FACE_BOUND('',#3780,.T.);
#4084=FACE_BOUND('',#3781,.T.);
#4085=FACE_BOUND('',#3782,.T.);
#4086=FACE_BOUND('',#3783,.T.);
#4087=FACE_BOUND('',#3784,.T.);
#4088=FACE_BOUND('',#3785,.T.);
#4089=FACE_BOUND('',#3786,.T.);
#4090=FACE_BOUND('',#3787,.T.);
#4091=FACE_BOUND('',#3788,.T.);
#4092=FACE_BOUND('',#3789,.T.);
#4093=FACE_BOUND('',#3790,.T.);
#4094=PLANE('',#4475);
#4095=PLANE('',#4476);
#4096=PLANE('',#4477);
#4097=PLANE('',#4478);
#4098=PLANE('',#4482);
#4099=PLANE('',#4483);
#4100=PLANE('',#4487);
#4101=PLANE('',#4488);
#4102=PLANE('',#4489);
#4103=PLANE('',#4490);
#4104=PLANE('',#4491);
#4105=PLANE('',#4492);
#4106=PLANE('',#4496);
#4107=PLANE('',#4497);
#4108=PLANE('',#4498);
#4109=PLANE('',#4499);
#4110=PLANE('',#4500);
#4111=PLANE('',#4510);
#4112=PLANE('',#4520);
#4113=PLANE('',#4548);
#4114=PLANE('',#4579);
#4115=PLANE('',#4582);
#4116=PLANE('',#4583);
#4117=PLANE('',#4586);
#4118=PLANE('',#4587);
#4119=PLANE('',#4590);
#4120=PLANE('',#4591);
#4121=PLANE('',#4598);
#4122=PLANE('',#4603);
#4123=PLANE('',#4606);
#4124=PLANE('',#4609);
#4125=PLANE('',#4610);
#4126=PLANE('',#4611);
#4127=PLANE('',#4614);
#4128=PLANE('',#4615);
#4129=PLANE('',#4618);
#4130=PLANE('',#4621);
#4131=PLANE('',#4624);
#4132=PLANE('',#4627);
#4133=PLANE('',#4630);
#4134=PLANE('',#4631);
#4135=PLANE('',#4634);
#4136=PLANE('',#4639);
#4137=PLANE('',#4660);
#4138=PLANE('',#4661);
#4139=PLANE('',#4665);
#4140=PLANE('',#4666);
#4141=PLANE('',#4670);
#4142=PLANE('',#4674);
#4143=PLANE('',#4678);
#4144=PLANE('',#4682);
#4145=PLANE('',#4686);
#4146=PLANE('',#4687);
#4147=PLANE('',#4691);
#4148=PLANE('',#4695);
#4149=PLANE('',#4696);
#4150=PLANE('',#4698);
#4151=PLANE('',#4702);
#4152=PLANE('',#4703);
#4153=PLANE('',#4707);
#4154=PLANE('',#4711);
#4155=PLANE('',#4715);
#4156=PLANE('',#4719);
#4157=PLANE('',#4723);
#4158=PLANE('',#4724);
#4159=PLANE('',#4728);
#4160=PLANE('',#4732);
#4161=PLANE('',#4733);
#4162=PLANE('',#4740);
#4163=PLANE('',#4754);
#4164=PLANE('',#4755);
#4165=PLANE('',#4756);
#4166=PLANE('',#4757);
#4167=PLANE('',#4761);
#4168=PLANE('',#4762);
#4169=PLANE('',#4766);
#4170=PLANE('',#4767);
#4171=PLANE('',#4768);
#4172=PLANE('',#4769);
#4173=PLANE('',#4770);
#4174=PLANE('',#4771);
#4175=PLANE('',#4775);
#4176=PLANE('',#4776);
#4177=PLANE('',#4795);
#4178=PLANE('',#4825);
#4179=PLANE('',#4856);
#4180=PLANE('',#4859);
#4181=PLANE('',#4860);
#4182=PLANE('',#4863);
#4183=PLANE('',#4866);
#4184=PLANE('',#4869);
#4185=PLANE('',#4872);
#4186=PLANE('',#4875);
#4187=PLANE('',#4876);
#4188=PLANE('',#4879);
#4189=PLANE('',#4882);
#4190=PLANE('',#4885);
#4191=PLANE('',#4888);
#4192=PLANE('',#4891);
#4193=PLANE('',#4894);
#4194=PLANE('',#4897);
#4195=PLANE('',#4900);
#4196=PLANE('',#4903);
#4197=PLANE('',#4906);
#4198=PLANE('',#4909);
#4199=PLANE('',#4912);
#4200=PLANE('',#4915);
#4201=PLANE('',#4916);
#4202=ADVANCED_FACE('',(#3791),#4094,.F.);
#4203=ADVANCED_FACE('',(#3792),#4095,.T.);
#4204=ADVANCED_FACE('',(#3793),#4096,.T.);
#4205=ADVANCED_FACE('',(#3794),#4097,.F.);
#4206=ADVANCED_FACE('',(#3795),#258,.T.);
#4207=ADVANCED_FACE('',(#3796),#4098,.F.);
#4208=ADVANCED_FACE('',(#3797),#4099,.F.);
#4209=ADVANCED_FACE('',(#3798),#259,.T.);
#4210=ADVANCED_FACE('',(#3799),#4100,.F.);
#4211=ADVANCED_FACE('',(#3800),#4101,.F.);
#4212=ADVANCED_FACE('',(#3801),#4102,.F.);
#4213=ADVANCED_FACE('',(#3802),#4103,.F.);
#4214=ADVANCED_FACE('',(#3803),#4104,.F.);
#4215=ADVANCED_FACE('',(#3804),#4105,.F.);
#4216=ADVANCED_FACE('',(#3805),#260,.T.);
#4217=ADVANCED_FACE('',(#3806),#4106,.F.);
#4218=ADVANCED_FACE('',(#3807),#4107,.F.);
#4219=ADVANCED_FACE('',(#3808),#4108,.F.);
#4220=ADVANCED_FACE('',(#3809),#4109,.F.);
#4221=ADVANCED_FACE('',(#3810),#4110,.F.);
#4222=ADVANCED_FACE('',(#3811,#3812),#261,.F.);
#4223=ADVANCED_FACE('',(#3813,#3814),#262,.F.);
#4224=ADVANCED_FACE('',(#3815,#3816),#263,.F.);
#4225=ADVANCED_FACE('',(#3817),#4111,.F.);
#4226=ADVANCED_FACE('',(#3818,#3819),#264,.F.);
#4227=ADVANCED_FACE('',(#3820,#3821),#265,.F.);
#4228=ADVANCED_FACE('',(#3822,#3823),#266,.F.);
#4229=ADVANCED_FACE('',(#3824,#3825,#3826,#3827,#3828,#3829,#3830,#3831),
#4112,.T.);
#4230=ADVANCED_FACE('',(#3832,#3833,#3834,#3835,#3836,#3837,#3838,#3839),
#4113,.F.);
#4231=ADVANCED_FACE('',(#3840),#4114,.F.);
#4232=ADVANCED_FACE('',(#3841),#267,.T.);
#4233=ADVANCED_FACE('',(#3842),#4115,.F.);
#4234=ADVANCED_FACE('',(#3843),#4116,.F.);
#4235=ADVANCED_FACE('',(#3844),#268,.T.);
#4236=ADVANCED_FACE('',(#3845),#4117,.F.);
#4237=ADVANCED_FACE('',(#3846),#4118,.F.);
#4238=ADVANCED_FACE('',(#3847),#269,.T.);
#4239=ADVANCED_FACE('',(#3848),#4119,.F.);
#4240=ADVANCED_FACE('',(#3849),#4120,.F.);
#4241=ADVANCED_FACE('',(#3850),#270,.F.);
#4242=ADVANCED_FACE('',(#3851),#271,.F.);
#4243=ADVANCED_FACE('',(#3852),#272,.F.);
#4244=ADVANCED_FACE('',(#3853),#4121,.F.);
#4245=ADVANCED_FACE('',(#3854),#273,.F.);
#4246=ADVANCED_FACE('',(#3855),#274,.F.);
#4247=ADVANCED_FACE('',(#3856),#4122,.F.);
#4248=ADVANCED_FACE('',(#3857),#275,.F.);
#4249=ADVANCED_FACE('',(#3858),#4123,.F.);
#4250=ADVANCED_FACE('',(#3859),#276,.F.);
#4251=ADVANCED_FACE('',(#3860),#4124,.F.);
#4252=ADVANCED_FACE('',(#3861),#4125,.T.);
#4253=ADVANCED_FACE('',(#3862),#4126,.T.);
#4254=ADVANCED_FACE('',(#3863),#277,.T.);
#4255=ADVANCED_FACE('',(#3864),#4127,.T.);
#4256=ADVANCED_FACE('',(#3865),#4128,.T.);
#4257=ADVANCED_FACE('',(#3866),#278,.T.);
#4258=ADVANCED_FACE('',(#3867),#4129,.T.);
#4259=ADVANCED_FACE('',(#3868),#279,.T.);
#4260=ADVANCED_FACE('',(#3869),#4130,.T.);
#4261=ADVANCED_FACE('',(#3870),#280,.T.);
#4262=ADVANCED_FACE('',(#3871),#4131,.T.);
#4263=ADVANCED_FACE('',(#3872),#281,.T.);
#4264=ADVANCED_FACE('',(#3873),#4132,.T.);
#4265=ADVANCED_FACE('',(#3874),#282,.T.);
#4266=ADVANCED_FACE('',(#3875),#4133,.T.);
#4267=ADVANCED_FACE('',(#3876),#4134,.T.);
#4268=ADVANCED_FACE('',(#3877),#283,.T.);
#4269=ADVANCED_FACE('',(#3878),#4135,.T.);
#4270=ADVANCED_FACE('',(#3879),#284,.T.);
#4271=ADVANCED_FACE('',(#3880),#285,.F.);
#4272=ADVANCED_FACE('',(#3881,#3882),#4136,.F.);
#4273=ADVANCED_FACE('',(#3883),#286,.F.);
#4274=ADVANCED_FACE('',(#3884),#287,.F.);
#4275=ADVANCED_FACE('',(#3885),#288,.F.);
#4276=ADVANCED_FACE('',(#3886),#289,.F.);
#4277=ADVANCED_FACE('',(#3887),#290,.F.);
#4278=ADVANCED_FACE('',(#3888),#291,.F.);
#4279=ADVANCED_FACE('',(#3889),#292,.F.);
#4280=ADVANCED_FACE('',(#3890),#293,.T.);
#4281=ADVANCED_FACE('',(#3891),#294,.T.);
#4282=ADVANCED_FACE('',(#3892),#295,.T.);
#4283=ADVANCED_FACE('',(#3893),#296,.T.);
#4284=ADVANCED_FACE('',(#3894),#297,.T.);
#4285=ADVANCED_FACE('',(#3895),#298,.F.);
#4286=ADVANCED_FACE('',(#3896),#299,.T.);
#4287=ADVANCED_FACE('',(#3897),#300,.F.);
#4288=ADVANCED_FACE('',(#3898),#301,.F.);
#4289=ADVANCED_FACE('',(#3899),#302,.F.);
#4290=ADVANCED_FACE('',(#3900),#303,.F.);
#4291=ADVANCED_FACE('',(#3901),#304,.F.);
#4292=ADVANCED_FACE('',(#3902),#4137,.T.);
#4293=ADVANCED_FACE('',(#3903),#4138,.T.);
#4294=ADVANCED_FACE('',(#3904),#305,.T.);
#4295=ADVANCED_FACE('',(#3905),#4139,.T.);
#4296=ADVANCED_FACE('',(#3906),#4140,.T.);
#4297=ADVANCED_FACE('',(#3907),#306,.T.);
#4298=ADVANCED_FACE('',(#3908),#4141,.T.);
#4299=ADVANCED_FACE('',(#3909),#307,.T.);
#4300=ADVANCED_FACE('',(#3910),#4142,.T.);
#4301=ADVANCED_FACE('',(#3911),#308,.T.);
#4302=ADVANCED_FACE('',(#3912),#4143,.T.);
#4303=ADVANCED_FACE('',(#3913),#309,.T.);
#4304=ADVANCED_FACE('',(#3914),#4144,.T.);
#4305=ADVANCED_FACE('',(#3915),#310,.T.);
#4306=ADVANCED_FACE('',(#3916),#4145,.T.);
#4307=ADVANCED_FACE('',(#3917),#4146,.T.);
#4308=ADVANCED_FACE('',(#3918),#311,.T.);
#4309=ADVANCED_FACE('',(#3919),#4147,.T.);
#4310=ADVANCED_FACE('',(#3920),#312,.T.);
#4311=ADVANCED_FACE('',(#3921),#4148,.T.);
#4312=ADVANCED_FACE('',(#3922),#4149,.F.);
#4313=ADVANCED_FACE('',(#3923),#4150,.F.);
#4314=ADVANCED_FACE('',(#3924),#313,.T.);
#4315=ADVANCED_FACE('',(#3925),#4151,.F.);
#4316=ADVANCED_FACE('',(#3926),#4152,.F.);
#4317=ADVANCED_FACE('',(#3927),#314,.T.);
#4318=ADVANCED_FACE('',(#3928),#4153,.F.);
#4319=ADVANCED_FACE('',(#3929),#315,.T.);
#4320=ADVANCED_FACE('',(#3930),#4154,.F.);
#4321=ADVANCED_FACE('',(#3931),#316,.T.);
#4322=ADVANCED_FACE('',(#3932),#4155,.F.);
#4323=ADVANCED_FACE('',(#3933),#317,.T.);
#4324=ADVANCED_FACE('',(#3934),#4156,.F.);
#4325=ADVANCED_FACE('',(#3935),#318,.T.);
#4326=ADVANCED_FACE('',(#3936),#4157,.F.);
#4327=ADVANCED_FACE('',(#3937),#4158,.F.);
#4328=ADVANCED_FACE('',(#3938),#319,.T.);
#4329=ADVANCED_FACE('',(#3939),#4159,.F.);
#4330=ADVANCED_FACE('',(#3940),#320,.T.);
#4331=ADVANCED_FACE('',(#3941),#4160,.F.);
#4332=ADVANCED_FACE('',(#3942,#3943,#3944,#3945,#3946,#3947,#3948),#4161,
 .T.);
#4333=ADVANCED_FACE('',(#3949,#3950,#3951,#3952,#3953,#3954,#3955),#4162,
 .F.);
#4334=ADVANCED_FACE('',(#3956,#3957),#321,.F.);
#4335=ADVANCED_FACE('',(#3958,#3959),#322,.F.);
#4336=ADVANCED_FACE('',(#3960,#3961),#323,.F.);
#4337=ADVANCED_FACE('',(#3962,#3963),#324,.F.);
#4338=ADVANCED_FACE('',(#3964,#3965),#325,.F.);
#4339=ADVANCED_FACE('',(#3966,#3967),#326,.F.);
#4340=ADVANCED_FACE('',(#3968),#4163,.T.);
#4341=ADVANCED_FACE('',(#3969),#4164,.T.);
#4342=ADVANCED_FACE('',(#3970),#4165,.T.);
#4343=ADVANCED_FACE('',(#3971),#4166,.T.);
#4344=ADVANCED_FACE('',(#3972),#327,.T.);
#4345=ADVANCED_FACE('',(#3973),#4167,.T.);
#4346=ADVANCED_FACE('',(#3974),#4168,.T.);
#4347=ADVANCED_FACE('',(#3975),#328,.T.);
#4348=ADVANCED_FACE('',(#3976),#4169,.T.);
#4349=ADVANCED_FACE('',(#3977),#4170,.T.);
#4350=ADVANCED_FACE('',(#3978),#4171,.T.);
#4351=ADVANCED_FACE('',(#3979),#4172,.F.);
#4352=ADVANCED_FACE('',(#3980),#4173,.F.);
#4353=ADVANCED_FACE('',(#3981),#4174,.F.);
#4354=ADVANCED_FACE('',(#3982),#329,.T.);
#4355=ADVANCED_FACE('',(#3983),#4175,.T.);
#4356=ADVANCED_FACE('',(#3984),#4176,.T.);
#4357=ADVANCED_FACE('',(#3985,#3986),#330,.F.);
#4358=ADVANCED_FACE('',(#3987,#3988),#331,.F.);
#4359=ADVANCED_FACE('',(#3989,#3990),#332,.F.);
#4360=ADVANCED_FACE('',(#3991,#3992),#333,.F.);
#4361=ADVANCED_FACE('',(#3993,#3994),#334,.F.);
#4362=ADVANCED_FACE('',(#3995,#3996),#335,.F.);
#4363=ADVANCED_FACE('',(#3997,#3998,#3999,#4000,#4001,#4002,#4003,#4004),
#4177,.T.);
#4364=ADVANCED_FACE('',(#4005,#4006,#4007,#4008,#4009,#4010,#4011,#4012,
#4013,#4014,#4015,#4016,#4017,#4018),#4178,.F.);
#4365=ADVANCED_FACE('',(#4019),#4179,.T.);
#4366=ADVANCED_FACE('',(#4020),#336,.T.);
#4367=ADVANCED_FACE('',(#4021),#4180,.T.);
#4368=ADVANCED_FACE('',(#4022),#4181,.T.);
#4369=ADVANCED_FACE('',(#4023),#337,.T.);
#4370=ADVANCED_FACE('',(#4024),#4182,.T.);
#4371=ADVANCED_FACE('',(#4025),#338,.T.);
#4372=ADVANCED_FACE('',(#4026),#4183,.T.);
#4373=ADVANCED_FACE('',(#4027),#339,.T.);
#4374=ADVANCED_FACE('',(#4028),#4184,.T.);
#4375=ADVANCED_FACE('',(#4029),#340,.T.);
#4376=ADVANCED_FACE('',(#4030),#4185,.T.);
#4377=ADVANCED_FACE('',(#4031),#341,.T.);
#4378=ADVANCED_FACE('',(#4032),#4186,.T.);
#4379=ADVANCED_FACE('',(#4033),#4187,.T.);
#4380=ADVANCED_FACE('',(#4034),#342,.T.);
#4381=ADVANCED_FACE('',(#4035),#4188,.T.);
#4382=ADVANCED_FACE('',(#4036),#343,.T.);
#4383=ADVANCED_FACE('',(#4037),#4189,.F.);
#4384=ADVANCED_FACE('',(#4038),#344,.T.);
#4385=ADVANCED_FACE('',(#4039),#4190,.F.);
#4386=ADVANCED_FACE('',(#4040),#345,.F.);
#4387=ADVANCED_FACE('',(#4041),#4191,.F.);
#4388=ADVANCED_FACE('',(#4042),#346,.F.);
#4389=ADVANCED_FACE('',(#4043),#4192,.F.);
#4390=ADVANCED_FACE('',(#4044),#347,.T.);
#4391=ADVANCED_FACE('',(#4045),#4193,.F.);
#4392=ADVANCED_FACE('',(#4046),#348,.F.);
#4393=ADVANCED_FACE('',(#4047),#4194,.F.);
#4394=ADVANCED_FACE('',(#4048),#349,.F.);
#4395=ADVANCED_FACE('',(#4049),#4195,.F.);
#4396=ADVANCED_FACE('',(#4050),#350,.F.);
#4397=ADVANCED_FACE('',(#4051),#4196,.F.);
#4398=ADVANCED_FACE('',(#4052),#351,.F.);
#4399=ADVANCED_FACE('',(#4053),#4197,.F.);
#4400=ADVANCED_FACE('',(#4054),#352,.F.);
#4401=ADVANCED_FACE('',(#4055),#4198,.F.);
#4402=ADVANCED_FACE('',(#4056),#353,.T.);
#4403=ADVANCED_FACE('',(#4057),#4199,.F.);
#4404=ADVANCED_FACE('',(#4058),#354,.F.);
#4405=ADVANCED_FACE('',(#4059),#4200,.T.);
#4406=ADVANCED_FACE('',(#4060,#4061,#4062,#4063,#4064,#4065),#4201,.T.);
#4407=ADVANCED_FACE('',(#4066,#4067),#355,.F.);
#4408=ADVANCED_FACE('',(#4068,#4069),#356,.F.);
#4409=ADVANCED_FACE('',(#4070,#4071),#357,.F.);
#4410=ADVANCED_FACE('',(#4072,#4073),#358,.F.);
#4411=ADVANCED_FACE('',(#4074,#4075),#359,.F.);
#4412=ADVANCED_FACE('',(#4076,#4077),#360,.F.);
#4413=ADVANCED_FACE('',(#4078),#361,.F.);
#4414=ADVANCED_FACE('',(#4079),#362,.F.);
#4415=ADVANCED_FACE('',(#4080),#363,.F.);
#4416=ADVANCED_FACE('',(#4081),#364,.F.);
#4417=ADVANCED_FACE('',(#4082),#365,.F.);
#4418=ADVANCED_FACE('',(#4083),#366,.F.);
#4419=ADVANCED_FACE('',(#4084),#367,.F.);
#4420=ADVANCED_FACE('',(#4085),#368,.F.);
#4421=ADVANCED_FACE('',(#4086),#369,.F.);
#4422=ADVANCED_FACE('',(#4087),#370,.T.);
#4423=ADVANCED_FACE('',(#4088),#371,.F.);
#4424=ADVANCED_FACE('',(#4089),#372,.T.);
#4425=ADVANCED_FACE('',(#4090),#373,.F.);
#4426=ADVANCED_FACE('',(#4091),#374,.T.);
#4427=ADVANCED_FACE('',(#4092),#375,.T.);
#4428=ADVANCED_FACE('',(#4093),#376,.T.);
#4429=CLOSED_SHELL('',(#4202,#4203,#4204,#4205,#4206,#4207,#4208,#4209,
#4210,#4211,#4212,#4213,#4214,#4215,#4216,#4217,#4218,#4219,#4220,#4221,
#4222,#4223,#4224,#4225,#4226,#4227,#4228,#4229,#4230,#4231,#4232,#4233,
#4234,#4235,#4236,#4237,#4238,#4239,#4240,#4241,#4242,#4243,#4244,#4245,
#4246,#4247,#4248,#4249,#4250,#4251,#4252,#4253,#4254,#4255,#4256,#4257,
#4258,#4259,#4260,#4261,#4262,#4263,#4264,#4265,#4266,#4267,#4268,#4269,
#4270,#4271,#4272,#4273,#4274,#4275,#4276,#4277,#4278,#4279,#4280,#4281,
#4282,#4283,#4284,#4285,#4286,#4287,#4288,#4289,#4290,#4291));
#4430=CLOSED_SHELL('',(#4292,#4293,#4294,#4295,#4296,#4297,#4298,#4299,
#4300,#4301,#4302,#4303,#4304,#4305,#4306,#4307,#4308,#4309,#4310,#4311,
#4312));
#4431=CLOSED_SHELL('',(#4313,#4314,#4315,#4316,#4317,#4318,#4319,#4320,
#4321,#4322,#4323,#4324,#4325,#4326,#4327,#4328,#4329,#4330,#4331,#4332,
#4333,#4334,#4335,#4336,#4337,#4338,#4339));
#4432=CLOSED_SHELL('',(#4340,#4341,#4342,#4343,#4344,#4345,#4346,#4347,
#4348,#4349,#4350,#4351,#4352,#4353,#4354,#4355,#4356,#4357,#4358,#4359,
#4360,#4361,#4362,#4363,#4364,#4365,#4366,#4367,#4368,#4369,#4370,#4371,
#4372,#4373,#4374,#4375,#4376,#4377,#4378,#4379,#4380,#4381,#4382,#4383,
#4384,#4385,#4386,#4387,#4388,#4389,#4390,#4391,#4392,#4393,#4394,#4395,
#4396,#4397,#4398,#4399,#4400,#4401,#4402,#4403,#4404,#4405,#4406,#4407,
#4408,#4409,#4410,#4411,#4412,#4413,#4414,#4415,#4416,#4417,#4418,#4419,
#4420,#4421,#4422,#4423,#4424,#4425,#4426,#4427,#4428));
#4433=STYLED_ITEM('',(#4437),#4462);
#4434=STYLED_ITEM('',(#4438),#4463);
#4435=STYLED_ITEM('',(#4439),#4464);
#4436=STYLED_ITEM('',(#4440),#4465);
#4437=PRESENTATION_STYLE_ASSIGNMENT((#4441));
#4438=PRESENTATION_STYLE_ASSIGNMENT((#4442));
#4439=PRESENTATION_STYLE_ASSIGNMENT((#4443));
#4440=PRESENTATION_STYLE_ASSIGNMENT((#4444));
#4441=SURFACE_STYLE_USAGE(.BOTH.,#4445);
#4442=SURFACE_STYLE_USAGE(.BOTH.,#4446);
#4443=SURFACE_STYLE_USAGE(.BOTH.,#4447);
#4444=SURFACE_STYLE_USAGE(.BOTH.,#4448);
#4445=SURFACE_SIDE_STYLE('',(#4449));
#4446=SURFACE_SIDE_STYLE('',(#4450));
#4447=SURFACE_SIDE_STYLE('',(#4451));
#4448=SURFACE_SIDE_STYLE('',(#4452));
#4449=SURFACE_STYLE_FILL_AREA(#4453);
#4450=SURFACE_STYLE_FILL_AREA(#4454);
#4451=SURFACE_STYLE_FILL_AREA(#4455);
#4452=SURFACE_STYLE_FILL_AREA(#4456);
#4453=FILL_AREA_STYLE('',(#4457));
#4454=FILL_AREA_STYLE('',(#4458));
#4455=FILL_AREA_STYLE('',(#4459));
#4456=FILL_AREA_STYLE('',(#4460));
#4457=FILL_AREA_STYLE_COLOUR('',#4461);
#4458=FILL_AREA_STYLE_COLOUR('',#4461);
#4459=FILL_AREA_STYLE_COLOUR('',#4461);
#4460=FILL_AREA_STYLE_COLOUR('',#4461);
#4461=COLOUR_RGB('',0.647058823529412,0.647058823529412,0.647058823529412);
#4462=MANIFOLD_SOLID_BREP('Right Top Mount',#4429);
#4463=MANIFOLD_SOLID_BREP('Right Bottom Mount',#4430);
#4464=MANIFOLD_SOLID_BREP('Left Bottom Mount',#4431);
#4465=MANIFOLD_SOLID_BREP('Left Top Mount',#4432);
#4466=SHAPE_DEFINITION_REPRESENTATION(#7600,#4470);
#4467=SHAPE_DEFINITION_REPRESENTATION(#7601,#4471);
#4468=SHAPE_DEFINITION_REPRESENTATION(#7602,#4472);
#4469=SHAPE_DEFINITION_REPRESENTATION(#7603,#4473);
#4470=SHAPE_REPRESENTATION('Right Top Mount',(#4474),#7580);
#4471=SHAPE_REPRESENTATION('Right Bottom Mount',(#4659),#7581);
#4472=SHAPE_REPRESENTATION('Left Bottom Mount',(#4697),#7582);
#4473=SHAPE_REPRESENTATION('Left Top Mount',(#4753),#7583);
#4474=AXIS2_PLACEMENT_3D('',#6278,#4945,#4946);
#4475=AXIS2_PLACEMENT_3D('',#6279,#4947,#4948);
#4476=AXIS2_PLACEMENT_3D('',#6288,#4953,#4954);
#4477=AXIS2_PLACEMENT_3D('',#6297,#4959,#4960);
#4478=AXIS2_PLACEMENT_3D('',#6306,#4965,#4966);
#4479=AXIS2_PLACEMENT_3D('',#6315,#4971,#4972);
#4480=AXIS2_PLACEMENT_3D('',#6316,#4973,#4974);
#4481=AXIS2_PLACEMENT_3D('',#6320,#4976,#4977);
#4482=AXIS2_PLACEMENT_3D('',#6321,#4978,#4979);
#4483=AXIS2_PLACEMENT_3D('',#6327,#4983,#4984);
#4484=AXIS2_PLACEMENT_3D('',#6336,#4989,#4990);
#4485=AXIS2_PLACEMENT_3D('',#6337,#4991,#4992);
#4486=AXIS2_PLACEMENT_3D('',#6341,#4994,#4995);
#4487=AXIS2_PLACEMENT_3D('',#6342,#4996,#4997);
#4488=AXIS2_PLACEMENT_3D('',#6348,#5001,#5002);
#4489=AXIS2_PLACEMENT_3D('',#6357,#5007,#5008);
#4490=AXIS2_PLACEMENT_3D('',#6366,#5013,#5014);
#4491=AXIS2_PLACEMENT_3D('',#6375,#5019,#5020);
#4492=AXIS2_PLACEMENT_3D('',#6384,#5025,#5026);
#4493=AXIS2_PLACEMENT_3D('',#6393,#5031,#5032);
#4494=AXIS2_PLACEMENT_3D('',#6394,#5033,#5034);
#4495=AXIS2_PLACEMENT_3D('',#6399,#5036,#5037);
#4496=AXIS2_PLACEMENT_3D('',#6402,#5039,#5040);
#4497=AXIS2_PLACEMENT_3D('',#6408,#5044,#5045);
#4498=AXIS2_PLACEMENT_3D('',#6414,#5049,#5050);
#4499=AXIS2_PLACEMENT_3D('',#6423,#5055,#5056);
#4500=AXIS2_PLACEMENT_3D('',#6432,#5061,#5062);
#4501=AXIS2_PLACEMENT_3D('',#6441,#5067,#5068);
#4502=AXIS2_PLACEMENT_3D('',#6442,#5069,#5070);
#4503=AXIS2_PLACEMENT_3D('',#6444,#5071,#5072);
#4504=AXIS2_PLACEMENT_3D('',#6446,#5073,#5074);
#4505=AXIS2_PLACEMENT_3D('',#6447,#5075,#5076);
#4506=AXIS2_PLACEMENT_3D('',#6449,#5077,#5078);
#4507=AXIS2_PLACEMENT_3D('',#6451,#5079,#5080);
#4508=AXIS2_PLACEMENT_3D('',#6452,#5081,#5082);
#4509=AXIS2_PLACEMENT_3D('',#6454,#5083,#5084);
#4510=AXIS2_PLACEMENT_3D('',#6456,#5085,#5086);
#4511=AXIS2_PLACEMENT_3D('',#6462,#5090,#5091);
#4512=AXIS2_PLACEMENT_3D('',#6463,#5092,#5093);
#4513=AXIS2_PLACEMENT_3D('',#6465,#5094,#5095);
#4514=AXIS2_PLACEMENT_3D('',#6467,#5096,#5097);
#4515=AXIS2_PLACEMENT_3D('',#6468,#5098,#5099);
#4516=AXIS2_PLACEMENT_3D('',#6470,#5100,#5101);
#4517=AXIS2_PLACEMENT_3D('',#6472,#5102,#5103);
#4518=AXIS2_PLACEMENT_3D('',#6473,#5104,#5105);
#4519=AXIS2_PLACEMENT_3D('',#6475,#5106,#5107);
#4520=AXIS2_PLACEMENT_3D('',#6477,#5108,#5109);
#4521=AXIS2_PLACEMENT_3D('',#6478,#5110,#5111);
#4522=AXIS2_PLACEMENT_3D('',#6480,#5112,#5113);
#4523=AXIS2_PLACEMENT_3D('',#6482,#5114,#5115);
#4524=AXIS2_PLACEMENT_3D('',#6483,#5116,#5117);
#4525=AXIS2_PLACEMENT_3D('',#6484,#5118,#5119);
#4526=AXIS2_PLACEMENT_3D('',#6485,#5120,#5121);
#4527=AXIS2_PLACEMENT_3D('',#6486,#5122,#5123);
#4528=AXIS2_PLACEMENT_3D('',#6487,#5124,#5125);
#4529=AXIS2_PLACEMENT_3D('',#6488,#5126,#5127);
#4530=AXIS2_PLACEMENT_3D('',#6489,#5128,#5129);
#4531=AXIS2_PLACEMENT_3D('',#6491,#5130,#5131);
#4532=AXIS2_PLACEMENT_3D('',#6493,#5132,#5133);
#4533=AXIS2_PLACEMENT_3D('',#6494,#5134,#5135);
#4534=AXIS2_PLACEMENT_3D('',#6496,#5136,#5137);
#4535=AXIS2_PLACEMENT_3D('',#6497,#5138,#5139);
#4536=AXIS2_PLACEMENT_3D('',#6498,#5140,#5141);
#4537=AXIS2_PLACEMENT_3D('',#6499,#5142,#5143);
#4538=AXIS2_PLACEMENT_3D('',#6500,#5144,#5145);
#4539=AXIS2_PLACEMENT_3D('',#6501,#5146,#5147);
#4540=AXIS2_PLACEMENT_3D('',#6507,#5150,#5151);
#4541=AXIS2_PLACEMENT_3D('',#6513,#5154,#5155);
#4542=AXIS2_PLACEMENT_3D('',#6517,#5157,#5158);
#4543=AXIS2_PLACEMENT_3D('',#6521,#5160,#5161);
#4544=AXIS2_PLACEMENT_3D('',#6525,#5163,#5164);
#4545=AXIS2_PLACEMENT_3D('',#6529,#5166,#5167);
#4546=AXIS2_PLACEMENT_3D('',#6535,#5170,#5171);
#4547=AXIS2_PLACEMENT_3D('',#6539,#5173,#5174);
#4548=AXIS2_PLACEMENT_3D('',#6540,#5175,#5176);
#4549=AXIS2_PLACEMENT_3D('',#6541,#5177,#5178);
#4550=AXIS2_PLACEMENT_3D('',#6546,#5180,#5181);
#4551=AXIS2_PLACEMENT_3D('',#6550,#5183,#5184);
#4552=AXIS2_PLACEMENT_3D('',#6554,#5186,#5187);
#4553=AXIS2_PLACEMENT_3D('',#6558,#5189,#5190);
#4554=AXIS2_PLACEMENT_3D('',#6562,#5192,#5193);
#4555=AXIS2_PLACEMENT_3D('',#6566,#5195,#5196);
#4556=AXIS2_PLACEMENT_3D('',#6570,#5198,#5199);
#4557=AXIS2_PLACEMENT_3D('',#6574,#5201,#5202);
#4558=AXIS2_PLACEMENT_3D('',#6578,#5204,#5205);
#4559=AXIS2_PLACEMENT_3D('',#6582,#5207,#5208);
#4560=AXIS2_PLACEMENT_3D('',#6585,#5210,#5211);
#4561=AXIS2_PLACEMENT_3D('',#6587,#5212,#5213);
#4562=AXIS2_PLACEMENT_3D('',#6589,#5214,#5215);
#4563=AXIS2_PLACEMENT_3D('',#6590,#5216,#5217);
#4564=AXIS2_PLACEMENT_3D('',#6591,#5218,#5219);
#4565=AXIS2_PLACEMENT_3D('',#6592,#5220,#5221);
#4566=AXIS2_PLACEMENT_3D('',#6593,#5222,#5223);
#4567=AXIS2_PLACEMENT_3D('',#6594,#5224,#5225);
#4568=AXIS2_PLACEMENT_3D('',#6595,#5226,#5227);
#4569=AXIS2_PLACEMENT_3D('',#6597,#5228,#5229);
#4570=AXIS2_PLACEMENT_3D('',#6598,#5230,#5231);
#4571=AXIS2_PLACEMENT_3D('',#6600,#5232,#5233);
#4572=AXIS2_PLACEMENT_3D('',#6602,#5234,#5235);
#4573=AXIS2_PLACEMENT_3D('',#6603,#5236,#5237);
#4574=AXIS2_PLACEMENT_3D('',#6604,#5238,#5239);
#4575=AXIS2_PLACEMENT_3D('',#6605,#5240,#5241);
#4576=AXIS2_PLACEMENT_3D('',#6606,#5242,#5243);
#4577=AXIS2_PLACEMENT_3D('',#6607,#5244,#5245);
#4578=AXIS2_PLACEMENT_3D('',#6608,#5246,#5247);
#4579=AXIS2_PLACEMENT_3D('',#6609,#5248,#5249);
#4580=AXIS2_PLACEMENT_3D('',#6615,#5253,#5254);
#4581=AXIS2_PLACEMENT_3D('',#6618,#5256,#5257);
#4582=AXIS2_PLACEMENT_3D('',#6619,#5258,#5259);
#4583=AXIS2_PLACEMENT_3D('',#6623,#5262,#5263);
#4584=AXIS2_PLACEMENT_3D('',#6629,#5267,#5268);
#4585=AXIS2_PLACEMENT_3D('',#6632,#5270,#5271);
#4586=AXIS2_PLACEMENT_3D('',#6633,#5272,#5273);
#4587=AXIS2_PLACEMENT_3D('',#6637,#5276,#5277);
#4588=AXIS2_PLACEMENT_3D('',#6643,#5281,#5282);
#4589=AXIS2_PLACEMENT_3D('',#6646,#5284,#5285);
#4590=AXIS2_PLACEMENT_3D('',#6647,#5286,#5287);
#4591=AXIS2_PLACEMENT_3D('',#6651,#5290,#5291);
#4592=AXIS2_PLACEMENT_3D('',#6657,#5295,#5296);
#4593=AXIS2_PLACEMENT_3D('',#6658,#5297,#5298);
#4594=AXIS2_PLACEMENT_3D('',#6659,#5299,#5300);
#4595=AXIS2_PLACEMENT_3D('',#6660,#5301,#5302);
#4596=AXIS2_PLACEMENT_3D('',#6661,#5303,#5304);
#4597=AXIS2_PLACEMENT_3D('',#6662,#5305,#5306);
#4598=AXIS2_PLACEMENT_3D('',#6665,#5308,#5309);
#4599=AXIS2_PLACEMENT_3D('',#6669,#5312,#5313);
#4600=AXIS2_PLACEMENT_3D('',#6670,#5314,#5315);
#4601=AXIS2_PLACEMENT_3D('',#6671,#5316,#5317);
#4602=AXIS2_PLACEMENT_3D('',#6672,#5318,#5319);
#4603=AXIS2_PLACEMENT_3D('',#6675,#5321,#5322);
#4604=AXIS2_PLACEMENT_3D('',#6679,#5325,#5326);
#4605=AXIS2_PLACEMENT_3D('',#6680,#5327,#5328);
#4606=AXIS2_PLACEMENT_3D('',#6683,#5330,#5331);
#4607=AXIS2_PLACEMENT_3D('',#6687,#5334,#5335);
#4608=AXIS2_PLACEMENT_3D('',#6688,#5336,#5337);
#4609=AXIS2_PLACEMENT_3D('',#6691,#5339,#5340);
#4610=AXIS2_PLACEMENT_3D('',#6695,#5343,#5344);
#4611=AXIS2_PLACEMENT_3D('',#6701,#5348,#5349);
#4612=AXIS2_PLACEMENT_3D('',#6705,#5352,#5353);
#4613=AXIS2_PLACEMENT_3D('',#6706,#5354,#5355);
#4614=AXIS2_PLACEMENT_3D('',#6709,#5357,#5358);
#4615=AXIS2_PLACEMENT_3D('',#6713,#5361,#5362);
#4616=AXIS2_PLACEMENT_3D('',#6717,#5365,#5366);
#4617=AXIS2_PLACEMENT_3D('',#6718,#5367,#5368);
#4618=AXIS2_PLACEMENT_3D('',#6721,#5370,#5371);
#4619=AXIS2_PLACEMENT_3D('',#6725,#5374,#5375);
#4620=AXIS2_PLACEMENT_3D('',#6726,#5376,#5377);
#4621=AXIS2_PLACEMENT_3D('',#6729,#5379,#5380);
#4622=AXIS2_PLACEMENT_3D('',#6733,#5383,#5384);
#4623=AXIS2_PLACEMENT_3D('',#6734,#5385,#5386);
#4624=AXIS2_PLACEMENT_3D('',#6737,#5388,#5389);
#4625=AXIS2_PLACEMENT_3D('',#6741,#5392,#5393);
#4626=AXIS2_PLACEMENT_3D('',#6742,#5394,#5395);
#4627=AXIS2_PLACEMENT_3D('',#6745,#5397,#5398);
#4628=AXIS2_PLACEMENT_3D('',#6749,#5401,#5402);
#4629=AXIS2_PLACEMENT_3D('',#6750,#5403,#5404);
#4630=AXIS2_PLACEMENT_3D('',#6753,#5406,#5407);
#4631=AXIS2_PLACEMENT_3D('',#6757,#5410,#5411);
#4632=AXIS2_PLACEMENT_3D('',#6761,#5414,#5415);
#4633=AXIS2_PLACEMENT_3D('',#6762,#5416,#5417);
#4634=AXIS2_PLACEMENT_3D('',#6765,#5419,#5420);
#4635=AXIS2_PLACEMENT_3D('',#6769,#5423,#5424);
#4636=AXIS2_PLACEMENT_3D('',#6770,#5425,#5426);
#4637=AXIS2_PLACEMENT_3D('',#6771,#5427,#5428);
#4638=AXIS2_PLACEMENT_3D('',#6772,#5429,#5430);
#4639=AXIS2_PLACEMENT_3D('',#6773,#5431,#5432);
#4640=AXIS2_PLACEMENT_3D('',#6774,#5433,#5434);
#4641=AXIS2_PLACEMENT_3D('',#6775,#5435,#5436);
#4642=AXIS2_PLACEMENT_3D('',#6776,#5437,#5438);
#4643=AXIS2_PLACEMENT_3D('',#6778,#5440,#5441);
#4644=AXIS2_PLACEMENT_3D('',#6780,#5443,#5444);
#4645=AXIS2_PLACEMENT_3D('',#6781,#5445,#5446);
#4646=AXIS2_PLACEMENT_3D('',#6782,#5447,#5448);
#4647=AXIS2_PLACEMENT_3D('',#6783,#5449,#5450);
#4648=AXIS2_PLACEMENT_3D('',#6784,#5451,#5452);
#4649=AXIS2_PLACEMENT_3D('',#6786,#5454,#5455);
#4650=AXIS2_PLACEMENT_3D('',#6789,#5458,#5459);
#4651=AXIS2_PLACEMENT_3D('',#6790,#5460,#5461);
#4652=AXIS2_PLACEMENT_3D('',#6791,#5462,#5463);
#4653=AXIS2_PLACEMENT_3D('',#6792,#5464,#5465);
#4654=AXIS2_PLACEMENT_3D('',#6793,#5466,#5467);
#4655=AXIS2_PLACEMENT_3D('',#6794,#5468,#5469);
#4656=AXIS2_PLACEMENT_3D('',#6795,#5470,#5471);
#4657=AXIS2_PLACEMENT_3D('',#6796,#5472,#5473);
#4658=AXIS2_PLACEMENT_3D('',#6797,#5474,#5475);
#4659=AXIS2_PLACEMENT_3D('',#6798,#5476,#5477);
#4660=AXIS2_PLACEMENT_3D('',#6799,#5478,#5479);
#4661=AXIS2_PLACEMENT_3D('',#6808,#5484,#5485);
#4662=AXIS2_PLACEMENT_3D('',#6814,#5489,#5490);
#4663=AXIS2_PLACEMENT_3D('',#6815,#5491,#5492);
#4664=AXIS2_PLACEMENT_3D('',#6819,#5494,#5495);
#4665=AXIS2_PLACEMENT_3D('',#6820,#5496,#5497);
#4666=AXIS2_PLACEMENT_3D('',#6826,#5501,#5502);
#4667=AXIS2_PLACEMENT_3D('',#6832,#5506,#5507);
#4668=AXIS2_PLACEMENT_3D('',#6833,#5508,#5509);
#4669=AXIS2_PLACEMENT_3D('',#6837,#5511,#5512);
#4670=AXIS2_PLACEMENT_3D('',#6838,#5513,#5514);
#4671=AXIS2_PLACEMENT_3D('',#6844,#5518,#5519);
#4672=AXIS2_PLACEMENT_3D('',#6845,#5520,#5521);
#4673=AXIS2_PLACEMENT_3D('',#6849,#5523,#5524);
#4674=AXIS2_PLACEMENT_3D('',#6850,#5525,#5526);
#4675=AXIS2_PLACEMENT_3D('',#6856,#5530,#5531);
#4676=AXIS2_PLACEMENT_3D('',#6857,#5532,#5533);
#4677=AXIS2_PLACEMENT_3D('',#6861,#5535,#5536);
#4678=AXIS2_PLACEMENT_3D('',#6862,#5537,#5538);
#4679=AXIS2_PLACEMENT_3D('',#6868,#5542,#5543);
#4680=AXIS2_PLACEMENT_3D('',#6869,#5544,#5545);
#4681=AXIS2_PLACEMENT_3D('',#6873,#5547,#5548);
#4682=AXIS2_PLACEMENT_3D('',#6874,#5549,#5550);
#4683=AXIS2_PLACEMENT_3D('',#6880,#5554,#5555);
#4684=AXIS2_PLACEMENT_3D('',#6881,#5556,#5557);
#4685=AXIS2_PLACEMENT_3D('',#6885,#5559,#5560);
#4686=AXIS2_PLACEMENT_3D('',#6886,#5561,#5562);
#4687=AXIS2_PLACEMENT_3D('',#6892,#5566,#5567);
#4688=AXIS2_PLACEMENT_3D('',#6898,#5571,#5572);
#4689=AXIS2_PLACEMENT_3D('',#6899,#5573,#5574);
#4690=AXIS2_PLACEMENT_3D('',#6903,#5576,#5577);
#4691=AXIS2_PLACEMENT_3D('',#6904,#5578,#5579);
#4692=AXIS2_PLACEMENT_3D('',#6910,#5583,#5584);
#4693=AXIS2_PLACEMENT_3D('',#6911,#5585,#5586);
#4694=AXIS2_PLACEMENT_3D('',#6912,#5587,#5588);
#4695=AXIS2_PLACEMENT_3D('',#6913,#5589,#5590);
#4696=AXIS2_PLACEMENT_3D('',#6914,#5591,#5592);
#4697=AXIS2_PLACEMENT_3D('',#6915,#5593,#5594);
#4698=AXIS2_PLACEMENT_3D('',#6916,#5595,#5596);
#4699=AXIS2_PLACEMENT_3D('',#6925,#5601,#5602);
#4700=AXIS2_PLACEMENT_3D('',#6926,#5603,#5604);
#4701=AXIS2_PLACEMENT_3D('',#6930,#5606,#5607);
#4702=AXIS2_PLACEMENT_3D('',#6931,#5608,#5609);
#4703=AXIS2_PLACEMENT_3D('',#6937,#5613,#5614);
#4704=AXIS2_PLACEMENT_3D('',#6943,#5618,#5619);
#4705=AXIS2_PLACEMENT_3D('',#6944,#5620,#5621);
#4706=AXIS2_PLACEMENT_3D('',#6948,#5623,#5624);
#4707=AXIS2_PLACEMENT_3D('',#6949,#5625,#5626);
#4708=AXIS2_PLACEMENT_3D('',#6955,#5630,#5631);
#4709=AXIS2_PLACEMENT_3D('',#6956,#5632,#5633);
#4710=AXIS2_PLACEMENT_3D('',#6960,#5635,#5636);
#4711=AXIS2_PLACEMENT_3D('',#6961,#5637,#5638);
#4712=AXIS2_PLACEMENT_3D('',#6967,#5642,#5643);
#4713=AXIS2_PLACEMENT_3D('',#6968,#5644,#5645);
#4714=AXIS2_PLACEMENT_3D('',#6972,#5647,#5648);
#4715=AXIS2_PLACEMENT_3D('',#6973,#5649,#5650);
#4716=AXIS2_PLACEMENT_3D('',#6979,#5654,#5655);
#4717=AXIS2_PLACEMENT_3D('',#6980,#5656,#5657);
#4718=AXIS2_PLACEMENT_3D('',#6984,#5659,#5660);
#4719=AXIS2_PLACEMENT_3D('',#6985,#5661,#5662);
#4720=AXIS2_PLACEMENT_3D('',#6991,#5666,#5667);
#4721=AXIS2_PLACEMENT_3D('',#6992,#5668,#5669);
#4722=AXIS2_PLACEMENT_3D('',#6996,#5671,#5672);
#4723=AXIS2_PLACEMENT_3D('',#6997,#5673,#5674);
#4724=AXIS2_PLACEMENT_3D('',#7003,#5678,#5679);
#4725=AXIS2_PLACEMENT_3D('',#7009,#5683,#5684);
#4726=AXIS2_PLACEMENT_3D('',#7010,#5685,#5686);
#4727=AXIS2_PLACEMENT_3D('',#7014,#5688,#5689);
#4728=AXIS2_PLACEMENT_3D('',#7015,#5690,#5691);
#4729=AXIS2_PLACEMENT_3D('',#7021,#5695,#5696);
#4730=AXIS2_PLACEMENT_3D('',#7022,#5697,#5698);
#4731=AXIS2_PLACEMENT_3D('',#7026,#5700,#5701);
#4732=AXIS2_PLACEMENT_3D('',#7027,#5702,#5703);
#4733=AXIS2_PLACEMENT_3D('',#7030,#5706,#5707);
#4734=AXIS2_PLACEMENT_3D('',#7031,#5708,#5709);
#4735=AXIS2_PLACEMENT_3D('',#7033,#5710,#5711);
#4736=AXIS2_PLACEMENT_3D('',#7035,#5712,#5713);
#4737=AXIS2_PLACEMENT_3D('',#7037,#5714,#5715);
#4738=AXIS2_PLACEMENT_3D('',#7039,#5716,#5717);
#4739=AXIS2_PLACEMENT_3D('',#7041,#5718,#5719);
#4740=AXIS2_PLACEMENT_3D('',#7043,#5720,#5721);
#4741=AXIS2_PLACEMENT_3D('',#7044,#5722,#5723);
#4742=AXIS2_PLACEMENT_3D('',#7046,#5724,#5725);
#4743=AXIS2_PLACEMENT_3D('',#7048,#5726,#5727);
#4744=AXIS2_PLACEMENT_3D('',#7050,#5728,#5729);
#4745=AXIS2_PLACEMENT_3D('',#7052,#5730,#5731);
#4746=AXIS2_PLACEMENT_3D('',#7054,#5732,#5733);
#4747=AXIS2_PLACEMENT_3D('',#7056,#5734,#5735);
#4748=AXIS2_PLACEMENT_3D('',#7057,#5736,#5737);
#4749=AXIS2_PLACEMENT_3D('',#7058,#5738,#5739);
#4750=AXIS2_PLACEMENT_3D('',#7059,#5740,#5741);
#4751=AXIS2_PLACEMENT_3D('',#7060,#5742,#5743);
#4752=AXIS2_PLACEMENT_3D('',#7061,#5744,#5745);
#4753=AXIS2_PLACEMENT_3D('',#7062,#5746,#5747);
#4754=AXIS2_PLACEMENT_3D('',#7063,#5748,#5749);
#4755=AXIS2_PLACEMENT_3D('',#7072,#5754,#5755);
#4756=AXIS2_PLACEMENT_3D('',#7081,#5760,#5761);
#4757=AXIS2_PLACEMENT_3D('',#7090,#5766,#5767);
#4758=AXIS2_PLACEMENT_3D('',#7099,#5772,#5773);
#4759=AXIS2_PLACEMENT_3D('',#7100,#5774,#5775);
#4760=AXIS2_PLACEMENT_3D('',#7104,#5777,#5778);
#4761=AXIS2_PLACEMENT_3D('',#7105,#5779,#5780);
#4762=AXIS2_PLACEMENT_3D('',#7111,#5784,#5785);
#4763=AXIS2_PLACEMENT_3D('',#7120,#5790,#5791);
#4764=AXIS2_PLACEMENT_3D('',#7121,#5792,#5793);
#4765=AXIS2_PLACEMENT_3D('',#7125,#5795,#5796);
#4766=AXIS2_PLACEMENT_3D('',#7126,#5797,#5798);
#4767=AXIS2_PLACEMENT_3D('',#7132,#5802,#5803);
#4768=AXIS2_PLACEMENT_3D('',#7141,#5808,#5809);
#4769=AXIS2_PLACEMENT_3D('',#7147,#5813,#5814);
#4770=AXIS2_PLACEMENT_3D('',#7156,#5819,#5820);
#4771=AXIS2_PLACEMENT_3D('',#7165,#5825,#5826);
#4772=AXIS2_PLACEMENT_3D('',#7174,#5831,#5832);
#4773=AXIS2_PLACEMENT_3D('',#7175,#5833,#5834);
#4774=AXIS2_PLACEMENT_3D('',#7180,#5836,#5837);
#4775=AXIS2_PLACEMENT_3D('',#7183,#5839,#5840);
#4776=AXIS2_PLACEMENT_3D('',#7189,#5844,#5845);
#4777=AXIS2_PLACEMENT_3D('',#7198,#5850,#5851);
#4778=AXIS2_PLACEMENT_3D('',#7199,#5852,#5853);
#4779=AXIS2_PLACEMENT_3D('',#7201,#5854,#5855);
#4780=AXIS2_PLACEMENT_3D('',#7203,#5856,#5857);
#4781=AXIS2_PLACEMENT_3D('',#7204,#5858,#5859);
#4782=AXIS2_PLACEMENT_3D('',#7206,#5860,#5861);
#4783=AXIS2_PLACEMENT_3D('',#7208,#5862,#5863);
#4784=AXIS2_PLACEMENT_3D('',#7209,#5864,#5865);
#4785=AXIS2_PLACEMENT_3D('',#7211,#5866,#5867);
#4786=AXIS2_PLACEMENT_3D('',#7213,#5868,#5869);
#4787=AXIS2_PLACEMENT_3D('',#7214,#5870,#5871);
#4788=AXIS2_PLACEMENT_3D('',#7216,#5872,#5873);
#4789=AXIS2_PLACEMENT_3D('',#7218,#5874,#5875);
#4790=AXIS2_PLACEMENT_3D('',#7219,#5876,#5877);
#4791=AXIS2_PLACEMENT_3D('',#7221,#5878,#5879);
#4792=AXIS2_PLACEMENT_3D('',#7223,#5880,#5881);
#4793=AXIS2_PLACEMENT_3D('',#7224,#5882,#5883);
#4794=AXIS2_PLACEMENT_3D('',#7226,#5884,#5885);
#4795=AXIS2_PLACEMENT_3D('',#7228,#5886,#5887);
#4796=AXIS2_PLACEMENT_3D('',#7229,#5888,#5889);
#4797=AXIS2_PLACEMENT_3D('',#7234,#5891,#5892);
#4798=AXIS2_PLACEMENT_3D('',#7238,#5894,#5895);
#4799=AXIS2_PLACEMENT_3D('',#7240,#5896,#5897);
#4800=AXIS2_PLACEMENT_3D('',#7244,#5899,#5900);
#4801=AXIS2_PLACEMENT_3D('',#7248,#5902,#5903);
#4802=AXIS2_PLACEMENT_3D('',#7252,#5905,#5906);
#4803=AXIS2_PLACEMENT_3D('',#7256,#5908,#5909);
#4804=AXIS2_PLACEMENT_3D('',#7260,#5911,#5912);
#4805=AXIS2_PLACEMENT_3D('',#7264,#5914,#5915);
#4806=AXIS2_PLACEMENT_3D('',#7268,#5917,#5918);
#4807=AXIS2_PLACEMENT_3D('',#7272,#5920,#5921);
#4808=AXIS2_PLACEMENT_3D('',#7276,#5923,#5924);
#4809=AXIS2_PLACEMENT_3D('',#7277,#5925,#5926);
#4810=AXIS2_PLACEMENT_3D('',#7279,#5927,#5928);
#4811=AXIS2_PLACEMENT_3D('',#7281,#5929,#5930);
#4812=AXIS2_PLACEMENT_3D('',#7282,#5931,#5932);
#4813=AXIS2_PLACEMENT_3D('',#7283,#5933,#5934);
#4814=AXIS2_PLACEMENT_3D('',#7285,#5935,#5936);
#4815=AXIS2_PLACEMENT_3D('',#7286,#5937,#5938);
#4816=AXIS2_PLACEMENT_3D('',#7287,#5939,#5940);
#4817=AXIS2_PLACEMENT_3D('',#7289,#5941,#5942);
#4818=AXIS2_PLACEMENT_3D('',#7291,#5943,#5944);
#4819=AXIS2_PLACEMENT_3D('',#7292,#5945,#5946);
#4820=AXIS2_PLACEMENT_3D('',#7293,#5947,#5948);
#4821=AXIS2_PLACEMENT_3D('',#7294,#5949,#5950);
#4822=AXIS2_PLACEMENT_3D('',#7295,#5951,#5952);
#4823=AXIS2_PLACEMENT_3D('',#7296,#5953,#5954);
#4824=AXIS2_PLACEMENT_3D('',#7297,#5955,#5956);
#4825=AXIS2_PLACEMENT_3D('',#7298,#5957,#5958);
#4826=AXIS2_PLACEMENT_3D('',#7299,#5959,#5960);
#4827=AXIS2_PLACEMENT_3D('',#7301,#5961,#5962);
#4828=AXIS2_PLACEMENT_3D('',#7303,#5963,#5964);
#4829=AXIS2_PLACEMENT_3D('',#7305,#5965,#5966);
#4830=AXIS2_PLACEMENT_3D('',#7307,#5967,#5968);
#4831=AXIS2_PLACEMENT_3D('',#7309,#5969,#5970);
#4832=AXIS2_PLACEMENT_3D('',#7311,#5971,#5972);
#4833=AXIS2_PLACEMENT_3D('',#7313,#5973,#5974);
#4834=AXIS2_PLACEMENT_3D('',#7315,#5975,#5976);
#4835=AXIS2_PLACEMENT_3D('',#7316,#5977,#5978);
#4836=AXIS2_PLACEMENT_3D('',#7317,#5979,#5980);
#4837=AXIS2_PLACEMENT_3D('',#7318,#5981,#5982);
#4838=AXIS2_PLACEMENT_3D('',#7319,#5983,#5984);
#4839=AXIS2_PLACEMENT_3D('',#7320,#5985,#5986);
#4840=AXIS2_PLACEMENT_3D('',#7321,#5987,#5988);
#4841=AXIS2_PLACEMENT_3D('',#7322,#5989,#5990);
#4842=AXIS2_PLACEMENT_3D('',#7324,#5991,#5992);
#4843=AXIS2_PLACEMENT_3D('',#7326,#5993,#5994);
#4844=AXIS2_PLACEMENT_3D('',#7327,#5995,#5996);
#4845=AXIS2_PLACEMENT_3D('',#7328,#5997,#5998);
#4846=AXIS2_PLACEMENT_3D('',#7330,#5999,#6000);
#4847=AXIS2_PLACEMENT_3D('',#7331,#6001,#6002);
#4848=AXIS2_PLACEMENT_3D('',#7337,#6005,#6006);
#4849=AXIS2_PLACEMENT_3D('',#7341,#6008,#6009);
#4850=AXIS2_PLACEMENT_3D('',#7347,#6012,#6013);
#4851=AXIS2_PLACEMENT_3D('',#7351,#6015,#6016);
#4852=AXIS2_PLACEMENT_3D('',#7355,#6018,#6019);
#4853=AXIS2_PLACEMENT_3D('',#7359,#6021,#6022);
#4854=AXIS2_PLACEMENT_3D('',#7363,#6024,#6025);
#4855=AXIS2_PLACEMENT_3D('',#7369,#6028,#6029);
#4856=AXIS2_PLACEMENT_3D('',#7370,#6030,#6031);
#4857=AXIS2_PLACEMENT_3D('',#7376,#6035,#6036);
#4858=AXIS2_PLACEMENT_3D('',#7377,#6037,#6038);
#4859=AXIS2_PLACEMENT_3D('',#7380,#6040,#6041);
#4860=AXIS2_PLACEMENT_3D('',#7384,#6044,#6045);
#4861=AXIS2_PLACEMENT_3D('',#7388,#6048,#6049);
#4862=AXIS2_PLACEMENT_3D('',#7389,#6050,#6051);
#4863=AXIS2_PLACEMENT_3D('',#7392,#6053,#6054);
#4864=AXIS2_PLACEMENT_3D('',#7396,#6057,#6058);
#4865=AXIS2_PLACEMENT_3D('',#7397,#6059,#6060);
#4866=AXIS2_PLACEMENT_3D('',#7400,#6062,#6063);
#4867=AXIS2_PLACEMENT_3D('',#7404,#6066,#6067);
#4868=AXIS2_PLACEMENT_3D('',#7405,#6068,#6069);
#4869=AXIS2_PLACEMENT_3D('',#7408,#6071,#6072);
#4870=AXIS2_PLACEMENT_3D('',#7412,#6075,#6076);
#4871=AXIS2_PLACEMENT_3D('',#7413,#6077,#6078);
#4872=AXIS2_PLACEMENT_3D('',#7416,#6080,#6081);
#4873=AXIS2_PLACEMENT_3D('',#7420,#6084,#6085);
#4874=AXIS2_PLACEMENT_3D('',#7421,#6086,#6087);
#4875=AXIS2_PLACEMENT_3D('',#7424,#6089,#6090);
#4876=AXIS2_PLACEMENT_3D('',#7428,#6093,#6094);
#4877=AXIS2_PLACEMENT_3D('',#7432,#6097,#6098);
#4878=AXIS2_PLACEMENT_3D('',#7433,#6099,#6100);
#4879=AXIS2_PLACEMENT_3D('',#7436,#6102,#6103);
#4880=AXIS2_PLACEMENT_3D('',#7440,#6106,#6107);
#4881=AXIS2_PLACEMENT_3D('',#7441,#6108,#6109);
#4882=AXIS2_PLACEMENT_3D('',#7444,#6111,#6112);
#4883=AXIS2_PLACEMENT_3D('',#7450,#6116,#6117);
#4884=AXIS2_PLACEMENT_3D('',#7453,#6119,#6120);
#4885=AXIS2_PLACEMENT_3D('',#7454,#6121,#6122);
#4886=AXIS2_PLACEMENT_3D('',#7458,#6125,#6126);
#4887=AXIS2_PLACEMENT_3D('',#7461,#6128,#6129);
#4888=AXIS2_PLACEMENT_3D('',#7462,#6130,#6131);
#4889=AXIS2_PLACEMENT_3D('',#7466,#6134,#6135);
#4890=AXIS2_PLACEMENT_3D('',#7469,#6137,#6138);
#4891=AXIS2_PLACEMENT_3D('',#7470,#6139,#6140);
#4892=AXIS2_PLACEMENT_3D('',#7474,#6143,#6144);
#4893=AXIS2_PLACEMENT_3D('',#7477,#6146,#6147);
#4894=AXIS2_PLACEMENT_3D('',#7478,#6148,#6149);
#4895=AXIS2_PLACEMENT_3D('',#7482,#6152,#6153);
#4896=AXIS2_PLACEMENT_3D('',#7485,#6155,#6156);
#4897=AXIS2_PLACEMENT_3D('',#7486,#6157,#6158);
#4898=AXIS2_PLACEMENT_3D('',#7490,#6161,#6162);
#4899=AXIS2_PLACEMENT_3D('',#7493,#6164,#6165);
#4900=AXIS2_PLACEMENT_3D('',#7494,#6166,#6167);
#4901=AXIS2_PLACEMENT_3D('',#7498,#6170,#6171);
#4902=AXIS2_PLACEMENT_3D('',#7501,#6173,#6174);
#4903=AXIS2_PLACEMENT_3D('',#7502,#6175,#6176);
#4904=AXIS2_PLACEMENT_3D('',#7508,#6180,#6181);
#4905=AXIS2_PLACEMENT_3D('',#7511,#6183,#6184);
#4906=AXIS2_PLACEMENT_3D('',#7512,#6185,#6186);
#4907=AXIS2_PLACEMENT_3D('',#7516,#6189,#6190);
#4908=AXIS2_PLACEMENT_3D('',#7517,#6191,#6192);
#4909=AXIS2_PLACEMENT_3D('',#7522,#6195,#6196);
#4910=AXIS2_PLACEMENT_3D('',#7526,#6199,#6200);
#4911=AXIS2_PLACEMENT_3D('',#7529,#6202,#6203);
#4912=AXIS2_PLACEMENT_3D('',#7530,#6204,#6205);
#4913=AXIS2_PLACEMENT_3D('',#7534,#6208,#6209);
#4914=AXIS2_PLACEMENT_3D('',#7535,#6210,#6211);
#4915=AXIS2_PLACEMENT_3D('',#7536,#6212,#6213);
#4916=AXIS2_PLACEMENT_3D('',#7538,#6215,#6216);
#4917=AXIS2_PLACEMENT_3D('',#7539,#6217,#6218);
#4918=AXIS2_PLACEMENT_3D('',#7540,#6219,#6220);
#4919=AXIS2_PLACEMENT_3D('',#7541,#6221,#6222);
#4920=AXIS2_PLACEMENT_3D('',#7543,#6223,#6224);
#4921=AXIS2_PLACEMENT_3D('',#7545,#6225,#6226);
#4922=AXIS2_PLACEMENT_3D('',#7547,#6227,#6228);
#4923=AXIS2_PLACEMENT_3D('',#7549,#6229,#6230);
#4924=AXIS2_PLACEMENT_3D('',#7550,#6231,#6232);
#4925=AXIS2_PLACEMENT_3D('',#7551,#6233,#6234);
#4926=AXIS2_PLACEMENT_3D('',#7552,#6235,#6236);
#4927=AXIS2_PLACEMENT_3D('',#7553,#6237,#6238);
#4928=AXIS2_PLACEMENT_3D('',#7554,#6239,#6240);
#4929=AXIS2_PLACEMENT_3D('',#7555,#6241,#6242);
#4930=AXIS2_PLACEMENT_3D('',#7557,#6244,#6245);
#4931=AXIS2_PLACEMENT_3D('',#7558,#6246,#6247);
#4932=AXIS2_PLACEMENT_3D('',#7560,#6249,#6250);
#4933=AXIS2_PLACEMENT_3D('',#7561,#6251,#6252);
#4934=AXIS2_PLACEMENT_3D('',#7563,#6254,#6255);
#4935=AXIS2_PLACEMENT_3D('',#7565,#6257,#6258);
#4936=AXIS2_PLACEMENT_3D('',#7566,#6259,#6260);
#4937=AXIS2_PLACEMENT_3D('',#7568,#6262,#6263);
#4938=AXIS2_PLACEMENT_3D('',#7569,#6264,#6265);
#4939=AXIS2_PLACEMENT_3D('',#7570,#6266,#6267);
#4940=AXIS2_PLACEMENT_3D('',#7571,#6268,#6269);
#4941=AXIS2_PLACEMENT_3D('',#7572,#6270,#6271);
#4942=AXIS2_PLACEMENT_3D('',#7573,#6272,#6273);
#4943=AXIS2_PLACEMENT_3D('',#7574,#6274,#6275);
#4944=AXIS2_PLACEMENT_3D('',#7575,#6276,#6277);
#4945=DIRECTION('',(0.,0.,1.));
#4946=DIRECTION('',(1.,0.,0.));
#4947=DIRECTION('',(0.709668096380874,0.,-0.70453615448687));
#4948=DIRECTION('',(-0.70453615448687,0.,-0.709668096380874));
#4949=DIRECTION('',(0.70453615448687,0.,0.709668096380874));
#4950=DIRECTION('',(0.,-1.,0.));
#4951=DIRECTION('',(0.70453615448687,0.,0.709668096380874));
#4952=DIRECTION('',(0.,-1.,0.));
#4953=DIRECTION('',(-1.,0.,0.));
#4954=DIRECTION('',(0.,1.,0.));
#4955=DIRECTION('',(0.,0.,-1.));
#4956=DIRECTION('',(0.,-1.,0.));
#4957=DIRECTION('',(0.,0.,-1.));
#4958=DIRECTION('',(0.,-1.,0.));
#4959=DIRECTION('',(0.,0.,1.));
#4960=DIRECTION('',(0.,-1.,0.));
#4961=DIRECTION('',(-1.,0.,0.));
#4962=DIRECTION('',(0.,-1.,0.));
#4963=DIRECTION('',(-1.,0.,0.));
#4964=DIRECTION('',(0.,-1.,0.));
#4965=DIRECTION('',(0.709668096380866,0.,-0.704536154486878));
#4966=DIRECTION('',(-0.704536154486878,0.,-0.709668096380866));
#4967=DIRECTION('',(0.704536154486878,0.,0.709668096380866));
#4968=DIRECTION('',(0.,-1.,0.));
#4969=DIRECTION('',(0.704536154486878,0.,0.709668096380866));
#4970=DIRECTION('',(0.,-1.,0.));
#4971=DIRECTION('',(0.,-1.,0.));
#4972=DIRECTION('',(-1.,0.,0.));
#4973=DIRECTION('',(0.,1.,0.));
#4974=DIRECTION('',(1.,0.,0.));
#4975=DIRECTION('',(0.,-1.,0.));
#4976=DIRECTION('',(0.,1.,0.));
#4977=DIRECTION('',(1.,0.,0.));
#4978=DIRECTION('',(9.54063214575906E-5,0.,-0.999999995448817));
#4979=DIRECTION('',(-0.999999995448817,0.,-9.54063214575907E-5));
#4980=DIRECTION('',(0.999999995448817,0.,9.54063214575906E-5));
#4981=DIRECTION('',(0.,-1.,0.));
#4982=DIRECTION('',(0.999999995448817,0.,9.54063214575906E-5));
#4983=DIRECTION('',(0.999999711647895,0.,-0.000759410380724377));
#4984=DIRECTION('',(-0.000759410380724377,0.,-0.999999711647895));
#4985=DIRECTION('',(0.000759410380724377,0.,0.999999711647895));
#4986=DIRECTION('',(0.,-1.,0.));
#4987=DIRECTION('',(0.000759410380724377,0.,0.999999711647895));
#4988=DIRECTION('',(0.,-1.,0.));
#4989=DIRECTION('',(0.,-1.,0.));
#4990=DIRECTION('',(-1.,0.,0.));
#4991=DIRECTION('',(0.,1.,0.));
#4992=DIRECTION('',(1.,0.,0.));
#4993=DIRECTION('',(0.,-1.,0.));
#4994=DIRECTION('',(0.,1.,0.));
#4995=DIRECTION('',(1.,0.,0.));
#4996=DIRECTION('',(0.,0.,-1.));
#4997=DIRECTION('',(0.,1.,0.));
#4998=DIRECTION('',(1.,0.,0.));
#4999=DIRECTION('',(0.,-1.,0.));
#5000=DIRECTION('',(1.,0.,0.));
#5001=DIRECTION('',(1.,0.,0.));
#5002=DIRECTION('',(0.,-1.,0.));
#5003=DIRECTION('',(0.,0.,1.));
#5004=DIRECTION('',(0.,-1.,0.));
#5005=DIRECTION('',(0.,0.,1.));
#5006=DIRECTION('',(0.,-1.,0.));
#5007=DIRECTION('',(-0.000196385399049214,0.,0.999999980716387));
#5008=DIRECTION('',(0.999999980716387,0.,0.000196385399049214));
#5009=DIRECTION('',(-0.999999980716387,0.,-0.000196385399049214));
#5010=DIRECTION('',(0.,-1.,0.));
#5011=DIRECTION('',(-0.999999980716387,0.,-0.000196385399049214));
#5012=DIRECTION('',(0.,-1.,0.));
#5013=DIRECTION('',(-0.999999980716387,0.,-0.000196385399052473));
#5014=DIRECTION('',(-0.000196385399052473,0.,0.999999980716387));
#5015=DIRECTION('',(0.000196385399052473,0.,-0.999999980716387));
#5016=DIRECTION('',(0.,-1.,0.));
#5017=DIRECTION('',(0.000196385399052473,0.,-0.999999980716387));
#5018=DIRECTION('',(0.,-1.,0.));
#5019=DIRECTION('',(3.94744898308262E-6,0.,0.999999999992209));
#5020=DIRECTION('',(0.999999999992209,0.,-3.94744898308263E-6));
#5021=DIRECTION('',(-0.999999999992209,0.,3.94744898308263E-6));
#5022=DIRECTION('',(0.,-1.,0.));
#5023=DIRECTION('',(-0.999999999992209,0.,3.94744898308263E-6));
#5024=DIRECTION('',(0.,-1.,0.));
#5025=DIRECTION('',(1.,0.,0.));
#5026=DIRECTION('',(0.,-1.,0.));
#5027=DIRECTION('',(0.,0.,1.));
#5028=DIRECTION('',(0.,-1.,0.));
#5029=DIRECTION('',(0.,0.,1.));
#5030=DIRECTION('',(0.,1.,0.));
#5031=DIRECTION('',(0.,-1.,0.));
#5032=DIRECTION('',(-1.,0.,0.));
#5033=DIRECTION('',(0.,1.,0.));
#5034=DIRECTION('',(1.,0.,0.));
#5035=DIRECTION('',(0.,-1.,0.));
#5036=DIRECTION('',(0.,1.,0.));
#5037=DIRECTION('',(1.,0.,0.));
#5038=DIRECTION('',(0.,-1.,0.));
#5039=DIRECTION('',(0.999999999992209,0.,-3.94744898186517E-6));
#5040=DIRECTION('',(-3.94744898186517E-6,0.,-0.999999999992209));
#5041=DIRECTION('',(3.94744898186517E-6,0.,0.999999999992209));
#5042=DIRECTION('',(0.,-1.,0.));
#5043=DIRECTION('',(3.94744898186517E-6,0.,0.999999999992209));
#5044=DIRECTION('',(-0.000112996175631754,0.,0.999999993615932));
#5045=DIRECTION('',(0.999999993615932,0.,0.000112996175631754));
#5046=DIRECTION('',(-0.999999993615932,0.,-0.000112996175631754));
#5047=DIRECTION('',(0.,-1.,0.));
#5048=DIRECTION('',(-0.999999993615932,0.,-0.000112996175631754));
#5049=DIRECTION('',(-1.,0.,0.));
#5050=DIRECTION('',(0.,1.,0.));
#5051=DIRECTION('',(0.,0.,-1.));
#5052=DIRECTION('',(0.,-1.,0.));
#5053=DIRECTION('',(0.,0.,-1.));
#5054=DIRECTION('',(0.,-1.,0.));
#5055=DIRECTION('',(-1.,0.,0.));
#5056=DIRECTION('',(0.,1.,0.));
#5057=DIRECTION('',(0.,0.,-1.));
#5058=DIRECTION('',(0.,-1.,0.));
#5059=DIRECTION('',(0.,0.,-1.));
#5060=DIRECTION('',(0.,-1.,0.));
#5061=DIRECTION('',(-0.707315798020804,0.,-0.706897702549805));
#5062=DIRECTION('',(-0.706897702549805,0.,0.707315798020804));
#5063=DIRECTION('',(0.706897702549805,0.,-0.707315798020804));
#5064=DIRECTION('',(0.,-1.,0.));
#5065=DIRECTION('',(0.706897702549805,0.,-0.707315798020804));
#5066=DIRECTION('',(0.,-1.,0.));
#5067=DIRECTION('',(0.,-1.,0.));
#5068=DIRECTION('',(-1.,0.,0.));
#5069=DIRECTION('',(0.,-1.,0.));
#5070=DIRECTION('',(0.,0.,1.));
#5071=DIRECTION('',(0.,-1.,0.));
#5072=DIRECTION('',(0.,0.,1.));
#5073=DIRECTION('',(0.,-1.,0.));
#5074=DIRECTION('',(-1.,0.,0.));
#5075=DIRECTION('',(0.,-1.,0.));
#5076=DIRECTION('',(0.,0.,1.));
#5077=DIRECTION('',(0.,-1.,0.));
#5078=DIRECTION('',(0.,0.,1.));
#5079=DIRECTION('',(0.,-1.,0.));
#5080=DIRECTION('',(-1.,0.,0.));
#5081=DIRECTION('',(0.,-1.,0.));
#5082=DIRECTION('',(0.,0.,1.));
#5083=DIRECTION('',(0.,-1.,0.));
#5084=DIRECTION('',(0.,0.,1.));
#5085=DIRECTION('',(0.,0.,-1.));
#5086=DIRECTION('',(0.,1.,0.));
#5087=DIRECTION('',(1.,0.,0.));
#5088=DIRECTION('',(0.,-1.,0.));
#5089=DIRECTION('',(1.,0.,0.));
#5090=DIRECTION('',(0.,-1.,0.));
#5091=DIRECTION('',(-1.,0.,0.));
#5092=DIRECTION('',(0.,-1.,0.));
#5093=DIRECTION('',(0.,0.,1.));
#5094=DIRECTION('',(0.,-1.,0.));
#5095=DIRECTION('',(0.,0.,1.));
#5096=DIRECTION('',(0.,-1.,0.));
#5097=DIRECTION('',(-1.,0.,0.));
#5098=DIRECTION('',(0.,-1.,0.));
#5099=DIRECTION('',(0.,0.,1.));
#5100=DIRECTION('',(0.,-1.,0.));
#5101=DIRECTION('',(0.,0.,1.));
#5102=DIRECTION('',(0.,-1.,0.));
#5103=DIRECTION('',(-1.,0.,0.));
#5104=DIRECTION('',(0.,-1.,0.));
#5105=DIRECTION('',(0.,0.,1.));
#5106=DIRECTION('',(0.,-1.,0.));
#5107=DIRECTION('',(0.,0.,1.));
#5108=DIRECTION('',(0.,1.,0.));
#5109=DIRECTION('',(1.,0.,0.));
#5110=DIRECTION('',(0.,1.,0.));
#5111=DIRECTION('',(1.,0.,0.));
#5112=DIRECTION('',(0.,1.,0.));
#5113=DIRECTION('',(1.,0.,0.));
#5114=DIRECTION('',(0.,1.,0.));
#5115=DIRECTION('',(1.,0.,0.));
#5116=DIRECTION('',(0.,1.,0.));
#5117=DIRECTION('',(1.,0.,0.));
#5118=DIRECTION('',(0.,1.,0.));
#5119=DIRECTION('',(1.,0.,0.));
#5120=DIRECTION('',(0.,1.,0.));
#5121=DIRECTION('',(1.,0.,0.));
#5122=DIRECTION('',(0.,1.,0.));
#5123=DIRECTION('',(1.,0.,0.));
#5124=DIRECTION('',(0.,1.,0.));
#5125=DIRECTION('',(1.,0.,0.));
#5126=DIRECTION('',(0.,1.,0.));
#5127=DIRECTION('',(1.,0.,0.));
#5128=DIRECTION('',(0.,1.,0.));
#5129=DIRECTION('',(1.,0.,0.));
#5130=DIRECTION('',(0.,1.,0.));
#5131=DIRECTION('',(1.,0.,0.));
#5132=DIRECTION('',(0.,1.,0.));
#5133=DIRECTION('',(1.,0.,0.));
#5134=DIRECTION('',(0.,1.,0.));
#5135=DIRECTION('',(1.,0.,0.));
#5136=DIRECTION('',(0.,1.,0.));
#5137=DIRECTION('',(1.,0.,0.));
#5138=DIRECTION('',(0.,1.,0.));
#5139=DIRECTION('',(1.,0.,0.));
#5140=DIRECTION('',(0.,1.,0.));
#5141=DIRECTION('',(1.,0.,0.));
#5142=DIRECTION('',(0.,1.,0.));
#5143=DIRECTION('',(1.,0.,0.));
#5144=DIRECTION('',(0.,1.,0.));
#5145=DIRECTION('',(1.,0.,0.));
#5146=DIRECTION('',(0.,1.,0.));
#5147=DIRECTION('',(1.,0.,0.));
#5148=DIRECTION('',(1.,0.,0.));
#5149=DIRECTION('',(0.00075941038073322,0.,0.999999711647895));
#5150=DIRECTION('',(0.,-1.,0.));
#5151=DIRECTION('',(1.,0.,0.));
#5152=DIRECTION('',(0.999999995448817,0.,9.54063214579522E-5));
#5153=DIRECTION('',(0.704536154486872,0.,0.709668096380872));
#5154=DIRECTION('',(0.,-1.,0.));
#5155=DIRECTION('',(1.,0.,0.));
#5156=DIRECTION('',(1.,0.,0.));
#5157=DIRECTION('',(0.,-1.,0.));
#5158=DIRECTION('',(1.,0.,0.));
#5159=DIRECTION('',(0.706897702549805,0.,-0.707315798020805));
#5160=DIRECTION('',(0.,-1.,0.));
#5161=DIRECTION('',(1.,0.,0.));
#5162=DIRECTION('',(0.,0.,-1.));
#5163=DIRECTION('',(0.,-1.,0.));
#5164=DIRECTION('',(1.,0.,0.));
#5165=DIRECTION('',(-0.999999993615932,0.,-0.00011299617563159));
#5166=DIRECTION('',(0.,-1.,0.));
#5167=DIRECTION('',(1.,0.,0.));
#5168=DIRECTION('',(3.94744898232664E-6,0.,0.999999999992209));
#5169=DIRECTION('',(-0.999999980716387,0.,-0.000196385399048988));
#5170=DIRECTION('',(0.,-1.,0.));
#5171=DIRECTION('',(1.,0.,0.));
#5172=DIRECTION('',(0.,0.,1.));
#5173=DIRECTION('',(0.,-1.,0.));
#5174=DIRECTION('',(1.,0.,0.));
#5175=DIRECTION('',(0.,1.,0.));
#5176=DIRECTION('',(1.,0.,0.));
#5177=DIRECTION('',(0.,1.,0.));
#5178=DIRECTION('',(1.,0.,0.));
#5179=DIRECTION('',(0.704536154486872,0.,0.709668096380872));
#5180=DIRECTION('',(0.,1.,0.));
#5181=DIRECTION('',(-0.734146229540681,0.,0.678991394386705));
#5182=DIRECTION('',(0.999999995448817,0.,9.54063214578413E-5));
#5183=DIRECTION('',(0.,-1.,0.));
#5184=DIRECTION('',(-7.47075720742792E-7,0.,-0.999999999999721));
#5185=DIRECTION('',(0.000759410380731621,0.,0.999999711647895));
#5186=DIRECTION('',(0.,1.,0.));
#5187=DIRECTION('',(-0.999999999999721,0.,-7.47075759822692E-7));
#5188=DIRECTION('',(1.,0.,0.));
#5189=DIRECTION('',(0.,-1.,0.));
#5190=DIRECTION('',(-7.47075720742792E-7,0.,-0.999999999999721));
#5191=DIRECTION('',(0.,0.,1.));
#5192=DIRECTION('',(0.,-1.,0.));
#5193=DIRECTION('',(0.999999999999721,0.,-7.47075734953692E-7));
#5194=DIRECTION('',(-0.999999980716387,0.,-0.000196385399048676));
#5195=DIRECTION('',(0.,1.,0.));
#5196=DIRECTION('',(7.47075720742792E-7,0.,-0.999999999999721));
#5197=DIRECTION('',(3.94744898268783E-6,0.,0.999999999992209));
#5198=DIRECTION('',(0.,-1.,0.));
#5199=DIRECTION('',(1.,0.,1.858199368365E-8));
#5200=DIRECTION('',(-0.999999993615932,0.,-0.000112996175631692));
#5201=DIRECTION('',(0.,-1.,0.));
#5202=DIRECTION('',(7.47075756269992E-7,0.,0.999999999999721));
#5203=DIRECTION('',(0.,0.,-1.));
#5204=DIRECTION('',(0.,-1.,0.));
#5205=DIRECTION('',(-0.999078645340685,0.,-0.0429169013818764));
#5206=DIRECTION('',(0.706897702549805,0.,-0.707315798020805));
#5207=DIRECTION('',(0.,1.,0.));
#5208=DIRECTION('',(1.,0.,0.));
#5209=DIRECTION('',(1.,0.,0.));
#5210=DIRECTION('',(0.,1.,0.));
#5211=DIRECTION('',(1.,0.,0.));
#5212=DIRECTION('',(0.,1.,0.));
#5213=DIRECTION('',(1.,0.,0.));
#5214=DIRECTION('',(0.,1.,0.));
#5215=DIRECTION('',(1.,0.,0.));
#5216=DIRECTION('',(0.,1.,0.));
#5217=DIRECTION('',(1.,0.,0.));
#5218=DIRECTION('',(0.,1.,0.));
#5219=DIRECTION('',(1.,0.,0.));
#5220=DIRECTION('',(0.,1.,0.));
#5221=DIRECTION('',(1.,0.,0.));
#5222=DIRECTION('',(0.,1.,0.));
#5223=DIRECTION('',(1.,0.,0.));
#5224=DIRECTION('',(0.,1.,0.));
#5225=DIRECTION('',(1.,0.,0.));
#5226=DIRECTION('',(0.,1.,0.));
#5227=DIRECTION('',(1.,0.,0.));
#5228=DIRECTION('',(0.,1.,0.));
#5229=DIRECTION('',(1.,0.,0.));
#5230=DIRECTION('',(0.,1.,0.));
#5231=DIRECTION('',(1.,0.,0.));
#5232=DIRECTION('',(0.,1.,0.));
#5233=DIRECTION('',(1.,0.,0.));
#5234=DIRECTION('',(0.,1.,0.));
#5235=DIRECTION('',(1.,0.,0.));
#5236=DIRECTION('',(0.,1.,0.));
#5237=DIRECTION('',(1.,0.,0.));
#5238=DIRECTION('',(0.,1.,0.));
#5239=DIRECTION('',(1.,0.,0.));
#5240=DIRECTION('',(0.,1.,0.));
#5241=DIRECTION('',(1.,0.,0.));
#5242=DIRECTION('',(0.,1.,0.));
#5243=DIRECTION('',(1.,0.,0.));
#5244=DIRECTION('',(0.,1.,0.));
#5245=DIRECTION('',(1.,0.,0.));
#5246=DIRECTION('',(0.,1.,0.));
#5247=DIRECTION('',(1.,0.,0.));
#5248=DIRECTION('',(0.709668096380872,0.,-0.704536154486872));
#5249=DIRECTION('',(-0.704536154486872,0.,-0.709668096380872));
#5250=DIRECTION('',(0.,-1.,0.));
#5251=DIRECTION('',(0.,-1.,0.));
#5252=DIRECTION('',(0.704536154486872,0.,0.709668096380872));
#5253=DIRECTION('',(0.,-1.,0.));
#5254=DIRECTION('',(-1.,0.,0.));
#5255=DIRECTION('',(0.,-1.,0.));
#5256=DIRECTION('',(0.,1.,0.));
#5257=DIRECTION('',(-0.734146229540681,0.,0.678991394386705));
#5258=DIRECTION('',(9.54063214578413E-5,0.,-0.999999995448817));
#5259=DIRECTION('',(-0.999999995448817,0.,-9.54063214578413E-5));
#5260=DIRECTION('',(0.,-1.,0.));
#5261=DIRECTION('',(0.999999995448817,0.,9.54063214578413E-5));
#5262=DIRECTION('',(0.999999711647895,0.,-0.000759410380731621));
#5263=DIRECTION('',(-0.000759410380731621,0.,-0.999999711647895));
#5264=DIRECTION('',(0.,-1.,0.));
#5265=DIRECTION('',(0.,-1.,0.));
#5266=DIRECTION('',(0.000759410380731621,0.,0.999999711647895));
#5267=DIRECTION('',(0.,-1.,0.));
#5268=DIRECTION('',(-1.,0.,0.));
#5269=DIRECTION('',(0.,-1.,0.));
#5270=DIRECTION('',(0.,1.,0.));
#5271=DIRECTION('',(-0.999999999999721,0.,-7.47075759822692E-7));
#5272=DIRECTION('',(0.,0.,-1.));
#5273=DIRECTION('',(0.,1.,0.));
#5274=DIRECTION('',(0.,-1.,0.));
#5275=DIRECTION('',(1.,0.,0.));
#5276=DIRECTION('',(-0.000196385399048676,0.,0.999999980716387));
#5277=DIRECTION('',(0.999999980716387,0.,0.000196385399048676));
#5278=DIRECTION('',(0.,-1.,0.));
#5279=DIRECTION('',(0.,-1.,0.));
#5280=DIRECTION('',(-0.999999980716387,0.,-0.000196385399048676));
#5281=DIRECTION('',(0.,-1.,0.));
#5282=DIRECTION('',(-1.,0.,0.));
#5283=DIRECTION('',(0.,-1.,0.));
#5284=DIRECTION('',(0.,1.,0.));
#5285=DIRECTION('',(7.47075720742792E-7,0.,-0.999999999999721));
#5286=DIRECTION('',(0.999999999992209,0.,-3.94744898268783E-6));
#5287=DIRECTION('',(-3.94744898268783E-6,0.,-0.999999999992209));
#5288=DIRECTION('',(0.,-1.,0.));
#5289=DIRECTION('',(3.94744898268783E-6,0.,0.999999999992209));
#5290=DIRECTION('',(0.,0.,-1.));
#5291=DIRECTION('',(0.,1.,0.));
#5292=DIRECTION('',(0.,-1.,0.));
#5293=DIRECTION('',(1.,0.,0.));
#5294=DIRECTION('',(0.,-1.,0.));
#5295=DIRECTION('',(0.,-1.,0.));
#5296=DIRECTION('',(-1.,0.,0.));
#5297=DIRECTION('',(0.,1.,0.));
#5298=DIRECTION('',(1.,0.,0.));
#5299=DIRECTION('',(0.,-1.,0.));
#5300=DIRECTION('',(-1.,0.,0.));
#5301=DIRECTION('',(0.,-1.,0.));
#5302=DIRECTION('',(-7.47075720742792E-7,0.,-0.999999999999721));
#5303=DIRECTION('',(0.,-1.,0.));
#5304=DIRECTION('',(-1.,0.,0.));
#5305=DIRECTION('',(0.,-1.,0.));
#5306=DIRECTION('',(-7.47075720742792E-7,0.,-0.999999999999721));
#5307=DIRECTION('',(0.,-1.,0.));
#5308=DIRECTION('',(1.,0.,0.));
#5309=DIRECTION('',(0.,-1.,0.));
#5310=DIRECTION('',(0.,0.,1.));
#5311=DIRECTION('',(0.,-1.,0.));
#5312=DIRECTION('',(0.,-1.,0.));
#5313=DIRECTION('',(-1.,0.,0.));
#5314=DIRECTION('',(0.,-1.,0.));
#5315=DIRECTION('',(0.999999999999721,0.,-7.47075734953692E-7));
#5316=DIRECTION('',(0.,-1.,0.));
#5317=DIRECTION('',(-1.,0.,0.));
#5318=DIRECTION('',(0.,-1.,0.));
#5319=DIRECTION('',(1.,0.,1.858199368365E-8));
#5320=DIRECTION('',(0.,-1.,0.));
#5321=DIRECTION('',(-0.000112996175631692,0.,0.999999993615932));
#5322=DIRECTION('',(0.999999993615932,0.,0.000112996175631692));
#5323=DIRECTION('',(-0.999999993615932,0.,-0.000112996175631692));
#5324=DIRECTION('',(0.,-1.,0.));
#5325=DIRECTION('',(0.,-1.,0.));
#5326=DIRECTION('',(-1.,0.,0.));
#5327=DIRECTION('',(0.,-1.,0.));
#5328=DIRECTION('',(7.47075756269992E-7,0.,0.999999999999721));
#5329=DIRECTION('',(0.,-1.,0.));
#5330=DIRECTION('',(-1.,0.,0.));
#5331=DIRECTION('',(0.,1.,0.));
#5332=DIRECTION('',(0.,0.,-1.));
#5333=DIRECTION('',(0.,-1.,0.));
#5334=DIRECTION('',(0.,-1.,0.));
#5335=DIRECTION('',(-1.,0.,0.));
#5336=DIRECTION('',(0.,-1.,0.));
#5337=DIRECTION('',(-0.999078645340685,0.,-0.0429169013818764));
#5338=DIRECTION('',(0.,-1.,0.));
#5339=DIRECTION('',(-0.707315798020805,0.,-0.706897702549805));
#5340=DIRECTION('',(-0.706897702549805,0.,0.707315798020805));
#5341=DIRECTION('',(0.706897702549805,0.,-0.707315798020805));
#5342=DIRECTION('',(0.,-1.,0.));
#5343=DIRECTION('',(0.,0.,-1.));
#5344=DIRECTION('',(0.,1.,0.));
#5345=DIRECTION('',(1.,0.,0.));
#5346=DIRECTION('',(0.,-1.,0.));
#5347=DIRECTION('',(0.,-1.,0.));
#5348=DIRECTION('',(0.999999711647895,0.,-0.00075941038073322));
#5349=DIRECTION('',(-0.00075941038073322,0.,-0.999999711647895));
#5350=DIRECTION('',(0.00075941038073322,0.,0.999999711647895));
#5351=DIRECTION('',(0.,-1.,0.));
#5352=DIRECTION('',(0.,-1.,0.));
#5353=DIRECTION('',(-1.,0.,0.));
#5354=DIRECTION('',(0.,-1.,0.));
#5355=DIRECTION('',(1.,0.,0.));
#5356=DIRECTION('',(0.,-1.,0.));
#5357=DIRECTION('',(9.54063214579521E-5,0.,-0.999999995448817));
#5358=DIRECTION('',(-0.999999995448817,0.,-9.54063214579522E-5));
#5359=DIRECTION('',(0.999999995448817,0.,9.54063214579522E-5));
#5360=DIRECTION('',(0.,-1.,0.));
#5361=DIRECTION('',(0.709668096380872,0.,-0.704536154486872));
#5362=DIRECTION('',(-0.704536154486872,0.,-0.709668096380872));
#5363=DIRECTION('',(0.704536154486872,0.,0.709668096380872));
#5364=DIRECTION('',(0.,-1.,0.));
#5365=DIRECTION('',(0.,-1.,0.));
#5366=DIRECTION('',(-1.,0.,0.));
#5367=DIRECTION('',(0.,-1.,0.));
#5368=DIRECTION('',(1.,0.,0.));
#5369=DIRECTION('',(0.,-1.,0.));
#5370=DIRECTION('',(0.,0.,-1.));
#5371=DIRECTION('',(0.,1.,0.));
#5372=DIRECTION('',(1.,0.,0.));
#5373=DIRECTION('',(0.,-1.,0.));
#5374=DIRECTION('',(0.,-1.,0.));
#5375=DIRECTION('',(-1.,0.,0.));
#5376=DIRECTION('',(0.,-1.,0.));
#5377=DIRECTION('',(1.,0.,0.));
#5378=DIRECTION('',(0.,-1.,0.));
#5379=DIRECTION('',(-0.707315798020805,0.,-0.706897702549805));
#5380=DIRECTION('',(-0.706897702549805,0.,0.707315798020805));
#5381=DIRECTION('',(0.706897702549805,0.,-0.707315798020805));
#5382=DIRECTION('',(0.,-1.,0.));
#5383=DIRECTION('',(0.,-1.,0.));
#5384=DIRECTION('',(-1.,0.,0.));
#5385=DIRECTION('',(0.,-1.,0.));
#5386=DIRECTION('',(1.,0.,0.));
#5387=DIRECTION('',(0.,-1.,0.));
#5388=DIRECTION('',(-1.,0.,0.));
#5389=DIRECTION('',(0.,1.,0.));
#5390=DIRECTION('',(0.,0.,-1.));
#5391=DIRECTION('',(0.,-1.,0.));
#5392=DIRECTION('',(0.,-1.,0.));
#5393=DIRECTION('',(-1.,0.,0.));
#5394=DIRECTION('',(0.,-1.,0.));
#5395=DIRECTION('',(1.,0.,0.));
#5396=DIRECTION('',(0.,-1.,0.));
#5397=DIRECTION('',(-0.00011299617563159,0.,0.999999993615932));
#5398=DIRECTION('',(0.999999993615932,0.,0.00011299617563159));
#5399=DIRECTION('',(-0.999999993615932,0.,-0.00011299617563159));
#5400=DIRECTION('',(0.,-1.,0.));
#5401=DIRECTION('',(0.,-1.,0.));
#5402=DIRECTION('',(-1.,0.,0.));
#5403=DIRECTION('',(0.,-1.,0.));
#5404=DIRECTION('',(1.,0.,0.));
#5405=DIRECTION('',(0.,-1.,0.));
#5406=DIRECTION('',(0.999999999992209,0.,-3.94744898232664E-6));
#5407=DIRECTION('',(-3.94744898232664E-6,0.,-0.999999999992209));
#5408=DIRECTION('',(3.94744898232664E-6,0.,0.999999999992209));
#5409=DIRECTION('',(0.,-1.,0.));
#5410=DIRECTION('',(-0.000196385399048988,0.,0.999999980716387));
#5411=DIRECTION('',(0.999999980716388,0.,0.000196385399048988));
#5412=DIRECTION('',(-0.999999980716387,0.,-0.000196385399048988));
#5413=DIRECTION('',(0.,-1.,0.));
#5414=DIRECTION('',(0.,-1.,0.));
#5415=DIRECTION('',(-1.,0.,0.));
#5416=DIRECTION('',(0.,-1.,0.));
#5417=DIRECTION('',(1.,0.,0.));
#5418=DIRECTION('',(0.,-1.,0.));
#5419=DIRECTION('',(1.,0.,0.));
#5420=DIRECTION('',(0.,-1.,0.));
#5421=DIRECTION('',(0.,0.,1.));
#5422=DIRECTION('',(0.,-1.,0.));
#5423=DIRECTION('',(0.,-1.,0.));
#5424=DIRECTION('',(-1.,0.,0.));
#5425=DIRECTION('',(0.,-1.,0.));
#5426=DIRECTION('',(1.,0.,0.));
#5427=DIRECTION('',(0.,-1.,0.));
#5428=DIRECTION('',(-1.,0.,0.));
#5429=DIRECTION('',(0.,1.,0.));
#5430=DIRECTION('',(1.,0.,0.));
#5431=DIRECTION('',(0.,1.,0.));
#5432=DIRECTION('',(1.,0.,0.));
#5433=DIRECTION('',(0.,1.,0.));
#5434=DIRECTION('',(1.,0.,0.));
#5435=DIRECTION('',(0.,1.,0.));
#5436=DIRECTION('',(1.,0.,0.));
#5437=DIRECTION('',(0.,-1.,0.));
#5438=DIRECTION('',(-1.,0.,0.));
#5439=DIRECTION('',(0.,-1.,0.));
#5440=DIRECTION('',(0.,-1.,0.));
#5441=DIRECTION('',(-1.,0.,0.));
#5442=DIRECTION('',(0.,-1.,0.));
#5443=DIRECTION('',(0.,1.,0.));
#5444=DIRECTION('',(1.,0.,0.));
#5445=DIRECTION('',(0.,-1.,0.));
#5446=DIRECTION('',(-1.,0.,0.));
#5447=DIRECTION('',(0.,-1.,0.));
#5448=DIRECTION('',(-1.,0.,0.));
#5449=DIRECTION('',(0.,-1.,0.));
#5450=DIRECTION('',(-1.,0.,0.));
#5451=DIRECTION('',(0.,-1.,0.));
#5452=DIRECTION('',(-1.,0.,0.));
#5453=DIRECTION('',(0.,-1.,0.));
#5454=DIRECTION('',(0.,-1.,0.));
#5455=DIRECTION('',(-1.,0.,0.));
#5456=DIRECTION('',(0.,-1.,0.));
#5457=DIRECTION('',(0.,-1.,0.));
#5458=DIRECTION('',(0.,-1.,0.));
#5459=DIRECTION('',(-1.,0.,0.));
#5460=DIRECTION('',(0.,-1.,0.));
#5461=DIRECTION('',(-1.,0.,0.));
#5462=DIRECTION('',(0.,-1.,0.));
#5463=DIRECTION('',(-1.,0.,0.));
#5464=DIRECTION('',(0.,-1.,0.));
#5465=DIRECTION('',(-1.,0.,0.));
#5466=DIRECTION('',(0.,1.,0.));
#5467=DIRECTION('',(1.,0.,0.));
#5468=DIRECTION('',(0.,-1.,0.));
#5469=DIRECTION('',(-1.,0.,0.));
#5470=DIRECTION('',(0.,1.,0.));
#5471=DIRECTION('',(1.,0.,0.));
#5472=DIRECTION('',(0.,-1.,0.));
#5473=DIRECTION('',(-1.,0.,0.));
#5474=DIRECTION('',(0.,-1.,0.));
#5475=DIRECTION('',(-1.,0.,0.));
#5476=DIRECTION('',(0.,0.,1.));
#5477=DIRECTION('',(1.,0.,0.));
#5478=DIRECTION('',(0.,0.,-1.));
#5479=DIRECTION('',(0.,1.,0.));
#5480=DIRECTION('',(1.,0.,0.));
#5481=DIRECTION('',(0.,-1.,0.));
#5482=DIRECTION('',(1.,0.,0.));
#5483=DIRECTION('',(0.,-1.,0.));
#5484=DIRECTION('',(0.999999711647895,0.,-0.00075941038073322));
#5485=DIRECTION('',(-0.00075941038073322,0.,-0.999999711647895));
#5486=DIRECTION('',(0.00075941038073322,0.,0.999999711647895));
#5487=DIRECTION('',(0.,-1.,0.));
#5488=DIRECTION('',(0.00075941038073322,0.,0.999999711647895));
#5489=DIRECTION('',(0.,-1.,0.));
#5490=DIRECTION('',(-1.,0.,0.));
#5491=DIRECTION('',(0.,-1.,0.));
#5492=DIRECTION('',(1.,0.,0.));
#5493=DIRECTION('',(0.,-1.,0.));
#5494=DIRECTION('',(0.,-1.,0.));
#5495=DIRECTION('',(1.,0.,0.));
#5496=DIRECTION('',(9.54063214579521E-5,0.,-0.999999995448817));
#5497=DIRECTION('',(-0.999999995448817,0.,-9.54063214579522E-5));
#5498=DIRECTION('',(0.999999995448817,0.,9.54063214579522E-5));
#5499=DIRECTION('',(0.,-1.,0.));
#5500=DIRECTION('',(0.999999995448817,0.,9.54063214579522E-5));
#5501=DIRECTION('',(0.709668096380872,0.,-0.704536154486872));
#5502=DIRECTION('',(-0.704536154486872,0.,-0.709668096380872));
#5503=DIRECTION('',(0.704536154486872,0.,0.709668096380872));
#5504=DIRECTION('',(0.,-1.,0.));
#5505=DIRECTION('',(0.704536154486872,0.,0.709668096380872));
#5506=DIRECTION('',(0.,-1.,0.));
#5507=DIRECTION('',(-1.,0.,0.));
#5508=DIRECTION('',(0.,-1.,0.));
#5509=DIRECTION('',(1.,0.,0.));
#5510=DIRECTION('',(0.,-1.,0.));
#5511=DIRECTION('',(0.,-1.,0.));
#5512=DIRECTION('',(1.,0.,0.));
#5513=DIRECTION('',(0.,0.,-1.));
#5514=DIRECTION('',(0.,1.,0.));
#5515=DIRECTION('',(1.,0.,0.));
#5516=DIRECTION('',(0.,-1.,0.));
#5517=DIRECTION('',(1.,0.,0.));
#5518=DIRECTION('',(0.,-1.,0.));
#5519=DIRECTION('',(-1.,0.,0.));
#5520=DIRECTION('',(0.,-1.,0.));
#5521=DIRECTION('',(1.,0.,0.));
#5522=DIRECTION('',(0.,-1.,0.));
#5523=DIRECTION('',(0.,-1.,0.));
#5524=DIRECTION('',(1.,0.,0.));
#5525=DIRECTION('',(-0.707315798020805,0.,-0.706897702549805));
#5526=DIRECTION('',(-0.706897702549805,0.,0.707315798020805));
#5527=DIRECTION('',(0.706897702549805,0.,-0.707315798020805));
#5528=DIRECTION('',(0.,-1.,0.));
#5529=DIRECTION('',(0.706897702549805,0.,-0.707315798020805));
#5530=DIRECTION('',(0.,-1.,0.));
#5531=DIRECTION('',(-1.,0.,0.));
#5532=DIRECTION('',(0.,-1.,0.));
#5533=DIRECTION('',(1.,0.,0.));
#5534=DIRECTION('',(0.,-1.,0.));
#5535=DIRECTION('',(0.,-1.,0.));
#5536=DIRECTION('',(1.,0.,0.));
#5537=DIRECTION('',(-1.,0.,0.));
#5538=DIRECTION('',(0.,1.,0.));
#5539=DIRECTION('',(0.,0.,-1.));
#5540=DIRECTION('',(0.,-1.,0.));
#5541=DIRECTION('',(0.,0.,-1.));
#5542=DIRECTION('',(0.,-1.,0.));
#5543=DIRECTION('',(-1.,0.,0.));
#5544=DIRECTION('',(0.,-1.,0.));
#5545=DIRECTION('',(1.,0.,0.));
#5546=DIRECTION('',(0.,-1.,0.));
#5547=DIRECTION('',(0.,-1.,0.));
#5548=DIRECTION('',(1.,0.,0.));
#5549=DIRECTION('',(-0.00011299617563159,0.,0.999999993615932));
#5550=DIRECTION('',(0.999999993615932,0.,0.00011299617563159));
#5551=DIRECTION('',(-0.999999993615932,0.,-0.00011299617563159));
#5552=DIRECTION('',(0.,-1.,0.));
#5553=DIRECTION('',(-0.999999993615932,0.,-0.00011299617563159));
#5554=DIRECTION('',(0.,-1.,0.));
#5555=DIRECTION('',(-1.,0.,0.));
#5556=DIRECTION('',(0.,-1.,0.));
#5557=DIRECTION('',(1.,0.,0.));
#5558=DIRECTION('',(0.,-1.,0.));
#5559=DIRECTION('',(0.,-1.,0.));
#5560=DIRECTION('',(1.,0.,0.));
#5561=DIRECTION('',(0.999999999992209,0.,-3.94744898232664E-6));
#5562=DIRECTION('',(-3.94744898232664E-6,0.,-0.999999999992209));
#5563=DIRECTION('',(3.94744898232664E-6,0.,0.999999999992209));
#5564=DIRECTION('',(0.,-1.,0.));
#5565=DIRECTION('',(3.94744898232664E-6,0.,0.999999999992209));
#5566=DIRECTION('',(-0.000196385399048988,0.,0.999999980716387));
#5567=DIRECTION('',(0.999999980716387,0.,0.000196385399048988));
#5568=DIRECTION('',(-0.999999980716387,0.,-0.000196385399048988));
#5569=DIRECTION('',(0.,-1.,0.));
#5570=DIRECTION('',(-0.999999980716387,0.,-0.000196385399048988));
#5571=DIRECTION('',(0.,-1.,0.));
#5572=DIRECTION('',(-1.,0.,0.));
#5573=DIRECTION('',(0.,-1.,0.));
#5574=DIRECTION('',(1.,0.,0.));
#5575=DIRECTION('',(0.,-1.,0.));
#5576=DIRECTION('',(0.,-1.,0.));
#5577=DIRECTION('',(1.,0.,0.));
#5578=DIRECTION('',(1.,0.,0.));
#5579=DIRECTION('',(0.,-1.,0.));
#5580=DIRECTION('',(0.,0.,1.));
#5581=DIRECTION('',(0.,-1.,0.));
#5582=DIRECTION('',(0.,0.,1.));
#5583=DIRECTION('',(0.,-1.,0.));
#5584=DIRECTION('',(-1.,0.,0.));
#5585=DIRECTION('',(0.,-1.,0.));
#5586=DIRECTION('',(1.,0.,0.));
#5587=DIRECTION('',(0.,-1.,0.));
#5588=DIRECTION('',(1.,0.,0.));
#5589=DIRECTION('',(0.,1.,0.));
#5590=DIRECTION('',(1.,0.,0.));
#5591=DIRECTION('',(0.,1.,0.));
#5592=DIRECTION('',(1.,0.,0.));
#5593=DIRECTION('',(0.,0.,1.));
#5594=DIRECTION('',(1.,0.,0.));
#5595=DIRECTION('',(1.,0.,0.));
#5596=DIRECTION('',(0.,-1.,0.));
#5597=DIRECTION('',(0.,0.,-1.));
#5598=DIRECTION('',(0.,1.,0.));
#5599=DIRECTION('',(0.,0.,-1.));
#5600=DIRECTION('',(0.,1.,0.));
#5601=DIRECTION('',(0.,1.,0.));
#5602=DIRECTION('',(1.,0.,0.));
#5603=DIRECTION('',(0.,-1.,0.));
#5604=DIRECTION('',(-1.,0.,0.));
#5605=DIRECTION('',(0.,1.,0.));
#5606=DIRECTION('',(0.,-1.,0.));
#5607=DIRECTION('',(-1.,0.,0.));
#5608=DIRECTION('',(-3.96366544426576E-5,0.,0.999999999214468));
#5609=DIRECTION('',(0.999999999214468,0.,3.96366544426576E-5));
#5610=DIRECTION('',(0.999999999214468,0.,3.96366544426576E-5));
#5611=DIRECTION('',(0.,1.,0.));
#5612=DIRECTION('',(0.999999999214468,0.,3.96366544426576E-5));
#5613=DIRECTION('',(0.707065216348996,0.,0.707148343580996));
#5614=DIRECTION('',(0.707148343580996,0.,-0.707065216348996));
#5615=DIRECTION('',(0.707148343580996,0.,-0.707065216348996));
#5616=DIRECTION('',(0.,1.,0.));
#5617=DIRECTION('',(0.707148343580996,0.,-0.707065216348996));
#5618=DIRECTION('',(0.,1.,0.));
#5619=DIRECTION('',(1.,0.,0.));
#5620=DIRECTION('',(0.,-1.,0.));
#5621=DIRECTION('',(-1.,0.,0.));
#5622=DIRECTION('',(0.,1.,0.));
#5623=DIRECTION('',(0.,-1.,0.));
#5624=DIRECTION('',(-1.,0.,0.));
#5625=DIRECTION('',(0.,0.,1.));
#5626=DIRECTION('',(0.,-1.,0.));
#5627=DIRECTION('',(1.,0.,0.));
#5628=DIRECTION('',(0.,1.,0.));
#5629=DIRECTION('',(1.,0.,0.));
#5630=DIRECTION('',(0.,1.,0.));
#5631=DIRECTION('',(1.,0.,0.));
#5632=DIRECTION('',(0.,-1.,0.));
#5633=DIRECTION('',(-1.,0.,0.));
#5634=DIRECTION('',(0.,1.,0.));
#5635=DIRECTION('',(0.,-1.,0.));
#5636=DIRECTION('',(-1.,0.,0.));
#5637=DIRECTION('',(-0.707292993200721,0.,0.706920520121721));
#5638=DIRECTION('',(0.706920520121721,0.,0.707292993200721));
#5639=DIRECTION('',(0.706920520121721,0.,0.707292993200721));
#5640=DIRECTION('',(0.,1.,0.));
#5641=DIRECTION('',(0.706920520121721,0.,0.707292993200721));
#5642=DIRECTION('',(0.,1.,0.));
#5643=DIRECTION('',(1.,0.,0.));
#5644=DIRECTION('',(0.,-1.,0.));
#5645=DIRECTION('',(-1.,0.,0.));
#5646=DIRECTION('',(0.,1.,0.));
#5647=DIRECTION('',(0.,-1.,0.));
#5648=DIRECTION('',(-1.,0.,0.));
#5649=DIRECTION('',(-1.,0.,0.));
#5650=DIRECTION('',(0.,1.,0.));
#5651=DIRECTION('',(0.,0.,1.));
#5652=DIRECTION('',(0.,1.,0.));
#5653=DIRECTION('',(0.,0.,1.));
#5654=DIRECTION('',(0.,1.,0.));
#5655=DIRECTION('',(1.,0.,0.));
#5656=DIRECTION('',(0.,-1.,0.));
#5657=DIRECTION('',(-1.,0.,0.));
#5658=DIRECTION('',(0.,1.,0.));
#5659=DIRECTION('',(0.,-1.,0.));
#5660=DIRECTION('',(-1.,0.,0.));
#5661=DIRECTION('',(0.,0.,-1.));
#5662=DIRECTION('',(0.,1.,0.));
#5663=DIRECTION('',(-1.,0.,0.));
#5664=DIRECTION('',(0.,1.,0.));
#5665=DIRECTION('',(-1.,0.,0.));
#5666=DIRECTION('',(0.,1.,0.));
#5667=DIRECTION('',(1.,0.,0.));
#5668=DIRECTION('',(0.,-1.,0.));
#5669=DIRECTION('',(-1.,0.,0.));
#5670=DIRECTION('',(0.,1.,0.));
#5671=DIRECTION('',(0.,-1.,0.));
#5672=DIRECTION('',(-1.,0.,0.));
#5673=DIRECTION('',(1.,0.,0.));
#5674=DIRECTION('',(0.,-1.,0.));
#5675=DIRECTION('',(0.,0.,-1.));
#5676=DIRECTION('',(0.,1.,0.));
#5677=DIRECTION('',(0.,0.,-1.));
#5678=DIRECTION('',(-0.00027940090006473,0.,-0.999999960967568));
#5679=DIRECTION('',(-0.999999960967568,0.,0.00027940090006473));
#5680=DIRECTION('',(-0.999999960967568,0.,0.00027940090006473));
#5681=DIRECTION('',(0.,1.,0.));
#5682=DIRECTION('',(-0.999999960967568,0.,0.00027940090006473));
#5683=DIRECTION('',(0.,1.,0.));
#5684=DIRECTION('',(1.,0.,0.));
#5685=DIRECTION('',(0.,-1.,0.));
#5686=DIRECTION('',(-1.,0.,0.));
#5687=DIRECTION('',(0.,1.,0.));
#5688=DIRECTION('',(0.,-1.,0.));
#5689=DIRECTION('',(-1.,0.,0.));
#5690=DIRECTION('',(1.,0.,0.));
#5691=DIRECTION('',(0.,-1.,0.));
#5692=DIRECTION('',(0.,0.,-1.));
#5693=DIRECTION('',(0.,1.,0.));
#5694=DIRECTION('',(0.,0.,-1.));
#5695=DIRECTION('',(0.,1.,0.));
#5696=DIRECTION('',(1.,0.,0.));
#5697=DIRECTION('',(0.,-1.,0.));
#5698=DIRECTION('',(-1.,0.,0.));
#5699=DIRECTION('',(0.,1.,0.));
#5700=DIRECTION('',(0.,-1.,0.));
#5701=DIRECTION('',(-1.,0.,0.));
#5702=DIRECTION('',(0.,0.,1.));
#5703=DIRECTION('',(0.,-1.,0.));
#5704=DIRECTION('',(1.,0.,0.));
#5705=DIRECTION('',(1.,0.,0.));
#5706=DIRECTION('',(0.,-1.,0.));
#5707=DIRECTION('',(1.,0.,0.));
#5708=DIRECTION('',(0.,-1.,0.));
#5709=DIRECTION('',(-1.,0.,0.));
#5710=DIRECTION('',(0.,-1.,0.));
#5711=DIRECTION('',(-1.,0.,0.));
#5712=DIRECTION('',(0.,-1.,0.));
#5713=DIRECTION('',(-1.,0.,0.));
#5714=DIRECTION('',(0.,-1.,0.));
#5715=DIRECTION('',(-1.,0.,0.));
#5716=DIRECTION('',(0.,-1.,0.));
#5717=DIRECTION('',(-1.,0.,0.));
#5718=DIRECTION('',(0.,-1.,0.));
#5719=DIRECTION('',(-1.,0.,0.));
#5720=DIRECTION('',(0.,-1.,0.));
#5721=DIRECTION('',(1.,0.,0.));
#5722=DIRECTION('',(0.,-1.,0.));
#5723=DIRECTION('',(-1.,0.,0.));
#5724=DIRECTION('',(0.,-1.,0.));
#5725=DIRECTION('',(-1.,0.,0.));
#5726=DIRECTION('',(0.,-1.,0.));
#5727=DIRECTION('',(-1.,0.,0.));
#5728=DIRECTION('',(0.,-1.,0.));
#5729=DIRECTION('',(-1.,0.,0.));
#5730=DIRECTION('',(0.,-1.,0.));
#5731=DIRECTION('',(-1.,0.,0.));
#5732=DIRECTION('',(0.,-1.,0.));
#5733=DIRECTION('',(-1.,0.,0.));
#5734=DIRECTION('',(0.,1.,0.));
#5735=DIRECTION('',(1.,0.,0.));
#5736=DIRECTION('',(0.,1.,0.));
#5737=DIRECTION('',(1.,0.,0.));
#5738=DIRECTION('',(0.,1.,0.));
#5739=DIRECTION('',(1.,0.,0.));
#5740=DIRECTION('',(0.,1.,0.));
#5741=DIRECTION('',(1.,0.,0.));
#5742=DIRECTION('',(0.,1.,0.));
#5743=DIRECTION('',(1.,0.,0.));
#5744=DIRECTION('',(0.,1.,0.));
#5745=DIRECTION('',(1.,0.,0.));
#5746=DIRECTION('',(0.,0.,1.));
#5747=DIRECTION('',(1.,0.,0.));
#5748=DIRECTION('',(-1.,0.,0.));
#5749=DIRECTION('',(0.,1.,0.));
#5750=DIRECTION('',(0.,0.,1.));
#5751=DIRECTION('',(0.,1.,0.));
#5752=DIRECTION('',(0.,0.,1.));
#5753=DIRECTION('',(0.,1.,0.));
#5754=DIRECTION('',(-0.707292993200721,0.,0.706920520121721));
#5755=DIRECTION('',(0.706920520121721,0.,0.707292993200721));
#5756=DIRECTION('',(0.706920520121721,0.,0.707292993200721));
#5757=DIRECTION('',(0.,1.,0.));
#5758=DIRECTION('',(0.706920520121721,0.,0.707292993200721));
#5759=DIRECTION('',(0.,1.,0.));
#5760=DIRECTION('',(0.,0.,1.));
#5761=DIRECTION('',(0.,-1.,0.));
#5762=DIRECTION('',(1.,0.,0.));
#5763=DIRECTION('',(0.,1.,0.));
#5764=DIRECTION('',(1.,0.,0.));
#5765=DIRECTION('',(0.,1.,0.));
#5766=DIRECTION('',(0.707065216348997,0.,0.707148343580996));
#5767=DIRECTION('',(0.707148343580996,0.,-0.707065216348997));
#5768=DIRECTION('',(0.707148343580996,0.,-0.707065216348997));
#5769=DIRECTION('',(0.,1.,0.));
#5770=DIRECTION('',(0.707148343580996,0.,-0.707065216348997));
#5771=DIRECTION('',(0.,1.,0.));
#5772=DIRECTION('',(0.,1.,0.));
#5773=DIRECTION('',(1.,0.,0.));
#5774=DIRECTION('',(0.,1.,0.));
#5775=DIRECTION('',(-1.,0.,0.));
#5776=DIRECTION('',(0.,1.,0.));
#5777=DIRECTION('',(0.,1.,0.));
#5778=DIRECTION('',(-1.,0.,0.));
#5779=DIRECTION('',(-3.96366544422361E-5,0.,0.999999999214468));
#5780=DIRECTION('',(0.999999999214468,0.,3.96366544422361E-5));
#5781=DIRECTION('',(0.999999999214468,0.,3.96366544422361E-5));
#5782=DIRECTION('',(0.,1.,0.));
#5783=DIRECTION('',(0.999999999214468,0.,3.96366544422361E-5));
#5784=DIRECTION('',(1.,0.,0.));
#5785=DIRECTION('',(0.,-1.,0.));
#5786=DIRECTION('',(0.,0.,-1.));
#5787=DIRECTION('',(0.,1.,0.));
#5788=DIRECTION('',(0.,0.,-1.));
#5789=DIRECTION('',(0.,1.,0.));
#5790=DIRECTION('',(0.,1.,0.));
#5791=DIRECTION('',(1.,0.,0.));
#5792=DIRECTION('',(0.,1.,0.));
#5793=DIRECTION('',(-1.,0.,0.));
#5794=DIRECTION('',(0.,1.,0.));
#5795=DIRECTION('',(0.,1.,0.));
#5796=DIRECTION('',(-1.,0.,0.));
#5797=DIRECTION('',(0.,0.,1.));
#5798=DIRECTION('',(0.,-1.,0.));
#5799=DIRECTION('',(1.,0.,0.));
#5800=DIRECTION('',(0.,1.,0.));
#5801=DIRECTION('',(1.,0.,0.));
#5802=DIRECTION('',(1.,0.,0.));
#5803=DIRECTION('',(0.,-1.,0.));
#5804=DIRECTION('',(0.,0.,-1.));
#5805=DIRECTION('',(0.,1.,0.));
#5806=DIRECTION('',(0.,0.,-1.));
#5807=DIRECTION('',(0.,1.,0.));
#5808=DIRECTION('',(-0.00027940090006412,0.,-0.999999960967568));
#5809=DIRECTION('',(-0.999999960967568,0.,0.00027940090006412));
#5810=DIRECTION('',(-0.999999960967568,0.,0.00027940090006412));
#5811=DIRECTION('',(0.,1.,0.));
#5812=DIRECTION('',(-0.999999960967568,0.,0.00027940090006412));
#5813=DIRECTION('',(0.999999960967568,0.,-0.000279400900066427));
#5814=DIRECTION('',(-0.000279400900066427,0.,-0.999999960967568));
#5815=DIRECTION('',(-0.000279400900066427,0.,-0.999999960967568));
#5816=DIRECTION('',(0.,1.,0.));
#5817=DIRECTION('',(-0.000279400900066427,0.,-0.999999960967568));
#5818=DIRECTION('',(0.,1.,0.));
#5819=DIRECTION('',(0.00027940090006448,0.,0.999999960967568));
#5820=DIRECTION('',(0.999999960967568,0.,-0.00027940090006448));
#5821=DIRECTION('',(0.999999960967568,0.,-0.00027940090006448));
#5822=DIRECTION('',(0.,1.,0.));
#5823=DIRECTION('',(0.999999960967568,0.,-0.00027940090006448));
#5824=DIRECTION('',(0.,1.,0.));
#5825=DIRECTION('',(-0.999999960967568,0.,0.000279400900061728));
#5826=DIRECTION('',(0.000279400900061728,0.,0.999999960967568));
#5827=DIRECTION('',(0.000279400900061728,0.,0.999999960967568));
#5828=DIRECTION('',(0.,1.,0.));
#5829=DIRECTION('',(0.000279400900061728,0.,0.999999960967568));
#5830=DIRECTION('',(0.,1.,0.));
#5831=DIRECTION('',(0.,1.,0.));
#5832=DIRECTION('',(1.,0.,0.));
#5833=DIRECTION('',(0.,1.,0.));
#5834=DIRECTION('',(-1.,0.,0.));
#5835=DIRECTION('',(0.,1.,0.));
#5836=DIRECTION('',(0.,1.,0.));
#5837=DIRECTION('',(-1.,0.,0.));
#5838=DIRECTION('',(0.,1.,0.));
#5839=DIRECTION('',(1.,0.,0.));
#5840=DIRECTION('',(0.,-1.,0.));
#5841=DIRECTION('',(0.,0.,-1.));
#5842=DIRECTION('',(0.,1.,0.));
#5843=DIRECTION('',(0.,0.,-1.));
#5844=DIRECTION('',(0.,0.,-1.));
#5845=DIRECTION('',(0.,1.,0.));
#5846=DIRECTION('',(-1.,0.,0.));
#5847=DIRECTION('',(0.,1.,0.));
#5848=DIRECTION('',(-1.,0.,0.));
#5849=DIRECTION('',(0.,1.,0.));
#5850=DIRECTION('',(0.,1.,0.));
#5851=DIRECTION('',(1.,0.,0.));
#5852=DIRECTION('',(0.,-1.,0.));
#5853=DIRECTION('',(0.,0.,1.));
#5854=DIRECTION('',(0.,-1.,0.));
#5855=DIRECTION('',(0.,0.,1.));
#5856=DIRECTION('',(0.,1.,0.));
#5857=DIRECTION('',(1.,0.,0.));
#5858=DIRECTION('',(0.,-1.,0.));
#5859=DIRECTION('',(0.,0.,1.));
#5860=DIRECTION('',(0.,-1.,0.));
#5861=DIRECTION('',(0.,0.,1.));
#5862=DIRECTION('',(0.,1.,0.));
#5863=DIRECTION('',(1.,0.,0.));
#5864=DIRECTION('',(0.,-1.,0.));
#5865=DIRECTION('',(0.,0.,1.));
#5866=DIRECTION('',(0.,-1.,0.));
#5867=DIRECTION('',(0.,0.,1.));
#5868=DIRECTION('',(0.,1.,0.));
#5869=DIRECTION('',(1.,0.,0.));
#5870=DIRECTION('',(0.,-1.,0.));
#5871=DIRECTION('',(0.,0.,1.));
#5872=DIRECTION('',(0.,-1.,0.));
#5873=DIRECTION('',(0.,0.,1.));
#5874=DIRECTION('',(0.,1.,0.));
#5875=DIRECTION('',(1.,0.,0.));
#5876=DIRECTION('',(0.,-1.,0.));
#5877=DIRECTION('',(0.,0.,1.));
#5878=DIRECTION('',(0.,-1.,0.));
#5879=DIRECTION('',(0.,0.,1.));
#5880=DIRECTION('',(0.,1.,0.));
#5881=DIRECTION('',(1.,0.,0.));
#5882=DIRECTION('',(0.,-1.,0.));
#5883=DIRECTION('',(0.,0.,1.));
#5884=DIRECTION('',(0.,-1.,0.));
#5885=DIRECTION('',(0.,0.,1.));
#5886=DIRECTION('',(0.,-1.,0.));
#5887=DIRECTION('',(1.,0.,0.));
#5888=DIRECTION('',(0.,-1.,0.));
#5889=DIRECTION('',(-1.,0.,0.));
#5890=DIRECTION('',(1.,0.,0.));
#5891=DIRECTION('',(0.,-1.,0.));
#5892=DIRECTION('',(0.0431399658871518,0.,-0.999069038326809));
#5893=DIRECTION('',(0.706920520121721,0.,0.707292993200721));
#5894=DIRECTION('',(0.,-1.,0.));
#5895=DIRECTION('',(-1.,0.,0.));
#5896=DIRECTION('',(0.,1.,0.));
#5897=DIRECTION('',(1.,0.,0.));
#5898=DIRECTION('',(6.96133253188997E-23,0.,1.));
#5899=DIRECTION('',(0.,-1.,0.));
#5900=DIRECTION('',(0.999996024381661,0.,-0.00281979092708305));
#5901=DIRECTION('',(-1.,0.,0.));
#5902=DIRECTION('',(0.,-1.,0.));
#5903=DIRECTION('',(7.47075763375392E-7,0.,0.999999999999721));
#5904=DIRECTION('',(0.,0.,-1.));
#5905=DIRECTION('',(0.,1.,0.));
#5906=DIRECTION('',(0.999999999999721,0.,7.47075727848292E-7));
#5907=DIRECTION('',(-0.999999960967568,0.,0.00027940090006478));
#5908=DIRECTION('',(0.,-1.,0.));
#5909=DIRECTION('',(7.47075742059092E-7,0.,0.999999999999721));
#5910=DIRECTION('',(0.,0.,-1.));
#5911=DIRECTION('',(0.,-1.,0.));
#5912=DIRECTION('',(-0.999999947120777,0.,0.000325205231752628));
#5913=DIRECTION('',(1.,0.,0.));
#5914=DIRECTION('',(0.,1.,0.));
#5915=DIRECTION('',(-7.47075749164592E-7,0.,0.999999999999721));
#5916=DIRECTION('',(0.,0.,-1.));
#5917=DIRECTION('',(0.,1.,0.));
#5918=DIRECTION('',(1.,0.,0.));
#5919=DIRECTION('',(0.999999999214468,0.,3.96366544425685E-5));
#5920=DIRECTION('',(0.,1.,0.));
#5921=DIRECTION('',(1.,0.,0.));
#5922=DIRECTION('',(0.707148343580996,0.,-0.707065216348996));
#5923=DIRECTION('',(0.,-1.,0.));
#5924=DIRECTION('',(-0.780515041402364,0.,-0.625137001100292));
#5925=DIRECTION('',(0.,-1.,0.));
#5926=DIRECTION('',(-1.,0.,0.));
#5927=DIRECTION('',(0.,-1.,0.));
#5928=DIRECTION('',(-1.,0.,0.));
#5929=DIRECTION('',(0.,-1.,0.));
#5930=DIRECTION('',(-1.,0.,0.));
#5931=DIRECTION('',(0.,-1.,0.));
#5932=DIRECTION('',(-1.,0.,0.));
#5933=DIRECTION('',(0.,-1.,0.));
#5934=DIRECTION('',(-1.,0.,0.));
#5935=DIRECTION('',(0.,-1.,0.));
#5936=DIRECTION('',(-1.,0.,0.));
#5937=DIRECTION('',(0.,-1.,0.));
#5938=DIRECTION('',(-1.,0.,0.));
#5939=DIRECTION('',(0.,-1.,0.));
#5940=DIRECTION('',(-1.,0.,0.));
#5941=DIRECTION('',(0.,-1.,0.));
#5942=DIRECTION('',(-1.,0.,0.));
#5943=DIRECTION('',(0.,-1.,0.));
#5944=DIRECTION('',(-1.,0.,0.));
#5945=DIRECTION('',(0.,-1.,0.));
#5946=DIRECTION('',(-1.,0.,0.));
#5947=DIRECTION('',(0.,-1.,0.));
#5948=DIRECTION('',(-1.,0.,0.));
#5949=DIRECTION('',(0.,-1.,0.));
#5950=DIRECTION('',(-1.,0.,0.));
#5951=DIRECTION('',(0.,-1.,0.));
#5952=DIRECTION('',(-1.,0.,0.));
#5953=DIRECTION('',(0.,-1.,0.));
#5954=DIRECTION('',(-1.,0.,0.));
#5955=DIRECTION('',(0.,-1.,0.));
#5956=DIRECTION('',(-1.,0.,0.));
#5957=DIRECTION('',(0.,-1.,0.));
#5958=DIRECTION('',(1.,0.,0.));
#5959=DIRECTION('',(0.,1.,0.));
#5960=DIRECTION('',(1.,0.,0.));
#5961=DIRECTION('',(0.,1.,0.));
#5962=DIRECTION('',(1.,0.,0.));
#5963=DIRECTION('',(0.,1.,0.));
#5964=DIRECTION('',(1.,0.,0.));
#5965=DIRECTION('',(0.,1.,0.));
#5966=DIRECTION('',(1.,0.,0.));
#5967=DIRECTION('',(0.,1.,0.));
#5968=DIRECTION('',(1.,0.,0.));
#5969=DIRECTION('',(0.,1.,0.));
#5970=DIRECTION('',(1.,0.,0.));
#5971=DIRECTION('',(0.,-1.,0.));
#5972=DIRECTION('',(-1.,0.,0.));
#5973=DIRECTION('',(0.,-1.,0.));
#5974=DIRECTION('',(-1.,0.,0.));
#5975=DIRECTION('',(0.,-1.,0.));
#5976=DIRECTION('',(-1.,0.,0.));
#5977=DIRECTION('',(0.,-1.,0.));
#5978=DIRECTION('',(-1.,0.,0.));
#5979=DIRECTION('',(0.,-1.,0.));
#5980=DIRECTION('',(-1.,0.,0.));
#5981=DIRECTION('',(0.,-1.,0.));
#5982=DIRECTION('',(-1.,0.,0.));
#5983=DIRECTION('',(0.,-1.,0.));
#5984=DIRECTION('',(-1.,0.,0.));
#5985=DIRECTION('',(0.,-1.,0.));
#5986=DIRECTION('',(-1.,0.,0.));
#5987=DIRECTION('',(0.,-1.,0.));
#5988=DIRECTION('',(-1.,0.,0.));
#5989=DIRECTION('',(0.,-1.,0.));
#5990=DIRECTION('',(-1.,0.,0.));
#5991=DIRECTION('',(0.,-1.,0.));
#5992=DIRECTION('',(-1.,0.,0.));
#5993=DIRECTION('',(0.,-1.,0.));
#5994=DIRECTION('',(-1.,0.,0.));
#5995=DIRECTION('',(0.,-1.,0.));
#5996=DIRECTION('',(-1.,0.,0.));
#5997=DIRECTION('',(0.,-1.,0.));
#5998=DIRECTION('',(-1.,0.,0.));
#5999=DIRECTION('',(0.,-1.,0.));
#6000=DIRECTION('',(-1.,0.,0.));
#6001=DIRECTION('',(0.,-1.,0.));
#6002=DIRECTION('',(-1.,0.,0.));
#6003=DIRECTION('',(0.,0.,-1.));
#6004=DIRECTION('',(1.,0.,0.));
#6005=DIRECTION('',(0.,-1.,0.));
#6006=DIRECTION('',(-1.,0.,0.));
#6007=DIRECTION('',(0.,0.,-1.));
#6008=DIRECTION('',(0.,-1.,0.));
#6009=DIRECTION('',(-1.,0.,0.));
#6010=DIRECTION('',(-0.999999960967568,0.,0.00027940090006473));
#6011=DIRECTION('',(0.,0.,-1.));
#6012=DIRECTION('',(0.,-1.,0.));
#6013=DIRECTION('',(-1.,0.,0.));
#6014=DIRECTION('',(-1.,0.,0.));
#6015=DIRECTION('',(0.,-1.,0.));
#6016=DIRECTION('',(-1.,0.,0.));
#6017=DIRECTION('',(0.,0.,1.));
#6018=DIRECTION('',(0.,-1.,0.));
#6019=DIRECTION('',(-1.,0.,0.));
#6020=DIRECTION('',(0.706920520121721,0.,0.707292993200721));
#6021=DIRECTION('',(0.,-1.,0.));
#6022=DIRECTION('',(-1.,0.,0.));
#6023=DIRECTION('',(1.,0.,0.));
#6024=DIRECTION('',(0.,-1.,0.));
#6025=DIRECTION('',(-1.,0.,0.));
#6026=DIRECTION('',(0.707148343580996,0.,-0.707065216348996));
#6027=DIRECTION('',(0.999999999214468,0.,3.96366544426576E-5));
#6028=DIRECTION('',(0.,-1.,0.));
#6029=DIRECTION('',(-1.,0.,0.));
#6030=DIRECTION('',(-1.,0.,0.));
#6031=DIRECTION('',(0.,1.,0.));
#6032=DIRECTION('',(0.,0.,-1.));
#6033=DIRECTION('',(0.,-1.,0.));
#6034=DIRECTION('',(0.,-1.,0.));
#6035=DIRECTION('',(0.,-1.,0.));
#6036=DIRECTION('',(-1.,0.,0.));
#6037=DIRECTION('',(0.,-1.,0.));
#6038=DIRECTION('',(-1.,0.,0.));
#6039=DIRECTION('',(0.,-1.,0.));
#6040=DIRECTION('',(3.96366544426576E-5,0.,-0.999999999214468));
#6041=DIRECTION('',(-0.999999999214468,0.,-3.96366544426576E-5));
#6042=DIRECTION('',(0.999999999214468,0.,3.96366544426576E-5));
#6043=DIRECTION('',(0.,-1.,0.));
#6044=DIRECTION('',(-0.707065216348996,0.,-0.707148343580997));
#6045=DIRECTION('',(-0.707148343580997,0.,0.707065216348996));
#6046=DIRECTION('',(0.707148343580996,0.,-0.707065216348996));
#6047=DIRECTION('',(0.,-1.,0.));
#6048=DIRECTION('',(0.,-1.,0.));
#6049=DIRECTION('',(-1.,0.,0.));
#6050=DIRECTION('',(0.,-1.,0.));
#6051=DIRECTION('',(-1.,0.,0.));
#6052=DIRECTION('',(0.,-1.,0.));
#6053=DIRECTION('',(0.,0.,-1.));
#6054=DIRECTION('',(0.,1.,0.));
#6055=DIRECTION('',(1.,0.,0.));
#6056=DIRECTION('',(0.,-1.,0.));
#6057=DIRECTION('',(0.,-1.,0.));
#6058=DIRECTION('',(-1.,0.,0.));
#6059=DIRECTION('',(0.,-1.,0.));
#6060=DIRECTION('',(-1.,0.,0.));
#6061=DIRECTION('',(0.,-1.,0.));
#6062=DIRECTION('',(0.707292993200721,0.,-0.706920520121721));
#6063=DIRECTION('',(-0.706920520121721,0.,-0.707292993200721));
#6064=DIRECTION('',(0.706920520121721,0.,0.707292993200721));
#6065=DIRECTION('',(0.,-1.,0.));
#6066=DIRECTION('',(0.,-1.,0.));
#6067=DIRECTION('',(-1.,0.,0.));
#6068=DIRECTION('',(0.,-1.,0.));
#6069=DIRECTION('',(-1.,0.,0.));
#6070=DIRECTION('',(0.,-1.,0.));
#6071=DIRECTION('',(1.,0.,0.));
#6072=DIRECTION('',(0.,-1.,0.));
#6073=DIRECTION('',(0.,0.,1.));
#6074=DIRECTION('',(0.,-1.,0.));
#6075=DIRECTION('',(0.,-1.,0.));
#6076=DIRECTION('',(-1.,0.,0.));
#6077=DIRECTION('',(0.,-1.,0.));
#6078=DIRECTION('',(-1.,0.,0.));
#6079=DIRECTION('',(0.,-1.,0.));
#6080=DIRECTION('',(0.,0.,1.));
#6081=DIRECTION('',(0.,-1.,0.));
#6082=DIRECTION('',(-1.,0.,0.));
#6083=DIRECTION('',(0.,-1.,0.));
#6084=DIRECTION('',(0.,-1.,0.));
#6085=DIRECTION('',(-1.,0.,0.));
#6086=DIRECTION('',(0.,-1.,0.));
#6087=DIRECTION('',(-1.,0.,0.));
#6088=DIRECTION('',(0.,-1.,0.));
#6089=DIRECTION('',(-1.,0.,0.));
#6090=DIRECTION('',(0.,1.,0.));
#6091=DIRECTION('',(0.,0.,-1.));
#6092=DIRECTION('',(0.,-1.,0.));
#6093=DIRECTION('',(0.00027940090006473,0.,0.999999960967568));
#6094=DIRECTION('',(0.999999960967568,0.,-0.00027940090006473));
#6095=DIRECTION('',(-0.999999960967568,0.,0.00027940090006473));
#6096=DIRECTION('',(0.,-1.,0.));
#6097=DIRECTION('',(0.,-1.,0.));
#6098=DIRECTION('',(-1.,0.,0.));
#6099=DIRECTION('',(0.,-1.,0.));
#6100=DIRECTION('',(-1.,0.,0.));
#6101=DIRECTION('',(0.,-1.,0.));
#6102=DIRECTION('',(-1.,0.,0.));
#6103=DIRECTION('',(0.,1.,0.));
#6104=DIRECTION('',(0.,0.,-1.));
#6105=DIRECTION('',(0.,-1.,0.));
#6106=DIRECTION('',(0.,-1.,0.));
#6107=DIRECTION('',(-1.,0.,0.));
#6108=DIRECTION('',(0.,-1.,0.));
#6109=DIRECTION('',(-1.,0.,0.));
#6110=DIRECTION('',(0.,-1.,0.));
#6111=DIRECTION('',(-1.,0.,0.));
#6112=DIRECTION('',(0.,1.,0.));
#6113=DIRECTION('',(0.,-1.,0.));
#6114=DIRECTION('',(0.,0.,-1.));
#6115=DIRECTION('',(0.,-1.,0.));
#6116=DIRECTION('',(0.,-1.,0.));
#6117=DIRECTION('',(-1.,0.,0.));
#6118=DIRECTION('',(0.,-1.,0.));
#6119=DIRECTION('',(0.,1.,0.));
#6120=DIRECTION('',(-7.47075749164592E-7,0.,0.999999999999721));
#6121=DIRECTION('',(0.,0.,-1.));
#6122=DIRECTION('',(0.,1.,0.));
#6123=DIRECTION('',(0.,-1.,0.));
#6124=DIRECTION('',(1.,0.,0.));
#6125=DIRECTION('',(0.,-1.,0.));
#6126=DIRECTION('',(-1.,0.,0.));
#6127=DIRECTION('',(0.,-1.,0.));
#6128=DIRECTION('',(0.,-1.,0.));
#6129=DIRECTION('',(-0.999999947120777,0.,0.000325205231752628));
#6130=DIRECTION('',(-1.,0.,0.));
#6131=DIRECTION('',(0.,1.,0.));
#6132=DIRECTION('',(0.,-1.,0.));
#6133=DIRECTION('',(0.,0.,-1.));
#6134=DIRECTION('',(0.,-1.,0.));
#6135=DIRECTION('',(-1.,0.,0.));
#6136=DIRECTION('',(0.,-1.,0.));
#6137=DIRECTION('',(0.,-1.,0.));
#6138=DIRECTION('',(7.47075742059092E-7,0.,0.999999999999721));
#6139=DIRECTION('',(0.00027940090006478,0.,0.999999960967568));
#6140=DIRECTION('',(0.999999960967568,0.,-0.00027940090006478));
#6141=DIRECTION('',(0.,-1.,0.));
#6142=DIRECTION('',(-0.999999960967568,0.,0.00027940090006478));
#6143=DIRECTION('',(0.,-1.,0.));
#6144=DIRECTION('',(-1.,0.,0.));
#6145=DIRECTION('',(0.,-1.,0.));
#6146=DIRECTION('',(0.,1.,0.));
#6147=DIRECTION('',(0.999999999999721,0.,7.47075727848292E-7));
#6148=DIRECTION('',(-1.,0.,0.));
#6149=DIRECTION('',(0.,1.,0.));
#6150=DIRECTION('',(0.,-1.,0.));
#6151=DIRECTION('',(0.,0.,-1.));
#6152=DIRECTION('',(0.,-1.,0.));
#6153=DIRECTION('',(-1.,0.,0.));
#6154=DIRECTION('',(0.,-1.,0.));
#6155=DIRECTION('',(0.,-1.,0.));
#6156=DIRECTION('',(7.47075763375392E-7,0.,0.999999999999721));
#6157=DIRECTION('',(0.,0.,1.));
#6158=DIRECTION('',(0.,-1.,0.));
#6159=DIRECTION('',(0.,-1.,0.));
#6160=DIRECTION('',(-1.,0.,0.));
#6161=DIRECTION('',(0.,-1.,0.));
#6162=DIRECTION('',(-1.,0.,0.));
#6163=DIRECTION('',(0.,-1.,0.));
#6164=DIRECTION('',(0.,-1.,0.));
#6165=DIRECTION('',(0.999996024381661,0.,-0.00281979092708305));
#6166=DIRECTION('',(1.,0.,-6.96133253188997E-23));
#6167=DIRECTION('',(-6.96133253188997E-23,0.,-1.));
#6168=DIRECTION('',(0.,-1.,0.));
#6169=DIRECTION('',(6.96133253188997E-23,0.,1.));
#6170=DIRECTION('',(0.,-1.,0.));
#6171=DIRECTION('',(-1.,0.,0.));
#6172=DIRECTION('',(0.,1.,0.));
#6173=DIRECTION('',(0.,1.,0.));
#6174=DIRECTION('',(1.,0.,0.));
#6175=DIRECTION('',(0.707292993200721,0.,-0.706920520121721));
#6176=DIRECTION('',(-0.706920520121721,0.,-0.707292993200721));
#6177=DIRECTION('',(0.706920520121721,0.,0.707292993200721));
#6178=DIRECTION('',(0.,1.,0.));
#6179=DIRECTION('',(0.,-1.,0.));
#6180=DIRECTION('',(0.,-1.,0.));
#6181=DIRECTION('',(-1.,0.,0.));
#6182=DIRECTION('',(0.,-1.,0.));
#6183=DIRECTION('',(0.,-1.,0.));
#6184=DIRECTION('',(0.0431399658871518,0.,-0.999069038326809));
#6185=DIRECTION('',(0.,0.,-1.));
#6186=DIRECTION('',(0.,1.,0.));
#6187=DIRECTION('',(0.,1.,0.));
#6188=DIRECTION('',(1.,0.,0.));
#6189=DIRECTION('',(0.,-1.,0.));
#6190=DIRECTION('',(-1.,0.,0.));
#6191=DIRECTION('',(0.,-1.,0.));
#6192=DIRECTION('',(-0.780515041402364,0.,-0.625137001100292));
#6193=DIRECTION('',(0.,1.,0.));
#6194=DIRECTION('',(0.,-1.,0.));
#6195=DIRECTION('',(-0.707065216348996,0.,-0.707148343580996));
#6196=DIRECTION('',(-0.707148343580996,0.,0.707065216348997));
#6197=DIRECTION('',(0.,-1.,0.));
#6198=DIRECTION('',(0.707148343580996,0.,-0.707065216348996));
#6199=DIRECTION('',(0.,-1.,0.));
#6200=DIRECTION('',(-1.,0.,0.));
#6201=DIRECTION('',(0.,-1.,0.));
#6202=DIRECTION('',(0.,1.,0.));
#6203=DIRECTION('',(1.,0.,0.));
#6204=DIRECTION('',(3.96366544425685E-5,0.,-0.999999999214468));
#6205=DIRECTION('',(-0.999999999214468,0.,-3.96366544425685E-5));
#6206=DIRECTION('',(0.,-1.,0.));
#6207=DIRECTION('',(0.999999999214468,0.,3.96366544425685E-5));
#6208=DIRECTION('',(0.,-1.,0.));
#6209=DIRECTION('',(-1.,0.,0.));
#6210=DIRECTION('',(0.,1.,0.));
#6211=DIRECTION('',(1.,0.,0.));
#6212=DIRECTION('',(0.,0.,-1.));
#6213=DIRECTION('',(0.,1.,0.));
#6214=DIRECTION('',(1.,0.,0.));
#6215=DIRECTION('',(0.,-1.,0.));
#6216=DIRECTION('',(1.,0.,0.));
#6217=DIRECTION('',(0.,-1.,0.));
#6218=DIRECTION('',(-1.,0.,0.));
#6219=DIRECTION('',(0.,-1.,0.));
#6220=DIRECTION('',(-1.,0.,0.));
#6221=DIRECTION('',(0.,-1.,0.));
#6222=DIRECTION('',(-1.,0.,0.));
#6223=DIRECTION('',(0.,-1.,0.));
#6224=DIRECTION('',(-1.,0.,0.));
#6225=DIRECTION('',(0.,-1.,0.));
#6226=DIRECTION('',(-1.,0.,0.));
#6227=DIRECTION('',(0.,-1.,0.));
#6228=DIRECTION('',(-1.,0.,0.));
#6229=DIRECTION('',(0.,1.,0.));
#6230=DIRECTION('',(1.,0.,0.));
#6231=DIRECTION('',(0.,1.,0.));
#6232=DIRECTION('',(1.,0.,0.));
#6233=DIRECTION('',(0.,1.,0.));
#6234=DIRECTION('',(1.,0.,0.));
#6235=DIRECTION('',(0.,1.,0.));
#6236=DIRECTION('',(1.,0.,0.));
#6237=DIRECTION('',(0.,1.,0.));
#6238=DIRECTION('',(1.,0.,0.));
#6239=DIRECTION('',(0.,1.,0.));
#6240=DIRECTION('',(1.,0.,0.));
#6241=DIRECTION('',(0.,1.,0.));
#6242=DIRECTION('',(1.,0.,0.));
#6243=DIRECTION('',(0.,1.,0.));
#6244=DIRECTION('',(0.,-1.,0.));
#6245=DIRECTION('',(-1.,0.,0.));
#6246=DIRECTION('',(0.,-1.,0.));
#6247=DIRECTION('',(-1.,0.,0.));
#6248=DIRECTION('',(0.,-1.,0.));
#6249=DIRECTION('',(0.,-1.,0.));
#6250=DIRECTION('',(-1.,0.,0.));
#6251=DIRECTION('',(0.,-1.,0.));
#6252=DIRECTION('',(-1.,0.,0.));
#6253=DIRECTION('',(0.,-1.,0.));
#6254=DIRECTION('',(0.,-1.,0.));
#6255=DIRECTION('',(-1.,0.,0.));
#6256=DIRECTION('',(0.,-1.,0.));
#6257=DIRECTION('',(0.,-1.,0.));
#6258=DIRECTION('',(-1.,0.,0.));
#6259=DIRECTION('',(0.,1.,0.));
#6260=DIRECTION('',(1.,0.,0.));
#6261=DIRECTION('',(0.,1.,0.));
#6262=DIRECTION('',(0.,-1.,0.));
#6263=DIRECTION('',(-1.,0.,0.));
#6264=DIRECTION('',(0.,1.,0.));
#6265=DIRECTION('',(1.,0.,0.));
#6266=DIRECTION('',(0.,1.,0.));
#6267=DIRECTION('',(1.,0.,0.));
#6268=DIRECTION('',(0.,1.,0.));
#6269=DIRECTION('',(1.,0.,0.));
#6270=DIRECTION('',(0.,1.,0.));
#6271=DIRECTION('',(1.,0.,0.));
#6272=DIRECTION('',(0.,1.,0.));
#6273=DIRECTION('',(1.,0.,0.));
#6274=DIRECTION('',(0.,-1.,0.));
#6275=DIRECTION('',(-1.,0.,0.));
#6276=DIRECTION('',(0.,1.,0.));
#6277=DIRECTION('',(1.,0.,0.));
#6278=CARTESIAN_POINT('',(0.,0.,0.));
#6279=CARTESIAN_POINT('',(0.287751440613559,0.00451,0.0493093406924666));
#6280=CARTESIAN_POINT('',(0.287751440613559,0.00451,0.0493093406924666));
#6281=CARTESIAN_POINT('',(0.287719816484589,0.00451,0.0492774862088287));
#6282=CARTESIAN_POINT('',(0.287789055351825,0.00451,0.0493472294218537));
#6283=CARTESIAN_POINT('',(0.287719816484589,0.00151,0.0492774862088287));
#6284=CARTESIAN_POINT('',(0.287719816484589,0.00151,0.0492774862088287));
#6285=CARTESIAN_POINT('',(0.287751440613559,0.00151,0.0493093406924666));
#6286=CARTESIAN_POINT('',(0.287789055351825,0.00151,0.0493472294218537));
#6287=CARTESIAN_POINT('',(0.287789055351825,0.00451,0.0493472294218537));
#6288=CARTESIAN_POINT('',(0.288369719159063,0.00451,0.0527820119424666));
#6289=CARTESIAN_POINT('',(0.288369719159063,0.00451,0.0527820119424666));
#6290=CARTESIAN_POINT('',(0.288369719159063,0.00451,0.0536319010178024));
#6291=CARTESIAN_POINT('',(0.288369719159063,0.00451,0.0507563017308274));
#6292=CARTESIAN_POINT('',(0.288369719159063,0.00451,0.0507563017308274));
#6293=CARTESIAN_POINT('',(0.288369719159063,0.00151,0.0507563017308274));
#6294=CARTESIAN_POINT('',(0.288369719159063,0.00151,0.0527820119424666));
#6295=CARTESIAN_POINT('',(0.288369719159063,0.00151,0.0536319010178024));
#6296=CARTESIAN_POINT('',(0.288369719159063,0.00451,0.0536319010178024));
#6297=CARTESIAN_POINT('',(0.291198999353693,0.00451,0.0556319010178024));
#6298=CARTESIAN_POINT('',(0.291198999353693,0.00151,0.0556319010178024));
#6299=CARTESIAN_POINT('',(0.293195597772096,0.00151,0.0556319010178024));
#6300=CARTESIAN_POINT('',(0.290369719159063,0.00151,0.0556319010178024));
#6301=CARTESIAN_POINT('',(0.293195597772096,0.00451,0.0556319010178024));
#6302=CARTESIAN_POINT('',(0.293195597772096,0.00451,0.0556319010178024));
#6303=CARTESIAN_POINT('',(0.291198999353693,0.00451,0.0556319010178024));
#6304=CARTESIAN_POINT('',(0.290369719159063,0.00451,0.0556319010178024));
#6305=CARTESIAN_POINT('',(0.290369719159063,0.00451,0.0556319010178024));
#6306=CARTESIAN_POINT('',(0.294339771561245,0.00451,0.0559456619830001));
#6307=CARTESIAN_POINT('',(0.294339771561245,0.00451,0.0559456619830001));
#6308=CARTESIAN_POINT('',(0.294614933964858,0.00451,0.0562228287088287));
#6309=CARTESIAN_POINT('',(0.294651263574167,0.00451,0.0562594229481978));
#6310=CARTESIAN_POINT('',(0.294614933964858,0.00451,0.0562228287088287));
#6311=CARTESIAN_POINT('',(0.294614933964858,0.00151,0.0562228287088287));
#6312=CARTESIAN_POINT('',(0.294339771561245,0.00151,0.0559456619830001));
#6313=CARTESIAN_POINT('',(0.294651263574167,0.00151,0.0562594229481978));
#6314=CARTESIAN_POINT('',(0.294651263574167,0.00451,0.0562594229481978));
#6315=CARTESIAN_POINT('',(0.296890305965443,0.00451,0.0540365721195824));
#6316=CARTESIAN_POINT('',(0.296890305965443,0.00151,0.0540365721195824));
#6317=CARTESIAN_POINT('',(0.296890004953182,0.00151,0.0571916278315462));
#6318=CARTESIAN_POINT('',(0.296890004953182,0.00451,0.0571916278315462));
#6319=CARTESIAN_POINT('',(0.296890004953182,0.00451,0.0571916278315462));
#6320=CARTESIAN_POINT('',(0.296890305965443,0.00451,0.0540365721195824));
#6321=CARTESIAN_POINT('',(0.305004410402643,0.00451,0.0571924019971245));
#6322=CARTESIAN_POINT('',(0.305004410402643,0.00151,0.0571924019971245));
#6323=CARTESIAN_POINT('',(0.311120524764453,0.00151,0.0571929855131));
#6324=CARTESIAN_POINT('',(0.311120524764453,0.00451,0.0571929855131));
#6325=CARTESIAN_POINT('',(0.311120524764453,0.00451,0.0571929855131));
#6326=CARTESIAN_POINT('',(0.305004410402643,0.00451,0.0571924019971245));
#6327=CARTESIAN_POINT('',(0.316370815439667,0.00451,0.0628029116829506));
#6328=CARTESIAN_POINT('',(0.316370815439667,0.00451,0.0628029116829506));
#6329=CARTESIAN_POINT('',(0.316370494512027,0.00451,0.0623803107345329));
#6330=CARTESIAN_POINT('',(0.316372653312471,0.00451,0.0652238031523407));
#6331=CARTESIAN_POINT('',(0.316370494512027,0.00451,0.0623803107345329));
#6332=CARTESIAN_POINT('',(0.316370494512027,0.00151,0.0623803107345329));
#6333=CARTESIAN_POINT('',(0.316370815439667,0.00151,0.0628029116829506));
#6334=CARTESIAN_POINT('',(0.316372653312471,0.00151,0.0652238031523407));
#6335=CARTESIAN_POINT('',(0.316372653312471,0.00451,0.0652238031523407));
#6336=CARTESIAN_POINT('',(0.320372650664913,0.00451,0.0652207655119524));
#6337=CARTESIAN_POINT('',(0.320372650664913,0.00151,0.0652207655119524));
#6338=CARTESIAN_POINT('',(0.320372650664913,0.00151,0.0692207640178024));
#6339=CARTESIAN_POINT('',(0.320372650664913,0.00451,0.0692207640178024));
#6340=CARTESIAN_POINT('',(0.320372650664913,0.00451,0.0692207640178024));
#6341=CARTESIAN_POINT('',(0.320372650664913,0.00451,0.0652207655119524));
#6342=CARTESIAN_POINT('',(0.326372651411988,0.00451,0.0692207640178024));
#6343=CARTESIAN_POINT('',(0.326372651411988,0.00151,0.0692207640178024));
#6344=CARTESIAN_POINT('',(0.330372652159063,0.00151,0.0692207640178024));
#6345=CARTESIAN_POINT('',(0.330372652159063,0.00451,0.0692207640178024));
#6346=CARTESIAN_POINT('',(0.330372652159063,0.00451,0.0692207640178024));
#6347=CARTESIAN_POINT('',(0.326372651411988,0.00451,0.0692207640178024));
#6348=CARTESIAN_POINT('',(0.332372652159063,0.00451,0.0975957639985188));
#6349=CARTESIAN_POINT('',(0.332372652159063,0.00151,0.0975957639985188));
#6350=CARTESIAN_POINT('',(0.332372652159063,0.00151,0.0712207640178024));
#6351=CARTESIAN_POINT('',(0.332372652159063,0.00151,0.123970371169862));
#6352=CARTESIAN_POINT('',(0.332372652159063,0.00451,0.123970371169862));
#6353=CARTESIAN_POINT('',(0.332372652159063,0.00451,0.123970371169862));
#6354=CARTESIAN_POINT('',(0.332372652159063,0.00451,0.0975957639985188));
#6355=CARTESIAN_POINT('',(0.332372652159063,0.00451,0.0712207640178024));
#6356=CARTESIAN_POINT('',(0.332372652159063,0.00151,0.0712207640178024));
#6357=CARTESIAN_POINT('',(0.323871079097474,0.00451,0.125969094394385));
#6358=CARTESIAN_POINT('',(0.323871079097474,0.00151,0.125969094394385));
#6359=CARTESIAN_POINT('',(0.330372259388265,0.00151,0.125970371131295));
#6360=CARTESIAN_POINT('',(0.31736950599732,0.00151,0.125967817580332));
#6361=CARTESIAN_POINT('',(0.31736950599732,0.00451,0.125967817580332));
#6362=CARTESIAN_POINT('',(0.31736950599732,0.00451,0.125967817580332));
#6363=CARTESIAN_POINT('',(0.323871079097474,0.00451,0.125969094394385));
#6364=CARTESIAN_POINT('',(0.330372259388265,0.00451,0.125970371131295));
#6365=CARTESIAN_POINT('',(0.330372259388265,0.00151,0.125970371131295));
#6366=CARTESIAN_POINT('',(0.315369907218265,0.00451,0.123924592845274));
#6367=CARTESIAN_POINT('',(0.315369907218265,0.00451,0.123924592845274));
#6368=CARTESIAN_POINT('',(0.315369898806684,0.00451,0.123967424848101));
#6369=CARTESIAN_POINT('',(0.315369915551153,0.00451,0.123882161548276));
#6370=CARTESIAN_POINT('',(0.315369898806684,0.00151,0.123967424848101));
#6371=CARTESIAN_POINT('',(0.315369898806684,0.00151,0.123967424848101));
#6372=CARTESIAN_POINT('',(0.315369907218265,0.00151,0.123924592845274));
#6373=CARTESIAN_POINT('',(0.315369915551153,0.00151,0.123882161548276));
#6374=CARTESIAN_POINT('',(0.315369915551153,0.00451,0.123882161548276));
#6375=CARTESIAN_POINT('',(0.296120013779853,0.00451,0.12188183687057));
#6376=CARTESIAN_POINT('',(0.296120013779853,0.00451,0.12188183687057));
#6377=CARTESIAN_POINT('',(0.313369907694821,0.00451,0.121881768777494));
#6378=CARTESIAN_POINT('',(0.278869711264165,0.00451,0.121881904965259));
#6379=CARTESIAN_POINT('',(0.313369907694821,0.00451,0.121881768777494));
#6380=CARTESIAN_POINT('',(0.313369907694821,0.00151,0.121881768777494));
#6381=CARTESIAN_POINT('',(0.296120013779853,0.00151,0.12188183687057));
#6382=CARTESIAN_POINT('',(0.278869711264165,0.00151,0.121881904965259));
#6383=CARTESIAN_POINT('',(0.278869711264165,0.00451,0.121881904965259));
#6384=CARTESIAN_POINT('',(0.276869719159063,0.00451,0.124627182163032));
#6385=CARTESIAN_POINT('',(0.276869719159063,0.00451,0.124627182163032));
#6386=CARTESIAN_POINT('',(0.276869719159063,0.00451,0.123881904965244));
#6387=CARTESIAN_POINT('',(0.276869719159063,0.00451,0.126720401021302));
#6388=CARTESIAN_POINT('',(0.276869719159063,0.00451,0.123881904965244));
#6389=CARTESIAN_POINT('',(0.276869719159063,0.00151,0.123881904965244));
#6390=CARTESIAN_POINT('',(0.276869719159063,0.00151,0.124627182163032));
#6391=CARTESIAN_POINT('',(0.276869719159063,0.00151,0.126720401021302));
#6392=CARTESIAN_POINT('',(0.276869719159063,0.00451,0.126720401021302));
#6393=CARTESIAN_POINT('',(0.279919668664913,0.00451,0.129960461523602));
#6394=CARTESIAN_POINT('',(0.279919668664913,0.00451,0.129960461523602));
#6395=CARTESIAN_POINT('',(0.276553036080201,0.00451,0.127800421457687));
#6396=CARTESIAN_POINT('',(0.275919670159104,0.00451,0.129960477313392));
#6397=CARTESIAN_POINT('',(0.276553036080201,0.00451,0.127800421457687));
#6398=CARTESIAN_POINT('',(0.276553036080201,0.00151,0.127800421457687));
#6399=CARTESIAN_POINT('',(0.279919668664913,0.00151,0.129960461523602));
#6400=CARTESIAN_POINT('',(0.275919670159104,0.00151,0.129960477313392));
#6401=CARTESIAN_POINT('',(0.275919670159104,0.00451,0.129960477313392));
#6402=CARTESIAN_POINT('',(0.275919694659075,0.00451,0.136167009993052));
#6403=CARTESIAN_POINT('',(0.275919694659075,0.00151,0.136167009993052));
#6404=CARTESIAN_POINT('',(0.275919719159046,0.00151,0.142373542672713));
#6405=CARTESIAN_POINT('',(0.275919719159046,0.00451,0.142373542672713));
#6406=CARTESIAN_POINT('',(0.275919719159046,0.00451,0.142373542672713));
#6407=CARTESIAN_POINT('',(0.275919694659075,0.00451,0.136167009993052));
#6408=CARTESIAN_POINT('',(0.258144719159055,0.00451,0.142371534165678));
#6409=CARTESIAN_POINT('',(0.258144719159055,0.00151,0.142371534165678));
#6410=CARTESIAN_POINT('',(0.242296211351289,0.00151,0.142369743344895));
#6411=CARTESIAN_POINT('',(0.242296211351289,0.00451,0.142369743344895));
#6412=CARTESIAN_POINT('',(0.242296211351289,0.00451,0.142369743344895));
#6413=CARTESIAN_POINT('',(0.258144719159055,0.00451,0.142371534165678));
#6414=CARTESIAN_POINT('',(0.237124887159063,0.00451,0.101131901017802));
#6415=CARTESIAN_POINT('',(0.237124887159063,0.00151,0.101131901017802));
#6416=CARTESIAN_POINT('',(0.237124887159063,0.00151,0.13720383262586));
#6417=CARTESIAN_POINT('',(0.237124887159063,0.00151,0.0650599694097447));
#6418=CARTESIAN_POINT('',(0.237124887159063,0.00451,0.0650599694097447));
#6419=CARTESIAN_POINT('',(0.237124887159063,0.00451,0.0650599694097447));
#6420=CARTESIAN_POINT('',(0.237124887159063,0.00451,0.101131901017802));
#6421=CARTESIAN_POINT('',(0.237124887159063,0.00451,0.13720383262586));
#6422=CARTESIAN_POINT('',(0.237124887159063,0.00451,0.13720383262586));
#6423=CARTESIAN_POINT('',(0.240369719159063,0.00451,0.0603321603313074));
#6424=CARTESIAN_POINT('',(0.240369719159063,0.00151,0.0603321603313074));
#6425=CARTESIAN_POINT('',(0.240369719159063,0.00151,0.0611319010178024));
#6426=CARTESIAN_POINT('',(0.240369719159063,0.00151,0.058360500429128));
#6427=CARTESIAN_POINT('',(0.240369719159063,0.00451,0.058360500429128));
#6428=CARTESIAN_POINT('',(0.240369719159063,0.00451,0.058360500429128));
#6429=CARTESIAN_POINT('',(0.240369719159063,0.00451,0.0603321603313074));
#6430=CARTESIAN_POINT('',(0.240369719159063,0.00451,0.0611319010178024));
#6431=CARTESIAN_POINT('',(0.240369719159063,0.00451,0.0611319010178024));
#6432=CARTESIAN_POINT('',(0.244790035321416,0.00451,0.0531094890813074));
#6433=CARTESIAN_POINT('',(0.244790035321416,0.00451,0.0531094890813074));
#6434=CARTESIAN_POINT('',(0.240955087563022,0.00451,0.0569467050240284));
#6435=CARTESIAN_POINT('',(0.249210351483769,0.00451,0.0486865585178024));
#6436=CARTESIAN_POINT('',(0.240955087563022,0.00151,0.0569467050240284));
#6437=CARTESIAN_POINT('',(0.240955087563022,0.00151,0.0569467050240284));
#6438=CARTESIAN_POINT('',(0.244790035321416,0.00151,0.0531094890813074));
#6439=CARTESIAN_POINT('',(0.249210351483769,0.00151,0.0486865585178024));
#6440=CARTESIAN_POINT('',(0.249210351483769,0.00451,0.0486865585178024));
#6441=CARTESIAN_POINT('',(0.315119719159063,0.00451,0.0583819010178024));
#6442=CARTESIAN_POINT('',(0.315119719159063,0.00451,0.0583819010178024));
#6443=CARTESIAN_POINT('',(0.315119719159063,0.00451,0.0594819010178024));
#6444=CARTESIAN_POINT('',(0.315119719159063,0.00151,0.0583819010178024));
#6445=CARTESIAN_POINT('',(0.315119719159063,0.00151,0.0594819010178024));
#6446=CARTESIAN_POINT('',(0.238369719159063,0.00451,0.141131901017802));
#6447=CARTESIAN_POINT('',(0.238369719159063,0.00451,0.141131901017802));
#6448=CARTESIAN_POINT('',(0.238369719159063,0.00451,0.142231901017802));
#6449=CARTESIAN_POINT('',(0.238369719159063,0.00151,0.141131901017802));
#6450=CARTESIAN_POINT('',(0.238369719159063,0.00151,0.142231901017802));
#6451=CARTESIAN_POINT('',(0.238369719159063,0.00451,0.0611319010178024));
#6452=CARTESIAN_POINT('',(0.238369719159063,0.00451,0.0611319010178024));
#6453=CARTESIAN_POINT('',(0.238369719159063,0.00451,0.0622319010178024));
#6454=CARTESIAN_POINT('',(0.238369719159063,0.00151,0.0611319010178024));
#6455=CARTESIAN_POINT('',(0.238369719159063,0.00151,0.0622319010178024));
#6456=CARTESIAN_POINT('',(0.268171756775912,0.00451,0.0486865585178024));
#6457=CARTESIAN_POINT('',(0.268171756775912,0.00151,0.0486865585178024));
#6458=CARTESIAN_POINT('',(0.286300480291828,0.00151,0.0486865585178024));
#6459=CARTESIAN_POINT('',(0.286300480291828,0.00451,0.0486865585178024));
#6460=CARTESIAN_POINT('',(0.286300480291828,0.00451,0.0486865585178024));
#6461=CARTESIAN_POINT('',(0.268171756775912,0.00451,0.0486865585178024));
#6462=CARTESIAN_POINT('',(0.279869719159063,0.00451,0.124881901017802));
#6463=CARTESIAN_POINT('',(0.279869719159063,0.00451,0.124881901017802));
#6464=CARTESIAN_POINT('',(0.279869719159063,0.00451,0.125981901017802));
#6465=CARTESIAN_POINT('',(0.279869719159063,0.00151,0.124881901017802));
#6466=CARTESIAN_POINT('',(0.279869719159063,0.00151,0.125981901017802));
#6467=CARTESIAN_POINT('',(0.312369719159063,0.00451,0.124881901017802));
#6468=CARTESIAN_POINT('',(0.312369719159063,0.00451,0.124881901017802));
#6469=CARTESIAN_POINT('',(0.312369719159063,0.00451,0.125981901017802));
#6470=CARTESIAN_POINT('',(0.312369719159063,0.00151,0.124881901017802));
#6471=CARTESIAN_POINT('',(0.312369719159063,0.00151,0.125981901017802));
#6472=CARTESIAN_POINT('',(0.290369719159063,0.00451,0.0536319010178024));
#6473=CARTESIAN_POINT('',(0.290369719159063,0.00451,0.0536319010178024));
#6474=CARTESIAN_POINT('',(0.290369719159063,0.00451,0.0547319010178024));
#6475=CARTESIAN_POINT('',(0.290369719159063,0.00151,0.0536319010178024));
#6476=CARTESIAN_POINT('',(0.290369719159063,0.00151,0.0547319010178024));
#6477=CARTESIAN_POINT('',(0.284750007159063,0.00451,0.0955300540178024));
#6478=CARTESIAN_POINT('',(0.31112033395181,0.00451,0.0591929855039977));
#6479=CARTESIAN_POINT('',(0.313084554323784,0.00451,0.058816371204848));
#6480=CARTESIAN_POINT('',(0.315048774695757,0.00451,0.0584397569056983));
#6481=CARTESIAN_POINT('',(0.314709634892245,0.00451,0.0604107932304963));
#6482=CARTESIAN_POINT('',(0.314370495088732,0.00451,0.0623818295552943));
#6483=CARTESIAN_POINT('',(0.330372652159063,0.00451,0.0712207640178024));
#6484=CARTESIAN_POINT('',(0.330372652159063,0.00451,0.123970371169862));
#6485=CARTESIAN_POINT('',(0.317369898768117,0.00451,0.1239678176189));
#6486=CARTESIAN_POINT('',(0.313369915589719,0.00451,0.123881768777478));
#6487=CARTESIAN_POINT('',(0.278869719159063,0.00451,0.123881904965244));
#6488=CARTESIAN_POINT('',(0.274869719159063,0.00451,0.126720401021302));
#6489=CARTESIAN_POINT('',(0.242296437343641,0.00451,0.140369743357663));
#6490=CARTESIAN_POINT('',(0.240333078251352,0.00451,0.140750822187733));
#6491=CARTESIAN_POINT('',(0.238369719159063,0.00451,0.141131901017802));
#6492=CARTESIAN_POINT('',(0.238747303159063,0.00451,0.139167866821831));
#6493=CARTESIAN_POINT('',(0.239124887159063,0.00451,0.13720383262586));
#6494=CARTESIAN_POINT('',(0.239124887159063,0.00451,0.0650599694097447));
#6495=CARTESIAN_POINT('',(0.238747303159063,0.00451,0.0630959352137736));
#6496=CARTESIAN_POINT('',(0.238369719159063,0.00451,0.0611319010178024));
#6497=CARTESIAN_POINT('',(0.242369719159063,0.00451,0.058360500429128));
#6498=CARTESIAN_POINT('',(0.286300480291828,0.00451,0.0506865585178024));
#6499=CARTESIAN_POINT('',(0.286369719159063,0.00451,0.0507563017308274));
#6500=CARTESIAN_POINT('',(0.290369719159063,0.00451,0.0536319010178024));
#6501=CARTESIAN_POINT('',(0.293195597772096,0.00451,0.0576319010178024));
#6502=CARTESIAN_POINT('',(0.32637265319449,0.00451,0.0652207640178024));
#6503=CARTESIAN_POINT('',(0.320372652735767,0.00451,0.0652207640178024));
#6504=CARTESIAN_POINT('',(0.332372653653213,0.00451,0.0652207640178024));
#6505=CARTESIAN_POINT('',(0.320369603581792,0.00451,0.0612056054507527));
#6506=CARTESIAN_POINT('',(0.320366554427817,0.00451,0.057190446883703));
#6507=CARTESIAN_POINT('',(0.316366557653213,0.00451,0.0571934845236524));
#6508=CARTESIAN_POINT('',(0.316366939278356,0.00451,0.0531934860360073));
#6509=CARTESIAN_POINT('',(0.306804531706119,0.00451,0.0531925737218723));
#6510=CARTESIAN_POINT('',(0.297242124133883,0.00451,0.0531916614077374));
#6511=CARTESIAN_POINT('',(0.293598473843613,0.00451,0.0495214702487656));
#6512=CARTESIAN_POINT('',(0.289954823553342,0.00451,0.0458512790897938));
#6513=CARTESIAN_POINT('',(0.287412134559787,0.00451,0.0480404512879667));
#6514=CARTESIAN_POINT('',(0.287507766758544,0.00451,0.0446865585178024));
#6515=CARTESIAN_POINT('',(0.268266412479576,0.00451,0.0446865585178024));
#6516=CARTESIAN_POINT('',(0.249025058200607,0.00451,0.0446865585178024));
#6517=CARTESIAN_POINT('',(0.248932841235037,0.00451,0.0480405469290019));
#6518=CARTESIAN_POINT('',(0.246399625917383,0.00451,0.0458404191178061));
#6519=CARTESIAN_POINT('',(0.240172165893815,0.00451,0.0520715623798702));
#6520=CARTESIAN_POINT('',(0.233944705870249,0.00451,0.0583027056419345));
#6521=CARTESIAN_POINT('',(0.236478894399143,0.00451,0.0605017124020926));
#6522=CARTESIAN_POINT('',(0.233124887159063,0.00451,0.0605932419857811));
#6523=CARTESIAN_POINT('',(0.233124887159063,0.00451,0.101481201248842));
#6524=CARTESIAN_POINT('',(0.233124887159063,0.00451,0.142369160511902));
#6525=CARTESIAN_POINT('',(0.237124885664913,0.00451,0.142369160511902));
#6526=CARTESIAN_POINT('',(0.237124433680379,0.00451,0.146369158992216));
#6527=CARTESIAN_POINT('',(0.256521849325998,0.00451,0.146371350813128));
#6528=CARTESIAN_POINT('',(0.275919264971616,0.00451,0.146373542646927));
#6529=CARTESIAN_POINT('',(0.275919716956283,0.00451,0.142373542980602));
#6530=CARTESIAN_POINT('',(0.279919719159025,0.00451,0.142373527190798));
#6531=CARTESIAN_POINT('',(0.279919694659047,0.00451,0.136166995123584));
#6532=CARTESIAN_POINT('',(0.279919670159078,0.00451,0.12996046305637));
#6533=CARTESIAN_POINT('',(0.306145769135498,0.00451,0.129965613479382));
#6534=CARTESIAN_POINT('',(0.332371868111917,0.00451,0.129970763902394));
#6535=CARTESIAN_POINT('',(0.332372653653213,0.00451,0.125970765511902));
#6536=CARTESIAN_POINT('',(0.336372652159063,0.00451,0.125970765511902));
#6537=CARTESIAN_POINT('',(0.336372652159063,0.00451,0.0975957640177774));
#6538=CARTESIAN_POINT('',(0.336372652159063,0.00451,0.0692207625236524));
#6539=CARTESIAN_POINT('',(0.332372653653213,0.00451,0.0692207625236525));
#6540=CARTESIAN_POINT('',(0.284750007159063,0.00151,0.0955300540178024));
#6541=CARTESIAN_POINT('',(0.287412134559787,0.00151,0.0480404512879667));
#6542=CARTESIAN_POINT('',(0.287472870726542,0.00151,0.0466865577665669));
#6543=CARTESIAN_POINT('',(0.288474320549954,0.00151,0.0471987390403629));
#6544=CARTESIAN_POINT('',(0.288469611140295,0.00151,0.0471939953266919));
#6545=CARTESIAN_POINT('',(0.296042073989121,0.00151,0.0548211043641325));
#6546=CARTESIAN_POINT('',(0.296890305965443,0.00151,0.0540365721195824));
#6547=CARTESIAN_POINT('',(0.296911950184389,0.00151,0.0551915274851016));
#6548=CARTESIAN_POINT('',(0.296911951138975,0.00151,0.0551916299162487));
#6549=CARTESIAN_POINT('',(0.316366748465713,0.00151,0.0551934860269048));
#6550=CARTESIAN_POINT('',(0.316366557653213,0.00151,0.0571934845236524));
#6551=CARTESIAN_POINT('',(0.318366556159063,0.00151,0.0571934860178024));
#6552=CARTESIAN_POINT('',(0.318366556159063,0.00151,0.0571934860178024));
#6553=CARTESIAN_POINT('',(0.318372652159063,0.00151,0.0652207640178024));
#6554=CARTESIAN_POINT('',(0.320372650664913,0.00151,0.0652207655119524));
#6555=CARTESIAN_POINT('',(0.320372650664913,0.00151,0.0672207640178024));
#6556=CARTESIAN_POINT('',(0.320372652159063,0.00151,0.0672207640178024));
#6557=CARTESIAN_POINT('',(0.332372653653213,0.00151,0.0672207640178024));
#6558=CARTESIAN_POINT('',(0.332372653653213,0.00151,0.0692207625236524));
#6559=CARTESIAN_POINT('',(0.334372652159063,0.00151,0.0692207625236524));
#6560=CARTESIAN_POINT('',(0.334372652159063,0.00151,0.0692207640178024));
#6561=CARTESIAN_POINT('',(0.334372652159063,0.00151,0.125970765511902));
#6562=CARTESIAN_POINT('',(0.332372653653213,0.00151,0.125970765511902));
#6563=CARTESIAN_POINT('',(0.332372652159063,0.00151,0.127970764017777));
#6564=CARTESIAN_POINT('',(0.332372652159063,0.00151,0.127970764017802));
#6565=CARTESIAN_POINT('',(0.279919670159063,0.00151,0.127960463017778));
#6566=CARTESIAN_POINT('',(0.279919668664913,0.00151,0.129960461523602));
#6567=CARTESIAN_POINT('',(0.277919670159071,0.00151,0.12996046728493));
#6568=CARTESIAN_POINT('',(0.277919670159063,0.00151,0.129960463017802));
#6569=CARTESIAN_POINT('',(0.277919719159042,0.00151,0.142373537729731));
#6570=CARTESIAN_POINT('',(0.275919716956283,0.00151,0.142373542980602));
#6571=CARTESIAN_POINT('',(0.275922660159063,0.00151,0.144373543017784));
#6572=CARTESIAN_POINT('',(0.275922660159063,0.00151,0.144373543017802));
#6573=CARTESIAN_POINT('',(0.237124887159063,0.00151,0.144369159017777));
#6574=CARTESIAN_POINT('',(0.237124885664913,0.00151,0.142369160511902));
#6575=CARTESIAN_POINT('',(0.235124887159063,0.00151,0.142369160013869));
#6576=CARTESIAN_POINT('',(0.235124887159063,0.00151,0.0651917730178024));
#6577=CARTESIAN_POINT('',(0.235124887159063,0.00151,0.0604435490177439));
#6578=CARTESIAN_POINT('',(0.236478894399143,0.00151,0.0605017124020924));
#6579=CARTESIAN_POINT('',(0.235632118159117,0.00151,0.0594435590177481));
#6580=CARTESIAN_POINT('',(0.235632118159063,0.00151,0.0594435590178024));
#6581=CARTESIAN_POINT('',(0.247874777223981,0.00151,0.0471936590178948));
#6582=CARTESIAN_POINT('',(0.248932841235037,0.00151,0.0480405469290019));
#6583=CARTESIAN_POINT('',(0.248874283958482,0.00151,0.0466865575926067));
#6584=CARTESIAN_POINT('',(0.248874284159062,0.00151,0.0466865585178024));
#6585=CARTESIAN_POINT('',(0.314370495088732,0.00151,0.0623818295552943));
#6586=CARTESIAN_POINT('',(0.314709634892245,0.00151,0.0604107932304963));
#6587=CARTESIAN_POINT('',(0.315048774695757,0.00151,0.0584397569056983));
#6588=CARTESIAN_POINT('',(0.313084554323784,0.00151,0.058816371204848));
#6589=CARTESIAN_POINT('',(0.31112033395181,0.00151,0.0591929855039977));
#6590=CARTESIAN_POINT('',(0.293195597772096,0.00151,0.0576319010178024));
#6591=CARTESIAN_POINT('',(0.290369719159063,0.00151,0.0536319010178024));
#6592=CARTESIAN_POINT('',(0.286369719159063,0.00151,0.0507563017308274));
#6593=CARTESIAN_POINT('',(0.286300480291828,0.00151,0.0506865585178024));
#6594=CARTESIAN_POINT('',(0.242369719159063,0.00151,0.058360500429128));
#6595=CARTESIAN_POINT('',(0.238369719159063,0.00151,0.0611319010178024));
#6596=CARTESIAN_POINT('',(0.238747303159063,0.00151,0.0630959352137736));
#6597=CARTESIAN_POINT('',(0.239124887159063,0.00151,0.0650599694097447));
#6598=CARTESIAN_POINT('',(0.239124887159063,0.00151,0.13720383262586));
#6599=CARTESIAN_POINT('',(0.238747303159063,0.00151,0.139167866821831));
#6600=CARTESIAN_POINT('',(0.238369719159063,0.00151,0.141131901017802));
#6601=CARTESIAN_POINT('',(0.240333078251352,0.00151,0.140750822187733));
#6602=CARTESIAN_POINT('',(0.242296437343641,0.00151,0.140369743357663));
#6603=CARTESIAN_POINT('',(0.274869719159063,0.00151,0.126720401021302));
#6604=CARTESIAN_POINT('',(0.278869719159063,0.00151,0.123881904965244));
#6605=CARTESIAN_POINT('',(0.313369915589719,0.00151,0.123881768777478));
#6606=CARTESIAN_POINT('',(0.317369898768117,0.00151,0.1239678176189));
#6607=CARTESIAN_POINT('',(0.330372652159063,0.00151,0.123970371169862));
#6608=CARTESIAN_POINT('',(0.330372652159063,0.00151,0.0712207640178024));
#6609=CARTESIAN_POINT('',(0.288469611140295,0.00451,0.0471939953266919));
#6610=CARTESIAN_POINT('',(0.296042069649681,0.00451,0.0548210996722505));
#6611=CARTESIAN_POINT('',(0.296042069649681,-0.00299,0.0548210996722505));
#6612=CARTESIAN_POINT('',(0.288474320549954,0.00451,0.0471987390403629));
#6613=CARTESIAN_POINT('',(0.288474320549954,-0.00299,0.0471987390403629));
#6614=CARTESIAN_POINT('',(0.288469611140295,-0.00299,0.0471939953266919));
#6615=CARTESIAN_POINT('',(0.296890305965443,0.00451,0.0540365721195824));
#6616=CARTESIAN_POINT('',(0.296911951148945,0.00451,0.0551915274670239));
#6617=CARTESIAN_POINT('',(0.296911951148945,-0.00299,0.0551915274670239));
#6618=CARTESIAN_POINT('',(0.296890305965443,-0.00299,0.0540365721195824));
#6619=CARTESIAN_POINT('',(0.296911951138975,0.00451,0.0551916299162487));
#6620=CARTESIAN_POINT('',(0.316366748465713,0.00451,0.0551934860269048));
#6621=CARTESIAN_POINT('',(0.316366748465713,-0.00299,0.0551934860269048));
#6622=CARTESIAN_POINT('',(0.296911951138975,-0.00299,0.0551916299162487));
#6623=CARTESIAN_POINT('',(0.318366556159063,0.00451,0.0571934860178024));
#6624=CARTESIAN_POINT('',(0.318372652159063,0.00451,0.0652207640178024));
#6625=CARTESIAN_POINT('',(0.318372652159063,-0.00299,0.0652207640178024));
#6626=CARTESIAN_POINT('',(0.318366556159063,0.00451,0.0571934860178024));
#6627=CARTESIAN_POINT('',(0.318366556159063,-0.00299,0.0571934860178024));
#6628=CARTESIAN_POINT('',(0.318366556159063,-0.00299,0.0571934860178024));
#6629=CARTESIAN_POINT('',(0.320372650664913,0.00451,0.0652207655119524));
#6630=CARTESIAN_POINT('',(0.320372650664913,0.00451,0.0672207640178024));
#6631=CARTESIAN_POINT('',(0.320372650664913,-0.00299,0.0672207640178024));
#6632=CARTESIAN_POINT('',(0.320372650664913,-0.00299,0.0652207655119524));
#6633=CARTESIAN_POINT('',(0.320372652159063,0.00451,0.0672207640178024));
#6634=CARTESIAN_POINT('',(0.332372653653213,0.00451,0.0672207640178024));
#6635=CARTESIAN_POINT('',(0.332372653653213,-0.00299,0.0672207640178024));
#6636=CARTESIAN_POINT('',(0.320372652159063,-0.00299,0.0672207640178024));
#6637=CARTESIAN_POINT('',(0.332372652159063,0.00451,0.127970764017802));
#6638=CARTESIAN_POINT('',(0.279919670159063,0.00451,0.127960463017778));
#6639=CARTESIAN_POINT('',(0.279919670159063,-0.00299,0.127960463017778));
#6640=CARTESIAN_POINT('',(0.332372652159063,0.00451,0.127970764017777));
#6641=CARTESIAN_POINT('',(0.332372652159063,-0.00299,0.127970764017777));
#6642=CARTESIAN_POINT('',(0.332372652159063,-0.00299,0.127970764017802));
#6643=CARTESIAN_POINT('',(0.279919668664913,0.00451,0.129960461523602));
#6644=CARTESIAN_POINT('',(0.277919670159071,0.00451,0.12996046728493));
#6645=CARTESIAN_POINT('',(0.277919670159071,-0.00299,0.12996046728493));
#6646=CARTESIAN_POINT('',(0.279919668664913,-0.00299,0.129960461523602));
#6647=CARTESIAN_POINT('',(0.277919670159063,0.00451,0.129960463017802));
#6648=CARTESIAN_POINT('',(0.277919719159042,0.00451,0.142373537729731));
#6649=CARTESIAN_POINT('',(0.277919719159042,-0.00299,0.142373537729731));
#6650=CARTESIAN_POINT('',(0.277919670159063,-0.00299,0.129960463017802));
#6651=CARTESIAN_POINT('',(0.248874284159062,0.00451,0.0466865585178024));
#6652=CARTESIAN_POINT('',(0.248874283978554,0.00451,0.0466865575956404));
#6653=CARTESIAN_POINT('',(0.248874283978554,-0.00299,0.0466865575956404));
#6654=CARTESIAN_POINT('',(0.248874284159062,-0.00299,0.0466865585178024));
#6655=CARTESIAN_POINT('',(0.287472870709709,-0.00299,0.0466865577658135));
#6656=CARTESIAN_POINT('',(0.287472870709709,0.00451,0.0466865577658135));
#6657=CARTESIAN_POINT('',(0.287412134559787,0.00451,0.0480404512879667));
#6658=CARTESIAN_POINT('',(0.287412134559787,-0.00299,0.0480404512879667));
#6659=CARTESIAN_POINT('',(0.316366557653213,0.00451,0.0571934845236524));
#6660=CARTESIAN_POINT('',(0.316366557653213,-0.00299,0.0571934845236524));
#6661=CARTESIAN_POINT('',(0.332372653653213,0.00451,0.0692207625236524));
#6662=CARTESIAN_POINT('',(0.332372653653213,-0.00299,0.0692207625236524));
#6663=CARTESIAN_POINT('',(0.334372652159063,-0.00299,0.0692207625236524));
#6664=CARTESIAN_POINT('',(0.334372652159063,0.00451,0.0692207625236524));
#6665=CARTESIAN_POINT('',(0.334372652159063,0.00451,0.0692207640178024));
#6666=CARTESIAN_POINT('',(0.334372652159063,-0.00299,0.0692207640178024));
#6667=CARTESIAN_POINT('',(0.334372652159063,-0.00299,0.125970765511902));
#6668=CARTESIAN_POINT('',(0.334372652159063,0.00451,0.125970765511902));
#6669=CARTESIAN_POINT('',(0.332372653653213,0.00451,0.125970765511902));
#6670=CARTESIAN_POINT('',(0.332372653653213,-0.00299,0.125970765511902));
#6671=CARTESIAN_POINT('',(0.275919716956283,0.00451,0.142373542980602));
#6672=CARTESIAN_POINT('',(0.275919716956283,-0.00299,0.142373542980602));
#6673=CARTESIAN_POINT('',(0.275922660159063,-0.00299,0.144373543017784));
#6674=CARTESIAN_POINT('',(0.275922660159063,0.00451,0.144373543017784));
#6675=CARTESIAN_POINT('',(0.275922660159063,0.00451,0.144373543017802));
#6676=CARTESIAN_POINT('',(0.275922660159063,-0.00299,0.144373543017802));
#6677=CARTESIAN_POINT('',(0.237124887159063,-0.00299,0.144369159017777));
#6678=CARTESIAN_POINT('',(0.237124887159063,0.00451,0.144369159017777));
#6679=CARTESIAN_POINT('',(0.237124885664913,0.00451,0.142369160511902));
#6680=CARTESIAN_POINT('',(0.237124885664913,-0.00299,0.142369160511902));
#6681=CARTESIAN_POINT('',(0.235124887159063,-0.00299,0.142369160013869));
#6682=CARTESIAN_POINT('',(0.235124887159063,0.00451,0.142369160013869));
#6683=CARTESIAN_POINT('',(0.235124887159063,0.00451,0.0651917730178024));
#6684=CARTESIAN_POINT('',(0.235124887159063,-0.00299,0.0651917730178024));
#6685=CARTESIAN_POINT('',(0.235124887159063,-0.00299,0.0604435490177439));
#6686=CARTESIAN_POINT('',(0.235124887159063,0.00451,0.0604435490177439));
#6687=CARTESIAN_POINT('',(0.236478894399143,0.00451,0.0605017124020924));
#6688=CARTESIAN_POINT('',(0.236478894399143,-0.00299,0.0605017124020924));
#6689=CARTESIAN_POINT('',(0.235632118159117,-0.00299,0.0594435590177481));
#6690=CARTESIAN_POINT('',(0.235632118159117,0.00451,0.0594435590177481));
#6691=CARTESIAN_POINT('',(0.235632118159063,0.00451,0.0594435590178024));
#6692=CARTESIAN_POINT('',(0.235632118159063,-0.00299,0.0594435590178024));
#6693=CARTESIAN_POINT('',(0.247874777223981,-0.00299,0.0471936590178948));
#6694=CARTESIAN_POINT('',(0.247874777223981,0.00451,0.0471936590178948));
#6695=CARTESIAN_POINT('',(0.32637265319449,0.00451,0.0652207640178024));
#6696=CARTESIAN_POINT('',(0.32637265319449,-0.00299,0.0652207640178024));
#6697=CARTESIAN_POINT('',(0.320372652735767,-0.00299,0.0652207640178024));
#6698=CARTESIAN_POINT('',(0.332372653653213,-0.00299,0.0652207640178024));
#6699=CARTESIAN_POINT('',(0.320372652735767,0.00451,0.0652207640178024));
#6700=CARTESIAN_POINT('',(0.332372653653213,0.00451,0.0652207640178024));
#6701=CARTESIAN_POINT('',(0.320369603581792,0.00451,0.0612056054507527));
#6702=CARTESIAN_POINT('',(0.320369603581792,-0.00299,0.0612056054507527));
#6703=CARTESIAN_POINT('',(0.320366554427817,-0.00299,0.057190446883703));
#6704=CARTESIAN_POINT('',(0.320366554427817,0.00451,0.057190446883703));
#6705=CARTESIAN_POINT('',(0.316366557653213,0.00451,0.0571934845236524));
#6706=CARTESIAN_POINT('',(0.316366557653213,-0.00299,0.0571934845236524));
#6707=CARTESIAN_POINT('',(0.316366939278356,-0.00299,0.0531934860360073));
#6708=CARTESIAN_POINT('',(0.316366939278356,0.00451,0.0531934860360073));
#6709=CARTESIAN_POINT('',(0.306804531706119,0.00451,0.0531925737218723));
#6710=CARTESIAN_POINT('',(0.306804531706119,-0.00299,0.0531925737218723));
#6711=CARTESIAN_POINT('',(0.297242124133883,-0.00299,0.0531916614077374));
#6712=CARTESIAN_POINT('',(0.297242124133883,0.00451,0.0531916614077374));
#6713=CARTESIAN_POINT('',(0.293598473843613,0.00451,0.0495214702487656));
#6714=CARTESIAN_POINT('',(0.293598473843613,-0.00299,0.0495214702487656));
#6715=CARTESIAN_POINT('',(0.289954823553342,-0.00299,0.0458512790897938));
#6716=CARTESIAN_POINT('',(0.289954823553342,0.00451,0.0458512790897938));
#6717=CARTESIAN_POINT('',(0.287412134559787,0.00451,0.0480404512879667));
#6718=CARTESIAN_POINT('',(0.287412134559787,-0.00299,0.0480404512879667));
#6719=CARTESIAN_POINT('',(0.287507766758544,-0.00299,0.0446865585178024));
#6720=CARTESIAN_POINT('',(0.287507766758544,0.00451,0.0446865585178024));
#6721=CARTESIAN_POINT('',(0.268266412479576,0.00451,0.0446865585178024));
#6722=CARTESIAN_POINT('',(0.268266412479576,-0.00299,0.0446865585178024));
#6723=CARTESIAN_POINT('',(0.249025058200607,-0.00299,0.0446865585178024));
#6724=CARTESIAN_POINT('',(0.249025058200607,0.00451,0.0446865585178024));
#6725=CARTESIAN_POINT('',(0.248932841235037,0.00451,0.0480405469290019));
#6726=CARTESIAN_POINT('',(0.248932841235037,-0.00299,0.0480405469290019));
#6727=CARTESIAN_POINT('',(0.246399625917383,-0.00299,0.0458404191178061));
#6728=CARTESIAN_POINT('',(0.246399625917383,0.00451,0.0458404191178061));
#6729=CARTESIAN_POINT('',(0.240172165893815,0.00451,0.0520715623798702));
#6730=CARTESIAN_POINT('',(0.240172165893815,-0.00299,0.0520715623798702));
#6731=CARTESIAN_POINT('',(0.233944705870249,-0.00299,0.0583027056419345));
#6732=CARTESIAN_POINT('',(0.233944705870249,0.00451,0.0583027056419345));
#6733=CARTESIAN_POINT('',(0.236478894399143,0.00451,0.0605017124020926));
#6734=CARTESIAN_POINT('',(0.236478894399143,-0.00299,0.0605017124020926));
#6735=CARTESIAN_POINT('',(0.233124887159063,-0.00299,0.0605932419857811));
#6736=CARTESIAN_POINT('',(0.233124887159063,0.00451,0.0605932419857811));
#6737=CARTESIAN_POINT('',(0.233124887159063,0.00451,0.101481201248842));
#6738=CARTESIAN_POINT('',(0.233124887159063,-0.00299,0.101481201248842));
#6739=CARTESIAN_POINT('',(0.233124887159063,-0.00299,0.142369160511902));
#6740=CARTESIAN_POINT('',(0.233124887159063,0.00451,0.142369160511902));
#6741=CARTESIAN_POINT('',(0.237124885664913,0.00451,0.142369160511902));
#6742=CARTESIAN_POINT('',(0.237124885664913,-0.00299,0.142369160511902));
#6743=CARTESIAN_POINT('',(0.237124433680379,-0.00299,0.146369158992216));
#6744=CARTESIAN_POINT('',(0.237124433680379,0.00451,0.146369158992216));
#6745=CARTESIAN_POINT('',(0.256521849325998,0.00451,0.146371350813128));
#6746=CARTESIAN_POINT('',(0.256521849325998,-0.00299,0.146371350813128));
#6747=CARTESIAN_POINT('',(0.275919264971616,-0.00299,0.146373542646927));
#6748=CARTESIAN_POINT('',(0.275919264971616,0.00451,0.146373542646927));
#6749=CARTESIAN_POINT('',(0.275919716956283,0.00451,0.142373542980602));
#6750=CARTESIAN_POINT('',(0.275919716956283,-0.00299,0.142373542980602));
#6751=CARTESIAN_POINT('',(0.279919719159025,-0.00299,0.142373527190798));
#6752=CARTESIAN_POINT('',(0.279919719159025,0.00451,0.142373527190798));
#6753=CARTESIAN_POINT('',(0.279919694659047,0.00451,0.136166995123584));
#6754=CARTESIAN_POINT('',(0.279919694659047,-0.00299,0.136166995123584));
#6755=CARTESIAN_POINT('',(0.279919670159078,-0.00299,0.12996046305637));
#6756=CARTESIAN_POINT('',(0.279919670159078,0.00451,0.12996046305637));
#6757=CARTESIAN_POINT('',(0.306145769135498,0.00451,0.129965613479382));
#6758=CARTESIAN_POINT('',(0.306145769135498,-0.00299,0.129965613479382));
#6759=CARTESIAN_POINT('',(0.332371868111917,-0.00299,0.129970763902394));
#6760=CARTESIAN_POINT('',(0.332371868111917,0.00451,0.129970763902394));
#6761=CARTESIAN_POINT('',(0.332372653653213,0.00451,0.125970765511902));
#6762=CARTESIAN_POINT('',(0.332372653653213,-0.00299,0.125970765511902));
#6763=CARTESIAN_POINT('',(0.336372652159063,-0.00299,0.125970765511902));
#6764=CARTESIAN_POINT('',(0.336372652159063,0.00451,0.125970765511902));
#6765=CARTESIAN_POINT('',(0.336372652159063,0.00451,0.0975957640177774));
#6766=CARTESIAN_POINT('',(0.336372652159063,-0.00299,0.0975957640177774));
#6767=CARTESIAN_POINT('',(0.336372652159063,-0.00299,0.0692207625236524));
#6768=CARTESIAN_POINT('',(0.336372652159063,0.00451,0.0692207625236524));
#6769=CARTESIAN_POINT('',(0.332372653653213,0.00451,0.0692207625236525));
#6770=CARTESIAN_POINT('',(0.332372653653213,-0.00299,0.0692207625236525));
#6771=CARTESIAN_POINT('',(0.248932841235037,0.00451,0.0480405469290019));
#6772=CARTESIAN_POINT('',(0.248932841235037,-0.00299,0.0480405469290019));
#6773=CARTESIAN_POINT('',(0.284748145323387,-0.00299,0.0955294181004727));
#6774=CARTESIAN_POINT('',(0.330372652159063,0.00451,0.123970371169862));
#6775=CARTESIAN_POINT('',(0.330372652159063,0.00451,0.0712207640178024));
#6776=CARTESIAN_POINT('',(0.314370495088732,0.00451,0.0623818295552943));
#6777=CARTESIAN_POINT('',(0.314709634892245,0.00451,0.0604107932304963));
#6778=CARTESIAN_POINT('',(0.31112033395181,0.00451,0.0591929855039977));
#6779=CARTESIAN_POINT('',(0.313084554323784,0.00451,0.058816371204848));
#6780=CARTESIAN_POINT('',(0.286300480291828,0.00451,0.0506865585178024));
#6781=CARTESIAN_POINT('',(0.286369719159063,0.00451,0.0507563017308274));
#6782=CARTESIAN_POINT('',(0.293195597772096,0.00451,0.0576319010178024));
#6783=CARTESIAN_POINT('',(0.290369719159063,0.00451,0.0536319010178024));
#6784=CARTESIAN_POINT('',(0.238369719159063,0.00451,0.0611319010178024));
#6785=CARTESIAN_POINT('',(0.238747303159063,0.00451,0.0630959352137736));
#6786=CARTESIAN_POINT('',(0.238369719159063,0.00451,0.141131901017802));
#6787=CARTESIAN_POINT('',(0.238747303159063,0.00451,0.139167866821831));
#6788=CARTESIAN_POINT('',(0.240333078251352,0.00451,0.140750822187733));
#6789=CARTESIAN_POINT('',(0.313369915589719,0.00451,0.123881768777478));
#6790=CARTESIAN_POINT('',(0.278869719159063,0.00451,0.123881904965244));
#6791=CARTESIAN_POINT('',(0.274869719159063,0.00451,0.126720401021302));
#6792=CARTESIAN_POINT('',(0.315048774695757,0.00451,0.0584397569056983));
#6793=CARTESIAN_POINT('',(0.242369719159063,0.00451,0.058360500429128));
#6794=CARTESIAN_POINT('',(0.239124887159063,0.00451,0.0650599694097447));
#6795=CARTESIAN_POINT('',(0.317369898768117,0.00451,0.1239678176189));
#6796=CARTESIAN_POINT('',(0.239124887159063,0.00451,0.13720383262586));
#6797=CARTESIAN_POINT('',(0.242296437343641,0.00451,0.140369743357663));
#6798=CARTESIAN_POINT('',(0.,0.,0.));
#6799=CARTESIAN_POINT('',(0.32637265319449,-0.00299,0.0652207640178024));
#6800=CARTESIAN_POINT('',(0.32637265319449,-0.00599,0.0652207640178024));
#6801=CARTESIAN_POINT('',(0.320372652735767,-0.00599,0.0652207640178024));
#6802=CARTESIAN_POINT('',(0.332372653653213,-0.00599,0.0652207640178024));
#6803=CARTESIAN_POINT('',(0.320372652735767,-0.00299,0.0652207640178024));
#6804=CARTESIAN_POINT('',(0.320372652735767,-0.00299,0.0652207640178024));
#6805=CARTESIAN_POINT('',(0.32637265319449,-0.00299,0.0652207640178024));
#6806=CARTESIAN_POINT('',(0.332372653653213,-0.00299,0.0652207640178024));
#6807=CARTESIAN_POINT('',(0.332372653653213,-0.00299,0.0652207640178024));
#6808=CARTESIAN_POINT('',(0.320369603581792,-0.00299,0.0612056054507527));
#6809=CARTESIAN_POINT('',(0.320369603581792,-0.00599,0.0612056054507527));
#6810=CARTESIAN_POINT('',(0.320366554427817,-0.00599,0.057190446883703));
#6811=CARTESIAN_POINT('',(0.320366554427817,-0.00299,0.057190446883703));
#6812=CARTESIAN_POINT('',(0.320366554427817,-0.00299,0.057190446883703));
#6813=CARTESIAN_POINT('',(0.320369603581792,-0.00299,0.0612056054507527));
#6814=CARTESIAN_POINT('',(0.316366557653213,-0.00299,0.0571934845236524));
#6815=CARTESIAN_POINT('',(0.316366557653213,-0.00599,0.0571934845236524));
#6816=CARTESIAN_POINT('',(0.316366939278356,-0.00599,0.0531934860360073));
#6817=CARTESIAN_POINT('',(0.316366939278356,-0.00299,0.0531934860360073));
#6818=CARTESIAN_POINT('',(0.316366939278356,-0.00299,0.0531934860360073));
#6819=CARTESIAN_POINT('',(0.316366557653213,-0.00299,0.0571934845236524));
#6820=CARTESIAN_POINT('',(0.306804531706119,-0.00299,0.0531925737218723));
#6821=CARTESIAN_POINT('',(0.306804531706119,-0.00599,0.0531925737218723));
#6822=CARTESIAN_POINT('',(0.297242124133883,-0.00599,0.0531916614077374));
#6823=CARTESIAN_POINT('',(0.297242124133883,-0.00299,0.0531916614077374));
#6824=CARTESIAN_POINT('',(0.297242124133883,-0.00299,0.0531916614077374));
#6825=CARTESIAN_POINT('',(0.306804531706119,-0.00299,0.0531925737218723));
#6826=CARTESIAN_POINT('',(0.293598473843613,-0.00299,0.0495214702487656));
#6827=CARTESIAN_POINT('',(0.293598473843613,-0.00599,0.0495214702487656));
#6828=CARTESIAN_POINT('',(0.289954823553342,-0.00599,0.0458512790897938));
#6829=CARTESIAN_POINT('',(0.289954823553342,-0.00299,0.0458512790897938));
#6830=CARTESIAN_POINT('',(0.289954823553342,-0.00299,0.0458512790897938));
#6831=CARTESIAN_POINT('',(0.293598473843613,-0.00299,0.0495214702487656));
#6832=CARTESIAN_POINT('',(0.287412134559787,-0.00299,0.0480404512879667));
#6833=CARTESIAN_POINT('',(0.287412134559787,-0.00599,0.0480404512879667));
#6834=CARTESIAN_POINT('',(0.287507766758544,-0.00599,0.0446865585178024));
#6835=CARTESIAN_POINT('',(0.287507766758544,-0.00299,0.0446865585178024));
#6836=CARTESIAN_POINT('',(0.287507766758544,-0.00299,0.0446865585178024));
#6837=CARTESIAN_POINT('',(0.287412134559787,-0.00299,0.0480404512879667));
#6838=CARTESIAN_POINT('',(0.268266412479576,-0.00299,0.0446865585178024));
#6839=CARTESIAN_POINT('',(0.268266412479576,-0.00599,0.0446865585178024));
#6840=CARTESIAN_POINT('',(0.249025058200607,-0.00599,0.0446865585178024));
#6841=CARTESIAN_POINT('',(0.249025058200607,-0.00299,0.0446865585178024));
#6842=CARTESIAN_POINT('',(0.249025058200607,-0.00299,0.0446865585178024));
#6843=CARTESIAN_POINT('',(0.268266412479576,-0.00299,0.0446865585178024));
#6844=CARTESIAN_POINT('',(0.248932841235037,-0.00299,0.0480405469290019));
#6845=CARTESIAN_POINT('',(0.248932841235037,-0.00599,0.0480405469290019));
#6846=CARTESIAN_POINT('',(0.246399625917383,-0.00599,0.0458404191178061));
#6847=CARTESIAN_POINT('',(0.246399625917383,-0.00299,0.0458404191178061));
#6848=CARTESIAN_POINT('',(0.246399625917383,-0.00299,0.0458404191178061));
#6849=CARTESIAN_POINT('',(0.248932841235037,-0.00299,0.0480405469290019));
#6850=CARTESIAN_POINT('',(0.240172165893815,-0.00299,0.0520715623798702));
#6851=CARTESIAN_POINT('',(0.240172165893815,-0.00599,0.0520715623798702));
#6852=CARTESIAN_POINT('',(0.233944705870249,-0.00599,0.0583027056419345));
#6853=CARTESIAN_POINT('',(0.233944705870249,-0.00299,0.0583027056419345));
#6854=CARTESIAN_POINT('',(0.233944705870249,-0.00299,0.0583027056419345));
#6855=CARTESIAN_POINT('',(0.240172165893815,-0.00299,0.0520715623798702));
#6856=CARTESIAN_POINT('',(0.236478894399143,-0.00299,0.0605017124020926));
#6857=CARTESIAN_POINT('',(0.236478894399143,-0.00599,0.0605017124020926));
#6858=CARTESIAN_POINT('',(0.233124887159063,-0.00599,0.0605932419857811));
#6859=CARTESIAN_POINT('',(0.233124887159063,-0.00299,0.0605932419857811));
#6860=CARTESIAN_POINT('',(0.233124887159063,-0.00299,0.0605932419857811));
#6861=CARTESIAN_POINT('',(0.236478894399143,-0.00299,0.0605017124020926));
#6862=CARTESIAN_POINT('',(0.233124887159063,-0.00299,0.101481201248842));
#6863=CARTESIAN_POINT('',(0.233124887159063,-0.00599,0.101481201248842));
#6864=CARTESIAN_POINT('',(0.233124887159063,-0.00599,0.142369160511902));
#6865=CARTESIAN_POINT('',(0.233124887159063,-0.00299,0.142369160511902));
#6866=CARTESIAN_POINT('',(0.233124887159063,-0.00299,0.142369160511902));
#6867=CARTESIAN_POINT('',(0.233124887159063,-0.00299,0.101481201248842));
#6868=CARTESIAN_POINT('',(0.237124885664913,-0.00299,0.142369160511902));
#6869=CARTESIAN_POINT('',(0.237124885664913,-0.00599,0.142369160511902));
#6870=CARTESIAN_POINT('',(0.237124433680379,-0.00599,0.146369158992216));
#6871=CARTESIAN_POINT('',(0.237124433680379,-0.00299,0.146369158992216));
#6872=CARTESIAN_POINT('',(0.237124433680379,-0.00299,0.146369158992216));
#6873=CARTESIAN_POINT('',(0.237124885664913,-0.00299,0.142369160511902));
#6874=CARTESIAN_POINT('',(0.256521849325998,-0.00299,0.146371350813128));
#6875=CARTESIAN_POINT('',(0.256521849325998,-0.00599,0.146371350813128));
#6876=CARTESIAN_POINT('',(0.275919264971616,-0.00599,0.146373542646927));
#6877=CARTESIAN_POINT('',(0.275919264971616,-0.00299,0.146373542646927));
#6878=CARTESIAN_POINT('',(0.275919264971616,-0.00299,0.146373542646927));
#6879=CARTESIAN_POINT('',(0.256521849325998,-0.00299,0.146371350813128));
#6880=CARTESIAN_POINT('',(0.275919716956283,-0.00299,0.142373542980602));
#6881=CARTESIAN_POINT('',(0.275919716956283,-0.00599,0.142373542980602));
#6882=CARTESIAN_POINT('',(0.279919719159025,-0.00599,0.142373527190798));
#6883=CARTESIAN_POINT('',(0.279919719159025,-0.00299,0.142373527190798));
#6884=CARTESIAN_POINT('',(0.279919719159025,-0.00299,0.142373527190798));
#6885=CARTESIAN_POINT('',(0.275919716956283,-0.00299,0.142373542980602));
#6886=CARTESIAN_POINT('',(0.279919694659047,-0.00299,0.136166995123584));
#6887=CARTESIAN_POINT('',(0.279919694659047,-0.00599,0.136166995123584));
#6888=CARTESIAN_POINT('',(0.279919670159078,-0.00599,0.12996046305637));
#6889=CARTESIAN_POINT('',(0.279919670159078,-0.00299,0.12996046305637));
#6890=CARTESIAN_POINT('',(0.279919670159078,-0.00299,0.12996046305637));
#6891=CARTESIAN_POINT('',(0.279919694659047,-0.00299,0.136166995123584));
#6892=CARTESIAN_POINT('',(0.306145769135498,-0.00299,0.129965613479382));
#6893=CARTESIAN_POINT('',(0.306145769135498,-0.00599,0.129965613479382));
#6894=CARTESIAN_POINT('',(0.332371868111917,-0.00599,0.129970763902394));
#6895=CARTESIAN_POINT('',(0.332371868111917,-0.00299,0.129970763902394));
#6896=CARTESIAN_POINT('',(0.332371868111917,-0.00299,0.129970763902394));
#6897=CARTESIAN_POINT('',(0.306145769135498,-0.00299,0.129965613479382));
#6898=CARTESIAN_POINT('',(0.332372653653213,-0.00299,0.125970765511902));
#6899=CARTESIAN_POINT('',(0.332372653653213,-0.00599,0.125970765511902));
#6900=CARTESIAN_POINT('',(0.336372652159063,-0.00599,0.125970765511902));
#6901=CARTESIAN_POINT('',(0.336372652159063,-0.00299,0.125970765511902));
#6902=CARTESIAN_POINT('',(0.336372652159063,-0.00299,0.125970765511902));
#6903=CARTESIAN_POINT('',(0.332372653653213,-0.00299,0.125970765511902));
#6904=CARTESIAN_POINT('',(0.336372652159063,-0.00299,0.0975957640177774));
#6905=CARTESIAN_POINT('',(0.336372652159063,-0.00599,0.0975957640177774));
#6906=CARTESIAN_POINT('',(0.336372652159063,-0.00599,0.0692207625236524));
#6907=CARTESIAN_POINT('',(0.336372652159063,-0.00299,0.0692207625236524));
#6908=CARTESIAN_POINT('',(0.336372652159063,-0.00299,0.0692207625236524));
#6909=CARTESIAN_POINT('',(0.336372652159063,-0.00299,0.0975957640177774));
#6910=CARTESIAN_POINT('',(0.332372653653213,-0.00299,0.0692207625236525));
#6911=CARTESIAN_POINT('',(0.332372653653213,-0.00599,0.0692207625236525));
#6912=CARTESIAN_POINT('',(0.332372653653213,-0.00299,0.0692207625236525));
#6913=CARTESIAN_POINT('',(0.284748145323387,-0.00299,0.0955294181004727));
#6914=CARTESIAN_POINT('',(0.284748145323387,-0.00599,0.0955294181004727));
#6915=CARTESIAN_POINT('',(0.,0.,0.));
#6916=CARTESIAN_POINT('',(0.10605013,-0.0105,0.0596241110033619));
#6917=CARTESIAN_POINT('',(0.10605013,-0.0075,0.0596241110033619));
#6918=CARTESIAN_POINT('',(0.10605013,-0.0075,0.062598749));
#6919=CARTESIAN_POINT('',(0.10605013,-0.0075,0.0566494730067238));
#6920=CARTESIAN_POINT('',(0.10605013,-0.0105,0.0566494730067238));
#6921=CARTESIAN_POINT('',(0.10605013,-0.0105,0.0566494730067238));
#6922=CARTESIAN_POINT('',(0.10605013,-0.0105,0.0596241110033619));
#6923=CARTESIAN_POINT('',(0.10605013,-0.0105,0.062598749));
#6924=CARTESIAN_POINT('',(0.10605013,-0.0105,0.062598749));
#6925=CARTESIAN_POINT('',(0.11205013,-0.0105,0.0566494730067238));
#6926=CARTESIAN_POINT('',(0.11205013,-0.0075,0.0566494730067238));
#6927=CARTESIAN_POINT('',(0.112050367819927,-0.0075,0.050649473011437));
#6928=CARTESIAN_POINT('',(0.112050367819927,-0.0105,0.050649473011437));
#6929=CARTESIAN_POINT('',(0.112050367819927,-0.0105,0.050649473011437));
#6930=CARTESIAN_POINT('',(0.11205013,-0.0105,0.0566494730067238));
#6931=CARTESIAN_POINT('',(0.118096350219893,-0.0105,0.0506497126539524));
#6932=CARTESIAN_POINT('',(0.118096350219893,-0.0075,0.0506497126539524));
#6933=CARTESIAN_POINT('',(0.12414233261986,-0.0075,0.0506499522964677));
#6934=CARTESIAN_POINT('',(0.12414233261986,-0.0105,0.0506499522964677));
#6935=CARTESIAN_POINT('',(0.12414233261986,-0.0105,0.0506499522964677));
#6936=CARTESIAN_POINT('',(0.118096350219893,-0.0105,0.0506497126539524));
#6937=CARTESIAN_POINT('',(0.127505006046034,-0.0105,0.0472876741618002));
#6938=CARTESIAN_POINT('',(0.127505006046034,-0.0075,0.0472876741618002));
#6939=CARTESIAN_POINT('',(0.130867679472208,-0.0075,0.0439253960271326));
#6940=CARTESIAN_POINT('',(0.130867679472208,-0.0105,0.0439253960271326));
#6941=CARTESIAN_POINT('',(0.130867679472208,-0.0105,0.0439253960271326));
#6942=CARTESIAN_POINT('',(0.127505006046034,-0.0105,0.0472876741618002));
#6943=CARTESIAN_POINT('',(0.13485785259983,-0.0105,0.04749677082329));
#6944=CARTESIAN_POINT('',(0.13485785259983,-0.0075,0.04749677082329));
#6945=CARTESIAN_POINT('',(0.134741924966071,-0.0075,0.0421430095));
#6946=CARTESIAN_POINT('',(0.134741924966071,-0.0105,0.0421430095));
#6947=CARTESIAN_POINT('',(0.134741924966071,-0.0105,0.0421430095));
#6948=CARTESIAN_POINT('',(0.13485785259983,-0.0105,0.04749677082329));
#6949=CARTESIAN_POINT('',(0.156675000053261,-0.0105,0.0421430095));
#6950=CARTESIAN_POINT('',(0.156675000053261,-0.0075,0.0421430095));
#6951=CARTESIAN_POINT('',(0.17860807514045,-0.0075,0.0421430095));
#6952=CARTESIAN_POINT('',(0.17860807514045,-0.0105,0.0421430095));
#6953=CARTESIAN_POINT('',(0.17860807514045,-0.0105,0.0421430095));
#6954=CARTESIAN_POINT('',(0.156675000053261,-0.0105,0.0421430095));
#6955=CARTESIAN_POINT('',(0.17849214749048,-0.0105,0.0474967743647001));
#6956=CARTESIAN_POINT('',(0.17849214749048,-0.0075,0.0474967743647001));
#6957=CARTESIAN_POINT('',(0.18248340241701,-0.0075,0.0439266032822489));
#6958=CARTESIAN_POINT('',(0.18248340241701,-0.0105,0.0439266032822489));
#6959=CARTESIAN_POINT('',(0.18248340241701,-0.0105,0.0439266032822489));
#6960=CARTESIAN_POINT('',(0.17849214749048,-0.0105,0.0474967743647001));
#6961=CARTESIAN_POINT('',(0.189250246605453,-0.0105,0.050697012888893));
#6962=CARTESIAN_POINT('',(0.189250246605453,-0.0075,0.050697012888893));
#6963=CARTESIAN_POINT('',(0.196017090793894,-0.0075,0.057467422495537));
#6964=CARTESIAN_POINT('',(0.196017090793894,-0.0105,0.057467422495537));
#6965=CARTESIAN_POINT('',(0.196017090793894,-0.0105,0.057467422495537));
#6966=CARTESIAN_POINT('',(0.189250246605453,-0.0105,0.050697012888893));
#6967=CARTESIAN_POINT('',(0.192446224413497,-0.0105,0.0614580506185741));
#6968=CARTESIAN_POINT('',(0.192446224413497,-0.0075,0.0614580506185741));
#6969=CARTESIAN_POINT('',(0.197800046951224,-0.0075,0.0613449853385294));
#6970=CARTESIAN_POINT('',(0.197800046951224,-0.0105,0.0613449853385294));
#6971=CARTESIAN_POINT('',(0.197800046951224,-0.0105,0.0613449853385294));
#6972=CARTESIAN_POINT('',(0.192446224413497,-0.0105,0.0614580506185741));
#6973=CARTESIAN_POINT('',(0.197800046951224,-0.0105,0.101717584457965));
#6974=CARTESIAN_POINT('',(0.197800046951224,-0.0075,0.101717584457965));
#6975=CARTESIAN_POINT('',(0.197800046951224,-0.0075,0.1420901835774));
#6976=CARTESIAN_POINT('',(0.197800046951224,-0.0105,0.1420901835774));
#6977=CARTESIAN_POINT('',(0.197800046951224,-0.0105,0.1420901835774));
#6978=CARTESIAN_POINT('',(0.197800046951224,-0.0105,0.101717584457965));
#6979=CARTESIAN_POINT('',(0.19180004852863,-0.0105,0.1420901835774));
#6980=CARTESIAN_POINT('',(0.19180004852863,-0.0075,0.1420901835774));
#6981=CARTESIAN_POINT('',(0.19180004852863,-0.0075,0.148090182));
#6982=CARTESIAN_POINT('',(0.19180004852863,-0.0105,0.148090182));
#6983=CARTESIAN_POINT('',(0.19180004852863,-0.0105,0.148090182));
#6984=CARTESIAN_POINT('',(0.19180004852863,-0.0105,0.1420901835774));
#6985=CARTESIAN_POINT('',(0.17289512601724,-0.0105,0.148090182));
#6986=CARTESIAN_POINT('',(0.17289512601724,-0.0075,0.148090182));
#6987=CARTESIAN_POINT('',(0.15399020350585,-0.0075,0.14809018199995));
#6988=CARTESIAN_POINT('',(0.15399020350585,-0.0105,0.14809018199995));
#6989=CARTESIAN_POINT('',(0.15399020350585,-0.0105,0.14809018199995));
#6990=CARTESIAN_POINT('',(0.17289512601724,-0.0105,0.148090182));
#6991=CARTESIAN_POINT('',(0.15399020350585,-0.0105,0.1420901834941));
#6992=CARTESIAN_POINT('',(0.15399020350585,-0.0075,0.1420901834941));
#6993=CARTESIAN_POINT('',(0.147990205,-0.0075,0.1420901834941));
#6994=CARTESIAN_POINT('',(0.147990205,-0.0105,0.1420901834941));
#6995=CARTESIAN_POINT('',(0.147990205,-0.0105,0.1420901834941));
#6996=CARTESIAN_POINT('',(0.15399020350585,-0.0105,0.1420901834941));
#6997=CARTESIAN_POINT('',(0.147990205,-0.0105,0.135956221226026));
#6998=CARTESIAN_POINT('',(0.147990205,-0.0075,0.135956221226026));
#6999=CARTESIAN_POINT('',(0.147990205,-0.0075,0.129822258957952));
#7000=CARTESIAN_POINT('',(0.147990205,-0.0105,0.129822258957952));
#7001=CARTESIAN_POINT('',(0.147990205,-0.0105,0.129822258957952));
#7002=CARTESIAN_POINT('',(0.147990205,-0.0105,0.135956221226026));
#7003=CARTESIAN_POINT('',(0.123783536955406,-0.0105,0.129829022323055));
#7004=CARTESIAN_POINT('',(0.123783536955406,-0.0075,0.129829022323055));
#7005=CARTESIAN_POINT('',(0.0995768689108329,-0.0075,0.129835785765755));
#7006=CARTESIAN_POINT('',(0.0995768689108329,-0.0105,0.129835785765755));
#7007=CARTESIAN_POINT('',(0.0995768689108329,-0.0105,0.129835785765755));
#7008=CARTESIAN_POINT('',(0.123783536955406,-0.0105,0.129829022323055));
#7009=CARTESIAN_POINT('',(0.09957519250585,-0.0105,0.1238357874941));
#7010=CARTESIAN_POINT('',(0.09957519250585,-0.0075,0.1238357874941));
#7011=CARTESIAN_POINT('',(0.093575194,-0.0075,0.1238357874941));
#7012=CARTESIAN_POINT('',(0.093575194,-0.0105,0.1238357874941));
#7013=CARTESIAN_POINT('',(0.093575194,-0.0105,0.1238357874941));
#7014=CARTESIAN_POINT('',(0.09957519250585,-0.0105,0.1238357874941));
#7015=CARTESIAN_POINT('',(0.093575194,-0.0105,0.096229764869325));
#7016=CARTESIAN_POINT('',(0.093575194,-0.0075,0.096229764869325));
#7017=CARTESIAN_POINT('',(0.093575193892884,-0.0075,0.06862374224455));
#7018=CARTESIAN_POINT('',(0.093575193892884,-0.0105,0.06862374224455));
#7019=CARTESIAN_POINT('',(0.093575193892884,-0.0105,0.06862374224455));
#7020=CARTESIAN_POINT('',(0.093575194,-0.0105,0.096229764869325));
#7021=CARTESIAN_POINT('',(0.099600854570243,-0.0105,0.06862374224455));
#7022=CARTESIAN_POINT('',(0.099600854570243,-0.0075,0.06862374224455));
#7023=CARTESIAN_POINT('',(0.0995111717859569,-0.0075,0.062598749));
#7024=CARTESIAN_POINT('',(0.0995111717859569,-0.0105,0.062598749));
#7025=CARTESIAN_POINT('',(0.0995111717859569,-0.0105,0.062598749));
#7026=CARTESIAN_POINT('',(0.099600854570243,-0.0105,0.06862374224455));
#7027=CARTESIAN_POINT('',(0.102780650892978,-0.0105,0.062598749));
#7028=CARTESIAN_POINT('',(0.102780650892978,-0.0075,0.062598749));
#7029=CARTESIAN_POINT('',(0.102780650892978,-0.0105,0.062598749));
#7030=CARTESIAN_POINT('',(0.145687620422054,-0.0105,0.09511659575));
#7031=CARTESIAN_POINT('',(0.13435785259983,-0.0105,0.04499677082329));
#7032=CARTESIAN_POINT('',(0.13285785259983,-0.0105,0.04499677082329));
#7033=CARTESIAN_POINT('',(0.19430004852863,-0.0105,0.059967422495537));
#7034=CARTESIAN_POINT('',(0.19280004852863,-0.0105,0.059967422495537));
#7035=CARTESIAN_POINT('',(0.19430004852863,-0.0105,0.1445901835774));
#7036=CARTESIAN_POINT('',(0.19280004852863,-0.0105,0.1445901835774));
#7037=CARTESIAN_POINT('',(0.15149020350585,-0.0105,0.1445901834941));
#7038=CARTESIAN_POINT('',(0.14999020350585,-0.0105,0.1445901834941));
#7039=CARTESIAN_POINT('',(0.09707519250585,-0.0105,0.1263357874941));
#7040=CARTESIAN_POINT('',(0.09557519250585,-0.0105,0.1263357874941));
#7041=CARTESIAN_POINT('',(0.097075194,-0.0105,0.06612374224455));
#7042=CARTESIAN_POINT('',(0.095575194,-0.0105,0.06612374224455));
#7043=CARTESIAN_POINT('',(0.145687620422054,-0.0075,0.09511659575));
#7044=CARTESIAN_POINT('',(0.13435785259983,-0.0075,0.04499677082329));
#7045=CARTESIAN_POINT('',(0.13285785259983,-0.0075,0.04499677082329));
#7046=CARTESIAN_POINT('',(0.19430004852863,-0.0075,0.059967422495537));
#7047=CARTESIAN_POINT('',(0.19280004852863,-0.0075,0.059967422495537));
#7048=CARTESIAN_POINT('',(0.19430004852863,-0.0075,0.1445901835774));
#7049=CARTESIAN_POINT('',(0.19280004852863,-0.0075,0.1445901835774));
#7050=CARTESIAN_POINT('',(0.15149020350585,-0.0075,0.1445901834941));
#7051=CARTESIAN_POINT('',(0.14999020350585,-0.0075,0.1445901834941));
#7052=CARTESIAN_POINT('',(0.09707519250585,-0.0075,0.1263357874941));
#7053=CARTESIAN_POINT('',(0.09557519250585,-0.0075,0.1263357874941));
#7054=CARTESIAN_POINT('',(0.097075194,-0.0075,0.06612374224455));
#7055=CARTESIAN_POINT('',(0.095575194,-0.0075,0.06612374224455));
#7056=CARTESIAN_POINT('',(0.097075194,-0.025,0.06612374224455));
#7057=CARTESIAN_POINT('',(0.09707519250585,-0.025,0.1263357874941));
#7058=CARTESIAN_POINT('',(0.15149020350585,-0.025,0.1445901834941));
#7059=CARTESIAN_POINT('',(0.19430004852863,-0.025,0.1445901835774));
#7060=CARTESIAN_POINT('',(0.19430004852863,-0.025,0.059967422495537));
#7061=CARTESIAN_POINT('',(0.13435785259983,-0.025,0.04499677082329));
#7062=CARTESIAN_POINT('',(0.,0.,0.));
#7063=CARTESIAN_POINT('',(0.191800046951224,-0.003,0.102666539450987));
#7064=CARTESIAN_POINT('',(0.191800046951224,-0.003,0.102666539450987));
#7065=CARTESIAN_POINT('',(0.191800046951224,-0.003,0.067161197476744));
#7066=CARTESIAN_POINT('',(0.191800046951224,-0.003,0.137));
#7067=CARTESIAN_POINT('',(0.191800046951224,-0.003,0.137));
#7068=CARTESIAN_POINT('',(0.191800046951224,0.,0.137));
#7069=CARTESIAN_POINT('',(0.191800046951224,0.,0.102666539450987));
#7070=CARTESIAN_POINT('',(0.191800046951224,0.,0.067161197476744));
#7071=CARTESIAN_POINT('',(0.191800046951224,-0.003,0.067161197476744));
#7072=CARTESIAN_POINT('',(0.183775023475612,-0.003,0.0583038270794437));
#7073=CARTESIAN_POINT('',(0.183775023475612,0.,0.0583038270794437));
#7074=CARTESIAN_POINT('',(0.176260258641034,0.,0.0507851027508118));
#7075=CARTESIAN_POINT('',(0.191214632937626,0.,0.0657473564365005));
#7076=CARTESIAN_POINT('',(0.176260258641034,-0.003,0.0507851027508118));
#7077=CARTESIAN_POINT('',(0.176260258641034,-0.003,0.0507851027508118));
#7078=CARTESIAN_POINT('',(0.183775023475612,-0.003,0.0583038270794437));
#7079=CARTESIAN_POINT('',(0.191214632937626,-0.003,0.0657473564365005));
#7080=CARTESIAN_POINT('',(0.191214632937626,0.,0.0657473564365005));
#7081=CARTESIAN_POINT('',(0.155442675165301,-0.003,0.0481430095));
#7082=CARTESIAN_POINT('',(0.155442675165301,-0.003,0.0481430095));
#7083=CARTESIAN_POINT('',(0.135963708591333,-0.003,0.0481430095));
#7084=CARTESIAN_POINT('',(0.17375,-0.003,0.0481430095));
#7085=CARTESIAN_POINT('',(0.17375,0.,0.0481430095));
#7086=CARTESIAN_POINT('',(0.17375,0.,0.0481430095));
#7087=CARTESIAN_POINT('',(0.155442675165301,0.,0.0481430095));
#7088=CARTESIAN_POINT('',(0.135963708591333,0.,0.0481430095));
#7089=CARTESIAN_POINT('',(0.135963708591333,-0.003,0.0481430095));
#7090=CARTESIAN_POINT('',(0.131367214262935,-0.003,0.0519107026129127));
#7091=CARTESIAN_POINT('',(0.131367214262935,-0.003,0.0519107026129127));
#7092=CARTESIAN_POINT('',(0.127599078195268,-0.003,0.0556783957258253));
#7093=CARTESIAN_POINT('',(0.134549578158635,-0.003,0.048728712812838));
#7094=CARTESIAN_POINT('',(0.134549578158635,0.,0.048728712812838));
#7095=CARTESIAN_POINT('',(0.134549578158635,0.,0.048728712812838));
#7096=CARTESIAN_POINT('',(0.131367214262935,0.,0.0519107026129127));
#7097=CARTESIAN_POINT('',(0.127599078195268,0.,0.0556783957258253));
#7098=CARTESIAN_POINT('',(0.127599078195268,-0.003,0.0556783957258253));
#7099=CARTESIAN_POINT('',(0.125321600119626,-0.003,0.0534949463091739));
#7100=CARTESIAN_POINT('',(0.125321600119626,0.,0.0534949463091739));
#7101=CARTESIAN_POINT('',(0.125321475063891,0.,0.0566499990384425));
#7102=CARTESIAN_POINT('',(0.125321475063891,-0.003,0.0566499990384425));
#7103=CARTESIAN_POINT('',(0.125321475063891,-0.003,0.0566499990384425));
#7104=CARTESIAN_POINT('',(0.125321600119626,-0.003,0.0534949463091739));
#7105=CARTESIAN_POINT('',(0.120285737531945,-0.003,0.056649799438654));
#7106=CARTESIAN_POINT('',(0.120285737531945,0.,0.056649799438654));
#7107=CARTESIAN_POINT('',(0.117250079273309,0.,0.0566496791153165));
#7108=CARTESIAN_POINT('',(0.117250079273309,-0.003,0.0566496791153165));
#7109=CARTESIAN_POINT('',(0.117250079273309,-0.003,0.0566496791153165));
#7110=CARTESIAN_POINT('',(0.120285737531945,-0.003,0.056649799438654));
#7111=CARTESIAN_POINT('',(0.11205013,-0.003,0.062174375247075));
#7112=CARTESIAN_POINT('',(0.11205013,-0.003,0.062174375247075));
#7113=CARTESIAN_POINT('',(0.11205013,-0.003,0.06459875049415));
#7114=CARTESIAN_POINT('',(0.11205013,-0.003,0.06175));
#7115=CARTESIAN_POINT('',(0.11205013,0.,0.06175));
#7116=CARTESIAN_POINT('',(0.11205013,0.,0.06175));
#7117=CARTESIAN_POINT('',(0.11205013,0.,0.062174375247075));
#7118=CARTESIAN_POINT('',(0.11205013,0.,0.06459875049415));
#7119=CARTESIAN_POINT('',(0.11205013,-0.003,0.06459875049415));
#7120=CARTESIAN_POINT('',(0.10805013149415,-0.003,0.06459875049415));
#7121=CARTESIAN_POINT('',(0.10805013149415,0.,0.06459875049415));
#7122=CARTESIAN_POINT('',(0.10805013149415,0.,0.068598749));
#7123=CARTESIAN_POINT('',(0.10805013149415,-0.003,0.068598749));
#7124=CARTESIAN_POINT('',(0.10805013149415,-0.003,0.068598749));
#7125=CARTESIAN_POINT('',(0.10805013149415,-0.003,0.06459875049415));
#7126=CARTESIAN_POINT('',(0.103822585795992,-0.003,0.068598749));
#7127=CARTESIAN_POINT('',(0.103822585795992,0.,0.068598749));
#7128=CARTESIAN_POINT('',(0.101575194,0.,0.068598749));
#7129=CARTESIAN_POINT('',(0.101575194,-0.003,0.068598749));
#7130=CARTESIAN_POINT('',(0.101575194,-0.003,0.068598749));
#7131=CARTESIAN_POINT('',(0.103822585795992,-0.003,0.068598749));
#7132=CARTESIAN_POINT('',(0.099575194,-0.003,0.0962297640832426));
#7133=CARTESIAN_POINT('',(0.099575194,-0.003,0.0962297640832426));
#7134=CARTESIAN_POINT('',(0.099575194,-0.003,0.123835785921935));
#7135=CARTESIAN_POINT('',(0.099575194,-0.003,0.070598749));
#7136=CARTESIAN_POINT('',(0.099575194,-0.003,0.070598749));
#7137=CARTESIAN_POINT('',(0.099575194,0.,0.070598749));
#7138=CARTESIAN_POINT('',(0.099575194,0.,0.0962297640832426));
#7139=CARTESIAN_POINT('',(0.099575194,0.,0.123835785921935));
#7140=CARTESIAN_POINT('',(0.099575194,-0.003,0.123835785921935));
#7141=CARTESIAN_POINT('',(0.108162747955853,-0.003,0.123833386551537));
#7142=CARTESIAN_POINT('',(0.108162747955853,0.,0.123833386551537));
#7143=CARTESIAN_POINT('',(0.114750301989771,0.,0.123831545982939));
#7144=CARTESIAN_POINT('',(0.114750301989771,-0.003,0.123831545982939));
#7145=CARTESIAN_POINT('',(0.114750301989771,-0.003,0.123831545982939));
#7146=CARTESIAN_POINT('',(0.108162747955853,-0.003,0.123833386551537));
#7147=CARTESIAN_POINT('',(0.116749731913051,-0.003,0.121790912750468));
#7148=CARTESIAN_POINT('',(0.116749731913051,0.,0.121790912750468));
#7149=CARTESIAN_POINT('',(0.116749743109906,0.,0.121830987259203));
#7150=CARTESIAN_POINT('',(0.116749720716197,0.,0.121750838241733));
#7151=CARTESIAN_POINT('',(0.116749720716197,-0.003,0.121750838241733));
#7152=CARTESIAN_POINT('',(0.116749720716197,-0.003,0.121750838241733));
#7153=CARTESIAN_POINT('',(0.116749731913051,-0.003,0.121790912750468));
#7154=CARTESIAN_POINT('',(0.116749743109906,-0.003,0.121830987259203));
#7155=CARTESIAN_POINT('',(0.116749743109906,-0.003,0.121830987259203));
#7156=CARTESIAN_POINT('',(0.134499160626327,-0.003,0.119745878953988));
#7157=CARTESIAN_POINT('',(0.134499160626327,0.,0.119745878953988));
#7158=CARTESIAN_POINT('',(0.118749161836332,0.,0.119750279517997));
#7159=CARTESIAN_POINT('',(0.150249159416321,0.,0.119741478389978));
#7160=CARTESIAN_POINT('',(0.150249159416321,-0.003,0.119741478389978));
#7161=CARTESIAN_POINT('',(0.150249159416321,-0.003,0.119741478389978));
#7162=CARTESIAN_POINT('',(0.134499160626327,-0.003,0.119745878953988));
#7163=CARTESIAN_POINT('',(0.118749161836332,-0.003,0.119750279517997));
#7164=CARTESIAN_POINT('',(0.118749161836332,-0.003,0.119750279517997));
#7165=CARTESIAN_POINT('',(0.152249827192311,-0.003,0.122131226949976));
#7166=CARTESIAN_POINT('',(0.152249827192311,-0.003,0.122131226949976));
#7167=CARTESIAN_POINT('',(0.152249718140057,-0.003,0.121740919510113));
#7168=CARTESIAN_POINT('',(0.152250236752934,-0.003,0.123597079804871));
#7169=CARTESIAN_POINT('',(0.152249718140057,-0.003,0.121740919510113));
#7170=CARTESIAN_POINT('',(0.152249718140057,0.,0.121740919510113));
#7171=CARTESIAN_POINT('',(0.152249827192311,0.,0.122131226949976));
#7172=CARTESIAN_POINT('',(0.152250236752934,0.,0.123597079804871));
#7173=CARTESIAN_POINT('',(0.152250236752934,-0.003,0.123597079804871));
#7174=CARTESIAN_POINT('',(0.14999020649415,-0.003,0.1278216985058));
#7175=CARTESIAN_POINT('',(0.14999020649415,-0.003,0.1278216985058));
#7176=CARTESIAN_POINT('',(0.153990205,-0.003,0.1278216985058));
#7177=CARTESIAN_POINT('',(0.152830226261012,-0.003,0.125004913854706));
#7178=CARTESIAN_POINT('',(0.152830226261012,-0.003,0.125004913854706));
#7179=CARTESIAN_POINT('',(0.152830226261012,0.,0.125004913854706));
#7180=CARTESIAN_POINT('',(0.14999020649415,0.,0.1278216985058));
#7181=CARTESIAN_POINT('',(0.153990205,0.,0.1278216985058));
#7182=CARTESIAN_POINT('',(0.153990205,-0.003,0.1278216985058));
#7183=CARTESIAN_POINT('',(0.153990205,-0.003,0.1349559402529));
#7184=CARTESIAN_POINT('',(0.153990205,0.,0.1349559402529));
#7185=CARTESIAN_POINT('',(0.153990205,0.,0.140090182));
#7186=CARTESIAN_POINT('',(0.153990205,-0.003,0.140090182));
#7187=CARTESIAN_POINT('',(0.153990205,-0.003,0.140090182));
#7188=CARTESIAN_POINT('',(0.153990205,-0.003,0.1349559402529));
#7189=CARTESIAN_POINT('',(0.1713701025,-0.003,0.142090182));
#7190=CARTESIAN_POINT('',(0.1713701025,0.,0.142090182));
#7191=CARTESIAN_POINT('',(0.18675,0.,0.142090182));
#7192=CARTESIAN_POINT('',(0.155990205,0.,0.142090182));
#7193=CARTESIAN_POINT('',(0.18675,-0.003,0.142090182));
#7194=CARTESIAN_POINT('',(0.18675,-0.003,0.142090182));
#7195=CARTESIAN_POINT('',(0.1713701025,-0.003,0.142090182));
#7196=CARTESIAN_POINT('',(0.155990205,-0.003,0.142090182));
#7197=CARTESIAN_POINT('',(0.155990205,0.,0.142090182));
#7198=CARTESIAN_POINT('',(0.11325,-0.003,0.05775));
#7199=CARTESIAN_POINT('',(0.11325,-0.003,0.05775));
#7200=CARTESIAN_POINT('',(0.11325,-0.003,0.05885));
#7201=CARTESIAN_POINT('',(0.11325,0.,0.05775));
#7202=CARTESIAN_POINT('',(0.11325,0.,0.05885));
#7203=CARTESIAN_POINT('',(0.15025,-0.003,0.12275));
#7204=CARTESIAN_POINT('',(0.15025,-0.003,0.12275));
#7205=CARTESIAN_POINT('',(0.15025,-0.003,0.12385));
#7206=CARTESIAN_POINT('',(0.15025,0.,0.12275));
#7207=CARTESIAN_POINT('',(0.15025,0.,0.12385));
#7208=CARTESIAN_POINT('',(0.11975,-0.003,0.12275));
#7209=CARTESIAN_POINT('',(0.11975,-0.003,0.12275));
#7210=CARTESIAN_POINT('',(0.11975,-0.003,0.12385));
#7211=CARTESIAN_POINT('',(0.11975,0.,0.12275));
#7212=CARTESIAN_POINT('',(0.11975,0.,0.12385));
#7213=CARTESIAN_POINT('',(0.19075,-0.003,0.06275));
#7214=CARTESIAN_POINT('',(0.19075,-0.003,0.06275));
#7215=CARTESIAN_POINT('',(0.19075,-0.003,0.06385));
#7216=CARTESIAN_POINT('',(0.19075,0.,0.06275));
#7217=CARTESIAN_POINT('',(0.19075,0.,0.06385));
#7218=CARTESIAN_POINT('',(0.19075,-0.003,0.141));
#7219=CARTESIAN_POINT('',(0.19075,-0.003,0.141));
#7220=CARTESIAN_POINT('',(0.19075,-0.003,0.1421));
#7221=CARTESIAN_POINT('',(0.19075,0.,0.141));
#7222=CARTESIAN_POINT('',(0.19075,0.,0.1421));
#7223=CARTESIAN_POINT('',(0.17775,-0.003,0.05));
#7224=CARTESIAN_POINT('',(0.17775,-0.003,0.05));
#7225=CARTESIAN_POINT('',(0.17775,-0.003,0.0511));
#7226=CARTESIAN_POINT('',(0.17775,0.,0.05));
#7227=CARTESIAN_POINT('',(0.17775,0.,0.0511));
#7228=CARTESIAN_POINT('',(0.145687597,-0.003,0.0951176488029092));
#7229=CARTESIAN_POINT('',(0.13435785259983,-0.003,0.04499677082329));
#7230=CARTESIAN_POINT('',(0.135325394276459,-0.003,0.0461430095));
#7231=CARTESIAN_POINT('',(0.133994789841018,-0.003,0.0464521695429418));
#7232=CARTESIAN_POINT('',(0.,-0.003,0.0461430095));
#7233=CARTESIAN_POINT('',(0.178550469551752,-0.003,0.0461430098719608));
#7234=CARTESIAN_POINT('',(0.17849214749048,-0.003,0.0474967743647));
#7235=CARTESIAN_POINT('',(0.179549999999984,-0.003,0.0466499999999835));
#7236=CARTESIAN_POINT('',(0.17955,-0.003,0.04665));
#7237=CARTESIAN_POINT('',(0.192801218082487,-0.003,0.0599082000866298));
#7238=CARTESIAN_POINT('',(0.19430004852863,-0.003,0.059967422495537));
#7239=CARTESIAN_POINT('',(0.193799064622722,-0.003,0.0613812878094977));
#7240=CARTESIAN_POINT('',(0.192446224413497,-0.003,0.0614580506185741));
#7241=CARTESIAN_POINT('',(0.193800021840067,-0.003,0.0614000011478638));
#7242=CARTESIAN_POINT('',(0.193800046951224,-0.003,0.0613999999999953));
#7243=CARTESIAN_POINT('',(0.193800046951224,-0.003,0.1420901835774));
#7244=CARTESIAN_POINT('',(0.19180004852863,-0.003,0.1420901835774));
#7245=CARTESIAN_POINT('',(0.19180004852863,-0.003,0.144090181999997));
#7246=CARTESIAN_POINT('',(0.191800047,-0.003,0.144090182));
#7247=CARTESIAN_POINT('',(0.15399020350585,-0.003,0.144090181999975));
#7248=CARTESIAN_POINT('',(0.15399020350585,-0.003,0.1420901834941));
#7249=CARTESIAN_POINT('',(0.151990205,-0.003,0.1420901834941));
#7250=CARTESIAN_POINT('',(0.151990205,-0.003,0.142090182));
#7251=CARTESIAN_POINT('',(0.151990205,-0.003,0.1278216985058));
#7252=CARTESIAN_POINT('',(0.14999020649415,-0.003,0.1278216985058));
#7253=CARTESIAN_POINT('',(0.149990205,-0.003,0.125821699999975));
#7254=CARTESIAN_POINT('',(0.149990205,-0.003,0.1258217));
#7255=CARTESIAN_POINT('',(0.099575194,-0.003,0.125835785999975));
#7256=CARTESIAN_POINT('',(0.09957519250585,-0.003,0.1238357874941));
#7257=CARTESIAN_POINT('',(0.097575194,-0.003,0.1238357874941));
#7258=CARTESIAN_POINT('',(0.097575194,-0.003,0.123835786));
#7259=CARTESIAN_POINT('',(0.0975751939999997,-0.003,0.068624401));
#7260=CARTESIAN_POINT('',(0.099600854570243,-0.003,0.06862374224455));
#7261=CARTESIAN_POINT('',(0.0995488589999956,-0.003,0.066598749));
#7262=CARTESIAN_POINT('',(0.099548859,-0.003,0.066598749));
#7263=CARTESIAN_POINT('',(0.10805013149415,-0.003,0.066598749));
#7264=CARTESIAN_POINT('',(0.10805013149415,-0.003,0.06459875049415));
#7265=CARTESIAN_POINT('',(0.11005013,-0.003,0.06459875049415));
#7266=CARTESIAN_POINT('',(0.11005013,-0.003,0.064598749));
#7267=CARTESIAN_POINT('',(0.110050451408887,-0.003,0.0565987653040144));
#7268=CARTESIAN_POINT('',(0.11205013,-0.003,0.0566494730067238));
#7269=CARTESIAN_POINT('',(0.112050209273309,-0.003,0.0546494730082949));
#7270=CARTESIAN_POINT('',(0.11205,-0.003,0.054649473));
#7271=CARTESIAN_POINT('',(0.125345771343461,-0.003,0.0546498730795651));
#7272=CARTESIAN_POINT('',(0.125321600119626,-0.003,0.0534949463091739));
#7273=CARTESIAN_POINT('',(0.126169559361127,-0.003,0.0542793638522104));
#7274=CARTESIAN_POINT('',(0.126169625,-0.003,0.05427942));
#7275=CARTESIAN_POINT('',(0.133800241999943,-0.003,0.0466497000000649));
#7276=CARTESIAN_POINT('',(0.13485785259983,-0.003,0.04749677082329));
#7277=CARTESIAN_POINT('',(0.18675,-0.003,0.140090182));
#7278=CARTESIAN_POINT('',(0.188708052607063,-0.003,0.14049764977538));
#7279=CARTESIAN_POINT('',(0.190666105214126,-0.003,0.140905117550761));
#7280=CARTESIAN_POINT('',(0.190233076082675,-0.003,0.13895255877538));
#7281=CARTESIAN_POINT('',(0.189800046951224,-0.003,0.137));
#7282=CARTESIAN_POINT('',(0.189800046951224,-0.003,0.067161197476744));
#7283=CARTESIAN_POINT('',(0.177674844627435,-0.003,0.0493712617105684));
#7284=CARTESIAN_POINT('',(0.175712422313718,-0.003,0.0497571356052842));
#7285=CARTESIAN_POINT('',(0.17375,-0.003,0.0501430095));
#7286=CARTESIAN_POINT('',(0.135963708591333,-0.003,0.0501430095));
#7287=CARTESIAN_POINT('',(0.11725,-0.003,0.0586496791137454));
#7288=CARTESIAN_POINT('',(0.11529415077816,-0.003,0.0582317630678378));
#7289=CARTESIAN_POINT('',(0.11333830155632,-0.003,0.0578138470219302));
#7290=CARTESIAN_POINT('',(0.11369421577816,-0.003,0.0597819235109651));
#7291=CARTESIAN_POINT('',(0.11405013,-0.003,0.06175));
#7292=CARTESIAN_POINT('',(0.101575194,-0.003,0.070598749));
#7293=CARTESIAN_POINT('',(0.114749743187971,-0.003,0.121831546061004));
#7294=CARTESIAN_POINT('',(0.118749720638132,-0.003,0.121750279439932));
#7295=CARTESIAN_POINT('',(0.150249718218121,-0.003,0.121741478311913));
#7296=CARTESIAN_POINT('',(0.154250236674869,-0.003,0.123596521003071));
#7297=CARTESIAN_POINT('',(0.155990205,-0.003,0.140090182));
#7298=CARTESIAN_POINT('',(0.145687597,0.,0.0951176488029092));
#7299=CARTESIAN_POINT('',(0.13435785259983,0.,0.04499677082329));
#7300=CARTESIAN_POINT('',(0.13585785259983,0.,0.04499677082329));
#7301=CARTESIAN_POINT('',(0.19430004852863,0.,0.059967422495537));
#7302=CARTESIAN_POINT('',(0.19580004852863,0.,0.059967422495537));
#7303=CARTESIAN_POINT('',(0.19430004852863,0.,0.1445901835774));
#7304=CARTESIAN_POINT('',(0.19580004852863,0.,0.1445901835774));
#7305=CARTESIAN_POINT('',(0.15149020350585,0.,0.1445901834941));
#7306=CARTESIAN_POINT('',(0.15299020350585,0.,0.1445901834941));
#7307=CARTESIAN_POINT('',(0.09707519250585,0.,0.1263357874941));
#7308=CARTESIAN_POINT('',(0.09857519250585,0.,0.1263357874941));
#7309=CARTESIAN_POINT('',(0.097075194,0.,0.06612374224455));
#7310=CARTESIAN_POINT('',(0.098575194,0.,0.06612374224455));
#7311=CARTESIAN_POINT('',(0.189800046951224,0.,0.137));
#7312=CARTESIAN_POINT('',(0.190233076082675,0.,0.13895255877538));
#7313=CARTESIAN_POINT('',(0.190666105214126,0.,0.140905117550761));
#7314=CARTESIAN_POINT('',(0.188708052607063,0.,0.14049764977538));
#7315=CARTESIAN_POINT('',(0.18675,0.,0.140090182));
#7316=CARTESIAN_POINT('',(0.155990205,0.,0.140090182));
#7317=CARTESIAN_POINT('',(0.154250236674869,0.,0.123596521003071));
#7318=CARTESIAN_POINT('',(0.150249718218121,0.,0.121741478311913));
#7319=CARTESIAN_POINT('',(0.118749720638132,0.,0.121750279439932));
#7320=CARTESIAN_POINT('',(0.114749743187971,0.,0.121831546061004));
#7321=CARTESIAN_POINT('',(0.101575194,0.,0.070598749));
#7322=CARTESIAN_POINT('',(0.11405013,0.,0.06175));
#7323=CARTESIAN_POINT('',(0.11369421577816,0.,0.0597819235109651));
#7324=CARTESIAN_POINT('',(0.11333830155632,0.,0.0578138470219302));
#7325=CARTESIAN_POINT('',(0.11529415077816,0.,0.0582317630678378));
#7326=CARTESIAN_POINT('',(0.11725,0.,0.0586496791137454));
#7327=CARTESIAN_POINT('',(0.135963708591333,0.,0.0501430095));
#7328=CARTESIAN_POINT('',(0.17375,0.,0.0501430095));
#7329=CARTESIAN_POINT('',(0.175712422313718,0.,0.0497571356052842));
#7330=CARTESIAN_POINT('',(0.177674844627435,0.,0.0493712617105684));
#7331=CARTESIAN_POINT('',(0.189800046951224,0.,0.067161197476744));
#7332=CARTESIAN_POINT('',(0.10605013,-8.67361737988404E-19,0.0596241110033619));
#7333=CARTESIAN_POINT('',(0.10605013,-8.67361737988404E-19,0.062598749));
#7334=CARTESIAN_POINT('',(0.10605013,-8.67361737988404E-19,0.0566494730067238));
#7335=CARTESIAN_POINT('',(0.102780650892978,-8.67361737988404E-19,0.062598749));
#7336=CARTESIAN_POINT('',(0.0995111717859569,-8.67361737988404E-19,0.062598749));
#7337=CARTESIAN_POINT('',(0.099600854570243,-8.67361737988404E-19,0.06862374224455));
#7338=CARTESIAN_POINT('',(0.093575193892884,-8.67361737988404E-19,0.06862374224455));
#7339=CARTESIAN_POINT('',(0.093575194,-8.67361737988404E-19,0.096229764869325));
#7340=CARTESIAN_POINT('',(0.093575194,-8.67361737988404E-19,0.1238357874941));
#7341=CARTESIAN_POINT('',(0.09957519250585,-8.67361737988404E-19,0.1238357874941));
#7342=CARTESIAN_POINT('',(0.0995768689108329,-8.67361737988404E-19,0.129835785765755));
#7343=CARTESIAN_POINT('',(0.123783536955406,-8.67361737988404E-19,0.129829022323055));
#7344=CARTESIAN_POINT('',(0.147990205,-8.67361737988404E-19,0.129822258957952));
#7345=CARTESIAN_POINT('',(0.147990205,-8.67361737988404E-19,0.135956221226026));
#7346=CARTESIAN_POINT('',(0.147990205,-8.67361737988404E-19,0.1420901834941));
#7347=CARTESIAN_POINT('',(0.15399020350585,-8.67361737988404E-19,0.1420901834941));
#7348=CARTESIAN_POINT('',(0.15399020350585,-8.67361737988404E-19,0.14809018199995));
#7349=CARTESIAN_POINT('',(0.17289512601724,-8.67361737988404E-19,0.148090182));
#7350=CARTESIAN_POINT('',(0.19180004852863,-8.67361737988404E-19,0.148090182));
#7351=CARTESIAN_POINT('',(0.19180004852863,-8.67361737988404E-19,0.1420901835774));
#7352=CARTESIAN_POINT('',(0.197800046951224,-8.67361737988404E-19,0.1420901835774));
#7353=CARTESIAN_POINT('',(0.197800046951224,-8.67361737988404E-19,0.101717584457965));
#7354=CARTESIAN_POINT('',(0.197800046951224,-8.67361737988404E-19,0.0613449853385294));
#7355=CARTESIAN_POINT('',(0.192446224413497,-8.67361737988404E-19,0.0614580506185741));
#7356=CARTESIAN_POINT('',(0.196017090793894,-8.67361737988404E-19,0.057467422495537));
#7357=CARTESIAN_POINT('',(0.189250246605453,-8.67361737988404E-19,0.050697012888893));
#7358=CARTESIAN_POINT('',(0.18248340241701,-8.67361737988404E-19,0.0439266032822489));
#7359=CARTESIAN_POINT('',(0.17849214749048,-8.67361737988404E-19,0.0474967743647001));
#7360=CARTESIAN_POINT('',(0.17860807514045,-8.67361737988404E-19,0.0421430095));
#7361=CARTESIAN_POINT('',(0.156675000053261,-8.67361737988404E-19,0.0421430095));
#7362=CARTESIAN_POINT('',(0.134741924966071,-8.67361737988404E-19,0.0421430095));
#7363=CARTESIAN_POINT('',(0.13485785259983,-8.67361737988404E-19,0.04749677082329));
#7364=CARTESIAN_POINT('',(0.130867679472208,-8.67361737988404E-19,0.0439253960271326));
#7365=CARTESIAN_POINT('',(0.127505006046034,-8.67361737988404E-19,0.0472876741618002));
#7366=CARTESIAN_POINT('',(0.12414233261986,-8.67361737988404E-19,0.0506499522964677));
#7367=CARTESIAN_POINT('',(0.118096350219893,-8.67361737988404E-19,0.0506497126539524));
#7368=CARTESIAN_POINT('',(0.112050367819927,-8.67361737988404E-19,0.050649473011437));
#7369=CARTESIAN_POINT('',(0.11205013,-8.67361737988404E-19,0.0566494730067238));
#7370=CARTESIAN_POINT('',(0.10605013,-8.67361737988404E-19,0.0596241110033619));
#7371=CARTESIAN_POINT('',(0.10605013,-0.0075,0.0596241110033619));
#7372=CARTESIAN_POINT('',(0.10605013,-0.0075,0.062598749));
#7373=CARTESIAN_POINT('',(0.10605013,-0.0075,0.0566494730067238));
#7374=CARTESIAN_POINT('',(0.10605013,-8.67361737988404E-19,0.062598749));
#7375=CARTESIAN_POINT('',(0.10605013,-8.67361737988404E-19,0.0566494730067238));
#7376=CARTESIAN_POINT('',(0.11205013,-8.67361737988404E-19,0.0566494730067238));
#7377=CARTESIAN_POINT('',(0.11205013,-0.0075,0.0566494730067238));
#7378=CARTESIAN_POINT('',(0.112050367819927,-0.0075,0.050649473011437));
#7379=CARTESIAN_POINT('',(0.112050367819927,-8.67361737988404E-19,0.050649473011437));
#7380=CARTESIAN_POINT('',(0.118096350219893,-8.67361737988404E-19,0.0506497126539524));
#7381=CARTESIAN_POINT('',(0.118096350219893,-0.0075,0.0506497126539524));
#7382=CARTESIAN_POINT('',(0.12414233261986,-0.0075,0.0506499522964677));
#7383=CARTESIAN_POINT('',(0.12414233261986,-8.67361737988404E-19,0.0506499522964677));
#7384=CARTESIAN_POINT('',(0.127505006046034,-8.67361737988404E-19,0.0472876741618002));
#7385=CARTESIAN_POINT('',(0.127505006046034,-0.0075,0.0472876741618002));
#7386=CARTESIAN_POINT('',(0.130867679472208,-0.0075,0.0439253960271326));
#7387=CARTESIAN_POINT('',(0.130867679472208,-8.67361737988404E-19,0.0439253960271326));
#7388=CARTESIAN_POINT('',(0.13485785259983,-8.67361737988404E-19,0.04749677082329));
#7389=CARTESIAN_POINT('',(0.13485785259983,-0.0075,0.04749677082329));
#7390=CARTESIAN_POINT('',(0.134741924966071,-0.0075,0.0421430095));
#7391=CARTESIAN_POINT('',(0.134741924966071,-8.67361737988404E-19,0.0421430095));
#7392=CARTESIAN_POINT('',(0.156675000053261,-8.67361737988404E-19,0.0421430095));
#7393=CARTESIAN_POINT('',(0.156675000053261,-0.0075,0.0421430095));
#7394=CARTESIAN_POINT('',(0.17860807514045,-0.0075,0.0421430095));
#7395=CARTESIAN_POINT('',(0.17860807514045,-8.67361737988404E-19,0.0421430095));
#7396=CARTESIAN_POINT('',(0.17849214749048,-8.67361737988404E-19,0.0474967743647001));
#7397=CARTESIAN_POINT('',(0.17849214749048,-0.0075,0.0474967743647001));
#7398=CARTESIAN_POINT('',(0.18248340241701,-0.0075,0.0439266032822489));
#7399=CARTESIAN_POINT('',(0.18248340241701,-8.67361737988404E-19,0.0439266032822489));
#7400=CARTESIAN_POINT('',(0.189250246605453,-8.67361737988404E-19,0.050697012888893));
#7401=CARTESIAN_POINT('',(0.189250246605453,-0.0075,0.050697012888893));
#7402=CARTESIAN_POINT('',(0.196017090793894,-0.0075,0.057467422495537));
#7403=CARTESIAN_POINT('',(0.196017090793894,-8.67361737988404E-19,0.057467422495537));
#7404=CARTESIAN_POINT('',(0.192446224413497,-8.67361737988404E-19,0.0614580506185741));
#7405=CARTESIAN_POINT('',(0.192446224413497,-0.0075,0.0614580506185741));
#7406=CARTESIAN_POINT('',(0.197800046951224,-0.0075,0.0613449853385294));
#7407=CARTESIAN_POINT('',(0.197800046951224,-8.67361737988404E-19,0.0613449853385294));
#7408=CARTESIAN_POINT('',(0.197800046951224,-8.67361737988404E-19,0.101717584457965));
#7409=CARTESIAN_POINT('',(0.197800046951224,-0.0075,0.101717584457965));
#7410=CARTESIAN_POINT('',(0.197800046951224,-0.0075,0.1420901835774));
#7411=CARTESIAN_POINT('',(0.197800046951224,-8.67361737988404E-19,0.1420901835774));
#7412=CARTESIAN_POINT('',(0.19180004852863,-8.67361737988404E-19,0.1420901835774));
#7413=CARTESIAN_POINT('',(0.19180004852863,-0.0075,0.1420901835774));
#7414=CARTESIAN_POINT('',(0.19180004852863,-0.0075,0.148090182));
#7415=CARTESIAN_POINT('',(0.19180004852863,-8.67361737988404E-19,0.148090182));
#7416=CARTESIAN_POINT('',(0.17289512601724,-8.67361737988404E-19,0.148090182));
#7417=CARTESIAN_POINT('',(0.17289512601724,-0.0075,0.148090182));
#7418=CARTESIAN_POINT('',(0.15399020350585,-0.0075,0.14809018199995));
#7419=CARTESIAN_POINT('',(0.15399020350585,-8.67361737988404E-19,0.14809018199995));
#7420=CARTESIAN_POINT('',(0.15399020350585,-8.67361737988404E-19,0.1420901834941));
#7421=CARTESIAN_POINT('',(0.15399020350585,-0.0075,0.1420901834941));
#7422=CARTESIAN_POINT('',(0.147990205,-0.0075,0.1420901834941));
#7423=CARTESIAN_POINT('',(0.147990205,-8.67361737988404E-19,0.1420901834941));
#7424=CARTESIAN_POINT('',(0.147990205,-8.67361737988404E-19,0.135956221226026));
#7425=CARTESIAN_POINT('',(0.147990205,-0.0075,0.135956221226026));
#7426=CARTESIAN_POINT('',(0.147990205,-0.0075,0.129822258957952));
#7427=CARTESIAN_POINT('',(0.147990205,-8.67361737988404E-19,0.129822258957952));
#7428=CARTESIAN_POINT('',(0.123783536955406,-8.67361737988404E-19,0.129829022323055));
#7429=CARTESIAN_POINT('',(0.123783536955406,-0.0075,0.129829022323055));
#7430=CARTESIAN_POINT('',(0.0995768689108329,-0.0075,0.129835785765755));
#7431=CARTESIAN_POINT('',(0.0995768689108329,-8.67361737988404E-19,0.129835785765755));
#7432=CARTESIAN_POINT('',(0.09957519250585,-8.67361737988404E-19,0.1238357874941));
#7433=CARTESIAN_POINT('',(0.09957519250585,-0.0075,0.1238357874941));
#7434=CARTESIAN_POINT('',(0.093575194,-0.0075,0.1238357874941));
#7435=CARTESIAN_POINT('',(0.093575194,-8.67361737988404E-19,0.1238357874941));
#7436=CARTESIAN_POINT('',(0.093575194,-8.67361737988404E-19,0.096229764869325));
#7437=CARTESIAN_POINT('',(0.093575194,-0.0075,0.096229764869325));
#7438=CARTESIAN_POINT('',(0.093575193892884,-0.0075,0.06862374224455));
#7439=CARTESIAN_POINT('',(0.093575193892884,-8.67361737988404E-19,0.06862374224455));
#7440=CARTESIAN_POINT('',(0.099600854570243,-8.67361737988404E-19,0.06862374224455));
#7441=CARTESIAN_POINT('',(0.099600854570243,-0.0075,0.06862374224455));
#7442=CARTESIAN_POINT('',(0.0995111717859569,-0.0075,0.062598749));
#7443=CARTESIAN_POINT('',(0.0995111717859569,-8.67361737988404E-19,0.062598749));
#7444=CARTESIAN_POINT('',(0.11005013,-8.67361737988404E-19,0.064598749));
#7445=CARTESIAN_POINT('',(0.11005013,-8.67361737988404E-19,0.06459875049415));
#7446=CARTESIAN_POINT('',(0.11005013,-0.0075,0.06459875049415));
#7447=CARTESIAN_POINT('',(0.11005013,-0.0075,0.064598749));
#7448=CARTESIAN_POINT('',(0.110050451460537,-0.0075,0.0565987612292103));
#7449=CARTESIAN_POINT('',(0.110050451460537,-8.67361737988404E-19,0.0565987612292103));
#7450=CARTESIAN_POINT('',(0.10805013149415,-8.67361737988404E-19,0.06459875049415));
#7451=CARTESIAN_POINT('',(0.10805013149415,-8.67361737988404E-19,0.066598749));
#7452=CARTESIAN_POINT('',(0.10805013149415,-0.0075,0.066598749));
#7453=CARTESIAN_POINT('',(0.10805013149415,-0.0075,0.06459875049415));
#7454=CARTESIAN_POINT('',(0.099548859,-8.67361737988404E-19,0.066598749));
#7455=CARTESIAN_POINT('',(0.0995488589999956,-8.67361737988404E-19,0.066598749));
#7456=CARTESIAN_POINT('',(0.0995488589999956,-0.0075,0.066598749));
#7457=CARTESIAN_POINT('',(0.099548859,-0.0075,0.066598749));
#7458=CARTESIAN_POINT('',(0.099600854570243,-8.67361737988404E-19,0.06862374224455));
#7459=CARTESIAN_POINT('',(0.0975751939999997,-8.67361737988404E-19,0.068624401));
#7460=CARTESIAN_POINT('',(0.0975751939999997,-0.0075,0.068624401));
#7461=CARTESIAN_POINT('',(0.099600854570243,-0.0075,0.06862374224455));
#7462=CARTESIAN_POINT('',(0.097575194,-8.67361737988404E-19,0.123835786));
#7463=CARTESIAN_POINT('',(0.097575194,-8.67361737988404E-19,0.1238357874941));
#7464=CARTESIAN_POINT('',(0.097575194,-0.0075,0.1238357874941));
#7465=CARTESIAN_POINT('',(0.097575194,-0.0075,0.123835786));
#7466=CARTESIAN_POINT('',(0.09957519250585,-8.67361737988404E-19,0.1238357874941));
#7467=CARTESIAN_POINT('',(0.099575194,-8.67361737988404E-19,0.125835785999975));
#7468=CARTESIAN_POINT('',(0.099575194,-0.0075,0.125835785999975));
#7469=CARTESIAN_POINT('',(0.09957519250585,-0.0075,0.1238357874941));
#7470=CARTESIAN_POINT('',(0.149990205,-8.67361737988404E-19,0.1258217));
#7471=CARTESIAN_POINT('',(0.149990205,-8.67361737988404E-19,0.125821699999975));
#7472=CARTESIAN_POINT('',(0.149990205,-0.0075,0.125821699999975));
#7473=CARTESIAN_POINT('',(0.149990205,-0.0075,0.1258217));
#7474=CARTESIAN_POINT('',(0.14999020649415,-8.67361737988404E-19,0.1278216985058));
#7475=CARTESIAN_POINT('',(0.151990205,-8.67361737988404E-19,0.1278216985058));
#7476=CARTESIAN_POINT('',(0.151990205,-0.0075,0.1278216985058));
#7477=CARTESIAN_POINT('',(0.14999020649415,-0.0075,0.1278216985058));
#7478=CARTESIAN_POINT('',(0.151990205,-8.67361737988404E-19,0.142090182));
#7479=CARTESIAN_POINT('',(0.151990205,-8.67361737988404E-19,0.1420901834941));
#7480=CARTESIAN_POINT('',(0.151990205,-0.0075,0.1420901834941));
#7481=CARTESIAN_POINT('',(0.151990205,-0.0075,0.142090182));
#7482=CARTESIAN_POINT('',(0.15399020350585,-8.67361737988404E-19,0.1420901834941));
#7483=CARTESIAN_POINT('',(0.15399020350585,-8.67361737988404E-19,0.144090181999975));
#7484=CARTESIAN_POINT('',(0.15399020350585,-0.0075,0.144090181999975));
#7485=CARTESIAN_POINT('',(0.15399020350585,-0.0075,0.1420901834941));
#7486=CARTESIAN_POINT('',(0.191800047,-8.67361737988404E-19,0.144090182));
#7487=CARTESIAN_POINT('',(0.19180004852863,-8.67361737988404E-19,0.144090181999997));
#7488=CARTESIAN_POINT('',(0.19180004852863,-0.0075,0.144090181999997));
#7489=CARTESIAN_POINT('',(0.191800047,-0.0075,0.144090182));
#7490=CARTESIAN_POINT('',(0.19180004852863,-8.67361737988404E-19,0.1420901835774));
#7491=CARTESIAN_POINT('',(0.193800046951224,-8.67361737988404E-19,0.1420901835774));
#7492=CARTESIAN_POINT('',(0.193800046951224,-0.0075,0.1420901835774));
#7493=CARTESIAN_POINT('',(0.19180004852863,-0.0075,0.1420901835774));
#7494=CARTESIAN_POINT('',(0.193800046951224,-8.67361737988404E-19,0.0613999999999953));
#7495=CARTESIAN_POINT('',(0.193800021828531,-8.67361737988404E-19,0.0614000006097356));
#7496=CARTESIAN_POINT('',(0.193800021828531,-0.0075,0.0614000006097356));
#7497=CARTESIAN_POINT('',(0.193800046951224,-0.0075,0.0613999999999953));
#7498=CARTESIAN_POINT('',(0.192446224413497,-8.67361737988404E-19,0.0614580506185741));
#7499=CARTESIAN_POINT('',(0.193799064622722,-0.0125,0.0613812878094977));
#7500=CARTESIAN_POINT('',(0.193799064622722,-0.0075,0.0613812878094977));
#7501=CARTESIAN_POINT('',(0.192446224413497,-0.0075,0.0614580506185741));
#7502=CARTESIAN_POINT('',(0.17955,-8.67361737988404E-19,0.04665));
#7503=CARTESIAN_POINT('',(0.17955,-0.0075,0.04665));
#7504=CARTESIAN_POINT('',(0.179549999999984,-0.0075,0.0466499999999835));
#7505=CARTESIAN_POINT('',(0.192801218082487,-0.0075,0.0599082000866298));
#7506=CARTESIAN_POINT('',(0.192801218082487,-0.025,0.0599082000866298));
#7507=CARTESIAN_POINT('',(0.179549999999984,-8.67361737988404E-19,0.0466499999999835));
#7508=CARTESIAN_POINT('',(0.17849214749048,-8.67361737988404E-19,0.0474967743647));
#7509=CARTESIAN_POINT('',(0.178550469559761,-8.67361737988404E-19,0.0461430098721335));
#7510=CARTESIAN_POINT('',(0.178550469559761,-0.0075,0.0461430098721335));
#7511=CARTESIAN_POINT('',(0.17849214749048,-0.0075,0.0474967743647));
#7512=CARTESIAN_POINT('',(0.,-8.67361737988404E-19,0.0461430095));
#7513=CARTESIAN_POINT('',(0.135325394276459,-0.025,0.0461430095));
#7514=CARTESIAN_POINT('',(0.135325394276459,-0.0075,0.0461430095));
#7515=CARTESIAN_POINT('',(0.,-0.0075,0.0461430095));
#7516=CARTESIAN_POINT('',(0.13485785259983,-8.67361737988404E-19,0.04749677082329));
#7517=CARTESIAN_POINT('',(0.13485785259983,-0.0075,0.04749677082329));
#7518=CARTESIAN_POINT('',(0.133800241999943,-0.0075,0.0466497000000649));
#7519=CARTESIAN_POINT('',(0.133994789841018,-0.0075,0.0464521695429418));
#7520=CARTESIAN_POINT('',(0.133994789841018,-0.0125,0.0464521695429418));
#7521=CARTESIAN_POINT('',(0.133800241999943,-8.67361737988404E-19,0.0466497000000649));
#7522=CARTESIAN_POINT('',(0.126169625,-8.67361737988404E-19,0.05427942));
#7523=CARTESIAN_POINT('',(0.12616956052463,-8.67361737988404E-19,0.0542793626426235));
#7524=CARTESIAN_POINT('',(0.12616956052463,-0.0075,0.0542793626426235));
#7525=CARTESIAN_POINT('',(0.126169625,-0.0075,0.05427942));
#7526=CARTESIAN_POINT('',(0.125321600119626,-8.67361737988404E-19,0.0534949463091739));
#7527=CARTESIAN_POINT('',(0.1253457700128,-8.67361737988404E-19,0.0546498730795124));
#7528=CARTESIAN_POINT('',(0.1253457700128,-0.0075,0.0546498730795124));
#7529=CARTESIAN_POINT('',(0.125321600119626,-0.0075,0.0534949463091739));
#7530=CARTESIAN_POINT('',(0.11205,-8.67361737988404E-19,0.054649473));
#7531=CARTESIAN_POINT('',(0.112050209273309,-8.67361737988404E-19,0.0546494730082949));
#7532=CARTESIAN_POINT('',(0.112050209273309,-0.0075,0.0546494730082949));
#7533=CARTESIAN_POINT('',(0.11205,-0.0075,0.054649473));
#7534=CARTESIAN_POINT('',(0.11205013,-8.67361737988404E-19,0.0566494730067238));
#7535=CARTESIAN_POINT('',(0.11205013,-0.0075,0.0566494730067238));
#7536=CARTESIAN_POINT('',(0.102780650892978,-8.67361737988404E-19,0.062598749));
#7537=CARTESIAN_POINT('',(0.102780650892978,-0.0075,0.062598749));
#7538=CARTESIAN_POINT('',(0.145687620422054,-0.0075,0.09511659575));
#7539=CARTESIAN_POINT('',(0.13435785259983,-0.0075,0.04499677082329));
#7540=CARTESIAN_POINT('',(0.19430004852863,-0.0075,0.059967422495537));
#7541=CARTESIAN_POINT('',(0.19430004852863,-0.0075,0.1445901835774));
#7542=CARTESIAN_POINT('',(0.19280004852863,-0.0075,0.1445901835774));
#7543=CARTESIAN_POINT('',(0.15149020350585,-0.0075,0.1445901834941));
#7544=CARTESIAN_POINT('',(0.14999020350585,-0.0075,0.1445901834941));
#7545=CARTESIAN_POINT('',(0.09707519250585,-0.0075,0.1263357874941));
#7546=CARTESIAN_POINT('',(0.09557519250585,-0.0075,0.1263357874941));
#7547=CARTESIAN_POINT('',(0.097075194,-0.0075,0.06612374224455));
#7548=CARTESIAN_POINT('',(0.095575194,-0.0075,0.06612374224455));
#7549=CARTESIAN_POINT('',(0.097075194,-0.025,0.06612374224455));
#7550=CARTESIAN_POINT('',(0.09707519250585,-0.025,0.1263357874941));
#7551=CARTESIAN_POINT('',(0.15149020350585,-0.025,0.1445901834941));
#7552=CARTESIAN_POINT('',(0.19430004852863,-0.025,0.1445901835774));
#7553=CARTESIAN_POINT('',(0.19430004852863,-0.025,0.059967422495537));
#7554=CARTESIAN_POINT('',(0.13435785259983,-0.025,0.04499677082329));
#7555=CARTESIAN_POINT('',(0.189800046951224,-0.003,0.137));
#7556=CARTESIAN_POINT('',(0.190233076082675,-0.003,0.13895255877538));
#7557=CARTESIAN_POINT('',(0.189800046951224,-0.003,0.067161197476744));
#7558=CARTESIAN_POINT('',(0.17375,-0.003,0.0501430095));
#7559=CARTESIAN_POINT('',(0.175712422313718,-0.003,0.0497571356052842));
#7560=CARTESIAN_POINT('',(0.135963708591333,-0.003,0.0501430095));
#7561=CARTESIAN_POINT('',(0.11725,-0.003,0.0586496791137454));
#7562=CARTESIAN_POINT('',(0.11529415077816,-0.003,0.0582317630678378));
#7563=CARTESIAN_POINT('',(0.11405013,-0.003,0.06175));
#7564=CARTESIAN_POINT('',(0.11369421577816,-0.003,0.0597819235109651));
#7565=CARTESIAN_POINT('',(0.101575194,-0.003,0.070598749));
#7566=CARTESIAN_POINT('',(0.18675,-0.003,0.140090182));
#7567=CARTESIAN_POINT('',(0.188708052607063,-0.003,0.14049764977538));
#7568=CARTESIAN_POINT('',(0.155990205,-0.003,0.140090182));
#7569=CARTESIAN_POINT('',(0.150249718218121,-0.003,0.121741478311913));
#7570=CARTESIAN_POINT('',(0.154250236674869,-0.003,0.123596521003071));
#7571=CARTESIAN_POINT('',(0.118749720638132,-0.003,0.121750279439932));
#7572=CARTESIAN_POINT('',(0.114749743187971,-0.003,0.121831546061004));
#7573=CARTESIAN_POINT('',(0.190666105214126,-0.003,0.140905117550761));
#7574=CARTESIAN_POINT('',(0.177674844627435,-0.003,0.0493712617105684));
#7575=CARTESIAN_POINT('',(0.11333830155632,-0.003,0.0578138470219302));
#7576=MECHANICAL_DESIGN_GEOMETRIC_PRESENTATION_REPRESENTATION('',(#4433),
#7580);
#7577=MECHANICAL_DESIGN_GEOMETRIC_PRESENTATION_REPRESENTATION('',(#4434),
#7581);
#7578=MECHANICAL_DESIGN_GEOMETRIC_PRESENTATION_REPRESENTATION('',(#4435),
#7582);
#7579=MECHANICAL_DESIGN_GEOMETRIC_PRESENTATION_REPRESENTATION('',(#4436),
#7583);
#7580=(
GEOMETRIC_REPRESENTATION_CONTEXT(3)
GLOBAL_UNCERTAINTY_ASSIGNED_CONTEXT((#7584))
GLOBAL_UNIT_ASSIGNED_CONTEXT((#7596,#7592,#7588))
REPRESENTATION_CONTEXT('Right Top Mount','TOP_LEVEL_ASSEMBLY_PART')
);
#7581=(
GEOMETRIC_REPRESENTATION_CONTEXT(3)
GLOBAL_UNCERTAINTY_ASSIGNED_CONTEXT((#7585))
GLOBAL_UNIT_ASSIGNED_CONTEXT((#7597,#7593,#7589))
REPRESENTATION_CONTEXT('Right Bottom Mount','TOP_LEVEL_ASSEMBLY_PART')
);
#7582=(
GEOMETRIC_REPRESENTATION_CONTEXT(3)
GLOBAL_UNCERTAINTY_ASSIGNED_CONTEXT((#7586))
GLOBAL_UNIT_ASSIGNED_CONTEXT((#7598,#7594,#7590))
REPRESENTATION_CONTEXT('Left Bottom Mount','TOP_LEVEL_ASSEMBLY_PART')
);
#7583=(
GEOMETRIC_REPRESENTATION_CONTEXT(3)
GLOBAL_UNCERTAINTY_ASSIGNED_CONTEXT((#7587))
GLOBAL_UNIT_ASSIGNED_CONTEXT((#7599,#7595,#7591))
REPRESENTATION_CONTEXT('Left Top Mount','TOP_LEVEL_ASSEMBLY_PART')
);
#7584=UNCERTAINTY_MEASURE_WITH_UNIT(LENGTH_MEASURE(2.1722560423251E-5),
#7596,'DISTANCE_ACCURACY_VALUE','Maximum Tolerance applied to model');
#7585=UNCERTAINTY_MEASURE_WITH_UNIT(LENGTH_MEASURE(1.E-8),#7597,
'DISTANCE_ACCURACY_VALUE','Maximum Tolerance applied to model');
#7586=UNCERTAINTY_MEASURE_WITH_UNIT(LENGTH_MEASURE(1.E-8),#7598,
'DISTANCE_ACCURACY_VALUE','Maximum Tolerance applied to model');
#7587=UNCERTAINTY_MEASURE_WITH_UNIT(LENGTH_MEASURE(1.48599724666803E-6),
#7599,'DISTANCE_ACCURACY_VALUE','Maximum Tolerance applied to model');
#7588=(
NAMED_UNIT(*)
SI_UNIT($,.STERADIAN.)
SOLID_ANGLE_UNIT()
);
#7589=(
NAMED_UNIT(*)
SI_UNIT($,.STERADIAN.)
SOLID_ANGLE_UNIT()
);
#7590=(
NAMED_UNIT(*)
SI_UNIT($,.STERADIAN.)
SOLID_ANGLE_UNIT()
);
#7591=(
NAMED_UNIT(*)
SI_UNIT($,.STERADIAN.)
SOLID_ANGLE_UNIT()
);
#7592=(
NAMED_UNIT(*)
PLANE_ANGLE_UNIT()
SI_UNIT($,.RADIAN.)
);
#7593=(
NAMED_UNIT(*)
PLANE_ANGLE_UNIT()
SI_UNIT($,.RADIAN.)
);
#7594=(
NAMED_UNIT(*)
PLANE_ANGLE_UNIT()
SI_UNIT($,.RADIAN.)
);
#7595=(
NAMED_UNIT(*)
PLANE_ANGLE_UNIT()
SI_UNIT($,.RADIAN.)
);
#7596=(
LENGTH_UNIT()
NAMED_UNIT(*)
SI_UNIT($,.METRE.)
);
#7597=(
LENGTH_UNIT()
NAMED_UNIT(*)
SI_UNIT($,.METRE.)
);
#7598=(
LENGTH_UNIT()
NAMED_UNIT(*)
SI_UNIT($,.METRE.)
);
#7599=(
LENGTH_UNIT()
NAMED_UNIT(*)
SI_UNIT($,.METRE.)
);
#7600=PRODUCT_DEFINITION_SHAPE('','',#7604);
#7601=PRODUCT_DEFINITION_SHAPE('','',#7605);
#7602=PRODUCT_DEFINITION_SHAPE('','',#7606);
#7603=PRODUCT_DEFINITION_SHAPE('','',#7607);
#7604=PRODUCT_DEFINITION('','',#7612,#7608);
#7605=PRODUCT_DEFINITION('','',#7613,#7609);
#7606=PRODUCT_DEFINITION('','',#7614,#7610);
#7607=PRODUCT_DEFINITION('','',#7615,#7611);
#7608=PRODUCT_DEFINITION_CONTEXT('',#7636,'design');
#7609=PRODUCT_DEFINITION_CONTEXT('',#7637,'design');
#7610=PRODUCT_DEFINITION_CONTEXT('',#7638,'design');
#7611=PRODUCT_DEFINITION_CONTEXT('',#7639,'design');
#7612=PRODUCT_DEFINITION_FORMATION_WITH_SPECIFIED_SOURCE('','',#7620,
 .NOT_KNOWN.);
#7613=PRODUCT_DEFINITION_FORMATION_WITH_SPECIFIED_SOURCE('','',#7621,
 .NOT_KNOWN.);
#7614=PRODUCT_DEFINITION_FORMATION_WITH_SPECIFIED_SOURCE('','',#7622,
 .NOT_KNOWN.);
#7615=PRODUCT_DEFINITION_FORMATION_WITH_SPECIFIED_SOURCE('','',#7623,
 .NOT_KNOWN.);
#7616=PRODUCT_RELATED_PRODUCT_CATEGORY('','',(#7620));
#7617=PRODUCT_RELATED_PRODUCT_CATEGORY('','',(#7621));
#7618=PRODUCT_RELATED_PRODUCT_CATEGORY('','',(#7622));
#7619=PRODUCT_RELATED_PRODUCT_CATEGORY('','',(#7623));
#7620=PRODUCT('Right Top Mount','Right Top Mount','Right Top Mount',(#7628));
#7621=PRODUCT('Right Bottom Mount','Right Bottom Mount',
'Right Bottom Mount',(#7629));
#7622=PRODUCT('Left Bottom Mount','Left Bottom Mount',
'Left Bottom Mount',(#7630));
#7623=PRODUCT('Left Top Mount','Left Top Mount','Left Top Mount',(#7631));
#7624=PRODUCT_CATEGORY('','');
#7625=PRODUCT_CATEGORY('','');
#7626=PRODUCT_CATEGORY('','');
#7627=PRODUCT_CATEGORY('','');
#7628=PRODUCT_CONTEXT('',#7636,'mechanical');
#7629=PRODUCT_CONTEXT('',#7637,'mechanical');
#7630=PRODUCT_CONTEXT('',#7638,'mechanical');
#7631=PRODUCT_CONTEXT('',#7639,'mechanical');
#7632=APPLICATION_PROTOCOL_DEFINITION('international standard',
'ap242_managed_model_based_3d_engineering',2020,#7636);
#7633=APPLICATION_PROTOCOL_DEFINITION('international standard',
'ap242_managed_model_based_3d_engineering',2020,#7637);
#7634=APPLICATION_PROTOCOL_DEFINITION('international standard',
'ap242_managed_model_based_3d_engineering',2020,#7638);
#7635=APPLICATION_PROTOCOL_DEFINITION('international standard',
'ap242_managed_model_based_3d_engineering',2020,#7639);
#7636=APPLICATION_CONTEXT('managed model based 3d engineering');
#7637=APPLICATION_CONTEXT('managed model based 3d engineering');
#7638=APPLICATION_CONTEXT('managed model based 3d engineering');
#7639=APPLICATION_CONTEXT('managed model based 3d engineering');
ENDSEC;
END-ISO-10303-21;
